# Wavefront Obj file
# 
# verts: 2082 uv-s: 3864
mtllib buckettextures.mtl

g default

v 7.131811 -1.762515 -0.290433
v 7.041568 -1.762515 -0.568173
v 6.895551 -1.762515 -0.821081
v 6.700143 -1.762515 -1.038104
v 6.463883 -1.762515 -1.209757
v 6.197097 -1.762515 -1.328538
v 5.911446 -1.762515 -1.389255
v 5.619413 -1.762515 -1.389255
v 5.333761 -1.762515 -1.328538
v 5.066976 -1.762515 -1.209757
v 4.830716 -1.762515 -1.038104
v 4.635308 -1.762515 -0.821082
v 4.489291 -1.762515 -0.568173
v 4.399048 -1.762515 -0.290433
v 4.368522 -1.762515 0.000000
v 4.399048 -1.762515 0.290433
v 4.489291 -1.762515 0.568173
v 4.635308 -1.762515 0.821081
v 4.830716 -1.762515 1.038104
v 5.066976 -1.762515 1.209756
v 5.333761 -1.762515 1.328537
v 5.619412 -1.762515 1.389254
v 5.911446 -1.762515 1.389254
v 6.197097 -1.762515 1.328537
v 6.463882 -1.762515 1.209756
v 6.700140 -1.762515 1.038104
v 6.895550 -1.762515 0.821081
v 7.041565 -1.762515 0.568173
v 7.131809 -1.762515 0.290433
v 7.162335 -1.762515 0.000000
v 7.145658 2.051761 -0.293377
v 7.054501 2.051761 -0.573931
v 6.907004 2.051761 -0.829403
v 6.709616 2.051761 -1.048625
v 6.470962 2.051761 -1.222017
v 6.201472 2.051761 -1.342002
v 5.912926 2.051761 -1.403334
v 5.617933 2.051761 -1.403334
v 5.329386 2.051761 -1.342002
v 5.059897 2.051761 -1.222017
v 4.821243 2.051761 -1.048625
v 4.623855 2.051761 -0.829403
v 4.476358 2.051761 -0.573931
v 4.385201 2.051761 -0.293377
v 4.354365 2.051761 0.000000
v 4.385201 2.051761 0.293377
v 4.476358 2.051761 0.573931
v 4.623855 2.051761 0.829402
v 4.821243 2.051761 1.048624
v 5.059897 2.051761 1.222017
v 5.329386 2.051761 1.342001
v 5.617933 2.051761 1.403333
v 5.912925 2.051761 1.403333
v 6.201471 2.051761 1.342001
v 6.470961 2.051761 1.222017
v 6.709615 2.051761 1.048624
v 6.907003 2.051761 0.829402
v 7.054499 2.051761 0.573931
v 7.145657 2.051761 0.293377
v 7.176492 2.051761 0.000000
v 5.765429 -1.762856 0.000000
v 7.145658 -1.670258 -0.293377
v 7.054501 -1.670258 -0.573931
v 6.907004 -1.670258 -0.829403
v 6.709616 -1.670258 -1.048625
v 6.470962 -1.670258 -1.222017
v 6.201472 -1.670258 -1.342002
v 5.912926 -1.670258 -1.403334
v 5.617933 -1.670258 -1.403334
v 5.329386 -1.670258 -1.342002
v 5.059897 -1.670258 -1.222017
v 4.821243 -1.670258 -1.048625
v 4.623855 -1.670258 -0.829403
v 4.476358 -1.670258 -0.573932
v 4.385201 -1.670258 -0.293377
v 4.354365 -1.670258 0.000000
v 4.385201 -1.670258 0.293377
v 4.476358 -1.670258 0.573931
v 4.623855 -1.670258 0.829402
v 4.821243 -1.670258 1.048624
v 5.059897 -1.670258 1.222017
v 5.329386 -1.670258 1.342001
v 5.617933 -1.670258 1.403333
v 5.912925 -1.670258 1.403333
v 6.201471 -1.670258 1.342001
v 6.470961 -1.670258 1.222017
v 6.709615 -1.670258 1.048624
v 6.907003 -1.670258 0.829402
v 7.054499 -1.670258 0.573931
v 7.145657 -1.670258 0.293377
v 7.176492 -1.670258 0.000000
v 7.145658 1.972305 -0.293377
v 7.176492 1.972305 0.000000
v 7.145657 1.972305 0.293377
v 7.054499 1.972305 0.573931
v 6.907003 1.972305 0.829402
v 6.709615 1.972305 1.048624
v 6.470961 1.972305 1.222017
v 6.201471 1.972305 1.342001
v 5.912925 1.972305 1.403333
v 5.617933 1.972305 1.403333
v 5.329386 1.972305 1.342001
v 5.059897 1.972305 1.222017
v 4.821243 1.972305 1.048624
v 4.623855 1.972305 0.829402
v 4.476358 1.972305 0.573931
v 4.385201 1.972305 0.293377
v 4.354365 1.972305 0.000000
v 4.385201 1.972305 -0.293377
v 4.476358 1.972305 -0.573931
v 4.623855 1.972305 -0.829403
v 4.821243 1.972305 -1.048625
v 5.059897 1.972305 -1.222017
v 5.329386 1.972305 -1.342002
v 5.617933 1.972305 -1.403334
v 5.912926 1.972305 -1.403334
v 6.201472 1.972305 -1.342002
v 6.470962 1.972305 -1.222017
v 6.709616 1.972305 -1.048625
v 6.907004 1.972305 -0.829403
v 7.054501 1.972305 -0.573931
v 7.145658 1.825184 -0.293377
v 7.054501 1.825184 -0.573931
v 6.907004 1.825184 -0.829403
v 6.709616 1.825184 -1.048625
v 6.470962 1.825184 -1.222017
v 6.201472 1.825184 -1.342002
v 5.912926 1.825184 -1.403334
v 5.617933 1.825184 -1.403334
v 5.329386 1.825184 -1.342002
v 5.059897 1.825184 -1.222017
v 4.821243 1.825184 -1.048625
v 4.623855 1.825184 -0.829403
v 4.476358 1.825184 -0.573931
v 4.385201 1.825184 -0.293377
v 4.354365 1.825184 0.000000
v 4.385201 1.825184 0.293377
v 4.476358 1.825184 0.573931
v 4.623855 1.825184 0.829402
v 4.821243 1.825184 1.048624
v 5.059897 1.825184 1.222017
v 5.329386 1.825184 1.342001
v 5.617933 1.825184 1.403333
v 5.912925 1.825184 1.403333
v 6.201471 1.825184 1.342001
v 6.470961 1.825184 1.222017
v 6.709615 1.825184 1.048624
v 6.907003 1.825184 0.829402
v 7.054499 1.825184 0.573931
v 7.145657 1.825184 0.293377
v 7.176492 1.825184 0.000000
v 7.145658 1.768669 -0.293377
v 7.054501 1.768669 -0.573931
v 6.907004 1.768669 -0.829403
v 6.709616 1.768669 -1.048625
v 6.470962 1.768669 -1.222017
v 6.201472 1.768669 -1.342002
v 5.912926 1.768669 -1.403334
v 5.617933 1.768669 -1.403334
v 5.329386 1.768669 -1.342002
v 5.059897 1.768669 -1.222017
v 4.821243 1.768669 -1.048625
v 4.623855 1.768669 -0.829403
v 4.476358 1.768669 -0.573931
v 4.385201 1.768669 -0.293377
v 4.354365 1.768669 0.000000
v 4.385201 1.768669 0.293377
v 4.476358 1.768669 0.573931
v 4.623855 1.768669 0.829402
v 4.821243 1.768669 1.048624
v 5.059897 1.768669 1.222017
v 5.329386 1.768669 1.342001
v 5.617933 1.768669 1.403333
v 5.912925 1.768669 1.403333
v 6.201471 1.768669 1.342001
v 6.470961 1.768669 1.222017
v 6.709615 1.768669 1.048624
v 6.907003 1.768669 0.829402
v 7.054499 1.768669 0.573931
v 7.145657 1.768669 0.293377
v 7.176492 1.768669 0.000000
v 7.145658 1.589716 -0.293377
v 7.054501 1.589716 -0.573931
v 6.907004 1.589716 -0.829403
v 6.709616 1.589716 -1.048625
v 6.470962 1.589716 -1.222017
v 6.201472 1.589716 -1.342002
v 5.912926 1.589716 -1.403334
v 5.617933 1.589716 -1.403334
v 5.329386 1.589716 -1.342002
v 5.059897 1.589716 -1.222017
v 4.821243 1.589716 -1.048625
v 4.623855 1.589716 -0.829403
v 4.476358 1.589716 -0.573931
v 4.385201 1.589716 -0.293377
v 4.354365 1.589716 0.000000
v 4.385201 1.589716 0.293377
v 4.476358 1.589716 0.573931
v 4.623855 1.589716 0.829402
v 4.821243 1.589716 1.048624
v 5.059897 1.589716 1.222017
v 5.329386 1.589716 1.342001
v 5.617933 1.589716 1.403333
v 5.912925 1.589716 1.403333
v 6.201471 1.589716 1.342001
v 6.470961 1.589716 1.222017
v 6.709615 1.589716 1.048624
v 6.907003 1.589716 0.829402
v 7.054499 1.589716 0.573931
v 7.145657 1.589716 0.293377
v 7.176492 1.589716 0.000000
v 7.237958 1.542620 -0.293377
v 7.054501 1.542620 -0.573931
v 6.907004 1.542620 -0.829403
v 6.709616 1.542620 -1.048625
v 6.470962 1.542620 -1.222017
v 6.201472 1.542620 -1.342002
v 5.912926 1.542620 -1.403334
v 5.617933 1.542620 -1.403334
v 5.329386 1.542620 -1.342002
v 5.059897 1.542620 -1.222017
v 4.821243 1.542620 -1.048625
v 4.623855 1.542620 -0.829403
v 4.476358 1.542620 -0.573931
v 4.291048 1.542620 -0.293377
v 4.260213 1.542620 0.000000
v 4.291048 1.542620 0.293377
v 4.476358 1.542620 0.573931
v 4.623855 1.542620 0.829402
v 4.821243 1.542620 1.048624
v 5.059897 1.542620 1.222017
v 5.329386 1.542620 1.342001
v 5.617933 1.542620 1.403333
v 5.912925 1.542620 1.403333
v 6.201471 1.542620 1.342001
v 6.470961 1.542620 1.222017
v 6.709615 1.542620 1.048624
v 6.907003 1.542620 0.829402
v 7.054499 1.542620 0.573931
v 7.237957 1.542620 0.293377
v 7.268791 1.542620 0.000000
v 7.243653 1.363776 -0.314206
v 7.146024 1.363776 -0.614680
v 6.988055 1.363776 -0.888289
v 6.776651 1.363776 -1.123076
v 6.521053 1.363776 -1.308779
v 6.232430 1.363776 -1.437282
v 5.923398 1.363776 -1.502970
v 5.607461 1.363776 -1.502970
v 5.298428 1.363776 -1.437282
v 5.009805 1.363776 -1.308779
v 4.754207 1.363776 -1.123076
v 4.542804 1.363776 -0.888290
v 4.384836 1.363776 -0.614680
v 4.287206 1.363776 -0.314206
v 4.254181 1.363776 0.000000
v 4.287206 1.363776 0.314206
v 4.384836 1.363776 0.614680
v 4.542804 1.363776 0.888289
v 4.754207 1.363776 1.123076
v 5.009805 1.363776 1.308779
v 5.298428 1.363776 1.437282
v 5.607460 1.363776 1.502969
v 5.923398 1.363776 1.502969
v 6.232430 1.363776 1.437282
v 6.521052 1.363776 1.308778
v 6.776651 1.363776 1.123076
v 6.988054 1.363776 0.888289
v 7.146022 1.363776 0.614680
v 7.243651 1.363776 0.314206
v 7.276676 1.363776 0.000000
v 7.230470 1.117161 -0.311404
v 7.133711 1.117161 -0.609198
v 6.977151 1.117161 -0.880367
v 6.767633 1.117161 -1.113060
v 6.514315 1.117161 -1.297107
v 6.228266 1.117161 -1.424464
v 5.921989 1.117161 -1.489566
v 5.608870 1.117161 -1.489566
v 5.302593 1.117161 -1.424464
v 5.016544 1.117161 -1.297107
v 4.763225 1.117161 -1.113060
v 4.553707 1.117161 -0.880368
v 4.397148 1.117161 -0.609198
v 4.300389 1.117161 -0.311404
v 4.267659 1.117161 0.000000
v 4.300389 1.117161 0.311404
v 4.397148 1.117161 0.609198
v 4.553708 1.117161 0.880367
v 4.763225 1.117161 1.113060
v 5.016544 1.117161 1.297107
v 5.302593 1.117161 1.424464
v 5.608870 1.117161 1.489565
v 5.921988 1.117161 1.489565
v 6.228265 1.117161 1.424464
v 6.514314 1.117161 1.297106
v 6.767632 1.117161 1.113060
v 6.977150 1.117161 0.880367
v 7.133710 1.117161 0.609198
v 7.230469 1.117161 0.311404
v 7.263197 1.117161 0.000000
v 7.099243 2.051761 -0.283511
v 7.011151 2.051761 -0.554631
v 6.868615 2.051761 -0.801511
v 6.677864 2.051761 -1.013361
v 6.447235 2.051761 -1.180923
v 6.186809 2.051761 -1.296872
v 5.907966 2.051761 -1.356142
v 5.622893 2.051761 -1.356142
v 5.344050 2.051761 -1.296872
v 5.083623 2.051761 -1.180923
v 4.852995 2.051761 -1.013361
v 4.662244 2.051761 -0.801511
v 4.519708 2.051761 -0.554631
v 4.431615 2.051761 -0.283511
v 4.401817 2.051761 0.000000
v 4.431615 2.051761 0.283511
v 4.519708 2.051761 0.554631
v 4.662244 2.051761 0.801511
v 4.852995 2.051761 1.013361
v 5.083623 2.051761 1.180922
v 5.344050 2.051761 1.296872
v 5.622893 2.051761 1.356141
v 5.907965 2.051761 1.356141
v 6.186808 2.051761 1.296872
v 6.447235 2.051761 1.180922
v 6.677863 2.051761 1.013361
v 6.868614 2.051761 0.801511
v 7.011150 2.051761 0.554631
v 7.099242 2.051761 0.283511
v 7.129040 2.051761 0.000000
v 7.099243 -1.520406 -0.283511
v 7.011151 -1.520406 -0.554631
v 5.765429 -1.520406 0.000000
v 6.868615 -1.520406 -0.801511
v 6.677864 -1.520406 -1.013361
v 6.447235 -1.520406 -1.180923
v 6.186809 -1.520406 -1.296872
v 5.907966 -1.520406 -1.356142
v 5.622893 -1.520406 -1.356142
v 5.344050 -1.520406 -1.296872
v 5.083623 -1.520406 -1.180923
v 4.852995 -1.520406 -1.013361
v 4.662244 -1.520406 -0.801511
v 4.519708 -1.520406 -0.554631
v 4.431615 -1.520406 -0.283511
v 4.401817 -1.520406 0.000000
v 4.431615 -1.520406 0.283511
v 4.519708 -1.520406 0.554631
v 4.662244 -1.520406 0.801511
v 4.852995 -1.520406 1.013361
v 5.083623 -1.520406 1.180922
v 5.344050 -1.520406 1.296872
v 5.622893 -1.520406 1.356141
v 5.907965 -1.520406 1.356141
v 6.186808 -1.520406 1.296872
v 6.447235 -1.520406 1.180922
v 6.677863 -1.520406 1.013361
v 6.868614 -1.520406 0.801511
v 7.011150 -1.520406 0.554631
v 7.099242 -1.520406 0.283511
v 7.129040 -1.520406 0.000000
v 7.170638 1.971586 -0.298686
v 7.202029 1.971586 0.000000
v 7.170638 2.052480 -0.298686
v 7.202029 2.052480 0.000000
v 7.170636 1.971586 0.298686
v 7.170636 2.052480 0.298686
v 7.077828 1.971586 0.584318
v 7.077828 2.052480 0.584318
v 6.927663 1.971586 0.844413
v 6.927663 2.052480 0.844413
v 6.726702 1.971586 1.067602
v 6.726702 2.052480 1.067602
v 6.483729 1.971586 1.244133
v 6.483729 2.052480 1.244133
v 6.209363 1.971586 1.366288
v 6.209363 2.052480 1.366288
v 5.915595 1.971586 1.428731
v 5.915595 2.052480 1.428731
v 5.615263 1.971586 1.428731
v 5.615263 2.052480 1.428731
v 5.321495 1.971586 1.366288
v 5.321495 2.052480 1.366288
v 5.047129 1.971586 1.244133
v 5.047129 2.052480 1.244133
v 4.804155 1.971586 1.067602
v 4.804155 2.052480 1.067602
v 4.603195 1.971586 0.844413
v 4.603195 2.052480 0.844413
v 4.453029 1.971586 0.584318
v 4.453029 2.052480 0.584318
v 4.360221 1.971586 0.298686
v 4.360221 2.052480 0.298686
v 4.328828 1.971586 0.000000
v 4.328828 2.052480 0.000000
v 4.360221 1.971586 -0.298686
v 4.360221 2.052480 -0.298686
v 4.453029 1.971586 -0.584318
v 4.453029 2.052480 -0.584318
v 4.603194 1.971586 -0.844413
v 4.603194 2.052480 -0.844413
v 4.804155 1.971586 -1.067603
v 4.804155 2.052480 -1.067603
v 5.047129 1.971586 -1.244133
v 5.047129 2.052480 -1.244133
v 5.321495 1.971586 -1.366289
v 5.321495 2.052480 -1.366289
v 5.615263 1.971586 -1.428732
v 5.615263 2.052480 -1.428732
v 5.915595 1.971586 -1.428732
v 5.915595 2.052480 -1.428732
v 6.209363 1.971586 -1.366289
v 6.209363 2.052480 -1.366289
v 6.483730 1.971586 -1.244133
v 6.483730 2.052480 -1.244133
v 6.726703 1.971586 -1.067603
v 6.726703 2.052480 -1.067603
v 6.927664 1.971586 -0.844413
v 6.927664 2.052480 -0.844413
v 7.077830 1.971586 -0.584318
v 7.077830 2.052480 -0.584318
v 7.195124 1.963496 -0.303891
v 7.227063 1.963496 0.000000
v 7.195124 2.060570 -0.303891
v 7.227063 2.060570 0.000000
v 7.195123 1.963496 0.303891
v 7.195123 2.060570 0.303891
v 7.100698 1.963496 0.594500
v 7.100698 2.060570 0.594500
v 6.947916 1.963496 0.859127
v 6.947916 2.060570 0.859127
v 6.743453 1.963496 1.086206
v 6.743453 2.060570 1.086206
v 6.496246 1.963496 1.265812
v 6.496246 2.060570 1.265812
v 6.217099 1.963496 1.390097
v 6.217099 2.060570 1.390097
v 5.918211 1.963496 1.453627
v 5.918211 2.060570 1.453627
v 5.612647 1.963496 1.453627
v 5.612647 2.060570 1.453627
v 5.313759 1.963496 1.390097
v 5.313759 2.060570 1.390097
v 5.034612 1.963496 1.265812
v 5.034612 2.060570 1.265812
v 4.787405 1.963496 1.086206
v 4.787405 2.060570 1.086206
v 4.582942 1.963496 0.859127
v 4.582942 2.060570 0.859127
v 4.430160 1.963496 0.594500
v 4.430160 2.060570 0.594500
v 4.335735 1.963496 0.303891
v 4.335735 2.060570 0.303891
v 4.303794 1.963496 0.000000
v 4.303794 2.060570 0.000000
v 4.335735 1.963496 -0.303891
v 4.335735 2.060570 -0.303891
v 4.430160 1.963496 -0.594500
v 4.430160 2.060570 -0.594500
v 4.582942 1.963496 -0.859128
v 4.582942 2.060570 -0.859128
v 4.787405 1.963496 -1.086207
v 4.787405 2.060570 -1.086207
v 5.034612 1.963496 -1.265813
v 5.034612 2.060570 -1.265813
v 5.313759 1.963496 -1.390097
v 5.313759 2.060570 -1.390097
v 5.612647 1.963496 -1.453628
v 5.612647 2.060570 -1.453628
v 5.918212 1.963496 -1.453628
v 5.918212 2.060570 -1.453628
v 6.217099 1.963496 -1.390097
v 6.217099 2.060570 -1.390097
v 6.496247 1.963496 -1.265813
v 6.496247 2.060570 -1.265813
v 6.743454 1.963496 -1.086207
v 6.743454 2.060570 -1.086207
v 6.947917 1.963496 -0.859127
v 6.947917 2.060570 -0.859127
v 7.100699 1.963496 -0.594500
v 7.100699 2.060570 -0.594500
v 7.233506 1.783870 -0.312049
v 7.266302 1.783870 0.000000
v 7.233504 1.783870 0.312049
v 7.136545 1.783870 0.610460
v 6.979661 1.783870 0.882191
v 6.769710 1.783870 1.115366
v 6.515865 1.783870 1.299794
v 6.229224 1.783870 1.427415
v 5.922313 1.783870 1.492651
v 5.608545 1.783870 1.492651
v 5.301633 1.783870 1.427415
v 5.014992 1.783870 1.299795
v 4.761148 1.783870 1.115366
v 4.551197 1.783870 0.882191
v 4.394313 1.783870 0.610460
v 4.297353 1.783870 0.312049
v 4.264555 1.783870 0.000000
v 4.297353 1.783870 -0.312049
v 4.394313 1.783870 -0.610460
v 4.551197 1.783870 -0.882192
v 4.761148 1.783870 -1.115367
v 5.014992 1.783870 -1.299795
v 5.301634 1.783870 -1.427416
v 5.608545 1.783870 -1.492652
v 5.922313 1.783870 -1.492652
v 6.229225 1.783870 -1.427416
v 6.515866 1.783870 -1.299795
v 6.769710 1.783870 -1.115367
v 6.979662 1.783870 -0.882192
v 7.136546 1.783870 -0.610460
v 7.233506 1.804443 -0.312049
v 7.266302 1.804443 0.000000
v 7.233504 1.804443 0.312049
v 7.136545 1.804443 0.610460
v 6.979661 1.804443 0.882191
v 6.769710 1.804443 1.115366
v 6.515865 1.804443 1.299794
v 6.229224 1.804443 1.427415
v 5.922313 1.804443 1.492652
v 5.608545 1.804443 1.492652
v 5.301633 1.804443 1.427415
v 5.014992 1.804443 1.299795
v 4.761148 1.804443 1.115366
v 4.551197 1.804443 0.882191
v 4.394313 1.804443 0.610460
v 4.297353 1.804443 0.312049
v 4.264555 1.804443 0.000000
v 4.297353 1.804443 -0.312049
v 4.394313 1.804443 -0.610460
v 4.551197 1.804443 -0.882192
v 4.761148 1.804443 -1.115367
v 5.014992 1.804443 -1.299795
v 5.301634 1.804443 -1.427416
v 5.608545 1.804443 -1.492652
v 5.922313 1.804443 -1.492652
v 6.229225 1.804443 -1.427416
v 6.515866 1.804443 -1.299795
v 6.769710 1.804443 -1.115367
v 6.979662 1.804443 -0.882192
v 7.136546 1.804443 -0.610460
v 7.237306 1.575471 -0.312857
v 7.270187 1.575471 0.000000
v 7.237305 1.575471 0.312857
v 7.140094 1.575471 0.612040
v 6.982804 1.575471 0.884475
v 6.772309 1.575471 1.118253
v 6.517808 1.575471 1.303159
v 6.230425 1.575471 1.431110
v 5.922719 1.575471 1.496515
v 5.608139 1.575471 1.496515
v 5.300433 1.575471 1.431110
v 5.013050 1.575471 1.303159
v 4.758549 1.575471 1.118253
v 4.548054 1.575471 0.884475
v 4.390764 1.575471 0.612040
v 4.293553 1.575471 0.312857
v 4.260671 1.575471 0.000000
v 4.293553 1.575471 -0.312857
v 4.390764 1.575471 -0.612041
v 4.548054 1.575471 -0.884475
v 4.758549 1.575471 -1.118254
v 5.013050 1.575471 -1.303160
v 5.300433 1.575471 -1.431111
v 5.608139 1.575471 -1.496516
v 5.922719 1.575471 -1.496516
v 6.230425 1.575471 -1.431111
v 6.517809 1.575471 -1.303160
v 6.772310 1.575471 -1.118254
v 6.982805 1.575471 -0.884475
v 7.140095 1.575471 -0.612040
v 7.237306 1.558390 -0.312857
v 7.140095 1.558390 -0.612040
v 6.982805 1.558390 -0.884475
v 6.772310 1.558390 -1.118254
v 6.517809 1.558390 -1.303160
v 6.230425 1.558390 -1.431111
v 5.922719 1.558390 -1.496516
v 5.608139 1.558390 -1.496516
v 5.300433 1.558390 -1.431111
v 5.013050 1.558390 -1.303160
v 4.758549 1.558390 -1.118254
v 4.548054 1.558390 -0.884475
v 4.390764 1.558390 -0.612041
v 4.293553 1.558390 -0.312857
v 4.260671 1.558390 0.000000
v 4.293553 1.558390 0.312857
v 4.390764 1.558390 0.612040
v 4.548054 1.558390 0.884475
v 4.758549 1.558390 1.118253
v 5.013050 1.558390 1.303159
v 5.300433 1.558390 1.431110
v 5.608139 1.558390 1.496515
v 5.922719 1.558390 1.496515
v 6.230425 1.558390 1.431110
v 6.517808 1.558390 1.303159
v 6.772309 1.558390 1.118253
v 6.982804 1.558390 0.884475
v 7.140094 1.558390 0.612040
v 7.237305 1.558390 0.312857
v 7.270187 1.558390 0.000000
v 7.145658 1.173507 -0.293377
v 7.054501 1.173507 -0.573931
v 6.907004 1.173507 -0.829403
v 6.709616 1.173507 -1.048625
v 6.470962 1.173507 -1.222017
v 6.201472 1.173507 -1.342002
v 5.912926 1.173507 -1.403334
v 5.617933 1.173507 -1.403334
v 5.329386 1.173507 -1.342002
v 5.059897 1.173507 -1.222017
v 4.821243 1.173507 -1.048625
v 4.623855 1.173507 -0.829403
v 4.476358 1.173507 -0.573931
v 4.385201 1.173507 -0.293377
v 4.354365 1.173507 0.000000
v 4.385201 1.173507 0.293377
v 4.476358 1.173507 0.573931
v 4.623855 1.173507 0.829402
v 4.821243 1.173507 1.048624
v 5.059897 1.173507 1.222017
v 5.329386 1.173507 1.342001
v 5.617933 1.173507 1.403333
v 5.912925 1.173507 1.403333
v 6.201471 1.173507 1.342001
v 6.470961 1.173507 1.222017
v 6.709615 1.173507 1.048624
v 6.907003 1.173507 0.829402
v 7.054500 1.173507 0.573931
v 7.145657 1.173507 0.293377
v 7.176492 1.173507 0.000000
v 7.198657 1.114176 -0.304642
v 7.230674 1.114176 0.000000
v 7.198655 1.114176 0.304642
v 7.103997 1.114176 0.595969
v 6.950838 1.114176 0.861250
v 6.745870 1.114176 1.088890
v 6.498052 1.114176 1.268940
v 6.218215 1.114176 1.393531
v 5.918589 1.114176 1.457219
v 5.612269 1.114176 1.457219
v 5.312643 1.114176 1.393531
v 5.032806 1.114176 1.268940
v 4.784988 1.114176 1.088890
v 4.580020 1.114176 0.861250
v 4.426860 1.114176 0.595969
v 4.332202 1.114176 0.304642
v 4.300183 1.114176 0.000000
v 4.332202 1.114176 -0.304642
v 4.426860 1.114176 -0.595969
v 4.580020 1.114176 -0.861250
v 4.784988 1.114176 -1.088890
v 5.032806 1.114176 -1.268941
v 5.312643 1.114176 -1.393532
v 5.612269 1.114176 -1.457220
v 5.918589 1.114176 -1.457220
v 6.218215 1.114176 -1.393532
v 6.498053 1.114176 -1.268941
v 6.745871 1.114176 -1.088890
v 6.950839 1.114176 -0.861250
v 7.103999 1.114176 -0.595969
v 7.131811 -1.695232 -0.290433
v 7.041568 -1.695232 -0.568173
v 6.895551 -1.695232 -0.821081
v 6.700143 -1.695232 -1.038104
v 6.463883 -1.695232 -1.209757
v 6.197097 -1.695232 -1.328538
v 5.911446 -1.695232 -1.389255
v 5.619413 -1.695232 -1.389255
v 5.333761 -1.695232 -1.328538
v 5.066976 -1.695232 -1.209757
v 4.830716 -1.695232 -1.038104
v 4.635308 -1.695232 -0.821082
v 4.489291 -1.695232 -0.568173
v 4.399048 -1.695232 -0.290433
v 4.368522 -1.695232 0.000000
v 4.399048 -1.695232 0.290433
v 4.489291 -1.695232 0.568173
v 4.635308 -1.695232 0.821081
v 4.830716 -1.695232 1.038104
v 5.066976 -1.695232 1.209756
v 5.333761 -1.695232 1.328537
v 5.619412 -1.695232 1.389254
v 5.911446 -1.695232 1.389254
v 6.197097 -1.695232 1.328537
v 6.463882 -1.695232 1.209756
v 6.700140 -1.695232 1.038104
v 6.895550 -1.695232 0.821081
v 7.041565 -1.695232 0.568173
v 7.131809 -1.695232 0.290433
v 7.162335 -1.695232 0.000000
v 6.012718 0.098247 1.435904
v 6.012718 0.092514 1.424653
v 5.478554 0.093811 1.423710
v 5.478554 0.099772 1.435409
v 6.012718 0.100222 1.448377
v 5.478554 0.101825 1.448377
v 6.012718 0.088415 1.427630
v 6.012718 0.093428 1.437470
v 6.012718 0.083584 1.415723
v 5.478554 0.084527 1.414426
v 5.478214 0.093428 1.437470
v 5.478214 0.088415 1.427630
v 6.012718 0.098247 1.460850
v 5.478554 0.099772 1.461345
v 6.012718 0.095156 1.448377
v 6.012718 0.093428 1.437470
v 5.478214 0.093428 1.437470
v 5.478214 0.095156 1.448377
v 6.012718 0.088415 1.427630
v 6.012718 0.080606 1.419822
v 6.012718 0.080606 1.419822
v 6.012718 0.072333 1.409990
v 5.478554 0.072828 1.408465
v 5.478214 0.080606 1.419822
v 5.478214 0.080606 1.419822
v 5.478214 0.088415 1.427630
v 6.012718 0.092514 1.472101
v 5.478554 0.093811 1.473043
v 6.012718 0.093428 1.459284
v 6.012718 0.093428 1.459284
v 5.478214 0.093428 1.459284
v 5.478214 0.093428 1.459284
v 6.012718 0.070767 1.414808
v 6.012718 0.070767 1.414808
v 6.012718 0.059860 1.408015
v 5.478554 0.059860 1.406412
v 5.478214 0.070767 1.414808
v 5.478214 0.070767 1.414808
v 6.012718 0.083584 1.481031
v 5.478554 0.084527 1.482328
v 6.012718 0.088415 1.469123
v 5.478214 0.088415 1.469123
v 6.012718 0.059860 1.413081
v 6.012718 0.047387 1.409990
v 5.478554 0.046892 1.408465
v 5.478214 0.059860 1.413081
v 6.012718 0.072333 1.486764
v 5.478554 0.072828 1.488288
v 6.012718 0.080606 1.476932
v 6.012718 0.088415 1.469123
v 5.478214 0.088415 1.469123
v 5.478214 0.080606 1.476932
v 6.012718 0.048953 1.414808
v 6.012718 0.036136 1.415723
v 5.478554 0.035193 1.414426
v 5.478214 0.048953 1.414808
v 6.012718 0.059860 1.488739
v 5.478554 0.059860 1.490342
v 6.012718 0.070767 1.481945
v 6.012718 0.070767 1.481945
v 6.012718 0.080606 1.476932
v 5.478214 0.080606 1.476932
v 5.478214 0.070767 1.481945
v 5.478214 0.070767 1.481945
v 6.012718 0.048953 1.414808
v 6.012718 0.039114 1.419822
v 6.012718 0.027206 1.424653
v 5.478554 0.025909 1.423710
v 5.478214 0.039114 1.419822
v 5.478214 0.048953 1.414808
v 6.012718 0.047387 1.486764
v 5.478554 0.046892 1.488288
v 6.012718 0.059860 1.483673
v 5.478214 0.059860 1.483673
v 6.012718 0.039114 1.419822
v 6.012718 0.031305 1.427630
v 6.012718 0.031305 1.427630
v 6.012718 0.021473 1.435904
v 5.478554 0.019949 1.435409
v 5.478214 0.031305 1.427630
v 5.478214 0.031305 1.427630
v 5.478214 0.039114 1.419822
v 6.012718 0.036136 1.481031
v 5.478554 0.035193 1.482328
v 6.012718 0.048953 1.481945
v 5.478214 0.048953 1.481945
v 6.012718 0.026292 1.437470
v 6.012718 0.019498 1.448377
v 5.478554 0.017895 1.448377
v 5.478214 0.026292 1.437470
v 6.012718 0.027206 1.472101
v 5.478554 0.025909 1.473043
v 6.012718 0.039114 1.476932
v 6.012718 0.039114 1.476932
v 5.478214 0.039114 1.476932
v 5.478214 0.039114 1.476932
v 6.012718 0.026292 1.437470
v 6.012718 0.024564 1.448377
v 6.012718 0.021473 1.460850
v 5.478554 0.019949 1.461345
v 5.478214 0.024564 1.448377
v 5.478214 0.026292 1.437470
v 6.012718 0.031305 1.469123
v 6.012718 0.031305 1.469123
v 5.478214 0.031305 1.469123
v 5.478214 0.031305 1.469123
v 6.012718 0.026292 1.459284
v 6.012718 0.026292 1.459284
v 5.478214 0.026292 1.459284
v 5.478214 0.026292 1.459284
v 5.499956 0.092514 1.424653
v 5.499956 0.083584 1.415723
v 5.499956 0.072333 1.409990
v 5.499956 0.059860 1.408015
v 5.499956 0.047387 1.409990
v 5.499956 0.036136 1.415723
v 5.499956 0.027206 1.424653
v 5.499956 0.021473 1.435904
v 5.499956 0.019498 1.448377
v 5.499956 0.021473 1.460850
v 5.499957 0.027206 1.472101
v 5.499957 0.036136 1.481031
v 5.499957 0.047387 1.486764
v 5.499957 0.059860 1.488739
v 5.499957 0.072333 1.486764
v 5.499957 0.083584 1.481031
v 5.499957 0.092514 1.472101
v 5.499957 0.098247 1.460850
v 5.499957 0.100222 1.448377
v 5.499957 0.098247 1.435904
v 5.995117 0.092514 1.424653
v 5.995117 0.083584 1.415723
v 5.995117 0.072333 1.409990
v 5.995117 0.059860 1.408015
v 5.995117 0.047387 1.409990
v 5.995117 0.036136 1.415723
v 5.995117 0.027206 1.424653
v 5.995117 0.021473 1.435904
v 5.995117 0.019498 1.448377
v 5.995117 0.021473 1.460850
v 5.995117 0.027206 1.472101
v 5.995117 0.036136 1.481031
v 5.995117 0.047387 1.486764
v 5.995117 0.059860 1.488739
v 5.995117 0.072333 1.486764
v 5.995117 0.083584 1.481031
v 5.995117 0.092514 1.472101
v 5.995117 0.098247 1.460850
v 5.995117 0.100222 1.448377
v 5.995117 0.098247 1.435904
v 5.736924 0.027206 1.472101
v 5.736924 0.021473 1.460850
v 5.736924 0.019498 1.448377
v 5.736924 0.021473 1.435904
v 5.736924 0.027206 1.424653
v 5.736924 0.036136 1.415723
v 5.736924 0.047387 1.409990
v 5.736924 0.059860 1.408015
v 5.736924 0.072333 1.409990
v 5.736924 0.083584 1.415723
v 5.736924 0.092514 1.424653
v 5.736924 0.098247 1.435904
v 5.736924 0.100222 1.448377
v 5.736924 0.098247 1.460850
v 5.736924 0.092514 1.472101
v 5.736924 0.083584 1.481031
v 5.736924 0.072333 1.486763
v 5.736924 0.059860 1.488739
v 5.736924 0.047387 1.486763
v 5.736924 0.036136 1.481031
v 5.726398 0.027206 1.472101
v 5.726398 0.021473 1.460850
v 5.726398 0.019498 1.448377
v 5.726398 0.021473 1.435904
v 5.726398 0.027206 1.424653
v 5.726398 0.036136 1.415723
v 5.726398 0.047387 1.409990
v 5.726398 0.059860 1.408015
v 5.726398 0.072333 1.409990
v 5.726398 0.083584 1.415723
v 5.726398 0.092514 1.424653
v 5.726398 0.098247 1.435904
v 5.726398 0.100222 1.448377
v 5.726398 0.098247 1.460850
v 5.726398 0.092514 1.472101
v 5.726398 0.083584 1.481031
v 5.726398 0.072333 1.486763
v 5.726398 0.059860 1.488739
v 5.726398 0.047387 1.486763
v 5.726398 0.036136 1.481031
v 5.497067 0.099335 1.435551
v 5.497067 0.101366 1.448377
v 5.497067 0.099335 1.461203
v 5.497067 0.093439 1.472774
v 5.497067 0.084257 1.481956
v 5.497067 0.072686 1.487852
v 5.497067 0.059860 1.489883
v 5.497067 0.047034 1.487852
v 5.497067 0.035463 1.481956
v 5.497067 0.026281 1.472774
v 5.497067 0.020385 1.461203
v 5.497067 0.018354 1.448377
v 5.497067 0.020385 1.435551
v 5.497067 0.026281 1.423980
v 5.497067 0.035463 1.414798
v 5.497067 0.047034 1.408902
v 5.497067 0.059860 1.406870
v 5.497067 0.072686 1.408902
v 5.497067 0.084257 1.414798
v 5.497067 0.093439 1.423980
v 5.737402 0.023678 1.474665
v 5.737402 0.017325 1.462197
v 5.725919 0.023678 1.474665
v 5.725919 0.017325 1.462197
v 5.737402 0.015137 1.448377
v 5.725919 0.015137 1.448377
v 5.737402 0.017325 1.434556
v 5.725919 0.017325 1.434556
v 5.737402 0.023678 1.422089
v 5.725919 0.023678 1.422089
v 5.737402 0.033572 1.412195
v 5.725919 0.033572 1.412195
v 5.737402 0.046040 1.405842
v 5.725919 0.046040 1.405842
v 5.737402 0.059860 1.403653
v 5.725919 0.059860 1.403653
v 5.737402 0.073680 1.405842
v 5.725919 0.073680 1.405842
v 5.737402 0.086148 1.412195
v 5.725919 0.086148 1.412195
v 5.737402 0.096042 1.422089
v 5.725919 0.096042 1.422089
v 5.737402 0.102395 1.434556
v 5.725919 0.102395 1.434556
v 5.737402 0.104584 1.448377
v 5.725919 0.104584 1.448377
v 5.737402 0.102395 1.462197
v 5.725919 0.102395 1.462197
v 5.737402 0.096042 1.474665
v 5.725919 0.096042 1.474665
v 5.737402 0.086148 1.484559
v 5.725919 0.086148 1.484559
v 5.737402 0.073680 1.490911
v 5.725919 0.073680 1.490911
v 5.737402 0.059860 1.493100
v 5.725919 0.059860 1.493100
v 5.737402 0.046040 1.490911
v 5.725919 0.046040 1.490911
v 5.737402 0.033572 1.484559
v 5.725919 0.033572 1.484559
v 6.016572 0.094541 1.423180
v 6.016572 0.085057 1.413696
v 5.998052 0.085057 1.413696
v 5.998052 0.094541 1.423180
v 6.016572 0.073107 1.407607
v 5.998052 0.073107 1.407607
v 6.016572 0.059860 1.405509
v 5.998052 0.059860 1.405509
v 6.016572 0.046613 1.407607
v 5.998052 0.046613 1.407607
v 6.016572 0.034663 1.413696
v 5.998052 0.034663 1.413696
v 6.016572 0.025179 1.423180
v 5.998052 0.025179 1.423180
v 6.016572 0.019090 1.435130
v 5.998052 0.019090 1.435130
v 6.016572 0.016992 1.448377
v 5.998052 0.016992 1.448377
v 6.016572 0.019090 1.461624
v 5.998052 0.019090 1.461624
v 6.016572 0.025179 1.473574
v 5.998052 0.025179 1.473574
v 6.016572 0.034663 1.483058
v 5.998052 0.034663 1.483058
v 6.016572 0.046613 1.489146
v 5.998052 0.046613 1.489146
v 6.016572 0.059860 1.491245
v 5.998052 0.059860 1.491245
v 6.016572 0.073107 1.489146
v 5.998052 0.073107 1.489146
v 6.016572 0.085057 1.483058
v 5.998052 0.085057 1.483058
v 6.016572 0.094541 1.473574
v 5.998052 0.094541 1.473574
v 6.016572 0.100630 1.461624
v 5.998052 0.100630 1.461624
v 6.016572 0.102728 1.448377
v 5.998052 0.102728 1.448377
v 6.016572 0.100630 1.435130
v 5.998052 0.100630 1.435130
v 7.237387 1.353098 -0.021517
v 5.716375 0.063669 1.446550
v 6.950250 0.619890 0.816014
v 7.248036 0.796471 0.178433
v 7.306161 1.079554 -0.027003
v 7.311596 1.238918 -0.016703
v 7.308003 1.306383 -0.019168
v 7.237909 1.367840 0.024592
v 7.318763 1.313041 0.026339
v 7.264437 1.362268 0.024788
v 7.261208 1.348754 -0.021142
v 7.238143 1.377188 -0.003882
v 7.267418 1.370539 -0.003469
v 7.309025 1.336602 0.025458
v 7.299510 1.327513 -0.020265
v 7.316411 1.341488 -0.002573
v 7.327215 1.316499 -0.001482
v 7.237010 1.337990 0.024485
v 7.256390 1.335386 0.024509
v 7.236684 1.328830 -0.003997
v 7.254381 1.326990 -0.003862
v 7.294343 1.300795 0.025778
v 7.287570 1.319617 0.025022
v 7.281652 1.313972 -0.003222
v 7.287652 1.296660 -0.002333
v 7.324004 1.239786 0.028112
v 7.311594 1.284092 -0.018147
v 7.323164 1.288507 0.027140
v 7.332201 1.290939 -0.000487
v 7.312284 1.261429 -0.017099
v 7.324368 1.264046 0.027949
v 7.333694 1.265672 0.000498
v 7.333472 1.241031 0.000844
v 7.296989 1.280162 0.026486
v 7.289794 1.277419 -0.001489
v 7.296295 1.236905 0.027350
v 7.297212 1.258800 0.027251
v 7.289698 1.257175 -0.000577
v 7.288579 1.236364 -0.000333
v 7.307996 1.171915 -0.018834
v 7.320737 1.169542 0.025148
v 7.310510 1.216617 -0.016880
v 7.323119 1.216037 0.027680
v 7.332669 1.217156 0.000598
v 7.309255 1.194318 -0.017607
v 7.321967 1.192638 0.026675
v 7.331555 1.193787 -0.000216
v 7.330322 1.170765 -0.001545
v 7.295075 1.214810 0.026873
v 7.287235 1.215166 -0.000653
v 7.292505 1.169939 0.024290
v 7.293760 1.192462 0.025837
v 7.285856 1.193499 -0.001518
v 7.284585 1.171405 -0.002879
v 7.318778 1.079386 0.015547
v 7.306172 1.126438 -0.022509
v 7.318845 1.124114 0.020811
v 7.306911 1.149315 -0.020494
v 7.319628 1.146713 0.023166
v 7.329179 1.147933 -0.003321
v 7.328335 1.125131 -0.005461
v 7.305942 1.103188 -0.024787
v 7.318572 1.101680 0.018176
v 7.327986 1.102180 -0.007872
v 7.328095 1.079011 -0.010237
v 7.290835 1.124796 0.019935
v 7.291476 1.147345 0.022297
v 7.283569 1.148953 -0.004674
v 7.282956 1.126233 -0.006826
v 7.291102 1.080160 0.014653
v 7.290728 1.102381 0.017295
v 7.282875 1.103313 -0.009245
v 7.283259 1.080265 -0.011632
v 7.296988 0.888054 0.010193
v 7.306650 1.006737 -0.027236
v 7.319586 1.013318 0.012870
v 7.306549 1.055583 -0.028570
v 7.319197 1.057232 0.013427
v 7.328386 1.055647 -0.011991
v 7.306814 1.031280 -0.028873
v 7.319561 1.035189 0.012343
v 7.328570 1.032074 -0.012543
v 7.331486 0.991448 -0.012235
v 7.291698 1.058144 0.012495
v 7.283836 1.057127 -0.013448
v 7.292487 1.014736 0.011719
v 7.292253 1.036313 0.011331
v 7.284329 1.033900 -0.014129
v 7.284447 1.010673 -0.013057
v 7.313202 0.909754 0.044331
v 7.304643 0.936633 -0.016709
v 7.319567 0.950761 0.023162
v 7.306800 0.962906 -0.025000
v 7.321249 0.973404 0.017096
v 7.330452 0.965688 -0.008035
v 7.328300 0.940473 -0.000378
v 7.301316 0.911485 -0.004839
v 7.316841 0.929404 0.032328
v 7.325011 0.916394 0.010734
v 7.320743 0.894005 0.024929
v 7.290527 0.953256 0.021322
v 7.291927 0.975373 0.015600
v 7.282948 0.968891 -0.010406
v 7.281257 0.944533 -0.003309
v 7.284801 0.913498 0.041538
v 7.288110 0.932503 0.030049
v 7.278468 0.921440 0.007086
v 7.274734 0.900101 0.020446
v 7.279562 0.833926 0.070605
v 7.297993 0.865237 0.095168
v 7.291816 0.866895 0.028025
v 7.308769 0.892204 0.058952
v 7.315639 0.873821 0.041887
v 7.285949 0.848620 0.048303
v 7.303655 0.877194 0.075985
v 7.309838 0.856414 0.061297
v 7.303504 0.842434 0.082782
v 7.280712 0.896594 0.055595
v 7.270189 0.880969 0.036485
v 7.270653 0.870767 0.090613
v 7.275953 0.882194 0.072032
v 7.264966 0.864553 0.054926
v 7.259218 0.851436 0.075432
v 7.270124 0.835728 0.195481
v 7.265897 0.816161 0.118949
v 7.285537 0.850950 0.138228
v 7.272845 0.823310 0.094358
v 7.291931 0.856676 0.116091
v 7.296815 0.832344 0.105819
v 7.289862 0.825546 0.129816
v 7.255940 0.799709 0.151533
v 7.277720 0.838440 0.170265
v 7.281899 0.810119 0.162835
v 7.273894 0.806979 0.189405
v 7.258904 0.857203 0.132538
v 7.264949 0.862622 0.110952
v 7.253110 0.842022 0.097519
v 7.246724 0.835726 0.120619
v 7.241940 0.842918 0.188247
v 7.249183 0.845466 0.163536
v 7.235677 0.821554 0.151953
v 7.228245 0.818682 0.177703
v 7.117002 0.717810 0.491728
v 7.194665 0.774307 0.329445
v 7.222909 0.788600 0.256398
v 7.244782 0.827766 0.271807
v 7.239926 0.794083 0.205004
v 7.262147 0.833527 0.220912
v 7.265625 0.804594 0.215822
v 7.231567 0.791681 0.231040
v 7.253718 0.831070 0.246397
v 7.257038 0.802124 0.241893
v 7.248081 0.798926 0.267478
v 7.234303 0.840829 0.213226
v 7.220526 0.816477 0.203386
v 7.217575 0.835195 0.263390
v 7.226199 0.838446 0.238316
v 7.212466 0.814129 0.228815
v 7.204015 0.811015 0.253856
v 7.214935 0.812196 0.347257
v 7.213892 0.784701 0.281200
v 7.235319 0.823517 0.297141
v 7.238708 0.794872 0.292656
v 7.204483 0.779944 0.305529
v 7.225355 0.818321 0.322327
v 7.228910 0.789937 0.317453
v 7.218693 0.784111 0.341866
v 7.208412 0.830980 0.288444
v 7.195127 0.807017 0.278581
v 7.188589 0.819681 0.338152
v 7.198735 0.825802 0.313402
v 7.185794 0.802111 0.303009
v 7.176020 0.796291 0.327133
v 7.162735 0.752179 0.399409
v 7.181524 0.788725 0.419523
v 7.184428 0.767776 0.353014
v 7.204113 0.805172 0.371819
v 7.208071 0.777396 0.365898
v 7.173767 0.760355 0.376312
v 7.192947 0.797296 0.395913
v 7.197065 0.769810 0.389561
v 7.185738 0.761495 0.412896
v 7.178027 0.812652 0.362577
v 7.165821 0.789566 0.350945
v 7.155921 0.796173 0.410114
v 7.167109 0.804762 0.386573
v 7.155215 0.781958 0.374448
v 7.144268 0.773612 0.397673
v 7.135080 0.753245 0.511812
v 7.140000 0.734760 0.445342
v 7.158296 0.770673 0.465775
v 7.151445 0.743551 0.422380
v 7.169946 0.779757 0.442757
v 7.174200 0.752751 0.435993
v 7.162543 0.743865 0.458991
v 7.128489 0.726086 0.468418
v 7.146647 0.761744 0.488741
v 7.150849 0.735112 0.482029
v 7.139203 0.726771 0.505247
v 7.133134 0.778071 0.456302
v 7.144567 0.787182 0.433306
v 7.133094 0.764831 0.420702
v 7.121789 0.755901 0.443663
v 7.110336 0.760582 0.502333
v 7.121697 0.769113 0.479260
v 7.110435 0.747100 0.466689
v 7.099124 0.738707 0.489910
v 7.038231 0.673244 0.659385
v 7.083255 0.696960 0.563429
v 7.101251 0.731818 0.582441
v 7.105635 0.710208 0.515366
v 7.123674 0.745444 0.535122
v 7.127694 0.719114 0.528756
v 7.094405 0.703316 0.539307
v 7.112424 0.738364 0.558689
v 7.116329 0.712170 0.552550
v 7.105041 0.705762 0.576530
v 7.099135 0.752747 0.525650
v 7.087948 0.730996 0.513429
v 7.077128 0.739057 0.572976
v 7.088092 0.745634 0.549223
v 7.076917 0.723998 0.537233
v 7.065969 0.717537 0.561215
v 7.055599 0.707029 0.677931
v 7.060956 0.685128 0.611735
v 7.078794 0.719542 0.630215
v 7.072126 0.690958 0.587610
v 7.090070 0.725611 0.606305
v 7.093760 0.699700 0.600597
v 7.082409 0.693794 0.624655
v 7.049680 0.679282 0.635692
v 7.067332 0.713411 0.654108
v 7.070916 0.687850 0.648616
v 7.059204 0.681687 0.672402
v 7.055111 0.726727 0.620715
v 7.066164 0.732820 0.596830
v 7.055036 0.711429 0.585265
v 7.044050 0.705483 0.609283
v 7.032403 0.714188 0.668315
v 7.043886 0.720579 0.644563
v 7.032939 0.699511 0.633170
v 7.021631 0.693332 0.656842
v 7.002438 0.653159 0.728627
v 7.018480 0.685622 0.748436
v 7.026564 0.666917 0.682780
v 7.043555 0.700301 0.701631
v 7.047230 0.675207 0.695972
v 7.014644 0.660241 0.705866
v 7.031186 0.693181 0.725154
v 7.034967 0.668357 0.719296
v 7.022391 0.661082 0.742338
v 7.020621 0.707459 0.691921
v 7.010084 0.686851 0.680259
v 6.996115 0.692805 0.738478
v 7.008530 0.700347 0.715328
v 6.998271 0.680013 0.703396
v 6.986164 0.672766 0.726223
v 6.964172 0.650339 0.837947
v 6.977053 0.637554 0.773086
v 6.992027 0.669013 0.794021
v 6.989917 0.645615 0.751041
v 7.005429 0.677580 0.771415
v 7.009481 0.653333 0.765059
v 6.996218 0.645058 0.787416
v 6.963827 0.628952 0.794744
v 6.978271 0.659905 0.816198
v 6.982589 0.636237 0.809376
v 6.968609 0.626954 0.830933
v 6.970278 0.676256 0.783754
v 6.983366 0.684789 0.761308
v 6.973744 0.665057 0.748704
v 6.960989 0.656837 0.770804
v 6.943079 0.657672 0.827344
v 6.956847 0.667190 0.805764
v 6.947886 0.648084 0.792493
v 6.934441 0.638877 0.813776
v 6.517241 0.283583 1.253811
v 6.749237 0.476694 1.060874
v 6.861674 0.561046 0.936555
v 6.907465 0.590962 0.877704
v 6.919834 0.619880 0.900892
v 6.936329 0.610472 0.836916
v 6.949734 0.640415 0.859293
v 6.954285 0.617312 0.852107
v 6.922068 0.600797 0.857471
v 6.934957 0.630231 0.880265
v 6.939622 0.607412 0.872917
v 6.924620 0.597352 0.893387
v 6.928974 0.647798 0.848524
v 6.920656 0.629315 0.834682
v 6.899731 0.627359 0.889826
v 6.914528 0.637663 0.869339
v 6.906529 0.619495 0.855240
v 6.892054 0.609510 0.875483
v 6.872449 0.588363 0.960843
v 6.892519 0.581067 0.897633
v 6.904362 0.609459 0.921201
v 6.909278 0.587232 0.913534
v 6.877244 0.571141 0.917256
v 6.888553 0.598998 0.941193
v 6.893613 0.577083 0.933355
v 6.877664 0.566769 0.952828
v 6.884573 0.616978 0.910017
v 6.877222 0.599454 0.895438
v 6.853247 0.595933 0.949502
v 6.869065 0.606547 0.929917
v 6.862044 0.589354 0.915111
v 6.846557 0.579073 0.934479
v 6.813797 0.528323 0.992175
v 6.823058 0.554066 1.017342
v 6.845867 0.550631 0.955495
v 6.856117 0.577412 0.980109
v 6.861491 0.556144 0.971916
v 6.829885 0.539762 0.974044
v 6.839628 0.566016 0.998953
v 6.845163 0.545076 0.990585
v 6.828753 0.533451 1.008808
v 6.837181 0.584992 0.968730
v 6.830815 0.568463 0.953505
v 6.804594 0.561628 1.005961
v 6.820939 0.573593 0.987560
v 6.814887 0.557390 0.972153
v 6.798840 0.545741 0.990395
v 6.756867 0.500578 1.086699
v 6.781516 0.503478 1.027187
v 6.789913 0.528262 1.052747
v 6.797660 0.516217 1.009881
v 6.806474 0.541470 1.035264
v 6.812320 0.521176 1.026575
v 6.795903 0.508280 1.043918
v 6.765378 0.490261 1.044160
v 6.773382 0.514591 1.069865
v 6.779507 0.494916 1.060908
v 6.763115 0.481203 1.077629
v 6.771836 0.535761 1.041450
v 6.788212 0.549006 1.023916
v 6.782734 0.533420 1.008216
v 6.766615 0.520465 1.025640
v 6.739139 0.507998 1.075525
v 6.755480 0.522049 1.058628
v 6.750503 0.507034 1.042729
v 6.734394 0.493258 1.059552
v 6.642183 0.384584 1.168019
v 6.712806 0.444312 1.100426
v 6.719752 0.468282 1.128171
v 6.747257 0.473995 1.065602
v 6.754983 0.498927 1.093176
v 6.761750 0.478632 1.083424
v 6.730052 0.459167 1.083045
v 6.737391 0.483623 1.110709
v 6.744266 0.463636 1.100870
v 6.726722 0.448596 1.118261
v 6.736320 0.506784 1.081354
v 6.731515 0.491398 1.064300
v 6.701542 0.476117 1.116433
v 6.718940 0.491459 1.098940
v 6.714374 0.476367 1.081830
v 6.697217 0.461325 1.099273
v 6.647475 0.406489 1.196003
v 6.677995 0.414647 1.134892
v 6.684128 0.437601 1.162776
v 6.695483 0.429494 1.117747
v 6.702028 0.452962 1.145565
v 6.709075 0.433571 1.135607
v 6.691236 0.418497 1.152789
v 6.660254 0.399701 1.151704
v 6.665969 0.422132 1.179644
v 6.673121 0.403304 1.169648
v 6.654653 0.387926 1.186017
v 6.666507 0.445513 1.151025
v 6.684093 0.460822 1.133833
v 6.680018 0.446340 1.116628
v 6.662687 0.431349 1.133779
v 6.630584 0.414577 1.184150
v 6.648698 0.430120 1.167851
v 6.645136 0.416279 1.150571
v 6.627285 0.401061 1.166842
v 6.585438 0.337769 1.212636
v 6.589484 0.358144 1.240660
v 6.623713 0.369233 1.183674
v 6.628582 0.390616 1.211687
v 6.635768 0.372301 1.201729
v 6.604796 0.353603 1.198535
v 6.609246 0.374472 1.226564
v 6.616426 0.356391 1.216649
v 6.596639 0.340279 1.230803
v 6.612100 0.398823 1.199759
v 6.609062 0.385629 1.182433
v 6.573876 0.366632 1.228558
v 6.593194 0.382815 1.214551
v 6.590415 0.369939 1.197216
v 6.571348 0.354063 1.211226
v 6.506714 0.293779 1.291762
v 6.545448 0.306026 1.239110
v 6.548811 0.325515 1.267024
v 6.565653 0.321870 1.226116
v 6.569332 0.341780 1.254104
v 6.576437 0.324111 1.244323
v 6.555837 0.308019 1.257338
v 6.524819 0.290354 1.251746
v 6.527935 0.309474 1.279539
v 6.534847 0.292125 1.269970
v 6.513471 0.276550 1.282333
v 6.534095 0.334294 1.254755
v 6.554172 0.350417 1.241915
v 6.551872 0.338134 1.224605
v 6.531991 0.322272 1.237491
v 6.492841 0.302801 1.279377
v 6.513651 0.318384 1.267203
v 6.511700 0.306590 1.250013
v 6.498267 0.297585 1.255292
v 6.160860 0.081612 1.430689
v 6.344632 0.176500 1.348146
v 6.444767 0.235141 1.294290
v 6.448009 0.255321 1.323914
v 6.493478 0.266988 1.267380
v 6.496674 0.287535 1.297655
v 6.503927 0.268584 1.287410
v 6.469295 0.250842 1.280861
v 6.472497 0.271190 1.310824
v 6.479501 0.252319 1.300778
v 6.454760 0.236524 1.314072
v 6.481758 0.297606 1.283928
v 6.479757 0.284933 1.265202
v 6.433857 0.265511 1.310189
v 6.457976 0.281332 1.297088
v 6.455972 0.268781 1.278555
v 6.431829 0.253064 1.291865
v 6.347598 0.195813 1.376617
v 6.394973 0.205027 1.321129
v 6.398236 0.224861 1.350096
v 6.419969 0.219874 1.307701
v 6.423244 0.239892 1.336986
v 6.429760 0.221177 1.327337
v 6.404557 0.206251 1.340620
v 6.369847 0.190582 1.334608
v 6.373015 0.210187 1.363299
v 6.379203 0.191715 1.353964
v 6.353724 0.177523 1.367386
v 6.384758 0.235096 1.336436
v 6.409439 0.250111 1.323287
v 6.407391 0.237764 1.305173
v 6.382718 0.222863 1.318518
v 6.334733 0.206051 1.363058
v 6.359848 0.220426 1.349686
v 6.357867 0.208335 1.331939
v 6.332878 0.194140 1.345447
v 6.268151 0.135538 1.387905
v 6.270033 0.153693 1.415924
v 6.319312 0.162695 1.361637
v 6.321982 0.181661 1.389933
v 6.328094 0.163584 1.380776
v 6.293837 0.149071 1.374942
v 6.296140 0.167648 1.403093
v 6.302251 0.149802 1.393995
v 6.276125 0.136083 1.406884
v 6.309436 0.191902 1.376428
v 6.307764 0.180205 1.358925
v 6.258306 0.163991 1.402507
v 6.283961 0.177904 1.389637
v 6.282516 0.166448 1.372224
v 6.257123 0.152796 1.385176
v 6.160949 0.097977 1.457924
v 6.215824 0.108336 1.411880
v 6.216777 0.125590 1.439600
v 6.242180 0.122000 1.400321
v 6.243604 0.139709 1.428203
v 6.249618 0.122323 1.419235
v 6.222598 0.108395 1.430737
v 6.188876 0.094598 1.422139
v 6.189373 0.111399 1.449646
v 6.194822 0.094341 1.440944
v 6.165841 0.081005 1.449436
v 6.206418 0.136117 1.426197
v 6.232461 0.150090 1.414808
v 6.231561 0.139170 1.397560
v 6.205810 0.125479 1.409049
v 6.152954 0.109034 1.444400
v 6.180072 0.122158 1.436196
v 6.179749 0.111800 1.419181
v 6.152884 0.098945 1.427552
v 5.939975 0.062861 1.446501
v 6.068566 0.059087 1.444298
v 6.068083 0.074415 1.470522
v 6.131369 0.070662 1.437207
v 6.131140 0.086626 1.464123
v 6.135333 0.069709 1.455878
v 6.100431 0.062978 1.441638
v 6.100008 0.078594 1.468209
v 6.103441 0.061731 1.460205
v 6.070782 0.057631 1.462725
v 6.124593 0.097995 1.450524
v 6.124722 0.088154 1.433873
v 6.064204 0.086206 1.456890
v 6.094884 0.090224 1.454567
v 6.095136 0.080599 1.438129
v 6.064496 0.076760 1.440667
v 5.939767 0.077380 1.471424
v 6.004163 0.059052 1.446389
v 6.003796 0.073935 1.471952
v 6.036365 0.058198 1.445728
v 6.035917 0.073287 1.471617
v 6.037959 0.056611 1.463991
v 6.005269 0.057389 1.464468
v 5.972033 0.060810 1.446577
v 5.971754 0.075506 1.471819
v 5.972759 0.059106 1.464461
v 5.940416 0.061141 1.464179
v 6.001782 0.085787 1.458477
v 6.033066 0.085142 1.458047
v 6.033337 0.075843 1.442031
v 6.002005 0.076615 1.442662
v 5.938926 0.089099 1.458203
v 5.970408 0.087308 1.458463
v 5.970578 0.078252 1.442846
v 5.939053 0.080152 1.442784
v 5.844143 0.066205 1.446159
v 5.843836 0.080187 1.470117
v 5.907976 0.064685 1.446328
v 5.907794 0.079029 1.470932
v 5.908217 0.062964 1.463794
v 5.876038 0.065818 1.446201
v 5.875817 0.079984 1.470484
v 5.876161 0.064105 1.463449
v 5.844215 0.064503 1.463184
v 5.907293 0.090642 1.457858
v 5.907404 0.081803 1.442636
v 5.843530 0.091545 1.457359
v 5.875481 0.091476 1.457565
v 5.875617 0.082746 1.442542
v 5.843719 0.082929 1.442537
v 5.716099 0.076911 1.469203
v 5.780376 0.065385 1.446275
v 5.779922 0.078995 1.469580
v 5.812267 0.066001 1.446189
v 5.811868 0.079798 1.469821
v 5.812330 0.064317 1.462986
v 5.780447 0.063720 1.462843
v 5.748427 0.064544 1.446401
v 5.748000 0.077968 1.469379
v 5.748498 0.062900 1.462738
v 5.716409 0.062047 1.462656
v 5.779526 0.090064 1.457157
v 5.811520 0.091014 1.457229
v 5.811765 0.082512 1.442608
v 5.779806 0.081678 1.442739
v 5.715874 0.087685 1.457124
v 5.747622 0.088889 1.457128
v 5.747885 0.080617 1.442913
v 5.716044 0.079525 1.443110
v 4.272576 1.352037 -0.019420
v 5.793589 0.062608 1.448647
v 4.559713 0.618829 0.818111
v 4.261928 0.795410 0.180530
v 4.203802 1.078493 -0.024906
v 4.198367 1.237857 -0.014606
v 4.201961 1.305322 -0.017071
v 4.272054 1.366779 0.026689
v 4.191201 1.311980 0.028436
v 4.245526 1.361207 0.026885
v 4.248755 1.347693 -0.019045
v 4.271820 1.376127 -0.001785
v 4.242545 1.369478 -0.001372
v 4.200938 1.335541 0.027555
v 4.210455 1.326452 -0.018168
v 4.193551 1.340427 -0.000476
v 4.182748 1.315437 0.000615
v 4.272955 1.336929 0.026582
v 4.253573 1.334325 0.026606
v 4.273279 1.327768 -0.001900
v 4.255583 1.325929 -0.001765
v 4.215620 1.299734 0.027875
v 4.222393 1.318556 0.027119
v 4.228311 1.312911 -0.001125
v 4.222311 1.295599 -0.000235
v 4.185959 1.238725 0.030209
v 4.198369 1.283031 -0.016050
v 4.186800 1.287446 0.029237
v 4.177762 1.289878 0.001610
v 4.197680 1.260368 -0.015002
v 4.185596 1.262985 0.030046
v 4.176270 1.264611 0.002595
v 4.176491 1.239970 0.002941
v 4.212975 1.279101 0.028583
v 4.220169 1.276358 0.000608
v 4.213669 1.235844 0.029447
v 4.212752 1.257739 0.029348
v 4.220265 1.256114 0.001520
v 4.221384 1.235303 0.001764
v 4.201967 1.170854 -0.016737
v 4.189226 1.168481 0.027245
v 4.199453 1.215556 -0.014783
v 4.186844 1.214976 0.029777
v 4.177294 1.216095 0.002695
v 4.200708 1.193257 -0.015510
v 4.187996 1.191577 0.028772
v 4.178408 1.192726 0.001881
v 4.179641 1.169704 0.000552
v 4.214889 1.213749 0.028970
v 4.222728 1.214105 0.001444
v 4.217458 1.168877 0.026387
v 4.216204 1.191401 0.027934
v 4.224107 1.192438 0.000579
v 4.225379 1.170344 -0.000782
v 4.191186 1.078325 0.017644
v 4.203791 1.125377 -0.020412
v 4.191118 1.123053 0.022908
v 4.203053 1.148254 -0.018397
v 4.190335 1.145652 0.025263
v 4.180785 1.146872 -0.001224
v 4.181628 1.124070 -0.003364
v 4.204022 1.102127 -0.022690
v 4.191391 1.100619 0.020273
v 4.181978 1.101119 -0.005775
v 4.181868 1.077950 -0.008140
v 4.219128 1.123735 0.022032
v 4.218487 1.146284 0.024394
v 4.226395 1.147892 -0.002577
v 4.227007 1.125172 -0.004728
v 4.218861 1.079099 0.016750
v 4.219235 1.101319 0.019392
v 4.227088 1.102252 -0.007148
v 4.226704 1.079204 -0.009535
v 4.212975 0.886993 0.012290
v 4.203313 1.005675 -0.025139
v 4.190378 1.012257 0.014967
v 4.203414 1.054522 -0.026473
v 4.190766 1.056171 0.015524
v 4.181578 1.054586 -0.009894
v 4.203150 1.030219 -0.026776
v 4.190403 1.034128 0.014440
v 4.181393 1.031013 -0.010446
v 4.178477 0.990387 -0.010138
v 4.218265 1.057083 0.014592
v 4.226127 1.056066 -0.011351
v 4.217476 1.013675 0.013816
v 4.217710 1.035251 0.013428
v 4.225634 1.032839 -0.012032
v 4.225516 1.009612 -0.010960
v 4.196761 0.908693 0.046428
v 4.205320 0.935572 -0.014612
v 4.190396 0.949700 0.025259
v 4.203163 0.961845 -0.022903
v 4.188715 0.972343 0.019193
v 4.179512 0.964626 -0.005938
v 4.181663 0.939412 0.001719
v 4.208647 0.910424 -0.002742
v 4.193123 0.928343 0.034426
v 4.184952 0.915333 0.012831
v 4.189220 0.892944 0.027026
v 4.219436 0.952194 0.023419
v 4.218037 0.974312 0.017697
v 4.227015 0.967830 -0.008309
v 4.228706 0.943472 -0.001212
v 4.225163 0.912437 0.043635
v 4.221853 0.931442 0.032146
v 4.231495 0.920379 0.009183
v 4.235229 0.899040 0.022543
v 4.230401 0.832865 0.072702
v 4.211970 0.864176 0.097265
v 4.218147 0.865834 0.030122
v 4.201195 0.891143 0.061049
v 4.194324 0.872760 0.043984
v 4.224014 0.847559 0.050400
v 4.206308 0.876133 0.078082
v 4.200125 0.855352 0.063394
v 4.206459 0.841373 0.084879
v 4.229252 0.895533 0.057692
v 4.239775 0.879908 0.038582
v 4.239311 0.869706 0.092710
v 4.234010 0.881133 0.074129
v 4.244997 0.863492 0.057023
v 4.250745 0.850375 0.077529
v 4.239839 0.834667 0.197578
v 4.244066 0.815100 0.121046
v 4.224426 0.849889 0.140325
v 4.237118 0.822249 0.096455
v 4.218032 0.855615 0.118188
v 4.213147 0.831283 0.107916
v 4.220101 0.824485 0.131913
v 4.254024 0.798648 0.153630
v 4.232244 0.837379 0.172362
v 4.228064 0.809058 0.164932
v 4.236069 0.805918 0.191502
v 4.251059 0.856142 0.134635
v 4.245014 0.861561 0.113049
v 4.256853 0.840961 0.099616
v 4.263239 0.834665 0.122716
v 4.268023 0.841857 0.190344
v 4.260780 0.844404 0.165633
v 4.274286 0.820493 0.154050
v 4.281719 0.817621 0.179800
v 4.392962 0.716749 0.493825
v 4.315299 0.773246 0.331542
v 4.287054 0.787539 0.258495
v 4.265181 0.826705 0.273904
v 4.270037 0.793022 0.207101
v 4.247817 0.832466 0.223009
v 4.244338 0.803533 0.217919
v 4.278396 0.790620 0.233137
v 4.256245 0.830008 0.248494
v 4.252925 0.801063 0.243990
v 4.261883 0.797864 0.269575
v 4.275661 0.839768 0.215323
v 4.289438 0.815416 0.205483
v 4.292388 0.834134 0.265487
v 4.283764 0.837385 0.240413
v 4.297497 0.813068 0.230912
v 4.305948 0.809954 0.255953
v 4.295028 0.811135 0.349354
v 4.296071 0.783640 0.283297
v 4.274644 0.822455 0.299239
v 4.271255 0.793811 0.294754
v 4.305480 0.778883 0.307626
v 4.284608 0.817260 0.324424
v 4.281054 0.788876 0.319550
v 4.291270 0.783050 0.343963
v 4.301551 0.829919 0.290541
v 4.314836 0.805956 0.280678
v 4.321374 0.818620 0.340249
v 4.311228 0.824741 0.315499
v 4.324169 0.801050 0.305106
v 4.333943 0.795230 0.329230
v 4.347230 0.751118 0.401506
v 4.328440 0.787664 0.421620
v 4.325536 0.766715 0.355111
v 4.305851 0.804111 0.373916
v 4.301892 0.776335 0.367995
v 4.336197 0.759294 0.378409
v 4.317016 0.796235 0.398010
v 4.312899 0.768749 0.391658
v 4.324225 0.760434 0.414993
v 4.331936 0.811591 0.364674
v 4.344143 0.788505 0.353042
v 4.354042 0.795112 0.412211
v 4.342854 0.803701 0.388670
v 4.354749 0.780896 0.376545
v 4.365695 0.772551 0.399770
v 4.374883 0.752184 0.513909
v 4.369963 0.733698 0.447439
v 4.351667 0.769611 0.467873
v 4.358518 0.742490 0.424477
v 4.340017 0.778696 0.444854
v 4.335763 0.751690 0.438091
v 4.347420 0.742804 0.461088
v 4.381474 0.725025 0.470515
v 4.363315 0.760683 0.490838
v 4.359114 0.734051 0.484126
v 4.370760 0.725710 0.507344
v 4.376829 0.777010 0.458399
v 4.365396 0.786121 0.435403
v 4.376869 0.763770 0.422799
v 4.388176 0.754840 0.445760
v 4.399627 0.759521 0.504430
v 4.388266 0.768052 0.481357
v 4.399529 0.746039 0.468786
v 4.410839 0.737646 0.492007
v 4.471732 0.672183 0.661482
v 4.426708 0.695898 0.565526
v 4.408712 0.730757 0.584538
v 4.404328 0.709147 0.517463
v 4.386290 0.744382 0.537219
v 4.382269 0.718053 0.530853
v 4.415559 0.702255 0.541404
v 4.397539 0.737303 0.560786
v 4.393635 0.711109 0.554647
v 4.404923 0.704701 0.578627
v 4.410828 0.751686 0.527747
v 4.422015 0.729935 0.515526
v 4.432835 0.737995 0.575073
v 4.421871 0.744573 0.551320
v 4.433046 0.722937 0.539330
v 4.443995 0.716476 0.563312
v 4.454364 0.705968 0.680028
v 4.449007 0.684067 0.613832
v 4.431170 0.718481 0.632312
v 4.437837 0.689897 0.589707
v 4.419893 0.724550 0.608402
v 4.416204 0.698639 0.602694
v 4.427554 0.692733 0.626752
v 4.460284 0.678221 0.637789
v 4.442631 0.712350 0.656205
v 4.439047 0.686789 0.650713
v 4.450759 0.680625 0.674499
v 4.454852 0.725666 0.622812
v 4.443800 0.731759 0.598927
v 4.454927 0.710368 0.587362
v 4.465913 0.704422 0.611380
v 4.477561 0.713126 0.670412
v 4.466078 0.719518 0.646660
v 4.477025 0.698449 0.635267
v 4.488332 0.692271 0.658939
v 4.507525 0.652098 0.730724
v 4.491483 0.684560 0.750533
v 4.483399 0.665856 0.684877
v 4.466409 0.699240 0.703728
v 4.462733 0.674146 0.698069
v 4.495320 0.659180 0.707963
v 4.478778 0.692119 0.727251
v 4.474996 0.667296 0.721393
v 4.487572 0.660021 0.744435
v 4.489342 0.706398 0.694018
v 4.499879 0.685790 0.682356
v 4.513849 0.691744 0.740575
v 4.501433 0.699286 0.717425
v 4.511693 0.678952 0.705493
v 4.523799 0.671705 0.728320
v 4.545792 0.649278 0.840044
v 4.532910 0.636493 0.775183
v 4.517937 0.667952 0.796118
v 4.520047 0.644554 0.753138
v 4.504534 0.676519 0.773512
v 4.500482 0.652272 0.767156
v 4.513746 0.643997 0.789513
v 4.546136 0.627891 0.796841
v 4.531693 0.658844 0.818295
v 4.527374 0.635176 0.811473
v 4.541355 0.625893 0.833030
v 4.539685 0.675195 0.785851
v 4.526597 0.683728 0.763405
v 4.536219 0.663996 0.750802
v 4.548974 0.655776 0.772901
v 4.566885 0.656611 0.829441
v 4.553117 0.666129 0.807861
v 4.562078 0.647022 0.794590
v 4.575522 0.637815 0.815873
v 4.992723 0.282522 1.255908
v 4.760726 0.475633 1.062971
v 4.648289 0.559985 0.938652
v 4.602498 0.589901 0.879801
v 4.590129 0.618819 0.902989
v 4.573634 0.609411 0.839013
v 4.560229 0.639354 0.861390
v 4.555678 0.616251 0.854204
v 4.587895 0.599736 0.859568
v 4.575006 0.629170 0.882362
v 4.570341 0.606351 0.875014
v 4.585344 0.596291 0.895484
v 4.580989 0.646737 0.850621
v 4.589307 0.628254 0.836779
v 4.610233 0.626298 0.891923
v 4.595436 0.636602 0.871436
v 4.603435 0.618434 0.857337
v 4.617910 0.608449 0.877580
v 4.637514 0.587302 0.962940
v 4.617444 0.580006 0.899730
v 4.605601 0.608398 0.923298
v 4.600685 0.586171 0.915631
v 4.632719 0.570080 0.919353
v 4.621410 0.597937 0.943290
v 4.616350 0.576022 0.935452
v 4.632300 0.565708 0.954925
v 4.625390 0.615917 0.912114
v 4.632741 0.598393 0.897535
v 4.656716 0.594872 0.951599
v 4.640898 0.605486 0.932014
v 4.647919 0.588293 0.917208
v 4.663407 0.578012 0.936576
v 4.696167 0.527262 0.994272
v 4.686905 0.553005 1.019439
v 4.664096 0.549570 0.957592
v 4.653847 0.576351 0.982206
v 4.648472 0.555083 0.974013
v 4.680079 0.538701 0.976141
v 4.670335 0.564955 1.001050
v 4.664800 0.544015 0.992682
v 4.681211 0.532390 1.010905
v 4.672782 0.583931 0.970827
v 4.679148 0.567402 0.955602
v 4.705369 0.560567 1.008058
v 4.689024 0.572532 0.989657
v 4.695077 0.556329 0.974250
v 4.711123 0.544680 0.992492
v 4.753097 0.499517 1.088796
v 4.728447 0.502417 1.029284
v 4.720050 0.527201 1.054844
v 4.712303 0.515156 1.011978
v 4.703490 0.540409 1.037361
v 4.697644 0.520114 1.028672
v 4.714061 0.507219 1.046015
v 4.744586 0.489200 1.046257
v 4.736581 0.513530 1.071962
v 4.730457 0.493855 1.063005
v 4.746848 0.480142 1.079726
v 4.738128 0.534700 1.043547
v 4.721751 0.547944 1.026013
v 4.727229 0.532359 1.010313
v 4.743347 0.519404 1.027737
v 4.770824 0.506936 1.077622
v 4.754483 0.520988 1.060725
v 4.759460 0.505973 1.044826
v 4.775569 0.492197 1.061649
v 4.867780 0.383523 1.170116
v 4.797158 0.443251 1.102523
v 4.790211 0.467221 1.130268
v 4.762706 0.472934 1.067699
v 4.754981 0.497866 1.095273
v 4.748214 0.477571 1.085521
v 4.779912 0.458106 1.085142
v 4.772573 0.482562 1.112806
v 4.765697 0.462575 1.102967
v 4.783241 0.447535 1.120358
v 4.773643 0.505722 1.083451
v 4.778448 0.490336 1.066397
v 4.808422 0.475056 1.118530
v 4.791023 0.490398 1.101037
v 4.795590 0.475306 1.083927
v 4.812746 0.460264 1.101370
v 4.862488 0.405428 1.198100
v 4.831968 0.413586 1.136989
v 4.825835 0.436540 1.164873
v 4.814480 0.428432 1.119844
v 4.807936 0.451900 1.147662
v 4.800888 0.432510 1.137704
v 4.818727 0.417436 1.154886
v 4.849709 0.398640 1.153801
v 4.843994 0.421071 1.181741
v 4.836842 0.402243 1.171745
v 4.855310 0.386864 1.188114
v 4.843456 0.444452 1.153122
v 4.825870 0.459761 1.135930
v 4.829945 0.445279 1.118725
v 4.847277 0.430287 1.135876
v 4.879379 0.413516 1.186247
v 4.861266 0.429059 1.169948
v 4.864827 0.415218 1.152668
v 4.882679 0.400000 1.168939
v 4.924525 0.336708 1.214733
v 4.920479 0.357083 1.242757
v 4.886250 0.368172 1.185771
v 4.881382 0.389554 1.213784
v 4.874195 0.371240 1.203826
v 4.905167 0.352542 1.200632
v 4.900718 0.373411 1.228661
v 4.893538 0.355330 1.218746
v 4.913324 0.339218 1.232900
v 4.897864 0.397761 1.201856
v 4.900901 0.384568 1.184530
v 4.936088 0.365571 1.230655
v 4.916770 0.381754 1.216648
v 4.919547 0.368878 1.199313
v 4.938615 0.353002 1.213323
v 5.003249 0.292718 1.293859
v 4.964515 0.304965 1.241207
v 4.961152 0.324454 1.269121
v 4.944310 0.320809 1.228213
v 4.940631 0.340719 1.256201
v 4.933526 0.323050 1.246420
v 4.954126 0.306958 1.259435
v 4.985144 0.289293 1.253843
v 4.982028 0.308412 1.281636
v 4.975116 0.291064 1.272067
v 4.996492 0.275489 1.284430
v 4.975868 0.333233 1.256852
v 4.955791 0.349356 1.244012
v 4.958091 0.337073 1.226702
v 4.977973 0.321211 1.239588
v 5.017122 0.301739 1.281474
v 4.996313 0.317323 1.269300
v 4.998263 0.305529 1.252110
v 5.011696 0.296524 1.257389
v 5.349104 0.080551 1.432786
v 5.165331 0.175439 1.350243
v 5.065197 0.234080 1.296387
v 5.061954 0.254260 1.326011
v 5.016485 0.265927 1.269477
v 5.013289 0.286474 1.299752
v 5.006036 0.267523 1.289508
v 5.040668 0.249781 1.282958
v 5.037467 0.270129 1.312921
v 5.030462 0.251258 1.302875
v 5.055203 0.235463 1.316169
v 5.028205 0.296545 1.286025
v 5.030207 0.283872 1.267299
v 5.076106 0.264450 1.312286
v 5.051988 0.280270 1.299185
v 5.053991 0.267720 1.280652
v 5.078135 0.252003 1.293962
v 5.162365 0.194752 1.378714
v 5.114990 0.203966 1.323226
v 5.111727 0.223800 1.352193
v 5.089995 0.218813 1.309798
v 5.086719 0.238830 1.339083
v 5.080203 0.220116 1.329434
v 5.105406 0.205190 1.342717
v 5.140117 0.189521 1.336705
v 5.136948 0.209126 1.365396
v 5.130760 0.190654 1.356061
v 5.156239 0.176462 1.369483
v 5.125206 0.234034 1.338533
v 5.100524 0.249050 1.325384
v 5.102573 0.236703 1.307270
v 5.127246 0.221802 1.320615
v 5.175230 0.204990 1.365155
v 5.150115 0.219365 1.351783
v 5.152097 0.207274 1.334036
v 5.177086 0.193079 1.347544
v 5.241812 0.134477 1.390002
v 5.239931 0.152632 1.418021
v 5.190651 0.161634 1.363734
v 5.187981 0.180600 1.392030
v 5.181870 0.162523 1.382873
v 5.216126 0.148010 1.377039
v 5.213823 0.166587 1.405190
v 5.207712 0.148741 1.396092
v 5.233838 0.135022 1.408981
v 5.200527 0.190840 1.378525
v 5.202199 0.179143 1.361022
v 5.251657 0.162930 1.404604
v 5.226002 0.176843 1.391734
v 5.227447 0.165387 1.374321
v 5.252841 0.151735 1.387273
v 5.349015 0.096916 1.460021
v 5.294139 0.107275 1.413977
v 5.293186 0.124529 1.441697
v 5.267784 0.120939 1.402418
v 5.266359 0.138648 1.430300
v 5.260345 0.121262 1.421332
v 5.287365 0.107334 1.432834
v 5.321087 0.093537 1.424236
v 5.320590 0.110338 1.451743
v 5.315141 0.093280 1.443041
v 5.344122 0.079944 1.451533
v 5.303545 0.135056 1.428294
v 5.277502 0.149029 1.416905
v 5.278402 0.138109 1.399657
v 5.304153 0.124417 1.411146
v 5.357010 0.107973 1.446497
v 5.329891 0.121097 1.438293
v 5.330215 0.110739 1.421278
v 5.357079 0.097884 1.429649
v 5.569988 0.061800 1.448598
v 5.441398 0.058026 1.446395
v 5.441880 0.073354 1.472619
v 5.378594 0.069601 1.439304
v 5.378824 0.085565 1.466220
v 5.374630 0.068648 1.457975
v 5.409532 0.061917 1.443735
v 5.409955 0.077533 1.470306
v 5.406522 0.060669 1.462302
v 5.439181 0.056569 1.464822
v 5.385371 0.096934 1.452621
v 5.385242 0.087093 1.435970
v 5.445759 0.085145 1.458987
v 5.415079 0.089163 1.456664
v 5.414827 0.079538 1.440226
v 5.445467 0.075699 1.442764
v 5.570196 0.076319 1.473521
v 5.505800 0.057991 1.448486
v 5.506167 0.072874 1.474049
v 5.473598 0.057136 1.447825
v 5.474046 0.072226 1.473714
v 5.472005 0.055549 1.466088
v 5.504694 0.056328 1.466565
v 5.537930 0.059749 1.448674
v 5.538209 0.074445 1.473916
v 5.537204 0.058045 1.466558
v 5.569548 0.060080 1.466276
v 5.508181 0.084726 1.460574
v 5.476897 0.084081 1.460144
v 5.476626 0.074781 1.444128
v 5.507958 0.075554 1.444759
v 5.571037 0.088038 1.460300
v 5.539555 0.086247 1.460560
v 5.539386 0.077191 1.444943
v 5.570910 0.079091 1.444881
v 5.665820 0.065143 1.448256
v 5.666127 0.079126 1.472214
v 5.601987 0.063624 1.448425
v 5.602169 0.077968 1.473029
v 5.601746 0.061903 1.465891
v 5.633925 0.064757 1.448298
v 5.634147 0.078923 1.472581
v 5.633802 0.063043 1.465546
v 5.665749 0.063442 1.465281
v 5.602671 0.089581 1.459955
v 5.602559 0.080742 1.444733
v 5.666433 0.090484 1.459456
v 5.634482 0.090415 1.459662
v 5.634346 0.081685 1.444639
v 5.666244 0.081868 1.444634
v 5.793864 0.075850 1.471300
v 5.729588 0.064324 1.448372
v 5.730042 0.077934 1.471677
v 5.697696 0.064940 1.448286
v 5.698095 0.078737 1.471918
v 5.697633 0.063256 1.465083
v 5.729516 0.062659 1.464940
v 5.761537 0.063483 1.448498
v 5.761963 0.076907 1.471476
v 5.761465 0.061839 1.464835
v 5.793554 0.060986 1.464754
v 5.730437 0.089003 1.459254
v 5.698443 0.089953 1.459326
v 5.698198 0.081451 1.444705
v 5.730158 0.080617 1.444836
v 5.794089 0.086624 1.459221
v 5.762341 0.087828 1.459225
v 5.762078 0.079556 1.445010
v 5.793919 0.078464 1.445207
# 2082 positions

vt 0.265339 0.059590
vt 0.265339 0.039311
vt 0.275973 0.039311
vt 0.275973 0.059590
vt 0.265339 0.020846
vt 0.275973 0.020846
vt 0.265339 0.005000
vt 0.275973 0.005000
vt 0.029255 0.389163
vt 0.046505 0.389163
vt 0.046505 0.378529
vt 0.029255 0.378529
vt 0.065984 0.389163
vt 0.065984 0.378529
vt 0.086840 0.389163
vt 0.086840 0.378529
vt 0.108163 0.389163
vt 0.108163 0.378529
vt 0.129019 0.389163
vt 0.129019 0.378529
vt 0.148498 0.389163
vt 0.148498 0.378529
vt 0.165748 0.389163
vt 0.165748 0.378529
vt 0.293760 0.156591
vt 0.293760 0.140745
vt 0.283126 0.140745
vt 0.283126 0.156591
vt 0.293760 0.122280
vt 0.283126 0.122280
vt 0.293760 0.102001
vt 0.283126 0.102001
vt 0.293760 0.080795
vt 0.283126 0.080795
vt 0.293760 0.059590
vt 0.283126 0.059590
vt 0.293760 0.039311
vt 0.283126 0.039311
vt 0.293760 0.020846
vt 0.283126 0.020846
vt 0.293760 0.005000
vt 0.283126 0.005000
vt 0.021170 0.396316
vt 0.038420 0.396316
vt 0.038420 0.406951
vt 0.021170 0.406951
vt 0.057899 0.396316
vt 0.057899 0.406951
vt 0.078755 0.396316
vt 0.078755 0.406951
vt 0.100078 0.396316
vt 0.100078 0.406951
vt 0.120934 0.396316
vt 0.120934 0.406951
vt 0.140413 0.396316
vt 0.140413 0.406951
vt 0.157663 0.396316
vt 0.157663 0.406951
vt 0.265339 0.156591
vt 0.265339 0.140745
vt 0.275973 0.140745
vt 0.275973 0.156591
vt 0.265339 0.122280
vt 0.275973 0.122280
vt 0.265339 0.102001
vt 0.275973 0.102001
vt 0.265339 0.080795
vt 0.275973 0.080795
vt 0.502227 0.655682
vt 0.482151 0.649159
vt 0.461159 0.747922
vt 0.520507 0.666236
vt 0.536194 0.680361
vt 0.548601 0.697438
vt 0.557186 0.716721
vt 0.561575 0.737368
vt 0.561575 0.758477
vt 0.557186 0.779124
vt 0.548601 0.798407
vt 0.536194 0.815484
vt 0.520507 0.829609
vt 0.502227 0.840163
vt 0.482151 0.846686
vt 0.461159 0.848892
vt 0.440166 0.846686
vt 0.420091 0.840163
vt 0.401810 0.829609
vt 0.386124 0.815484
vt 0.373717 0.798407
vt 0.365131 0.779124
vt 0.360742 0.758477
vt 0.360742 0.737368
vt 0.365131 0.716721
vt 0.373717 0.697438
vt 0.386124 0.680361
vt 0.401810 0.666237
vt 0.420091 0.655682
vt 0.440166 0.649159
vt 0.461159 0.646953
vt 0.645250 0.856478
vt 0.625653 0.850111
vt 0.665742 0.760069
vt 0.607809 0.839808
vt 0.592496 0.826021
vt 0.580384 0.809350
vt 0.572004 0.790527
vt 0.567720 0.770372
vt 0.567720 0.749766
vt 0.572004 0.729612
vt 0.580384 0.710788
vt 0.592496 0.694118
vt 0.607809 0.680330
vt 0.625653 0.670027
vt 0.645250 0.663660
vt 0.665742 0.661506
vt 0.686235 0.663660
vt 0.705832 0.670027
vt 0.723676 0.680330
vt 0.738989 0.694118
vt 0.751100 0.710788
vt 0.759481 0.729612
vt 0.763765 0.749766
vt 0.763765 0.770372
vt 0.759481 0.790527
vt 0.751100 0.809350
vt 0.738989 0.826021
vt 0.723676 0.839808
vt 0.705832 0.850111
vt 0.686235 0.856478
vt 0.665742 0.858632
vt 0.787645 0.278099
vt 0.787645 0.258024
vt 0.789450 0.257608
vt 0.789450 0.277886
vt 0.787645 0.239743
vt 0.789450 0.239142
vt 0.787645 0.224057
vt 0.789450 0.223296
vt 0.713935 0.212355
vt 0.731012 0.212355
vt 0.730501 0.210549
vt 0.713251 0.210549
vt 0.750296 0.212355
vt 0.749980 0.210549
vt 0.770943 0.212355
vt 0.770836 0.210549
vt 0.792051 0.212355
vt 0.792158 0.210549
vt 0.812698 0.212355
vt 0.813015 0.210549
vt 0.831982 0.212355
vt 0.832493 0.210549
vt 0.849059 0.212355
vt 0.849743 0.210549
vt 0.972349 0.946548
vt 0.972349 0.930862
vt 0.970544 0.931463
vt 0.970544 0.947309
vt 0.972349 0.912581
vt 0.970544 0.912998
vt 0.972349 0.892506
vt 0.970544 0.892719
vt 0.972349 0.871513
vt 0.970544 0.871513
vt 0.972349 0.850521
vt 0.970544 0.850308
vt 0.972349 0.830445
vt 0.970544 0.830029
vt 0.972349 0.812165
vt 0.970544 0.811564
vt 0.972349 0.796478
vt 0.970544 0.795718
vt 0.219130 0.739135
vt 0.236207 0.739135
vt 0.235696 0.740940
vt 0.218445 0.740940
vt 0.255491 0.739135
vt 0.255174 0.740940
vt 0.276138 0.739135
vt 0.276031 0.740940
vt 0.297246 0.739135
vt 0.297353 0.740940
vt 0.317893 0.739135
vt 0.318209 0.740940
vt 0.337177 0.739135
vt 0.337688 0.740940
vt 0.354254 0.739135
vt 0.354938 0.740940
vt 0.787645 0.374127
vt 0.787645 0.358440
vt 0.789450 0.359042
vt 0.789450 0.374887
vt 0.787645 0.340160
vt 0.789450 0.340576
vt 0.787645 0.320085
vt 0.789450 0.320297
vt 0.787645 0.299092
vt 0.789450 0.299092
vt 0.376912 0.109384
vt 0.376912 0.087419
vt 0.383929 0.087419
vt 0.383929 0.109384
vt 0.376912 0.131350
vt 0.383929 0.131350
vt 0.376912 0.152355
vt 0.383929 0.152355
vt 0.376912 0.171482
vt 0.383929 0.171482
vt 0.376912 0.187896
vt 0.383929 0.187896
vt 0.128516 0.284743
vt 0.146385 0.284743
vt 0.146385 0.291759
vt 0.128516 0.291759
vt 0.108339 0.284743
vt 0.108339 0.291759
vt 0.086735 0.284743
vt 0.086735 0.291759
vt 0.064649 0.284743
vt 0.064649 0.291759
vt 0.043045 0.284743
vt 0.043045 0.291759
vt 0.022868 0.284743
vt 0.022868 0.291759
vt 0.005000 0.284743
vt 0.005000 0.291759
vt 0.309546 0.021413
vt 0.309546 0.005000
vt 0.302530 0.005000
vt 0.302530 0.021413
vt 0.309546 0.040541
vt 0.302530 0.040541
vt 0.309546 0.061546
vt 0.302530 0.061546
vt 0.309546 0.083512
vt 0.302530 0.083512
vt 0.309546 0.105477
vt 0.302530 0.105477
vt 0.309546 0.126483
vt 0.302530 0.126483
vt 0.309546 0.145610
vt 0.302530 0.145610
vt 0.309546 0.162024
vt 0.302530 0.162024
vt 0.162474 0.372610
vt 0.180342 0.372610
vt 0.180342 0.365593
vt 0.162474 0.365593
vt 0.142297 0.372610
vt 0.142297 0.365593
vt 0.120693 0.372610
vt 0.120693 0.365593
vt 0.098606 0.372610
vt 0.098606 0.365593
vt 0.077002 0.372610
vt 0.077002 0.365593
vt 0.056826 0.372610
vt 0.056826 0.365593
vt 0.038957 0.372610
vt 0.038957 0.365593
vt 0.376912 0.047286
vt 0.376912 0.030872
vt 0.383929 0.030872
vt 0.383929 0.047286
vt 0.376912 0.066413
vt 0.383929 0.066413
vt 0.134096 0.589376
vt 0.154374 0.595965
vt 0.157015 0.590034
vt 0.135445 0.583026
vt 0.172840 0.606626
vt 0.176655 0.601374
vt 0.188685 0.620893
vt 0.193509 0.616550
vt 0.201218 0.638143
vt 0.206840 0.634898
vt 0.209891 0.657622
vt 0.216065 0.655616
vt 0.214324 0.678479
vt 0.220780 0.677800
vt 0.214324 0.699801
vt 0.220780 0.700480
vt 0.209891 0.720657
vt 0.216065 0.722663
vt 0.201218 0.740136
vt 0.206840 0.743382
vt 0.188685 0.757386
vt 0.193509 0.761730
vt 0.172840 0.771654
vt 0.176655 0.776905
vt 0.154374 0.782315
vt 0.157015 0.788245
vt 0.134096 0.788904
vt 0.135445 0.795254
vt 0.112890 0.791133
vt 0.112890 0.797624
vt 0.091684 0.788904
vt 0.090335 0.795254
vt 0.071406 0.782315
vt 0.068765 0.788245
vt 0.052940 0.771654
vt 0.049125 0.776905
vt 0.037095 0.757386
vt 0.032271 0.761730
vt 0.024562 0.740136
vt 0.018940 0.743382
vt 0.015889 0.720657
vt 0.009715 0.722663
vt 0.011456 0.699801
vt 0.005000 0.700480
vt 0.011456 0.678479
vt 0.005000 0.677800
vt 0.015889 0.657622
vt 0.009715 0.655617
vt 0.024562 0.638144
vt 0.018940 0.634898
vt 0.037095 0.620893
vt 0.032271 0.616550
vt 0.052940 0.606626
vt 0.049125 0.601374
vt 0.071406 0.595965
vt 0.068765 0.590035
vt 0.091684 0.589376
vt 0.090335 0.583026
vt 0.112890 0.587147
vt 0.112890 0.580656
vt 0.226530 0.059590
vt 0.226530 0.039311
vt 0.239465 0.039311
vt 0.239465 0.059590
vt 0.226530 0.020846
vt 0.239465 0.020846
vt 0.226530 0.005000
vt 0.239465 0.005000
vt 0.005000 0.278273
vt 0.022250 0.278273
vt 0.022250 0.265339
vt 0.005000 0.265339
vt 0.041729 0.278273
vt 0.041729 0.265339
vt 0.062585 0.278273
vt 0.062585 0.265339
vt 0.083907 0.278273
vt 0.083907 0.265339
vt 0.104764 0.278273
vt 0.104764 0.265339
vt 0.124243 0.278273
vt 0.124243 0.265339
vt 0.141493 0.278273
vt 0.141493 0.265339
vt 0.258869 0.156591
vt 0.258869 0.140745
vt 0.245935 0.140745
vt 0.245935 0.156591
vt 0.258869 0.122280
vt 0.245935 0.122280
vt 0.258869 0.102001
vt 0.245935 0.102001
vt 0.258869 0.080795
vt 0.245935 0.080795
vt 0.258869 0.059590
vt 0.245935 0.059590
vt 0.258869 0.039311
vt 0.245935 0.039311
vt 0.258869 0.020846
vt 0.245935 0.020846
vt 0.258869 0.005000
vt 0.245935 0.005000
vt 0.005000 0.297679
vt 0.022250 0.297679
vt 0.022250 0.310614
vt 0.005000 0.310614
vt 0.041729 0.297679
vt 0.041729 0.310614
vt 0.062585 0.297679
vt 0.062585 0.310614
vt 0.083907 0.297679
vt 0.083907 0.310614
vt 0.104764 0.297679
vt 0.104764 0.310614
vt 0.124243 0.297679
vt 0.124243 0.310614
vt 0.141493 0.297679
vt 0.141493 0.310614
vt 0.226530 0.156591
vt 0.226530 0.140745
vt 0.239465 0.140745
vt 0.239465 0.156591
vt 0.226530 0.122280
vt 0.239465 0.122280
vt 0.226530 0.102001
vt 0.239465 0.102001
vt 0.226530 0.080795
vt 0.239465 0.080795
vt 0.313401 0.249519
vt 0.313401 0.227894
vt 0.314636 0.227894
vt 0.314636 0.249519
vt 0.313401 0.208202
vt 0.314636 0.208202
vt 0.313401 0.191305
vt 0.314636 0.191305
vt 0.029255 0.069298
vt 0.047651 0.069298
vt 0.047651 0.068063
vt 0.029255 0.068063
vt 0.068423 0.069298
vt 0.068423 0.068063
vt 0.090664 0.069298
vt 0.090664 0.068063
vt 0.113402 0.069298
vt 0.113402 0.068063
vt 0.135643 0.069298
vt 0.135643 0.068063
vt 0.156415 0.069298
vt 0.156415 0.068063
vt 0.174811 0.069298
vt 0.174811 0.068063
vt 0.243935 0.344876
vt 0.243935 0.327978
vt 0.242701 0.327978
vt 0.242701 0.344876
vt 0.243935 0.308287
vt 0.242701 0.308287
vt 0.243935 0.286661
vt 0.242701 0.286661
vt 0.243935 0.264048
vt 0.242701 0.264048
vt 0.243935 0.241434
vt 0.242701 0.241434
vt 0.243935 0.219809
vt 0.242701 0.219809
vt 0.243935 0.200117
vt 0.242701 0.200117
vt 0.243935 0.183220
vt 0.242701 0.183220
vt 0.024404 0.079382
vt 0.042800 0.079382
vt 0.042800 0.080617
vt 0.024404 0.080617
vt 0.063572 0.079382
vt 0.063572 0.080617
vt 0.085813 0.079382
vt 0.085813 0.080617
vt 0.108551 0.079382
vt 0.108551 0.080617
vt 0.130792 0.079382
vt 0.130792 0.080617
vt 0.151564 0.079382
vt 0.151564 0.080617
vt 0.169960 0.079382
vt 0.169960 0.080617
vt 0.313401 0.352961
vt 0.313401 0.336063
vt 0.314636 0.336063
vt 0.314636 0.352961
vt 0.313401 0.316372
vt 0.314636 0.316372
vt 0.313401 0.294747
vt 0.314636 0.294747
vt 0.313401 0.272133
vt 0.314636 0.272133
vt 0.299334 0.249422
vt 0.299334 0.227703
vt 0.312261 0.230649
vt 0.312261 0.250927
vt 0.299334 0.207927
vt 0.312261 0.212183
vt 0.299334 0.190956
vt 0.312261 0.196338
vt 0.021170 0.116565
vt 0.039645 0.116565
vt 0.043265 0.103638
vt 0.026015 0.103638
vt 0.060507 0.116565
vt 0.062744 0.103638
vt 0.082843 0.116565
vt 0.083601 0.103638
vt 0.105680 0.116565
vt 0.104923 0.103638
vt 0.128017 0.116565
vt 0.125780 0.103638
vt 0.148879 0.116565
vt 0.145259 0.103638
vt 0.167354 0.116565
vt 0.162509 0.103638
vt 0.258002 0.345225
vt 0.258002 0.328254
vt 0.245075 0.323998
vt 0.245075 0.339843
vt 0.258002 0.308477
vt 0.245075 0.305532
vt 0.258002 0.286759
vt 0.245075 0.285253
vt 0.258002 0.264048
vt 0.245075 0.264048
vt 0.258002 0.241337
vt 0.245075 0.242842
vt 0.258002 0.219618
vt 0.245075 0.222564
vt 0.258002 0.199842
vt 0.245075 0.204098
vt 0.258002 0.182871
vt 0.245075 0.188253
vt 0.005000 0.245973
vt 0.023475 0.245973
vt 0.027096 0.258900
vt 0.009845 0.258900
vt 0.044337 0.245973
vt 0.046574 0.258900
vt 0.066673 0.245973
vt 0.067431 0.258900
vt 0.089510 0.245973
vt 0.088753 0.258900
vt 0.111847 0.245973
vt 0.109609 0.258900
vt 0.132709 0.245973
vt 0.129089 0.258900
vt 0.151184 0.245973
vt 0.146338 0.258900
vt 0.299334 0.353310
vt 0.299334 0.336339
vt 0.312261 0.332083
vt 0.312261 0.347928
vt 0.299334 0.316563
vt 0.312261 0.313617
vt 0.299334 0.294844
vt 0.312261 0.293338
vt 0.299334 0.272133
vt 0.312261 0.272133
vt 0.281509 0.249624
vt 0.281509 0.228100
vt 0.281509 0.208499
vt 0.281509 0.191680
vt 0.021822 0.134390
vt 0.040132 0.134390
vt 0.060807 0.134390
vt 0.082946 0.134390
vt 0.105579 0.134390
vt 0.127716 0.134390
vt 0.148392 0.134390
vt 0.166702 0.134390
vt 0.275828 0.344501
vt 0.275828 0.327682
vt 0.275828 0.308081
vt 0.275828 0.286556
vt 0.275828 0.264048
vt 0.275828 0.241539
vt 0.275828 0.220015
vt 0.275828 0.200414
vt 0.275828 0.183595
vt 0.005652 0.228147
vt 0.023962 0.228147
vt 0.044637 0.228147
vt 0.066776 0.228147
vt 0.089408 0.228147
vt 0.111546 0.228147
vt 0.132222 0.228147
vt 0.150532 0.228147
vt 0.281509 0.352586
vt 0.281509 0.335767
vt 0.281509 0.316166
vt 0.281509 0.294641
vt 0.281509 0.272133
vt 0.622210 0.139623
vt 0.642488 0.146212
vt 0.644081 0.142634
vt 0.623023 0.135792
vt 0.660954 0.156873
vt 0.663256 0.153704
vt 0.676799 0.171140
vt 0.679710 0.168520
vt 0.689332 0.188390
vt 0.692724 0.186432
vt 0.698005 0.207869
vt 0.701730 0.206659
vt 0.101585 0.061033
vt 0.080729 0.061033
vt 0.081139 0.056744
vt 0.102795 0.056744
vt 0.059407 0.061033
vt 0.058998 0.056744
vt 0.038551 0.061033
vt 0.037340 0.056744
vt 0.698005 0.270904
vt 0.689332 0.290383
vt 0.692724 0.292341
vt 0.701730 0.272114
vt 0.676799 0.307633
vt 0.679710 0.310254
vt 0.660954 0.321900
vt 0.663256 0.325069
vt 0.642488 0.332562
vt 0.644081 0.336139
vt 0.622210 0.339151
vt 0.623023 0.342981
vt 0.056182 0.141643
vt 0.056182 0.162849
vt 0.051893 0.162849
vt 0.051893 0.140829
vt 0.056182 0.184054
vt 0.051893 0.184868
vt 0.579799 0.339151
vt 0.559520 0.332562
vt 0.557927 0.336139
vt 0.578984 0.342981
vt 0.541054 0.321900
vt 0.538752 0.325069
vt 0.525208 0.307633
vt 0.522298 0.310254
vt 0.512675 0.290383
vt 0.509284 0.292341
vt 0.504003 0.270904
vt 0.500279 0.272114
vt 0.111288 0.045425
vt 0.090431 0.045425
vt 0.090841 0.049714
vt 0.112497 0.049714
vt 0.069109 0.045425
vt 0.068700 0.049714
vt 0.048253 0.045425
vt 0.047042 0.049714
vt 0.504003 0.207869
vt 0.512675 0.188390
vt 0.509284 0.186432
vt 0.500279 0.206659
vt 0.525208 0.171140
vt 0.522298 0.168520
vt 0.541054 0.156873
vt 0.538752 0.153704
vt 0.559520 0.146212
vt 0.557927 0.142634
vt 0.579799 0.139623
vt 0.578984 0.135792
vt 0.005000 0.013899
vt 0.005000 0.035105
vt 0.009288 0.035105
vt 0.009288 0.013085
vt 0.005000 0.056310
vt 0.009288 0.057125
vt 0.399330 0.210412
vt 0.379052 0.203823
vt 0.380446 0.200690
vt 0.400043 0.207057
vt 0.360586 0.193162
vt 0.362602 0.190387
vt 0.344740 0.178895
vt 0.347289 0.176600
vt 0.332207 0.161645
vt 0.335178 0.159930
vt 0.323534 0.142166
vt 0.326797 0.141106
vt 0.319102 0.121309
vt 0.322512 0.120951
vt 0.319102 0.099987
vt 0.322512 0.100345
vt 0.323534 0.079131
vt 0.326797 0.080190
vt 0.332207 0.059652
vt 0.335178 0.061367
vt 0.344740 0.042402
vt 0.347289 0.044697
vt 0.360586 0.028134
vt 0.362602 0.030909
vt 0.379052 0.017473
vt 0.380446 0.020606
vt 0.399330 0.010884
vt 0.400043 0.014239
vt 0.420536 0.008655
vt 0.420536 0.012085
vt 0.441741 0.010884
vt 0.441027 0.014239
vt 0.462019 0.017473
vt 0.460624 0.020606
vt 0.480485 0.028134
vt 0.478469 0.030909
vt 0.496331 0.042402
vt 0.493781 0.044697
vt 0.508864 0.059652
vt 0.505893 0.061367
vt 0.517536 0.079131
vt 0.514274 0.080190
vt 0.521969 0.099987
vt 0.518559 0.100345
vt 0.521969 0.121309
vt 0.518559 0.120951
vt 0.517536 0.142166
vt 0.514274 0.141106
vt 0.508864 0.161644
vt 0.505893 0.159930
vt 0.496331 0.178895
vt 0.493781 0.176600
vt 0.480485 0.193162
vt 0.478469 0.190387
vt 0.462019 0.203823
vt 0.460624 0.200690
vt 0.441741 0.210412
vt 0.441027 0.207057
vt 0.420536 0.212641
vt 0.420536 0.209211
vt 0.517592 0.448013
vt 0.517592 0.467610
vt 0.775791 0.467610
vt 0.775791 0.448013
vt 0.517592 0.485455
vt 0.775791 0.485455
vt 0.517592 0.500767
vt 0.775791 0.500767
vt 0.353582 0.648047
vt 0.336912 0.648047
vt 0.336912 0.389848
vt 0.353582 0.389848
vt 0.318089 0.648047
vt 0.318089 0.389848
vt 0.297933 0.648047
vt 0.297933 0.389848
vt 0.277328 0.648047
vt 0.277328 0.389848
vt 0.257174 0.648047
vt 0.257174 0.389848
vt 0.238349 0.648047
vt 0.238349 0.389848
vt 0.221679 0.648047
vt 0.221679 0.389848
vt 0.775791 0.507890
vt 0.775791 0.523203
vt 0.517592 0.523203
vt 0.517592 0.507890
vt 0.775791 0.541048
vt 0.517592 0.541048
vt 0.775791 0.560644
vt 0.517592 0.560644
vt 0.775791 0.581137
vt 0.517592 0.581137
vt 0.775791 0.601629
vt 0.517592 0.601629
vt 0.775791 0.621226
vt 0.517592 0.621226
vt 0.775791 0.639071
vt 0.517592 0.639071
vt 0.775791 0.654383
vt 0.517592 0.654383
vt 0.510432 0.312232
vt 0.493762 0.312232
vt 0.493762 0.570431
vt 0.510432 0.570431
vt 0.474939 0.312232
vt 0.474939 0.570431
vt 0.454783 0.312232
vt 0.454783 0.570431
vt 0.434178 0.312232
vt 0.434178 0.570431
vt 0.414024 0.312232
vt 0.414024 0.570431
vt 0.395199 0.312232
vt 0.395199 0.570431
vt 0.378529 0.312232
vt 0.378529 0.570431
vt 0.517592 0.354274
vt 0.517592 0.369587
vt 0.775791 0.369587
vt 0.775791 0.354274
vt 0.517592 0.387432
vt 0.775791 0.387432
vt 0.517592 0.407028
vt 0.775791 0.407028
vt 0.517592 0.427521
vt 0.775791 0.427521
vt 0.110069 0.325589
vt 0.131275 0.327818
vt 0.110069 0.323744
vt 0.398946 0.212218
vt 0.088864 0.327818
vt 0.088480 0.326013
vt 0.420536 0.214487
vt 0.068585 0.334407
vt 0.067835 0.332721
vt 0.442125 0.212217
vt 0.050120 0.345068
vt 0.049035 0.343575
vt 0.462770 0.205509
vt 0.034274 0.359336
vt 0.032903 0.358101
vt 0.481570 0.194655
vt 0.021741 0.376586
vt 0.020143 0.375663
vt 0.497702 0.180130
vt 0.013068 0.396065
vt 0.011313 0.395494
vt 0.510462 0.162567
vt 0.008636 0.416921
vt 0.006800 0.416728
vt 0.519291 0.142736
vt 0.008636 0.438243
vt 0.006800 0.438436
vt 0.523805 0.121502
vt 0.013068 0.459100
vt 0.011313 0.459670
vt 0.523805 0.099794
vt 0.021741 0.478578
vt 0.020143 0.479501
vt 0.519291 0.078560
vt 0.034274 0.495829
vt 0.032903 0.497064
vt 0.510462 0.058729
vt 0.050120 0.510096
vt 0.049035 0.511589
vt 0.497702 0.041166
vt 0.068585 0.520757
vt 0.067835 0.522443
vt 0.481570 0.026641
vt 0.088864 0.527346
vt 0.088480 0.529152
vt 0.462770 0.015787
vt 0.110069 0.529575
vt 0.110069 0.531421
vt 0.442125 0.009079
vt 0.131275 0.527346
vt 0.131658 0.529152
vt 0.420536 0.006810
vt 0.151553 0.520757
vt 0.152304 0.522443
vt 0.398946 0.009079
vt 0.170019 0.510096
vt 0.171104 0.511589
vt 0.378301 0.015787
vt 0.185865 0.495829
vt 0.187236 0.497064
vt 0.359501 0.026641
vt 0.198397 0.478578
vt 0.199996 0.479501
vt 0.343369 0.041166
vt 0.207070 0.459100
vt 0.208825 0.459670
vt 0.330609 0.058729
vt 0.211503 0.438243
vt 0.213339 0.438436
vt 0.321779 0.078560
vt 0.211503 0.416921
vt 0.213339 0.416728
vt 0.317266 0.099794
vt 0.207070 0.396065
vt 0.208825 0.395494
vt 0.317266 0.121502
vt 0.198397 0.376586
vt 0.199996 0.375663
vt 0.321779 0.142736
vt 0.185865 0.359336
vt 0.187236 0.358100
vt 0.330609 0.162567
vt 0.170019 0.345068
vt 0.171104 0.343575
vt 0.343369 0.180130
vt 0.151553 0.334407
vt 0.152304 0.332721
vt 0.359501 0.194655
vt 0.131658 0.326012
vt 0.378301 0.205509
vt 0.110069 0.321934
vt 0.398570 0.213988
vt 0.088104 0.324243
vt 0.420536 0.216296
vt 0.067098 0.331068
vt 0.442501 0.213987
vt 0.047971 0.342111
vt 0.463506 0.207162
vt 0.031558 0.356890
vt 0.482634 0.196119
vt 0.018575 0.374758
vt 0.499047 0.181340
vt 0.009592 0.394935
vt 0.512029 0.163472
vt 0.005000 0.416539
vt 0.521013 0.143295
vt 0.005000 0.438625
vt 0.525605 0.121691
vt 0.009592 0.460229
vt 0.525605 0.099605
vt 0.018575 0.480406
vt 0.521013 0.078001
vt 0.031558 0.498274
vt 0.512029 0.057824
vt 0.047971 0.513053
vt 0.499047 0.039956
vt 0.067098 0.524096
vt 0.482634 0.025177
vt 0.088104 0.530921
vt 0.463506 0.014134
vt 0.110069 0.533230
vt 0.442501 0.007309
vt 0.132035 0.530921
vt 0.420536 0.005000
vt 0.153040 0.524096
vt 0.398570 0.007309
vt 0.172168 0.513053
vt 0.377564 0.014134
vt 0.188581 0.498274
vt 0.358437 0.025177
vt 0.201563 0.480406
vt 0.342024 0.039956
vt 0.210547 0.460229
vt 0.329041 0.057824
vt 0.215139 0.438625
vt 0.320058 0.078001
vt 0.215139 0.416539
vt 0.315466 0.099605
vt 0.210547 0.394935
vt 0.315466 0.121691
vt 0.201563 0.374758
vt 0.320058 0.143295
vt 0.188581 0.356890
vt 0.329041 0.163472
vt 0.172167 0.342111
vt 0.342024 0.181340
vt 0.153040 0.331068
vt 0.358437 0.196119
vt 0.132035 0.324243
vt 0.377564 0.207162
vt 0.232998 0.266725
vt 0.232998 0.244170
vt 0.234486 0.244170
vt 0.234486 0.266725
vt 0.232998 0.289280
vt 0.234486 0.289280
vt 0.232998 0.310849
vt 0.234486 0.310849
vt 0.232998 0.330490
vt 0.234486 0.330490
vt 0.232998 0.347344
vt 0.234486 0.347344
vt 0.146386 0.095553
vt 0.164733 0.095553
vt 0.164733 0.097040
vt 0.146386 0.097040
vt 0.125667 0.095553
vt 0.125667 0.097040
vt 0.103483 0.095553
vt 0.103483 0.097040
vt 0.080803 0.095553
vt 0.080803 0.097040
vt 0.058619 0.095553
vt 0.058619 0.097040
vt 0.037901 0.095553
vt 0.037901 0.097040
vt 0.019553 0.095553
vt 0.019553 0.097040
vt 0.224784 0.209427
vt 0.224784 0.192573
vt 0.223296 0.192573
vt 0.223296 0.209427
vt 0.224784 0.229068
vt 0.223296 0.229068
vt 0.224784 0.250638
vt 0.223296 0.250638
vt 0.224784 0.273193
vt 0.223296 0.273193
vt 0.224784 0.295748
vt 0.223296 0.295748
vt 0.224784 0.317317
vt 0.223296 0.317317
vt 0.224784 0.336958
vt 0.223296 0.336958
vt 0.224784 0.353812
vt 0.223296 0.353812
vt 0.148003 0.088955
vt 0.166350 0.088955
vt 0.166350 0.087468
vt 0.148003 0.087468
vt 0.127284 0.088955
vt 0.127284 0.087468
vt 0.105100 0.088955
vt 0.105100 0.087468
vt 0.082420 0.088955
vt 0.082420 0.087468
vt 0.060236 0.088955
vt 0.060236 0.087468
vt 0.039518 0.088955
vt 0.039518 0.087468
vt 0.021170 0.088955
vt 0.021170 0.087468
vt 0.232998 0.202959
vt 0.232998 0.186105
vt 0.234486 0.186105
vt 0.234486 0.202959
vt 0.232998 0.222600
vt 0.234486 0.222600
vt 0.112891 0.221969
vt 0.090335 0.219598
vt 0.091684 0.213248
vt 0.112891 0.215477
vt 0.135445 0.219598
vt 0.134096 0.213248
vt 0.157014 0.212590
vt 0.154373 0.206659
vt 0.176655 0.201250
vt 0.172840 0.195998
vt 0.193509 0.186074
vt 0.188686 0.181731
vt 0.206841 0.167726
vt 0.201218 0.164481
vt 0.216064 0.147008
vt 0.209891 0.145002
vt 0.220780 0.124824
vt 0.214324 0.124145
vt 0.220780 0.102145
vt 0.214324 0.102823
vt 0.216064 0.079961
vt 0.209891 0.081967
vt 0.206841 0.059242
vt 0.201218 0.062488
vt 0.193509 0.040894
vt 0.188686 0.045238
vt 0.176655 0.025719
vt 0.172840 0.030970
vt 0.157014 0.014379
vt 0.154373 0.020309
vt 0.135445 0.007371
vt 0.134096 0.013720
vt 0.112891 0.005000
vt 0.112891 0.011492
vt 0.090335 0.007371
vt 0.091684 0.013720
vt 0.068766 0.014379
vt 0.071407 0.020309
vt 0.049125 0.025719
vt 0.052940 0.030970
vt 0.032271 0.040894
vt 0.037094 0.045238
vt 0.018939 0.059242
vt 0.024562 0.062488
vt 0.009716 0.079961
vt 0.015889 0.081967
vt 0.005000 0.102145
vt 0.011456 0.102823
vt 0.005000 0.124824
vt 0.011456 0.124146
vt 0.009716 0.147008
vt 0.015889 0.145002
vt 0.018939 0.167726
vt 0.024562 0.164481
vt 0.032271 0.186075
vt 0.037094 0.181731
vt 0.049125 0.201250
vt 0.052940 0.195998
vt 0.068766 0.212590
vt 0.071407 0.206659
vt 0.270019 0.382614
vt 0.247406 0.380237
vt 0.248814 0.373613
vt 0.270019 0.375842
vt 0.292633 0.380237
vt 0.291224 0.373613
vt 0.314258 0.373211
vt 0.311503 0.367024
vt 0.333950 0.361842
vt 0.329970 0.356363
vt 0.350848 0.346627
vt 0.345814 0.342096
vt 0.364212 0.328232
vt 0.358348 0.324845
vt 0.373461 0.307459
vt 0.367021 0.305367
vt 0.378189 0.285218
vt 0.371454 0.284510
vt 0.378189 0.262480
vt 0.371454 0.263188
vt 0.373461 0.240239
vt 0.367021 0.242332
vt 0.364212 0.219467
vt 0.358348 0.222853
vt 0.350848 0.201071
vt 0.345814 0.205603
vt 0.333950 0.185856
vt 0.329970 0.191335
vt 0.314258 0.174487
vt 0.311503 0.180674
vt 0.292633 0.167461
vt 0.291224 0.174085
vt 0.270019 0.165084
vt 0.270019 0.171856
vt 0.247406 0.167461
vt 0.248814 0.174085
vt 0.225780 0.174487
vt 0.228535 0.180674
vt 0.206089 0.185856
vt 0.210070 0.191335
vt 0.189191 0.201071
vt 0.194223 0.205603
vt 0.175826 0.219467
vt 0.181691 0.222853
vt 0.166577 0.240239
vt 0.173018 0.242332
vt 0.161850 0.262480
vt 0.168585 0.263188
vt 0.161850 0.285218
vt 0.168585 0.284510
vt 0.166577 0.307459
vt 0.173018 0.305367
vt 0.175826 0.328232
vt 0.181691 0.324845
vt 0.189191 0.346627
vt 0.194223 0.342096
vt 0.206089 0.361842
vt 0.210070 0.356363
vt 0.225780 0.373211
vt 0.228535 0.367024
vt 0.782782 0.381763
vt 0.803061 0.395024
vt 0.805816 0.388837
vt 0.784189 0.381811
vt 0.821526 0.405685
vt 0.825507 0.400206
vt 0.837372 0.419952
vt 0.842404 0.415421
vt 0.849904 0.437202
vt 0.855770 0.433816
vt 0.858577 0.456681
vt 0.865019 0.454589
vt 0.863010 0.477538
vt 0.869745 0.476830
vt 0.863010 0.498860
vt 0.869745 0.499568
vt 0.858577 0.519716
vt 0.865019 0.521809
vt 0.849904 0.539195
vt 0.855770 0.542581
vt 0.837372 0.556445
vt 0.842404 0.560977
vt 0.821526 0.570713
vt 0.825507 0.576192
vt 0.803061 0.581374
vt 0.805816 0.587561
vt 0.782782 0.594768
vt 0.784189 0.594587
vt 0.868129 0.788809
vt 0.847849 0.775415
vt 0.845095 0.781602
vt 0.866721 0.788628
vt 0.829385 0.764754
vt 0.825404 0.770233
vt 0.813538 0.750487
vt 0.808506 0.755018
vt 0.801006 0.733236
vt 0.795141 0.736623
vt 0.792333 0.713758
vt 0.785892 0.715850
vt 0.787900 0.692901
vt 0.781165 0.693609
vt 0.787900 0.671579
vt 0.781165 0.670871
vt 0.792333 0.650723
vt 0.785892 0.648630
vt 0.801006 0.631244
vt 0.795141 0.627858
vt 0.813538 0.613994
vt 0.808506 0.609462
vt 0.829385 0.599726
vt 0.825404 0.594247
vt 0.847849 0.589065
vt 0.845095 0.582878
vt 0.868129 0.575805
vt 0.866721 0.575852
vt 0.995000 0.257608
vt 0.995000 0.277886
vt 0.995000 0.239142
vt 0.995000 0.223296
vt 0.730501 0.005000
vt 0.713251 0.005000
vt 0.749980 0.005000
vt 0.770836 0.005000
vt 0.792158 0.005000
vt 0.813015 0.005000
vt 0.832493 0.005000
vt 0.849743 0.005000
vt 0.764995 0.931463
vt 0.764995 0.947309
vt 0.764995 0.912998
vt 0.764995 0.892719
vt 0.764995 0.871513
vt 0.764995 0.850308
vt 0.764995 0.830029
vt 0.764995 0.811564
vt 0.764995 0.795718
vt 0.235696 0.946490
vt 0.218445 0.946490
vt 0.255174 0.946490
vt 0.276031 0.946490
vt 0.297353 0.946490
vt 0.318209 0.946490
vt 0.337688 0.946490
vt 0.354938 0.946490
vt 0.995000 0.359042
vt 0.995000 0.374887
vt 0.995000 0.340576
vt 0.995000 0.320297
vt 0.995000 0.299092
vt 0.601004 0.133478
vt 0.623513 0.133492
vt 0.601004 0.131127
vt 0.578496 0.133492
vt 0.556971 0.140486
vt 0.537370 0.151803
vt 0.520551 0.166947
vt 0.507248 0.185257
vt 0.498042 0.205932
vt 0.495675 0.228316
vt 0.493337 0.228070
vt 0.495675 0.250457
vt 0.493337 0.250703
vt 0.498042 0.272841
vt 0.507248 0.293517
vt 0.520551 0.311827
vt 0.537370 0.326971
vt 0.556971 0.338287
vt 0.578496 0.345281
vt 0.601004 0.345296
vt 0.601004 0.347647
vt 0.623513 0.345281
vt 0.645038 0.338287
vt 0.664637 0.326971
vt 0.681457 0.311827
vt 0.694760 0.293517
vt 0.703965 0.272841
vt 0.706333 0.250457
vt 0.708671 0.250703
vt 0.706333 0.228316
vt 0.708671 0.228070
vt 0.703965 0.205932
vt 0.694760 0.185257
vt 0.681457 0.166947
vt 0.664637 0.151802
vt 0.645038 0.140486
vt 0.782782 0.278099
vt 0.782782 0.258024
vt 0.782782 0.239743
vt 0.782782 0.224057
vt 0.713935 0.217218
vt 0.731012 0.217218
vt 0.750296 0.217218
vt 0.770943 0.217218
vt 0.792051 0.217218
vt 0.812698 0.217218
vt 0.831982 0.217218
vt 0.849059 0.217218
vt 0.977213 0.946548
vt 0.977213 0.930862
vt 0.977213 0.912581
vt 0.977213 0.892506
vt 0.977213 0.871513
vt 0.977213 0.850521
vt 0.977213 0.830445
vt 0.977213 0.812165
vt 0.977213 0.796478
vt 0.219130 0.734272
vt 0.236207 0.734272
vt 0.255491 0.734272
vt 0.276138 0.734272
vt 0.297246 0.734272
vt 0.317893 0.734272
vt 0.337177 0.734272
vt 0.354254 0.734272
vt 0.782782 0.374127
vt 0.782782 0.358440
vt 0.782782 0.340160
vt 0.782782 0.320085
vt 0.782782 0.299092
vt 0.146561 0.029185
vt 0.145749 0.029185
vt 0.145700 0.028976
vt 0.146535 0.028976
vt 0.147463 0.029185
vt 0.147463 0.028976
vt 0.121555 0.056545
vt 0.121851 0.056330
vt 0.122265 0.057143
vt 0.121918 0.057256
vt 0.098984 0.140923
vt 0.098984 0.141568
vt 0.099193 0.141519
vt 0.099193 0.140856
vt 0.130116 0.026609
vt 0.129659 0.026758
vt 0.130089 0.027603
vt 0.130480 0.027320
vt 0.148364 0.029185
vt 0.148389 0.028976
vt 0.122408 0.058045
vt 0.122042 0.058045
vt 0.121918 0.057256
vt 0.129510 0.025820
vt 0.130116 0.026609
vt 0.129991 0.025820
vt 0.121206 0.055684
vt 0.120990 0.055981
vt 0.098984 0.142381
vt 0.099193 0.142356
vt 0.130761 0.028274
vt 0.131044 0.027884
vt 0.149177 0.029185
vt 0.149227 0.028976
vt 0.122265 0.058946
vt 0.121918 0.058833
vt 0.121918 0.058833
vt 0.129659 0.024883
vt 0.130116 0.025032
vt 0.130116 0.025032
vt 0.120393 0.055270
vt 0.120280 0.055618
vt 0.120280 0.055618
vt 0.098984 0.143283
vt 0.099193 0.143283
vt 0.131605 0.028705
vt 0.131754 0.028247
vt 0.131754 0.028247
vt 0.064760 0.156317
vt 0.064760 0.156962
vt 0.064551 0.157029
vt 0.064551 0.156365
vt 0.121851 0.059760
vt 0.121555 0.059544
vt 0.130480 0.024321
vt 0.130089 0.024038
vt 0.119492 0.055493
vt 0.119492 0.055127
vt 0.098984 0.144184
vt 0.099193 0.144210
vt 0.132542 0.028854
vt 0.132542 0.028372
vt 0.064760 0.155503
vt 0.064551 0.155529
vt 0.121206 0.060405
vt 0.120990 0.060109
vt 0.121555 0.059544
vt 0.130761 0.023366
vt 0.130480 0.024321
vt 0.131044 0.023756
vt 0.118702 0.055618
vt 0.118589 0.055270
vt 0.098984 0.144998
vt 0.099193 0.145046
vt 0.133480 0.028705
vt 0.133331 0.028247
vt 0.064760 0.154602
vt 0.064551 0.154602
vt 0.120393 0.060819
vt 0.120280 0.060471
vt 0.131605 0.022936
vt 0.131754 0.023394
vt 0.117776 0.055684
vt 0.118702 0.055618
vt 0.117992 0.055981
vt 0.098984 0.145643
vt 0.099193 0.145710
vt 0.134326 0.028274
vt 0.134042 0.027884
vt 0.133331 0.028247
vt 0.064760 0.153700
vt 0.064551 0.153675
vt 0.119492 0.060962
vt 0.119492 0.060596
vt 0.132542 0.023269
vt 0.132542 0.022787
vt 0.117131 0.056330
vt 0.117427 0.056545
vt 0.115220 0.184685
vt 0.114407 0.184685
vt 0.114432 0.184894
vt 0.115269 0.184894
vt 0.134998 0.027603
vt 0.134607 0.027320
vt 0.064760 0.152887
vt 0.064551 0.152838
vt 0.118589 0.060819
vt 0.118702 0.060471
vt 0.133331 0.023394
vt 0.133480 0.022936
vt 0.117064 0.057256
vt 0.116717 0.057143
vt 0.113506 0.184685
vt 0.113506 0.184894
vt 0.135428 0.026758
vt 0.134969 0.026609
vt 0.064760 0.152242
vt 0.064551 0.152175
vt 0.117776 0.060405
vt 0.117992 0.060109
vt 0.117992 0.060109
vt 0.134326 0.023366
vt 0.134042 0.023756
vt 0.134042 0.023756
vt 0.116574 0.058045
vt 0.117064 0.057256
vt 0.116941 0.058045
vt 0.112603 0.184685
vt 0.112578 0.184894
vt 0.135577 0.025820
vt 0.135094 0.025820
vt 0.134969 0.026609
vt 0.111790 0.184685
vt 0.111743 0.184894
vt 0.117131 0.059760
vt 0.117427 0.059544
vt 0.117427 0.059544
vt 0.134998 0.024038
vt 0.134607 0.024321
vt 0.134607 0.024321
vt 0.116717 0.058946
vt 0.117064 0.058833
vt 0.117064 0.058833
vt 0.135428 0.024883
vt 0.134969 0.025032
vt 0.134969 0.025032
vt 0.188051 0.093936
vt 0.188051 0.093936
vt 0.187341 0.093936
vt 0.187341 0.093936
vt 0.187341 0.132570
vt 0.187341 0.132570
vt 0.188051 0.132570
vt 0.188051 0.132570
vt 0.101847 0.181584
vt 0.101847 0.182148
vt 0.063212 0.182148
vt 0.063212 0.181584
vt 0.186553 0.093936
vt 0.186553 0.132570
vt 0.101847 0.180872
vt 0.101847 0.181584
vt 0.063212 0.181584
vt 0.063212 0.180872
vt 0.185763 0.093936
vt 0.185763 0.132570
vt 0.101847 0.180084
vt 0.101847 0.180872
vt 0.063212 0.180872
vt 0.063212 0.180084
vt 0.185763 0.093936
vt 0.185053 0.093936
vt 0.185053 0.093936
vt 0.185053 0.132570
vt 0.185053 0.132570
vt 0.185763 0.132570
vt 0.101847 0.179296
vt 0.101847 0.179296
vt 0.063212 0.179296
vt 0.063212 0.179296
vt 0.184488 0.093936
vt 0.184488 0.132570
vt 0.101847 0.178585
vt 0.101847 0.178585
vt 0.063212 0.178585
vt 0.063212 0.178585
vt 0.163467 0.005000
vt 0.163467 0.005711
vt 0.202102 0.005711
vt 0.202102 0.005000
vt 0.101847 0.178020
vt 0.063212 0.178020
vt 0.163467 0.005711
vt 0.163467 0.006500
vt 0.202102 0.006500
vt 0.202102 0.005711
vt 0.209455 0.043634
vt 0.209455 0.043634
vt 0.208743 0.043634
vt 0.208743 0.043634
vt 0.208743 0.005000
vt 0.208743 0.005000
vt 0.209455 0.005000
vt 0.209455 0.005000
vt 0.163467 0.007288
vt 0.202102 0.007288
vt 0.210243 0.043634
vt 0.210243 0.005000
vt 0.163467 0.007999
vt 0.202102 0.007999
vt 0.211031 0.043634
vt 0.211031 0.005000
vt 0.212306 0.043634
vt 0.211743 0.043634
vt 0.211743 0.005000
vt 0.212306 0.005000
vt 0.211743 0.043634
vt 0.211031 0.043634
vt 0.211031 0.005000
vt 0.211743 0.005000
vt 0.122976 0.179784
vt 0.122976 0.180429
vt 0.141638 0.180429
vt 0.141638 0.179784
vt 0.122976 0.181242
vt 0.141638 0.181242
vt 0.122976 0.182144
vt 0.141638 0.182144
vt 0.122976 0.183045
vt 0.141638 0.183045
vt 0.122976 0.183859
vt 0.141638 0.183859
vt 0.122976 0.184504
vt 0.141638 0.184504
vt 0.184790 0.059912
vt 0.183976 0.059912
vt 0.183976 0.078575
vt 0.184790 0.078575
vt 0.183076 0.059912
vt 0.183076 0.078575
vt 0.182173 0.059912
vt 0.182173 0.078575
vt 0.181361 0.059912
vt 0.181361 0.078575
vt 0.034982 0.013232
vt 0.034982 0.013877
vt 0.016319 0.013877
vt 0.016319 0.013232
vt 0.034982 0.014690
vt 0.016319 0.014690
vt 0.034982 0.015592
vt 0.016319 0.015592
vt 0.034982 0.016493
vt 0.016319 0.016493
vt 0.034982 0.017307
vt 0.016319 0.017307
vt 0.034982 0.017952
vt 0.016319 0.017952
vt 0.036025 0.159491
vt 0.035211 0.159491
vt 0.035211 0.140829
vt 0.036025 0.140829
vt 0.034311 0.159491
vt 0.034311 0.140829
vt 0.033408 0.159491
vt 0.033408 0.140829
vt 0.032596 0.159491
vt 0.032596 0.140829
vt 0.121425 0.179637
vt 0.121425 0.180323
vt 0.122763 0.180323
vt 0.122763 0.179637
vt 0.121425 0.181186
vt 0.122763 0.181186
vt 0.121425 0.182144
vt 0.122763 0.182144
vt 0.121425 0.183101
vt 0.122763 0.183101
vt 0.121425 0.183965
vt 0.122763 0.183965
vt 0.121425 0.184651
vt 0.184897 0.058361
vt 0.184033 0.058361
vt 0.184033 0.059700
vt 0.184897 0.059700
vt 0.183076 0.058361
vt 0.183076 0.059700
vt 0.182119 0.058361
vt 0.182119 0.059700
vt 0.181254 0.058361
vt 0.036533 0.013085
vt 0.036533 0.013771
vt 0.035194 0.013771
vt 0.035194 0.013085
vt 0.036533 0.014634
vt 0.035194 0.014634
vt 0.036533 0.015592
vt 0.035194 0.015592
vt 0.036533 0.016549
vt 0.035194 0.016549
vt 0.036533 0.017413
vt 0.035194 0.017413
vt 0.036533 0.018099
vt 0.036132 0.161042
vt 0.035268 0.161042
vt 0.035268 0.159703
vt 0.036132 0.159703
vt 0.034311 0.161042
vt 0.034311 0.159703
vt 0.033354 0.161042
vt 0.033354 0.159703
vt 0.032489 0.161042
vt 0.020454 0.005000
vt 0.019553 0.005000
vt 0.019553 0.005830
vt 0.020454 0.005830
vt 0.021453 0.005000
vt 0.021453 0.005830
vt 0.022451 0.005000
vt 0.022451 0.005830
vt 0.023354 0.005000
vt 0.023354 0.005830
vt 0.024068 0.005000
vt 0.024068 0.005830
vt 0.016319 0.027303
vt 0.016319 0.028204
vt 0.017149 0.028204
vt 0.017149 0.027303
vt 0.016319 0.026304
vt 0.017149 0.026304
vt 0.016319 0.025305
vt 0.017149 0.025305
vt 0.016319 0.024404
vt 0.017149 0.024404
vt 0.025120 0.025234
vt 0.024404 0.025234
vt 0.024404 0.024404
vt 0.025120 0.024404
vt 0.026020 0.025234
vt 0.026020 0.024404
vt 0.027019 0.025234
vt 0.027019 0.024404
vt 0.028018 0.025234
vt 0.028018 0.024404
vt 0.028919 0.025234
vt 0.028919 0.024404
vt 0.023617 0.037005
vt 0.023617 0.037720
vt 0.022787 0.037720
vt 0.022787 0.037005
vt 0.023617 0.036103
vt 0.022787 0.036103
vt 0.023617 0.035104
vt 0.022787 0.035104
vt 0.023617 0.034106
vt 0.022787 0.034106
vt 0.023617 0.033204
vt 0.022787 0.033204
vt 0.023617 0.032489
vt 0.022787 0.032489
vt 0.112603 0.168318
vt 0.111790 0.168318
vt 0.113506 0.168318
vt 0.114407 0.168318
vt 0.115220 0.168318
vt 0.082617 0.144998
vt 0.082617 0.145643
vt 0.082617 0.144184
vt 0.082617 0.143283
vt 0.082617 0.142381
vt 0.082617 0.141568
vt 0.082617 0.140923
vt 0.146561 0.045553
vt 0.145749 0.045553
vt 0.147463 0.045553
vt 0.148364 0.045553
vt 0.149177 0.045553
vt 0.081127 0.156317
vt 0.081127 0.156962
vt 0.081127 0.155503
vt 0.081127 0.154602
vt 0.081127 0.153700
vt 0.081127 0.152887
vt 0.081127 0.152242
vt 0.146526 0.027638
vt 0.147463 0.027638
vt 0.148400 0.027638
vt 0.149246 0.027638
vt 0.063212 0.157056
vt 0.063212 0.156385
vt 0.063212 0.155539
vt 0.063212 0.154602
vt 0.063212 0.153665
vt 0.063212 0.152819
vt 0.063212 0.152148
vt 0.111723 0.186232
vt 0.112569 0.186232
vt 0.113506 0.186232
vt 0.114443 0.186232
vt 0.115289 0.186232
vt 0.100531 0.145737
vt 0.100531 0.145066
vt 0.100531 0.144220
vt 0.100531 0.143283
vt 0.100531 0.142346
vt 0.100531 0.141500
vt 0.100531 0.140829
vt 0.145680 0.027638
vt 0.044266 0.009134
vt 0.044680 0.009947
vt 0.043966 0.009232
vt 0.120550 0.021071
vt 0.120964 0.021884
vt 0.120804 0.020886
vt 0.044124 0.008233
vt 0.043808 0.008233
vt 0.121107 0.022786
vt 0.121264 0.021787
vt 0.044266 0.007331
vt 0.043966 0.007234
vt 0.120964 0.023687
vt 0.121422 0.022786
vt 0.044680 0.006518
vt 0.044426 0.006333
vt 0.120550 0.024500
vt 0.121264 0.023785
vt 0.045326 0.005872
vt 0.045141 0.005617
vt 0.119903 0.025146
vt 0.120804 0.024686
vt 0.046140 0.005458
vt 0.046042 0.005158
vt 0.119092 0.025560
vt 0.120089 0.025401
vt 0.047041 0.005315
vt 0.047041 0.005000
vt 0.118189 0.025703
vt 0.119188 0.025860
vt 0.047943 0.005458
vt 0.048039 0.005158
vt 0.117288 0.025560
vt 0.118189 0.026018
vt 0.048755 0.005872
vt 0.048940 0.005617
vt 0.116475 0.025146
vt 0.117190 0.025860
vt 0.049401 0.006518
vt 0.049656 0.006333
vt 0.115828 0.024500
vt 0.116290 0.025401
vt 0.049816 0.007331
vt 0.050115 0.007234
vt 0.115414 0.023687
vt 0.115574 0.024686
vt 0.049959 0.008233
vt 0.050273 0.008233
vt 0.115273 0.022786
vt 0.115115 0.023785
vt 0.049816 0.009134
vt 0.050115 0.009232
vt 0.115414 0.021884
vt 0.114957 0.022786
vt 0.049401 0.009947
vt 0.049656 0.010133
vt 0.115828 0.021071
vt 0.115115 0.021787
vt 0.048755 0.010593
vt 0.048940 0.010848
vt 0.116475 0.020425
vt 0.115574 0.020886
vt 0.047943 0.011007
vt 0.048039 0.011307
vt 0.117288 0.020011
vt 0.116290 0.020170
vt 0.047041 0.011150
vt 0.047041 0.011465
vt 0.118189 0.019868
vt 0.117190 0.019711
vt 0.046140 0.011007
vt 0.046042 0.011307
vt 0.119092 0.020011
vt 0.118189 0.019553
vt 0.045326 0.010593
vt 0.045141 0.010848
vt 0.119903 0.020425
vt 0.119188 0.019711
vt 0.044426 0.010133
vt 0.120089 0.020170
vt 0.016319 0.038973
vt 0.016319 0.038328
vt 0.016597 0.039120
vt 0.016319 0.037515
vt 0.016597 0.038434
vt 0.016319 0.036613
vt 0.016597 0.037570
vt 0.016319 0.035711
vt 0.016597 0.036613
vt 0.016319 0.034898
vt 0.016597 0.035655
vt 0.016319 0.034253
vt 0.016597 0.034106
vt 0.016597 0.034792
vt 0.122763 0.184651
vt 0.032596 0.005000
vt 0.033408 0.005000
vt 0.032489 0.005279
vt 0.034311 0.005000
vt 0.033354 0.005279
vt 0.035211 0.005000
vt 0.034311 0.005279
vt 0.036025 0.005000
vt 0.036132 0.005279
vt 0.035268 0.005279
vt 0.181254 0.059700
vt 0.058639 0.009867
vt 0.058639 0.009222
vt 0.058361 0.010014
vt 0.058639 0.008408
vt 0.058361 0.009328
vt 0.058639 0.007507
vt 0.058361 0.008464
vt 0.058639 0.006605
vt 0.058361 0.007507
vt 0.058639 0.005792
vt 0.058361 0.006549
vt 0.058639 0.005147
vt 0.058361 0.005000
vt 0.058361 0.005686
vt 0.035194 0.018099
vt 0.035830 0.024683
vt 0.036642 0.024683
vt 0.035723 0.024404
vt 0.037545 0.024683
vt 0.036588 0.024404
vt 0.038445 0.024683
vt 0.037545 0.024404
vt 0.039259 0.024683
vt 0.039366 0.024404
vt 0.038502 0.024404
vt 0.032489 0.159703
vt 0.443013 0.246595
vt 0.445331 0.246658
vt 0.445354 0.245512
vt 0.443053 0.245433
vt 0.439770 0.064122
vt 0.440425 0.062585
vt 0.439052 0.062746
vt 0.438388 0.064285
vt 0.427428 0.110614
vt 0.427663 0.108670
vt 0.426057 0.108722
vt 0.425848 0.110584
vt 0.175176 0.105655
vt 0.175159 0.107364
vt 0.176814 0.107312
vt 0.176843 0.105646
vt 0.174716 0.094218
vt 0.174767 0.095845
vt 0.176431 0.096029
vt 0.176349 0.094525
vt 0.175641 0.089441
vt 0.175027 0.090968
vt 0.176498 0.091671
vt 0.176930 0.090420
vt 0.471356 0.109618
vt 0.469653 0.109682
vt 0.469903 0.107671
vt 0.471708 0.107592
vt 0.064829 0.032506
vt 0.066887 0.032489
vt 0.066901 0.034407
vt 0.064858 0.034622
vt 0.180130 0.087592
vt 0.180075 0.085851
vt 0.177960 0.086331
vt 0.178408 0.087906
vt 0.066950 0.037629
vt 0.064924 0.038163
vt 0.174418 0.088431
vt 0.173638 0.090237
vt 0.180181 0.089346
vt 0.178902 0.089479
vt 0.155447 0.194612
vt 0.155382 0.192455
vt 0.156782 0.192267
vt 0.157365 0.194210
vt 0.005038 0.066867
vt 0.007097 0.066890
vt 0.007088 0.065611
vt 0.005036 0.065466
vt 0.159526 0.189766
vt 0.161291 0.190651
vt 0.160587 0.192354
vt 0.159036 0.191127
vt 0.007041 0.063640
vt 0.005000 0.063212
vt 0.391508 0.121735
vt 0.391209 0.119704
vt 0.389848 0.119758
vt 0.390257 0.121800
vt 0.464357 0.109810
vt 0.464448 0.107839
vt 0.466229 0.107814
vt 0.466111 0.109798
vt 0.467880 0.109740
vt 0.468054 0.107743
vt 0.174767 0.092580
vt 0.173276 0.092085
vt 0.173169 0.093911
vt 0.173185 0.095692
vt 0.176342 0.093062
vt 0.159717 0.188275
vt 0.161609 0.188878
vt 0.392899 0.121674
vt 0.392700 0.119652
vt 0.159668 0.185148
vt 0.161671 0.185356
vt 0.161696 0.187110
vt 0.159733 0.186731
vt 0.394361 0.121609
vt 0.394245 0.119597
vt 0.395867 0.121591
vt 0.395827 0.119590
vt 0.174936 0.099069
vt 0.175027 0.100688
vt 0.176719 0.100725
vt 0.176627 0.099128
vt 0.459280 0.109596
vt 0.459369 0.107667
vt 0.461032 0.107763
vt 0.460950 0.109706
vt 0.462641 0.109779
vt 0.462723 0.107821
vt 0.174845 0.097457
vt 0.173244 0.097418
vt 0.173323 0.099107
vt 0.173412 0.100771
vt 0.176527 0.097562
vt 0.159579 0.183551
vt 0.161605 0.183640
vt 0.397397 0.121614
vt 0.397425 0.119624
vt 0.159393 0.180308
vt 0.161435 0.180279
vt 0.161524 0.181949
vt 0.159484 0.181936
vt 0.398965 0.121677
vt 0.399039 0.119699
vt 0.400561 0.121775
vt 0.400668 0.119811
vt 0.452764 0.108902
vt 0.452737 0.107038
vt 0.454411 0.107209
vt 0.454375 0.109092
vt 0.457718 0.107538
vt 0.457631 0.109453
vt 0.455996 0.109283
vt 0.456071 0.107384
vt 0.175105 0.102321
vt 0.173496 0.102421
vt 0.175158 0.103975
vt 0.173556 0.104069
vt 0.173581 0.105728
vt 0.173574 0.107403
vt 0.176837 0.103990
vt 0.176792 0.102348
vt 0.159272 0.177045
vt 0.161297 0.176996
vt 0.161353 0.178629
vt 0.159319 0.178675
vt 0.402184 0.121905
vt 0.402301 0.119955
vt 0.403826 0.122060
vt 0.403930 0.120126
vt 0.159292 0.173819
vt 0.161293 0.173763
vt 0.161277 0.175374
vt 0.159265 0.175425
vt 0.405482 0.122235
vt 0.405551 0.120317
vt 0.407149 0.122408
vt 0.407157 0.120508
vt 0.175510 0.119512
vt 0.175822 0.121205
vt 0.177431 0.120335
vt 0.177161 0.118792
vt 0.175112 0.110853
vt 0.175123 0.112627
vt 0.176728 0.112342
vt 0.176737 0.110664
vt 0.447988 0.108709
vt 0.446408 0.106894
vt 0.449344 0.106872
vt 0.449570 0.108670
vt 0.451162 0.108749
vt 0.451048 0.106912
vt 0.175130 0.109096
vt 0.173552 0.109092
vt 0.173540 0.110796
vt 0.173329 0.113732
vt 0.176772 0.108985
vt 0.159335 0.172227
vt 0.161322 0.172161
vt 0.408822 0.122539
vt 0.408747 0.120664
vt 0.159392 0.169090
vt 0.161351 0.168987
vt 0.161349 0.170568
vt 0.159375 0.170649
vt 0.410500 0.122588
vt 0.410325 0.120748
vt 0.412180 0.122511
vt 0.411885 0.120720
vt 0.440502 0.110983
vt 0.439364 0.109580
vt 0.440982 0.108554
vt 0.441923 0.110115
vt 0.444545 0.107197
vt 0.445104 0.109014
vt 0.443466 0.109452
vt 0.442723 0.107751
vt 0.175112 0.115795
vt 0.173403 0.115594
vt 0.175268 0.117694
vt 0.173560 0.117417
vt 0.173797 0.119157
vt 0.174104 0.120775
vt 0.176959 0.117123
vt 0.176837 0.115363
vt 0.159250 0.164646
vt 0.161349 0.164466
vt 0.161471 0.166102
vt 0.159352 0.166245
vt 0.415200 0.122319
vt 0.414731 0.120439
vt 0.416959 0.121806
vt 0.416329 0.120026
vt 0.158836 0.161772
vt 0.160890 0.161502
vt 0.161151 0.162922
vt 0.159076 0.163146
vt 0.418628 0.121055
vt 0.417829 0.119395
vt 0.420172 0.120089
vt 0.419204 0.118564
vt 0.423893 0.118075
vt 0.424955 0.116463
vt 0.423689 0.116115
vt 0.422741 0.117597
vt 0.437284 0.114657
vt 0.435637 0.113762
vt 0.436647 0.112209
vt 0.438149 0.113271
vt 0.439235 0.112039
vt 0.437906 0.110806
vt 0.176196 0.122735
vt 0.174475 0.122234
vt 0.616720 0.149443
vt 0.618185 0.149019
vt 0.617183 0.147297
vt 0.615781 0.147716
vt 0.614228 0.148174
vt 0.615107 0.149905
vt 0.177760 0.121718
vt 0.158540 0.160550
vt 0.160568 0.160233
vt 0.421554 0.118930
vt 0.420424 0.117548
vt 0.523358 0.285550
vt 0.523686 0.287526
vt 0.522301 0.287935
vt 0.522014 0.285933
vt 0.521070 0.288305
vt 0.520826 0.286277
vt 0.422572 0.119541
vt 0.421466 0.116360
vt 0.422291 0.115017
vt 0.435153 0.121908
vt 0.433073 0.121469
vt 0.433300 0.119548
vt 0.435349 0.120085
vt 0.434907 0.115427
vt 0.436665 0.116169
vt 0.436253 0.117769
vt 0.434415 0.117161
vt 0.613391 0.150390
vt 0.612563 0.148657
vt 0.611613 0.150892
vt 0.610828 0.149160
vt 0.609258 0.151612
vt 0.608440 0.149736
vt 0.606521 0.150314
vt 0.607315 0.152183
vt 0.425721 0.114747
vt 0.426239 0.112969
vt 0.424824 0.112848
vt 0.424370 0.114518
vt 0.526389 0.284700
vt 0.526799 0.286626
vt 0.525199 0.287088
vt 0.524827 0.285137
vt 0.422881 0.113547
vt 0.423272 0.111987
vt 0.530415 0.283474
vt 0.530938 0.285511
vt 0.529114 0.286061
vt 0.528628 0.283998
vt 0.424120 0.109746
vt 0.424305 0.107960
vt 0.432749 0.087709
vt 0.433348 0.086024
vt 0.431838 0.086156
vt 0.431231 0.087834
vt 0.428856 0.099483
vt 0.429264 0.097754
vt 0.427675 0.097921
vt 0.427254 0.099665
vt 0.428008 0.104867
vt 0.428231 0.103034
vt 0.426611 0.103218
vt 0.426386 0.105028
vt 0.434577 0.127425
vt 0.432492 0.127112
vt 0.432723 0.125262
vt 0.434815 0.125588
vt 0.434993 0.123746
vt 0.432901 0.123378
vt 0.605393 0.152770
vt 0.604611 0.150912
vt 0.603512 0.153374
vt 0.602727 0.151533
vt 0.600877 0.152180
vt 0.601678 0.153999
vt 0.427835 0.106749
vt 0.426215 0.106866
vt 0.532220 0.282922
vt 0.532775 0.284935
vt 0.424456 0.106155
vt 0.535846 0.281713
vt 0.536455 0.283680
vt 0.534617 0.284326
vt 0.534034 0.282337
vt 0.424628 0.104341
vt 0.424862 0.102529
vt 0.433451 0.132878
vt 0.431421 0.132489
vt 0.431842 0.130724
vt 0.433894 0.131076
vt 0.434270 0.129256
vt 0.432200 0.128932
vt 0.599885 0.154651
vt 0.599057 0.152858
vt 0.598127 0.155331
vt 0.597265 0.153566
vt 0.595502 0.154304
vt 0.596399 0.156041
vt 0.428512 0.101241
vt 0.426900 0.101431
vt 0.537657 0.281051
vt 0.538285 0.282996
vt 0.425167 0.100718
vt 0.541251 0.279618
vt 0.541908 0.281522
vt 0.540107 0.282275
vt 0.539460 0.280351
vt 0.425542 0.098914
vt 0.425985 0.097125
vt 0.430272 0.094367
vt 0.430864 0.092697
vt 0.429313 0.092823
vt 0.428710 0.094501
vt 0.431755 0.138102
vt 0.429786 0.137623
vt 0.430387 0.135936
vt 0.432374 0.136395
vt 0.432943 0.134654
vt 0.430936 0.134226
vt 0.594695 0.156781
vt 0.593764 0.155072
vt 0.593010 0.157552
vt 0.592053 0.155868
vt 0.590366 0.156686
vt 0.591341 0.158349
vt 0.429736 0.096051
vt 0.428160 0.096200
vt 0.543016 0.278855
vt 0.543684 0.280740
vt 0.426493 0.095359
vt 0.546452 0.277257
vt 0.547131 0.279107
vt 0.545426 0.279933
vt 0.544750 0.278065
vt 0.427063 0.093625
vt 0.427683 0.091923
vt 0.429191 0.144772
vt 0.427277 0.144298
vt 0.427880 0.142620
vt 0.429804 0.143105
vt 0.429154 0.139292
vt 0.431107 0.139781
vt 0.430449 0.141445
vt 0.428512 0.140954
vt 0.589681 0.159165
vt 0.588697 0.157520
vt 0.588022 0.159992
vt 0.587036 0.158363
vt 0.586353 0.160824
vt 0.585370 0.159208
vt 0.583692 0.160050
vt 0.584669 0.161655
vt 0.431487 0.091037
vt 0.432123 0.089377
vt 0.430594 0.089499
vt 0.429949 0.091158
vt 0.549789 0.275610
vt 0.550474 0.277428
vt 0.548811 0.278271
vt 0.548128 0.276436
vt 0.428333 0.090247
vt 0.428992 0.088585
vt 0.553116 0.273962
vt 0.553803 0.275750
vt 0.552134 0.276586
vt 0.551449 0.274783
vt 0.429640 0.086926
vt 0.430256 0.085258
vt 0.436132 0.075619
vt 0.436568 0.073906
vt 0.435117 0.074090
vt 0.434670 0.075801
vt 0.434394 0.082585
vt 0.434854 0.080842
vt 0.433367 0.081002
vt 0.432900 0.082735
vt 0.427642 0.149878
vt 0.425758 0.149450
vt 0.426222 0.147717
vt 0.428114 0.148161
vt 0.428626 0.146457
vt 0.426723 0.145997
vt 0.582960 0.162476
vt 0.581993 0.160882
vt 0.581230 0.163288
vt 0.580273 0.161703
vt 0.578539 0.162519
vt 0.579486 0.164094
vt 0.433897 0.084316
vt 0.432395 0.084456
vt 0.554801 0.273152
vt 0.555486 0.274926
vt 0.430822 0.083572
vt 0.558223 0.271562
vt 0.558907 0.273305
vt 0.557189 0.274113
vt 0.556507 0.272354
vt 0.431336 0.081869
vt 0.431812 0.080152
vt 0.425849 0.156780
vt 0.424017 0.156380
vt 0.424464 0.154661
vt 0.426311 0.155058
vt 0.425319 0.151190
vt 0.427193 0.151602
vt 0.426754 0.153331
vt 0.424892 0.152929
vt 0.577738 0.164898
vt 0.576799 0.163335
vt 0.575994 0.165706
vt 0.575061 0.164155
vt 0.574262 0.166521
vt 0.573328 0.164986
vt 0.571609 0.165832
vt 0.572549 0.167348
vt 0.435288 0.079094
vt 0.435709 0.077350
vt 0.434238 0.077527
vt 0.433808 0.079263
vt 0.561673 0.269970
vt 0.562360 0.271682
vt 0.560633 0.272497
vt 0.559948 0.270769
vt 0.432262 0.078427
vt 0.432704 0.076701
vt 0.565114 0.268329
vt 0.565810 0.270005
vt 0.564087 0.270854
vt 0.563396 0.269159
vt 0.433147 0.074977
vt 0.433610 0.073260
vt 0.437509 0.070546
vt 0.438021 0.068901
vt 0.436603 0.069075
vt 0.436080 0.070725
vt 0.424302 0.161876
vt 0.422528 0.161435
vt 0.423055 0.159770
vt 0.424849 0.160193
vt 0.425363 0.158493
vt 0.423550 0.158084
vt 0.570859 0.168191
vt 0.569905 0.166698
vt 0.569190 0.169053
vt 0.568220 0.167584
vt 0.566555 0.168493
vt 0.567545 0.169935
vt 0.437026 0.072215
vt 0.435586 0.072397
vt 0.566820 0.267477
vt 0.567522 0.269135
vt 0.434097 0.071554
vt 0.570186 0.265706
vt 0.570906 0.267322
vt 0.569222 0.268241
vt 0.568512 0.266603
vt 0.434610 0.069862
vt 0.435155 0.068189
vt 0.421752 0.168346
vt 0.420062 0.167839
vt 0.420732 0.166281
vt 0.422442 0.166774
vt 0.421969 0.163077
vt 0.423721 0.163537
vt 0.423102 0.165171
vt 0.421371 0.164693
vt 0.565925 0.170840
vt 0.564911 0.169426
vt 0.564332 0.171770
vt 0.563295 0.170385
vt 0.562767 0.172726
vt 0.561708 0.171370
vt 0.560150 0.172380
vt 0.561229 0.173707
vt 0.438566 0.067281
vt 0.439149 0.065688
vt 0.437754 0.065853
vt 0.437160 0.067450
vt 0.573459 0.263838
vt 0.574200 0.265410
vt 0.572567 0.266379
vt 0.571835 0.264784
vt 0.435735 0.066539
vt 0.436350 0.064916
vt 0.576609 0.261872
vt 0.577376 0.263397
vt 0.575803 0.264416
vt 0.575050 0.262868
vt 0.437006 0.063326
vt 0.437694 0.061766
vt 0.386896 0.230274
vt 0.387443 0.230763
vt 0.388816 0.229751
vt 0.387844 0.229100
vt 0.449796 0.046094
vt 0.450776 0.044886
vt 0.449578 0.044982
vt 0.448583 0.046198
vt 0.159042 0.055172
vt 0.160168 0.055902
vt 0.161259 0.054599
vt 0.160141 0.053856
vt 0.155802 0.053029
vt 0.156858 0.053740
vt 0.157971 0.052399
vt 0.156925 0.051677
vt 0.419550 0.172895
vt 0.417923 0.172353
vt 0.418649 0.170873
vt 0.420298 0.171404
vt 0.421035 0.169889
vt 0.419364 0.169369
vt 0.559718 0.174714
vt 0.558621 0.173416
vt 0.558232 0.175745
vt 0.557115 0.174476
vt 0.555637 0.175560
vt 0.556770 0.176800
vt 0.153765 0.051649
vt 0.154771 0.052329
vt 0.155904 0.050967
vt 0.154907 0.050276
vt 0.578140 0.260853
vt 0.578918 0.262353
vt 0.439744 0.061235
vt 0.438408 0.060235
vt 0.581126 0.258739
vt 0.581925 0.260192
vt 0.580434 0.261285
vt 0.579644 0.259809
vt 0.440454 0.059749
vt 0.439141 0.058730
vt 0.441175 0.058286
vt 0.439886 0.057250
vt 0.417272 0.177229
vt 0.415711 0.176649
vt 0.416457 0.175242
vt 0.418041 0.175808
vt 0.418798 0.174363
vt 0.417191 0.173809
vt 0.555330 0.177880
vt 0.554181 0.176669
vt 0.553910 0.178984
vt 0.552748 0.177801
vt 0.551341 0.178954
vt 0.552516 0.180110
vt 0.157938 0.054455
vt 0.159044 0.053126
vt 0.582584 0.257643
vt 0.583392 0.259074
vt 0.441902 0.056844
vt 0.440636 0.055790
vt 0.585439 0.255379
vt 0.586258 0.256767
vt 0.584838 0.257931
vt 0.584022 0.256523
vt 0.442632 0.055422
vt 0.441390 0.054352
vt 0.443376 0.054022
vt 0.442158 0.052936
vt 0.162465 0.057440
vt 0.163628 0.058267
vt 0.164710 0.057008
vt 0.163549 0.056166
vt 0.414794 0.181313
vt 0.413303 0.180696
vt 0.414143 0.179378
vt 0.415656 0.179983
vt 0.416481 0.178621
vt 0.414944 0.178029
vt 0.551146 0.181252
vt 0.549960 0.180123
vt 0.549806 0.182408
vt 0.548611 0.181303
vt 0.547293 0.182489
vt 0.548497 0.183570
vt 0.161310 0.056655
vt 0.162398 0.055366
vt 0.586828 0.254218
vt 0.587651 0.255587
vt 0.444143 0.052647
vt 0.442948 0.051546
vt 0.589519 0.251863
vt 0.590342 0.253197
vt 0.589013 0.254395
vt 0.588190 0.253044
vt 0.444943 0.051299
vt 0.443772 0.050185
vt 0.445784 0.049980
vt 0.444637 0.048855
vt 0.410927 0.186326
vt 0.409527 0.185670
vt 0.410517 0.184461
vt 0.411941 0.185109
vt 0.412416 0.181980
vt 0.413882 0.182608
vt 0.412929 0.183872
vt 0.411483 0.183233
vt 0.547217 0.184737
vt 0.546009 0.183677
vt 0.545965 0.185904
vt 0.544756 0.184864
vt 0.544738 0.187070
vt 0.543528 0.186049
vt 0.542319 0.187234
vt 0.543530 0.188237
vt 0.164793 0.059142
vt 0.165961 0.060063
vt 0.167038 0.058835
vt 0.165874 0.057899
vt 0.592085 0.249495
vt 0.592901 0.250801
vt 0.591637 0.251999
vt 0.590818 0.250678
vt 0.446676 0.048692
vt 0.445548 0.047557
vt 0.447611 0.047433
vt 0.446507 0.046290
vt 0.594548 0.247131
vt 0.595356 0.248413
vt 0.594139 0.249607
vt 0.593326 0.248313
vt 0.167127 0.061018
vt 0.168202 0.059806
vt 0.447497 0.045048
vt 0.448514 0.043827
vt 0.377106 0.222370
vt 0.378412 0.223462
vt 0.379489 0.222272
vt 0.378199 0.221172
vt 0.372061 0.218072
vt 0.373307 0.219145
vt 0.374435 0.217916
vt 0.373195 0.216828
vt 0.408592 0.189323
vt 0.407170 0.188607
vt 0.408256 0.187350
vt 0.409702 0.188061
vt 0.410808 0.186794
vt 0.409340 0.186089
vt 0.543189 0.188380
vt 0.541901 0.187332
vt 0.541928 0.189624
vt 0.540639 0.188596
vt 0.539382 0.189864
vt 0.540672 0.190870
vt 0.450971 0.044544
vt 0.449712 0.044638
vt 0.594969 0.246928
vt 0.595823 0.248277
vt 0.448601 0.043406
vt 0.597504 0.244414
vt 0.598352 0.245730
vt 0.597090 0.247005
vt 0.596240 0.245671
vt 0.452042 0.043283
vt 0.450800 0.043371
vt 0.449709 0.042135
vt 0.451886 0.042111
vt 0.450818 0.040870
vt 0.404127 0.194226
vt 0.402785 0.193504
vt 0.403896 0.192321
vt 0.405256 0.193044
vt 0.406084 0.189861
vt 0.407486 0.190581
vt 0.406375 0.191825
vt 0.404995 0.191103
vt 0.539419 0.192122
vt 0.538129 0.191140
vt 0.538180 0.193386
vt 0.536887 0.192429
vt 0.536965 0.194669
vt 0.535669 0.193739
vt 0.534485 0.195073
vt 0.535785 0.195975
vt 0.374560 0.220216
vt 0.375824 0.221290
vt 0.376930 0.220082
vt 0.375679 0.218999
vt 0.600005 0.241882
vt 0.600855 0.243155
vt 0.599611 0.244449
vt 0.598763 0.243153
vt 0.452970 0.040856
vt 0.451922 0.039612
vt 0.454052 0.039616
vt 0.453030 0.038370
vt 0.602398 0.239285
vt 0.603255 0.240506
vt 0.602073 0.241843
vt 0.601222 0.240594
vt 0.455142 0.038403
vt 0.454141 0.037154
vt 0.456242 0.037227
vt 0.455265 0.035976
vt 0.381116 0.225702
vt 0.382514 0.226846
vt 0.383533 0.225669
vt 0.382155 0.224521
vt 0.136043 0.049433
vt 0.136561 0.048142
vt 0.137990 0.049306
vt 0.137472 0.050613
vt 0.140754 0.051586
vt 0.140235 0.052928
vt 0.138869 0.051780
vt 0.139388 0.050456
vt 0.534654 0.197310
vt 0.533350 0.196439
vt 0.533580 0.198677
vt 0.532271 0.197837
vt 0.531247 0.199267
vt 0.532562 0.200076
vt 0.379748 0.224572
vt 0.380807 0.223387
vt 0.603528 0.237949
vt 0.604390 0.239140
vt 0.457357 0.036100
vt 0.456404 0.034847
vt 0.605609 0.235186
vt 0.606484 0.236314
vt 0.605465 0.237743
vt 0.604597 0.236582
vt 0.458492 0.035031
vt 0.457561 0.033778
vt 0.459640 0.034018
vt 0.458730 0.032766
vt 0.130061 0.044781
vt 0.130550 0.043535
vt 0.132094 0.044661
vt 0.131594 0.045915
vt 0.135101 0.046973
vt 0.134587 0.048250
vt 0.133103 0.047075
vt 0.133612 0.045810
vt 0.531586 0.201506
vt 0.530270 0.200727
vt 0.530648 0.202967
vt 0.529329 0.202216
vt 0.529734 0.204458
vt 0.528418 0.203733
vt 0.527522 0.205278
vt 0.529585 0.205006
vt 0.383945 0.227995
vt 0.385405 0.229141
vt 0.386377 0.227966
vt 0.384940 0.226820
vt 0.607503 0.232311
vt 0.608389 0.233374
vt 0.607456 0.234858
vt 0.606575 0.233762
vt 0.460791 0.033051
vt 0.459903 0.031800
vt 0.461937 0.032120
vt 0.461067 0.030872
vt 0.609283 0.229329
vt 0.610178 0.230332
vt 0.609294 0.231865
vt 0.608402 0.230833
vt 0.607160 0.230692
vt 0.606255 0.232159
vt 0.607541 0.229721
vt 0.411178 0.244423
vt 0.413202 0.245362
vt 0.413780 0.244109
vt 0.411839 0.243180
vt 0.398097 0.237485
vt 0.399920 0.238503
vt 0.400770 0.237228
vt 0.398963 0.236202
vt 0.390909 0.233129
vt 0.392682 0.234264
vt 0.393617 0.232969
vt 0.391872 0.231833
vt 0.125818 0.042001
vt 0.126306 0.040642
vt 0.128093 0.041784
vt 0.127588 0.043148
vt 0.129335 0.044330
vt 0.129860 0.042960
vt 0.528605 0.206723
vt 0.527155 0.205968
vt 0.527629 0.208471
vt 0.526189 0.207734
vt 0.525229 0.209522
vt 0.526660 0.210244
vt 0.389161 0.231962
vt 0.390152 0.230665
vt 0.609611 0.228528
vt 0.610603 0.229606
vt 0.608258 0.228383
vt 0.611509 0.225065
vt 0.612501 0.226088
vt 0.611554 0.227858
vt 0.610563 0.226809
vt 0.609223 0.226664
vt 0.610185 0.224919
vt 0.118559 0.037700
vt 0.119002 0.036378
vt 0.120844 0.037404
vt 0.120397 0.038739
vt 0.124499 0.039533
vt 0.124027 0.040886
vt 0.122220 0.039799
vt 0.122676 0.038454
vt 0.525690 0.212037
vt 0.524270 0.211329
vt 0.524718 0.213843
vt 0.523309 0.213151
vt 0.523745 0.215659
vt 0.522345 0.214983
vt 0.521375 0.216825
vt 0.522766 0.217482
vt 0.394474 0.235368
vt 0.396281 0.236441
vt 0.397167 0.235152
vt 0.395384 0.234075
vt 0.613407 0.221517
vt 0.614395 0.222491
vt 0.613447 0.224298
vt 0.612457 0.223301
vt 0.611148 0.223152
vt 0.612112 0.221369
vt 0.615330 0.217901
vt 0.616310 0.218831
vt 0.615348 0.220668
vt 0.614364 0.219716
vt 0.613082 0.219573
vt 0.614059 0.217767
vt 0.403592 0.240486
vt 0.405448 0.241464
vt 0.406245 0.240216
vt 0.404409 0.239230
vt 0.112953 0.034655
vt 0.113394 0.033382
vt 0.115281 0.034374
vt 0.114840 0.035664
vt 0.116709 0.036677
vt 0.117150 0.035370
vt 0.521791 0.219312
vt 0.520407 0.218677
vt 0.520829 0.221154
vt 0.519452 0.220545
vt 0.518520 0.222434
vt 0.519892 0.223010
vt 0.401751 0.239501
vt 0.402584 0.238235
vt 0.616298 0.216072
vt 0.617273 0.216979
vt 0.615032 0.215951
vt 0.618183 0.212376
vt 0.619152 0.213224
vt 0.618224 0.215111
vt 0.617251 0.214231
vt 0.615993 0.214126
vt 0.616930 0.212291
vt 0.105068 0.030628
vt 0.105422 0.029401
vt 0.107516 0.030365
vt 0.107124 0.031598
vt 0.111477 0.032388
vt 0.111043 0.033645
vt 0.109103 0.032624
vt 0.109525 0.031381
vt 0.518994 0.224887
vt 0.517627 0.224350
vt 0.518159 0.226792
vt 0.516797 0.226303
vt 0.517418 0.228740
vt 0.516058 0.228310
vt 0.515444 0.230405
vt 0.516799 0.230765
vt 0.407326 0.242442
vt 0.409231 0.243430
vt 0.409954 0.242191
vt 0.408092 0.241201
vt 0.619895 0.208626
vt 0.620863 0.209375
vt 0.620039 0.211314
vt 0.619071 0.210508
vt 0.617825 0.210443
vt 0.618655 0.208582
vt 0.621210 0.204762
vt 0.622187 0.205339
vt 0.621589 0.207394
vt 0.620618 0.206722
vt 0.619387 0.206698
vt 0.619993 0.204757
vt 0.426851 0.246865
vt 0.429168 0.246717
vt 0.429236 0.245467
vt 0.426957 0.245604
vt 0.417572 0.246708
vt 0.419874 0.246990
vt 0.420168 0.245712
vt 0.417953 0.245435
vt 0.098356 0.028925
vt 0.098551 0.027712
vt 0.100911 0.028008
vt 0.100664 0.029227
vt 0.102914 0.029808
vt 0.103218 0.028585
vt 0.516329 0.232897
vt 0.514979 0.232610
vt 0.516009 0.235133
vt 0.514667 0.234915
vt 0.514484 0.237276
vt 0.515816 0.237436
vt 0.415334 0.246153
vt 0.415816 0.244889
vt 0.621653 0.202712
vt 0.622635 0.203185
vt 0.620449 0.202721
vt 0.622113 0.198347
vt 0.623099 0.198627
vt 0.622931 0.200935
vt 0.621945 0.200564
vt 0.620758 0.200582
vt 0.620941 0.198368
vt 0.089082 0.029139
vt 0.089127 0.027966
vt 0.091466 0.027818
vt 0.091394 0.029004
vt 0.096179 0.027638
vt 0.096032 0.028843
vt 0.093709 0.028890
vt 0.093816 0.027694
vt 0.515713 0.239764
vt 0.514393 0.239649
vt 0.515666 0.242091
vt 0.514358 0.242011
vt 0.515651 0.244414
vt 0.514358 0.244361
vt 0.514380 0.246699
vt 0.515657 0.246731
vt 0.422202 0.247054
vt 0.424529 0.246992
vt 0.424685 0.245723
vt 0.422420 0.245779
vt 0.622227 0.193835
vt 0.623202 0.193980
vt 0.623177 0.196302
vt 0.622196 0.196096
vt 0.621039 0.196116
vt 0.621085 0.193851
vt 0.622209 0.189291
vt 0.623164 0.189352
vt 0.623191 0.191664
vt 0.622227 0.191567
vt 0.621097 0.191579
vt 0.621094 0.189301
vt 0.433790 0.246503
vt 0.436096 0.246475
vt 0.436125 0.245266
vt 0.433821 0.245280
vt 0.082147 0.029342
vt 0.082174 0.028209
vt 0.084484 0.028180
vt 0.084459 0.029328
vt 0.086770 0.029259
vt 0.086801 0.028097
vt 0.515669 0.249044
vt 0.514407 0.249026
vt 0.515678 0.251352
vt 0.514433 0.251343
vt 0.514451 0.253653
vt 0.515682 0.253658
vt 0.431482 0.246585
vt 0.431524 0.245348
vt 0.622183 0.187005
vt 0.623128 0.187041
vt 0.621083 0.187013
vt 0.622147 0.182396
vt 0.623070 0.182418
vt 0.623095 0.184730
vt 0.622162 0.184706
vt 0.621076 0.184715
vt 0.621076 0.182410
vt 0.072914 0.029105
vt 0.072936 0.028031
vt 0.075257 0.028093
vt 0.075221 0.029182
vt 0.079870 0.028195
vt 0.079837 0.029314
vt 0.077527 0.029256
vt 0.077565 0.028152
vt 0.515680 0.255962
vt 0.514465 0.255957
vt 0.515673 0.258267
vt 0.514476 0.258262
vt 0.515664 0.260576
vt 0.514484 0.260571
vt 0.514489 0.262890
vt 0.515653 0.262893
vt 0.438399 0.246490
vt 0.440705 0.246534
vt 0.440745 0.245357
vt 0.438435 0.245296
vt 0.622132 0.177770
vt 0.623030 0.177799
vt 0.623048 0.180108
vt 0.622138 0.180082
vt 0.621081 0.180100
vt 0.621090 0.177790
vt 0.622131 0.173169
vt 0.623002 0.173185
vt 0.623015 0.175491
vt 0.622131 0.175464
vt 0.621103 0.175483
vt 0.621117 0.173181
vt 0.065553 0.170596
vt 0.065513 0.169434
vt 0.063212 0.169513
vt 0.063236 0.170659
vt 0.080527 0.472570
vt 0.081911 0.472407
vt 0.081246 0.473945
vt 0.079873 0.474107
vt 0.092872 0.426078
vt 0.094448 0.426108
vt 0.094241 0.427969
vt 0.092636 0.428022
vt 0.010005 0.188123
vt 0.008338 0.188114
vt 0.008367 0.189780
vt 0.010023 0.189831
vt 0.010466 0.176685
vt 0.008832 0.176993
vt 0.008752 0.178497
vt 0.010415 0.178312
vt 0.009540 0.171909
vt 0.008251 0.172887
vt 0.008683 0.174139
vt 0.010154 0.173436
vt 0.125011 0.498711
vt 0.124659 0.500738
vt 0.126464 0.500659
vt 0.126714 0.498648
vt 0.024404 0.146486
vt 0.024433 0.144370
vt 0.026478 0.144586
vt 0.026463 0.146503
vt 0.005051 0.170059
vt 0.006772 0.170373
vt 0.007223 0.168799
vt 0.005105 0.168318
vt 0.024499 0.140829
vt 0.026525 0.141363
vt 0.010764 0.170898
vt 0.011545 0.172705
vt 0.005000 0.171813
vt 0.006278 0.171946
vt 0.200441 0.136400
vt 0.198523 0.135997
vt 0.199104 0.134054
vt 0.200506 0.134242
vt 0.072954 0.035747
vt 0.072951 0.037148
vt 0.075003 0.037002
vt 0.075014 0.035723
vt 0.196362 0.131554
vt 0.196849 0.132914
vt 0.195298 0.134142
vt 0.194597 0.132439
vt 0.074956 0.038973
vt 0.072914 0.039401
vt 0.128792 0.414956
vt 0.130042 0.414892
vt 0.130448 0.416933
vt 0.129090 0.416988
vt 0.132010 0.498520
vt 0.130256 0.498531
vt 0.130139 0.500516
vt 0.131919 0.500491
vt 0.128313 0.500587
vt 0.128487 0.498590
vt 0.010415 0.175047
vt 0.011904 0.174552
vt 0.012013 0.176379
vt 0.011995 0.178160
vt 0.008839 0.175529
vt 0.196170 0.130063
vt 0.194277 0.130666
vt 0.127401 0.415017
vt 0.127597 0.417039
vt 0.196220 0.126936
vt 0.196151 0.128518
vt 0.194190 0.128898
vt 0.194216 0.127144
vt 0.125938 0.415083
vt 0.126054 0.417095
vt 0.124434 0.415101
vt 0.124470 0.417102
vt 0.010245 0.181536
vt 0.008556 0.181595
vt 0.008461 0.183192
vt 0.010154 0.183155
vt 0.137087 0.498734
vt 0.135417 0.498624
vt 0.135333 0.500567
vt 0.137000 0.500663
vt 0.133644 0.500508
vt 0.133728 0.498551
vt 0.010335 0.179924
vt 0.011937 0.179885
vt 0.011857 0.181574
vt 0.011770 0.183238
vt 0.008654 0.180029
vt 0.196308 0.125339
vt 0.194281 0.125428
vt 0.122901 0.415078
vt 0.122876 0.417067
vt 0.196493 0.122095
vt 0.196402 0.123723
vt 0.194365 0.123736
vt 0.194452 0.122067
vt 0.121336 0.415015
vt 0.121260 0.416992
vt 0.119738 0.414917
vt 0.119632 0.416881
vt 0.143603 0.499428
vt 0.141990 0.499238
vt 0.141958 0.501121
vt 0.143632 0.501292
vt 0.138649 0.500792
vt 0.140298 0.500946
vt 0.140371 0.499047
vt 0.138736 0.498877
vt 0.010077 0.184789
vt 0.011686 0.184889
vt 0.010023 0.186442
vt 0.011625 0.186537
vt 0.011599 0.188196
vt 0.011607 0.189870
vt 0.008389 0.184815
vt 0.008345 0.186457
vt 0.196613 0.118833
vt 0.196569 0.120462
vt 0.194532 0.120417
vt 0.194590 0.118783
vt 0.118114 0.414787
vt 0.117998 0.416736
vt 0.116473 0.414632
vt 0.116367 0.416566
vt 0.196595 0.115606
vt 0.196620 0.117212
vt 0.194608 0.117162
vt 0.194593 0.115550
vt 0.114816 0.414457
vt 0.114747 0.416375
vt 0.113149 0.414284
vt 0.113142 0.416184
vt 0.009671 0.201979
vt 0.008022 0.201260
vt 0.007749 0.202802
vt 0.009358 0.203673
vt 0.010070 0.193321
vt 0.008443 0.193131
vt 0.008454 0.194810
vt 0.010056 0.195095
vt 0.148379 0.499621
vt 0.146799 0.499659
vt 0.147024 0.501458
vt 0.149959 0.501436
vt 0.145321 0.501418
vt 0.145205 0.499581
vt 0.010048 0.191564
vt 0.011628 0.191559
vt 0.011643 0.193263
vt 0.011854 0.196200
vt 0.008407 0.191452
vt 0.196551 0.114015
vt 0.194564 0.113949
vt 0.111479 0.414153
vt 0.111551 0.416028
vt 0.196493 0.110877
vt 0.196511 0.112437
vt 0.194539 0.112356
vt 0.194535 0.110775
vt 0.109797 0.414104
vt 0.109971 0.415944
vt 0.108119 0.414181
vt 0.108413 0.415972
vt 0.155865 0.497347
vt 0.154444 0.498215
vt 0.155385 0.499776
vt 0.157005 0.498750
vt 0.151822 0.501132
vt 0.153645 0.500579
vt 0.152901 0.498877
vt 0.151263 0.499316
vt 0.010067 0.198263
vt 0.011777 0.198062
vt 0.009910 0.200162
vt 0.011621 0.199884
vt 0.011385 0.201625
vt 0.011076 0.203243
vt 0.008345 0.197830
vt 0.008222 0.199591
vt 0.196635 0.106433
vt 0.196536 0.108032
vt 0.194415 0.107890
vt 0.194539 0.106253
vt 0.105101 0.414373
vt 0.105570 0.416252
vt 0.103339 0.414886
vt 0.103968 0.416666
vt 0.197049 0.103560
vt 0.196812 0.104933
vt 0.194735 0.104709
vt 0.194997 0.103289
vt 0.101669 0.415637
vt 0.102468 0.417297
vt 0.100129 0.416603
vt 0.101095 0.418127
vt 0.096406 0.418616
vt 0.097557 0.419095
vt 0.096609 0.420577
vt 0.095346 0.420228
vt 0.159082 0.493673
vt 0.158218 0.495059
vt 0.159722 0.496121
vt 0.160731 0.494568
vt 0.158461 0.497524
vt 0.157132 0.496291
vt 0.008984 0.205202
vt 0.010706 0.204702
vt 0.613487 0.118450
vt 0.612547 0.120177
vt 0.613949 0.120596
vt 0.614951 0.118874
vt 0.610992 0.119719
vt 0.611875 0.117988
vt 0.007423 0.204185
vt 0.197346 0.102338
vt 0.195316 0.102021
vt 0.098745 0.417762
vt 0.099875 0.419143
vt 0.533060 0.014223
vt 0.531716 0.013840
vt 0.532003 0.011838
vt 0.533390 0.012247
vt 0.530528 0.013496
vt 0.530772 0.011468
vt 0.097728 0.417151
vt 0.098832 0.420331
vt 0.098008 0.421674
vt 0.161214 0.486422
vt 0.161018 0.488245
vt 0.163067 0.488782
vt 0.163292 0.486861
vt 0.161461 0.492903
vt 0.161952 0.491168
vt 0.160114 0.490560
vt 0.159700 0.492160
vt 0.610157 0.117503
vt 0.609329 0.119236
vt 0.608381 0.117001
vt 0.607593 0.118733
vt 0.606024 0.116281
vt 0.605206 0.118157
vt 0.603285 0.117579
vt 0.604080 0.115710
vt 0.094576 0.421945
vt 0.095930 0.422174
vt 0.095473 0.423843
vt 0.094060 0.423723
vt 0.536089 0.015072
vt 0.534531 0.014635
vt 0.534901 0.012685
vt 0.536503 0.013147
vt 0.097419 0.423145
vt 0.097027 0.424705
vt 0.540117 0.016298
vt 0.538330 0.015775
vt 0.538816 0.013712
vt 0.540640 0.014261
vt 0.096177 0.426945
vt 0.095996 0.428732
vt 0.087548 0.448982
vt 0.089070 0.448857
vt 0.088463 0.450536
vt 0.086952 0.450667
vt 0.091441 0.437209
vt 0.093043 0.437027
vt 0.092625 0.438770
vt 0.091034 0.438937
vt 0.092291 0.431825
vt 0.093915 0.431664
vt 0.093689 0.433474
vt 0.092070 0.433657
vt 0.161792 0.480905
vt 0.161552 0.482742
vt 0.163644 0.483067
vt 0.163877 0.481218
vt 0.163466 0.484952
vt 0.161374 0.484584
vt 0.602159 0.115123
vt 0.601378 0.116981
vt 0.600278 0.114519
vt 0.599493 0.116360
vt 0.597645 0.115713
vt 0.598444 0.113893
vt 0.094082 0.429826
vt 0.092465 0.429943
vt 0.541922 0.016851
vt 0.542477 0.014838
vt 0.095843 0.430537
vt 0.545546 0.018060
vt 0.543734 0.017436
vt 0.544319 0.015447
vt 0.546157 0.016093
vt 0.095672 0.432351
vt 0.095436 0.434163
vt 0.162918 0.475452
vt 0.162475 0.477254
vt 0.164527 0.477606
vt 0.164948 0.475841
vt 0.164167 0.479398
vt 0.162097 0.479074
vt 0.596653 0.113242
vt 0.595825 0.115035
vt 0.594892 0.112562
vt 0.594031 0.114327
vt 0.592266 0.113589
vt 0.593163 0.111852
vt 0.093399 0.435261
vt 0.091786 0.435450
vt 0.547359 0.018722
vt 0.547987 0.016777
vt 0.095131 0.435974
vt 0.550951 0.020155
vt 0.549164 0.019421
vt 0.549807 0.017497
vt 0.551608 0.018250
vt 0.094757 0.437778
vt 0.094314 0.439567
vt 0.090025 0.442325
vt 0.091586 0.442190
vt 0.090984 0.443869
vt 0.089436 0.443994
vt 0.164614 0.470228
vt 0.163993 0.471935
vt 0.165980 0.472394
vt 0.166582 0.470707
vt 0.165431 0.474104
vt 0.163423 0.473676
vt 0.591459 0.111112
vt 0.590530 0.112821
vt 0.589778 0.110341
vt 0.588819 0.112025
vt 0.587134 0.111207
vt 0.588107 0.109544
vt 0.092139 0.440491
vt 0.090562 0.440641
vt 0.552716 0.020918
vt 0.553384 0.019033
vt 0.093806 0.441332
vt 0.556152 0.022516
vt 0.554452 0.021707
vt 0.555128 0.019840
vt 0.556835 0.020665
vt 0.093235 0.443067
vt 0.092614 0.444768
vt 0.167178 0.463557
vt 0.166564 0.465225
vt 0.168489 0.465710
vt 0.169092 0.464032
vt 0.167214 0.469038
vt 0.167854 0.467375
vt 0.165918 0.466885
vt 0.165260 0.468549
vt 0.586447 0.108728
vt 0.585463 0.110373
vt 0.584788 0.107901
vt 0.583800 0.109530
vt 0.583121 0.107069
vt 0.582136 0.108685
vt 0.580458 0.107843
vt 0.581435 0.106238
vt 0.088812 0.445655
vt 0.090352 0.445534
vt 0.089705 0.447193
vt 0.088176 0.447315
vt 0.559493 0.024163
vt 0.557830 0.023337
vt 0.558513 0.021502
vt 0.560176 0.022344
vt 0.091964 0.446445
vt 0.091307 0.448107
vt 0.562820 0.025811
vt 0.561149 0.024990
vt 0.561836 0.023186
vt 0.563503 0.024022
vt 0.090660 0.449766
vt 0.090043 0.451434
vt 0.084166 0.461073
vt 0.085630 0.460891
vt 0.085183 0.462602
vt 0.083731 0.462786
vt 0.085902 0.454106
vt 0.087399 0.453956
vt 0.086930 0.455690
vt 0.085445 0.455850
vt 0.168725 0.458452
vt 0.168253 0.460169
vt 0.170145 0.460613
vt 0.170610 0.458880
vt 0.169644 0.462333
vt 0.167741 0.461873
vt 0.579725 0.105417
vt 0.578759 0.107011
vt 0.577996 0.104605
vt 0.577037 0.106190
vt 0.575305 0.105374
vt 0.576252 0.103799
vt 0.087904 0.452236
vt 0.086400 0.452376
vt 0.564505 0.026620
vt 0.565188 0.024847
vt 0.089476 0.453119
vt 0.567927 0.028211
vt 0.566209 0.027419
vt 0.566891 0.025660
vt 0.568609 0.026468
vt 0.088961 0.454823
vt 0.088488 0.456540
vt 0.170519 0.451550
vt 0.170058 0.453272
vt 0.171903 0.453669
vt 0.172350 0.451950
vt 0.171046 0.457140
vt 0.171475 0.455401
vt 0.169615 0.454999
vt 0.169176 0.456727
vt 0.574506 0.102995
vt 0.573565 0.104558
vt 0.572762 0.102187
vt 0.571825 0.103738
vt 0.571030 0.101372
vt 0.570096 0.102907
vt 0.568375 0.102061
vt 0.569315 0.100545
vt 0.085009 0.457598
vt 0.086491 0.457428
vt 0.086059 0.459164
vt 0.084588 0.459341
vt 0.571377 0.029803
vt 0.569648 0.029004
vt 0.570335 0.027276
vt 0.572063 0.028091
vt 0.088034 0.458264
vt 0.087595 0.459991
vt 0.574816 0.031444
vt 0.573099 0.030614
vt 0.573789 0.028919
vt 0.575510 0.029767
vt 0.087152 0.461714
vt 0.086691 0.463431
vt 0.082790 0.466145
vt 0.084221 0.465967
vt 0.083694 0.467617
vt 0.082278 0.467791
vt 0.172067 0.446454
vt 0.171518 0.448137
vt 0.173312 0.448560
vt 0.173839 0.446895
vt 0.172819 0.450246
vt 0.171003 0.449837
vt 0.567627 0.099702
vt 0.566671 0.101195
vt 0.565956 0.098840
vt 0.564986 0.100309
vt 0.563319 0.099400
vt 0.564311 0.097958
vt 0.084715 0.464294
vt 0.083273 0.464477
vt 0.576523 0.032296
vt 0.577224 0.030638
vt 0.086204 0.465137
vt 0.579887 0.034067
vt 0.578216 0.033169
vt 0.578924 0.031532
vt 0.580606 0.032450
vt 0.085688 0.466829
vt 0.085143 0.468503
vt 0.174616 0.439984
vt 0.173923 0.441556
vt 0.175633 0.442049
vt 0.176305 0.440491
vt 0.174398 0.445253
vt 0.174998 0.443637
vt 0.173265 0.443159
vt 0.172648 0.444793
vt 0.562691 0.097053
vt 0.561677 0.098467
vt 0.561096 0.096123
vt 0.560061 0.097508
vt 0.559531 0.095167
vt 0.558474 0.096523
vt 0.556916 0.095512
vt 0.557995 0.094186
vt 0.081733 0.469411
vt 0.083139 0.469242
vt 0.082543 0.470839
vt 0.081152 0.471004
vt 0.583159 0.035934
vt 0.581539 0.034988
vt 0.582269 0.033394
vt 0.583904 0.034362
vt 0.084566 0.470153
vt 0.083948 0.471775
vt 0.586312 0.037900
vt 0.584750 0.036905
vt 0.585505 0.035357
vt 0.587078 0.036376
vt 0.083291 0.473366
vt 0.082605 0.474926
vt 0.121671 0.154274
vt 0.120723 0.153100
vt 0.119753 0.153751
vt 0.121124 0.154763
vt 0.070503 0.490598
vt 0.071716 0.490494
vt 0.070721 0.491710
vt 0.069522 0.491806
vt 0.177478 0.173214
vt 0.176381 0.171898
vt 0.175262 0.172641
vt 0.176352 0.173944
vt 0.180718 0.171070
vt 0.179595 0.169719
vt 0.178549 0.170441
vt 0.179664 0.171781
vt 0.176817 0.435434
vt 0.176069 0.436925
vt 0.177718 0.437456
vt 0.178444 0.435977
vt 0.177003 0.438961
vt 0.175332 0.438441
vt 0.556484 0.093179
vt 0.555387 0.094477
vt 0.554998 0.092148
vt 0.553883 0.093417
vt 0.552401 0.092333
vt 0.553535 0.091093
vt 0.182755 0.169690
vt 0.181615 0.168318
vt 0.180616 0.169009
vt 0.181749 0.170371
vt 0.587841 0.038920
vt 0.588621 0.037419
vt 0.080556 0.475456
vt 0.081889 0.476457
vt 0.590826 0.041034
vt 0.589348 0.039964
vt 0.590136 0.038487
vt 0.591629 0.039580
vt 0.079844 0.476942
vt 0.081159 0.477961
vt 0.079122 0.478405
vt 0.080415 0.479442
vt 0.179095 0.431101
vt 0.178328 0.432521
vt 0.179912 0.433088
vt 0.180656 0.431681
vt 0.179178 0.434521
vt 0.177569 0.433967
vt 0.552096 0.090013
vt 0.550945 0.091224
vt 0.550676 0.088909
vt 0.549514 0.090092
vt 0.548105 0.088939
vt 0.549282 0.087783
vt 0.177478 0.171167
vt 0.178582 0.172497
vt 0.592286 0.042129
vt 0.593096 0.040699
vt 0.078395 0.479848
vt 0.079663 0.480902
vt 0.595141 0.044393
vt 0.593724 0.043250
vt 0.594542 0.041842
vt 0.595962 0.043006
vt 0.077665 0.481270
vt 0.078907 0.482340
vt 0.076924 0.482670
vt 0.078141 0.483756
vt 0.174057 0.175482
vt 0.172971 0.174208
vt 0.171812 0.175050
vt 0.172894 0.176309
vt 0.181575 0.427017
vt 0.180711 0.428347
vt 0.182225 0.428951
vt 0.183064 0.427634
vt 0.181423 0.430301
vt 0.179886 0.429709
vt 0.547912 0.086641
vt 0.546725 0.087770
vt 0.546572 0.085485
vt 0.545377 0.086590
vt 0.544059 0.085404
vt 0.545261 0.084323
vt 0.174122 0.173408
vt 0.175211 0.174696
vt 0.596532 0.045555
vt 0.597353 0.044186
vt 0.076158 0.484045
vt 0.077349 0.485145
vt 0.599223 0.047910
vt 0.597890 0.046729
vt 0.598715 0.045378
vt 0.600044 0.046576
vt 0.075355 0.485393
vt 0.076528 0.486506
vt 0.074513 0.486711
vt 0.075664 0.487836
vt 0.185440 0.422004
vt 0.184426 0.423221
vt 0.185850 0.423868
vt 0.186841 0.422660
vt 0.183950 0.426350
vt 0.184884 0.425096
vt 0.183438 0.424458
vt 0.182483 0.425722
vt 0.543983 0.083156
vt 0.542777 0.084216
vt 0.542729 0.081989
vt 0.541524 0.083029
vt 0.541506 0.080823
vt 0.540293 0.081844
vt 0.539087 0.080659
vt 0.540296 0.079656
vt 0.171725 0.177184
vt 0.170646 0.175940
vt 0.169484 0.176877
vt 0.170559 0.178105
vt 0.601787 0.050278
vt 0.600520 0.049094
vt 0.601341 0.047774
vt 0.602605 0.048971
vt 0.073623 0.487999
vt 0.074749 0.489134
vt 0.072686 0.489259
vt 0.073794 0.490402
vt 0.604250 0.052641
vt 0.603029 0.051460
vt 0.603839 0.050166
vt 0.605056 0.051360
vt 0.168318 0.177848
vt 0.169393 0.179060
vt 0.072802 0.491643
vt 0.071785 0.492865
vt 0.131460 0.146370
vt 0.130367 0.145172
vt 0.129078 0.146272
vt 0.130155 0.147463
vt 0.136505 0.142072
vt 0.135372 0.140829
vt 0.134132 0.141916
vt 0.135259 0.143146
vt 0.187775 0.419007
vt 0.186667 0.420269
vt 0.188109 0.420980
vt 0.189199 0.419723
vt 0.187027 0.422241
vt 0.185559 0.421536
vt 0.539955 0.079513
vt 0.538665 0.080560
vt 0.538694 0.078269
vt 0.537405 0.079297
vt 0.536148 0.078029
vt 0.537438 0.077023
vt 0.070587 0.492053
vt 0.069326 0.492147
vt 0.604671 0.052845
vt 0.605525 0.051496
vt 0.071698 0.493286
vt 0.607206 0.055359
vt 0.605942 0.054101
vt 0.606792 0.052768
vt 0.608056 0.054043
vt 0.069501 0.493320
vt 0.068255 0.493408
vt 0.070590 0.494557
vt 0.068411 0.494581
vt 0.069482 0.495822
vt 0.192242 0.414104
vt 0.191109 0.415286
vt 0.192471 0.416009
vt 0.193582 0.414825
vt 0.190285 0.418469
vt 0.191374 0.417227
vt 0.189994 0.416505
vt 0.188883 0.417749
vt 0.536185 0.075771
vt 0.534895 0.076753
vt 0.534946 0.074507
vt 0.533653 0.075464
vt 0.533729 0.073224
vt 0.532433 0.074154
vt 0.531253 0.072820
vt 0.532553 0.071918
vt 0.134006 0.144217
vt 0.132890 0.142999
vt 0.131637 0.144083
vt 0.132743 0.145290
vt 0.609709 0.057891
vt 0.608463 0.056620
vt 0.609313 0.055324
vt 0.610555 0.056618
vt 0.067329 0.495836
vt 0.068375 0.497079
vt 0.066246 0.497075
vt 0.067271 0.498322
vt 0.612102 0.060488
vt 0.610922 0.059178
vt 0.611775 0.057930
vt 0.612959 0.059267
vt 0.065157 0.498289
vt 0.066156 0.499538
vt 0.064056 0.499465
vt 0.065033 0.500716
vt 0.127453 0.149702
vt 0.126412 0.148522
vt 0.125034 0.149669
vt 0.126052 0.150847
vt 0.130986 0.169092
vt 0.129559 0.170272
vt 0.129040 0.168965
vt 0.130471 0.167801
vt 0.126276 0.171245
vt 0.127641 0.170115
vt 0.128161 0.171439
vt 0.126795 0.172586
vt 0.531420 0.070583
vt 0.530116 0.071454
vt 0.530345 0.069216
vt 0.529037 0.070056
vt 0.528013 0.068626
vt 0.529328 0.067817
vt 0.127760 0.147387
vt 0.128820 0.148573
vt 0.613228 0.061824
vt 0.614092 0.060632
vt 0.062941 0.500592
vt 0.063893 0.501844
vt 0.615313 0.064587
vt 0.614299 0.063190
vt 0.615167 0.062030
vt 0.616184 0.063458
vt 0.061808 0.501661
vt 0.062738 0.502914
vt 0.060660 0.502673
vt 0.061568 0.503926
vt 0.136968 0.164440
vt 0.135436 0.165574
vt 0.134934 0.164320
vt 0.136482 0.163194
vt 0.131931 0.166632
vt 0.133420 0.165469
vt 0.133925 0.166734
vt 0.132443 0.167909
vt 0.528354 0.066387
vt 0.527036 0.067166
vt 0.527414 0.064926
vt 0.526095 0.065677
vt 0.526498 0.063435
vt 0.525184 0.064160
vt 0.524290 0.062615
vt 0.526349 0.062887
vt 0.124623 0.151996
vt 0.123626 0.150820
vt 0.122190 0.151967
vt 0.123161 0.153141
vt 0.617205 0.067462
vt 0.616275 0.066011
vt 0.617158 0.064915
vt 0.618091 0.066398
vt 0.059509 0.503640
vt 0.060395 0.504891
vt 0.058361 0.504572
vt 0.059229 0.505819
vt 0.618985 0.070444
vt 0.618106 0.068940
vt 0.618996 0.067907
vt 0.619878 0.069441
vt 0.616864 0.069081
vt 0.615956 0.067614
vt 0.617245 0.070052
vt 0.097389 0.168423
vt 0.096730 0.167180
vt 0.094787 0.168109
vt 0.095364 0.169362
vt 0.110470 0.161486
vt 0.109603 0.160202
vt 0.107798 0.161228
vt 0.108646 0.162503
vt 0.117657 0.157130
vt 0.116695 0.155833
vt 0.114950 0.156969
vt 0.115885 0.158265
vt 0.141210 0.161660
vt 0.139442 0.162807
vt 0.138937 0.161443
vt 0.140724 0.160301
vt 0.137172 0.162619
vt 0.137695 0.163988
vt 0.525369 0.061170
vt 0.523923 0.061925
vt 0.524395 0.059422
vt 0.522957 0.060159
vt 0.521995 0.058371
vt 0.523426 0.057649
vt 0.118414 0.154666
vt 0.119406 0.155963
vt 0.619312 0.071245
vt 0.620307 0.070167
vt 0.617960 0.071390
vt 0.621211 0.074707
vt 0.620263 0.072964
vt 0.621258 0.071914
vt 0.622203 0.073684
vt 0.618927 0.073109
vt 0.619885 0.074854
vt 0.148471 0.157359
vt 0.146633 0.158398
vt 0.146186 0.157062
vt 0.148028 0.156037
vt 0.142532 0.159192
vt 0.144352 0.158113
vt 0.144810 0.159458
vt 0.143001 0.160545
vt 0.522456 0.055856
vt 0.521036 0.056564
vt 0.521486 0.054050
vt 0.520077 0.054742
vt 0.520509 0.052233
vt 0.519111 0.052910
vt 0.518141 0.051068
vt 0.519532 0.050411
vt 0.114092 0.159368
vt 0.113183 0.158075
vt 0.111399 0.159152
vt 0.112286 0.160442
vt 0.623107 0.078256
vt 0.622159 0.076472
vt 0.623147 0.075474
vt 0.624095 0.077282
vt 0.620848 0.076620
vt 0.621814 0.078404
vt 0.625032 0.081872
vt 0.624066 0.080057
vt 0.625050 0.079105
vt 0.626013 0.080942
vt 0.622784 0.080200
vt 0.623761 0.082006
vt 0.104976 0.164486
vt 0.104157 0.163230
vt 0.102321 0.164217
vt 0.103119 0.165464
vt 0.154075 0.154314
vt 0.152190 0.155323
vt 0.151747 0.154033
vt 0.153635 0.153041
vt 0.149880 0.155029
vt 0.150323 0.156336
vt 0.518555 0.048581
vt 0.517175 0.049216
vt 0.517596 0.046739
vt 0.516220 0.047348
vt 0.515286 0.045459
vt 0.516659 0.044883
vt 0.105982 0.162236
vt 0.106818 0.163501
vt 0.625998 0.083701
vt 0.626975 0.082794
vt 0.624734 0.083821
vt 0.627883 0.087396
vt 0.626953 0.085542
vt 0.627927 0.084662
vt 0.628853 0.086549
vt 0.625697 0.085646
vt 0.626630 0.087482
vt 0.161960 0.150287
vt 0.159908 0.151257
vt 0.159512 0.150024
vt 0.161607 0.149060
vt 0.155553 0.152047
vt 0.157503 0.151040
vt 0.157925 0.152283
vt 0.155985 0.153303
vt 0.515762 0.043006
vt 0.514393 0.043543
vt 0.514927 0.041101
vt 0.513561 0.041590
vt 0.514182 0.039153
vt 0.512824 0.039583
vt 0.512210 0.037488
vt 0.513565 0.037128
vt 0.101243 0.166443
vt 0.100474 0.165202
vt 0.098613 0.166191
vt 0.099338 0.167430
vt 0.629597 0.091147
vt 0.628773 0.089264
vt 0.629743 0.088459
vt 0.630567 0.090398
vt 0.627527 0.089329
vt 0.628359 0.091191
vt 0.630912 0.095011
vt 0.630320 0.093051
vt 0.631290 0.092379
vt 0.631889 0.094433
vt 0.629089 0.093074
vt 0.629695 0.095016
vt 0.081715 0.170866
vt 0.081610 0.169605
vt 0.079331 0.169468
vt 0.079398 0.170717
vt 0.090997 0.170709
vt 0.090614 0.169435
vt 0.088398 0.169713
vt 0.088692 0.170990
vt 0.168675 0.148584
vt 0.166365 0.148886
vt 0.166118 0.147667
vt 0.168479 0.147371
vt 0.163812 0.148244
vt 0.164117 0.149466
vt 0.513096 0.034996
vt 0.511745 0.035283
vt 0.512773 0.032760
vt 0.511433 0.032978
vt 0.511251 0.030617
vt 0.512581 0.030457
vt 0.092751 0.168889
vt 0.093232 0.170154
vt 0.631355 0.097061
vt 0.632339 0.096588
vt 0.630153 0.097052
vt 0.631816 0.101426
vt 0.631646 0.099209
vt 0.632634 0.098838
vt 0.632801 0.101146
vt 0.630458 0.099190
vt 0.630643 0.101405
vt 0.177948 0.148798
vt 0.175638 0.148663
vt 0.175565 0.147477
vt 0.177900 0.147624
vt 0.170851 0.147297
vt 0.173215 0.147353
vt 0.173321 0.148549
vt 0.171000 0.148502
vt 0.512479 0.028129
vt 0.511157 0.028244
vt 0.512432 0.025802
vt 0.511124 0.025882
vt 0.512417 0.023479
vt 0.511124 0.023532
vt 0.511146 0.021194
vt 0.512424 0.021162
vt 0.086366 0.171054
vt 0.086146 0.169779
vt 0.083882 0.169723
vt 0.084038 0.170993
vt 0.631929 0.105938
vt 0.631900 0.103677
vt 0.632881 0.103471
vt 0.632902 0.105792
vt 0.630741 0.103657
vt 0.630785 0.105922
vt 0.631911 0.110481
vt 0.631929 0.108206
vt 0.632895 0.108108
vt 0.632866 0.110420
vt 0.630799 0.108193
vt 0.630796 0.110472
vt 0.074777 0.170504
vt 0.074746 0.169280
vt 0.072441 0.169267
vt 0.072472 0.170476
vt 0.184881 0.149001
vt 0.182571 0.148986
vt 0.182546 0.147839
vt 0.184856 0.147867
vt 0.180228 0.147756
vt 0.180258 0.148917
vt 0.512435 0.018849
vt 0.511171 0.018867
vt 0.512446 0.016541
vt 0.511197 0.016550
vt 0.511219 0.014240
vt 0.512446 0.014235
vt 0.077045 0.169348
vt 0.077085 0.170586
vt 0.631885 0.112768
vt 0.632830 0.112732
vt 0.630785 0.112760
vt 0.631849 0.117377
vt 0.631864 0.115067
vt 0.632797 0.115043
vt 0.632772 0.117354
vt 0.630778 0.115057
vt 0.630778 0.117363
vt 0.194113 0.148764
vt 0.191811 0.148841
vt 0.191774 0.147752
vt 0.194092 0.147690
vt 0.187158 0.147854
vt 0.189465 0.147811
vt 0.189501 0.148915
vt 0.187195 0.148973
vt 0.512446 0.011931
vt 0.511230 0.011936
vt 0.512439 0.009626
vt 0.511240 0.009631
vt 0.512432 0.007317
vt 0.511248 0.007322
vt 0.511255 0.005003
vt 0.512421 0.005000
vt 0.070168 0.170490
vt 0.070131 0.169297
vt 0.067821 0.169357
vt 0.067863 0.170535
vt 0.631835 0.122003
vt 0.631838 0.119690
vt 0.632750 0.119665
vt 0.632732 0.121974
vt 0.630781 0.119673
vt 0.630792 0.121983
vt 0.631831 0.126604
vt 0.631831 0.124309
vt 0.632717 0.124282
vt 0.632706 0.126587
vt 0.630803 0.124290
vt 0.630818 0.126591
# 3864 texture coordinates

vn 0.846761 0.500488 -0.180301
vn 0.790771 0.500485 -0.352414
vn 0.913545 0.000000 -0.406737
vn 0.978148 0.000000 -0.207910
vn 0.700220 0.500485 -0.509123
vn 0.809017 0.000000 -0.587785
vn 0.579066 0.500484 -0.643582
vn 0.669131 0.000000 -0.743145
vn 0.432604 0.500482 -0.749914
vn 0.500000 0.000000 -0.866026
vn 0.267235 0.500485 -0.823469
vn 0.309017 0.000000 -0.951056
vn 0.090186 0.500483 -0.861036
vn 0.104528 0.000000 -0.994522
vn -0.090804 0.500483 -0.860971
vn -0.104528 0.000000 -0.994522
vn -0.267826 0.500483 -0.823278
vn -0.309017 0.000000 -0.951056
vn -0.433142 0.500485 -0.749602
vn -0.500001 0.000000 -0.866025
vn -0.579527 0.500486 -0.643166
vn -0.669131 0.000000 -0.743145
vn -0.700586 0.500485 -0.508620
vn -0.809017 0.000000 -0.587785
vn -0.791025 0.500484 -0.351847
vn -0.913545 0.000000 -0.406737
vn -0.846892 0.500484 -0.179695
vn -0.978147 0.000000 -0.207912
vn -0.865745 0.500484 0.000311
vn -1.000000 0.000000 -0.000000
vn -0.846762 0.500485 0.180303
vn -0.978147 0.000000 0.207912
vn -0.790772 0.500483 0.352415
vn -0.913545 0.000000 0.406737
vn -0.700220 0.500485 0.509124
vn -0.809017 0.000000 0.587785
vn -0.579066 0.500486 0.643581
vn -0.669132 0.000000 0.743144
vn -0.432604 0.500485 0.749913
vn -0.500001 0.000000 0.866025
vn -0.267233 0.500484 0.823470
vn -0.309016 0.000000 0.951057
vn -0.090185 0.500489 0.861033
vn -0.104528 0.000000 0.994522
vn 0.090804 0.500488 0.860968
vn 0.104528 0.000000 0.994522
vn 0.267825 0.500482 0.823279
vn 0.309015 0.000000 0.951057
vn 0.433143 0.500481 0.749604
vn 0.500000 0.000000 0.866025
vn 0.579528 0.500485 0.643165
vn 0.669132 0.000000 0.743144
vn 0.700585 0.500486 0.508620
vn 0.809017 0.000000 0.587785
vn 0.791023 0.500486 0.351847
vn 0.913545 0.000000 0.406737
vn 0.846893 0.500481 0.179695
vn 0.978147 0.000000 0.207912
vn 0.865746 0.500484 -0.000309
vn 1.000000 0.000000 0.000002
vn 0.000223 -1.000000 -0.000099
vn 0.000239 -1.000000 -0.000051
vn -0.000000 -1.000000 -0.000000
vn 0.000197 -1.000000 -0.000143
vn 0.000163 -1.000000 -0.000181
vn 0.000122 -1.000000 -0.000211
vn 0.000075 -1.000000 -0.000232
vn 0.000026 -1.000000 -0.000243
vn -0.000026 -1.000000 -0.000243
vn -0.000075 -1.000000 -0.000232
vn -0.000122 -1.000000 -0.000211
vn -0.000163 -1.000000 -0.000181
vn -0.000197 -1.000000 -0.000143
vn -0.000223 -1.000000 -0.000099
vn -0.000239 -1.000000 -0.000051
vn -0.000244 -1.000000 0.000000
vn -0.000239 -1.000000 0.000051
vn -0.000223 -1.000000 0.000099
vn -0.000197 -1.000000 0.000143
vn -0.000163 -1.000000 0.000181
vn -0.000122 -1.000000 0.000211
vn -0.000075 -1.000000 0.000232
vn -0.000026 -1.000000 0.000243
vn 0.000026 -1.000000 0.000243
vn 0.000075 -1.000000 0.000232
vn 0.000122 -1.000000 0.000211
vn 0.000163 -1.000000 0.000181
vn 0.000197 -1.000000 0.000143
vn 0.000223 -1.000000 0.000099
vn 0.000239 -1.000000 0.000051
vn 0.000244 -1.000000 0.000000
vn 0.000000 1.000000 0.000000
vn 0.000000 1.000000 0.000000
vn 0.000000 1.000000 0.000000
vn 0.000000 1.000000 0.000000
vn 0.000000 1.000000 0.000000
vn 0.000000 1.000000 0.000000
vn 0.000000 1.000000 0.000000
vn 0.000000 1.000000 0.000000
vn 0.000000 1.000000 0.000000
vn 0.000000 1.000000 0.000000
vn 0.000000 1.000000 0.000000
vn 0.000000 1.000000 0.000000
vn 0.000000 1.000000 0.000000
vn 0.000000 1.000000 0.000000
vn 0.000000 1.000000 0.000000
vn 0.000000 1.000000 0.000000
vn 0.000000 1.000000 0.000000
vn 0.000000 1.000000 0.000000
vn 0.000000 1.000000 0.000000
vn 0.000000 1.000000 0.000000
vn 0.000000 1.000000 0.000000
vn 0.000000 1.000000 0.000000
vn 0.000000 1.000000 0.000000
vn 0.000000 1.000000 0.000000
vn 0.000000 1.000000 0.000000
vn 0.000000 1.000000 0.000000
vn 0.000000 1.000000 0.000000
vn 0.000000 1.000000 0.000000
vn 0.000000 1.000000 0.000000
vn 0.000000 1.000000 0.000000
vn 0.000000 1.000000 0.000000
vn 0.966247 -0.155705 -0.205239
vn 0.902458 -0.155707 -0.401652
vn 0.913537 -0.004752 -0.406728
vn 0.978138 -0.004752 -0.207903
vn 0.799230 -0.155715 -0.580504
vn 0.809011 -0.004752 -0.587775
vn 0.661071 -0.155713 -0.733988
vn 0.669126 -0.004752 -0.743133
vn 0.494020 -0.155711 -0.855394
vn 0.499998 -0.004752 -0.866014
vn 0.305378 -0.155710 -0.939414
vn 0.309018 -0.004752 -0.951044
vn 0.103389 -0.155708 -0.982378
vn 0.104531 -0.004752 -0.994510
vn -0.103117 -0.155708 -0.982406
vn -0.104522 -0.004752 -0.994511
vn -0.305118 -0.155710 -0.939499
vn -0.309010 -0.004752 -0.951047
vn -0.493784 -0.155711 -0.855530
vn -0.499991 -0.004752 -0.866017
vn -0.660866 -0.155716 -0.734172
vn -0.669120 -0.004752 -0.743139
vn -0.799070 -0.155704 -0.580727
vn -0.809005 -0.004752 -0.587782
vn -0.902346 -0.155716 -0.401900
vn -0.913534 -0.004752 -0.406736
vn -0.966189 -0.155705 -0.205510
vn -0.978136 -0.004752 -0.207914
vn -0.987803 -0.155709 -0.000137
vn -0.999989 -0.004752 -0.000004
vn -0.966246 -0.155705 0.205243
vn -0.978137 -0.004752 0.207906
vn -0.902458 -0.155712 0.401651
vn -0.913537 -0.004752 0.406729
vn -0.799230 -0.155704 0.580506
vn -0.809010 -0.004752 0.587775
vn -0.661070 -0.155708 0.733990
vn -0.669127 -0.004752 0.743133
vn -0.494020 -0.155722 0.855392
vn -0.499999 -0.004752 0.866013
vn -0.305379 -0.155711 0.939414
vn -0.309016 -0.004752 0.951045
vn -0.103390 -0.155705 0.982378
vn -0.104531 -0.004752 0.994510
vn 0.103118 -0.155704 0.982407
vn 0.104522 -0.004752 0.994511
vn 0.305119 -0.155709 0.939498
vn 0.309008 -0.004752 0.951048
vn 0.493782 -0.155722 0.855529
vn 0.499991 -0.004752 0.866018
vn 0.660866 -0.155716 0.734172
vn 0.669121 -0.004752 0.743138
vn 0.799069 -0.155708 0.580727
vn 0.809006 -0.004752 0.587782
vn 0.902346 -0.155717 0.401900
vn 0.913533 -0.004752 0.406737
vn 0.966188 -0.155714 0.205510
vn 0.978136 -0.004752 0.207914
vn 0.987802 -0.155714 0.000140
vn 0.999989 -0.004752 0.000006
vn 1.000000 0.000000 0.000002
vn 0.978148 0.000000 -0.207910
vn 0.978148 0.000000 -0.207910
vn 1.000000 0.000000 0.000002
vn 0.978147 0.000000 0.207913
vn 0.978147 0.000000 0.207913
vn 0.913545 0.000000 0.406737
vn 0.913545 0.000000 0.406737
vn 0.809018 0.000000 0.587784
vn 0.809018 0.000000 0.587784
vn 0.669131 0.000000 0.743145
vn 0.669130 0.000000 0.743145
vn 0.500000 0.000000 0.866025
vn 0.500000 0.000000 0.866025
vn 0.309017 0.000000 0.951056
vn 0.309017 0.000000 0.951057
vn 0.104528 0.000000 0.994522
vn 0.104528 0.000000 0.994522
vn -0.104528 0.000000 0.994522
vn -0.104528 0.000000 0.994522
vn -0.309017 0.000000 0.951057
vn -0.309017 0.000000 0.951056
vn -0.500001 0.000000 0.866025
vn -0.500001 0.000000 0.866025
vn -0.669130 0.000000 0.743145
vn -0.669130 0.000000 0.743145
vn -0.809017 0.000000 0.587785
vn -0.809017 0.000000 0.587785
vn -0.913546 0.000000 0.406736
vn -0.913546 0.000000 0.406736
vn -0.978147 0.000000 0.207914
vn -0.978147 0.000000 0.207914
vn -1.000000 0.000000 -0.000000
vn -1.000000 0.000000 0.000000
vn -0.978147 0.000000 -0.207914
vn -0.978147 0.000000 -0.207914
vn -0.913546 0.000000 -0.406736
vn -0.913546 0.000000 -0.406736
vn -0.809018 0.000000 -0.587784
vn -0.809018 0.000000 -0.587784
vn -0.669130 0.000000 -0.743145
vn -0.669130 0.000000 -0.743145
vn -0.499999 0.000000 -0.866026
vn -0.499999 0.000000 -0.866026
vn -0.309017 0.000000 -0.951056
vn -0.309017 0.000000 -0.951056
vn -0.104529 0.000000 -0.994522
vn -0.104529 0.000000 -0.994522
vn 0.104529 0.000000 -0.994522
vn 0.104529 0.000000 -0.994522
vn 0.309017 0.000000 -0.951056
vn 0.309017 0.000000 -0.951056
vn 0.499998 0.000000 -0.866026
vn 0.499998 0.000000 -0.866026
vn 0.669131 0.000000 -0.743144
vn 0.669131 0.000000 -0.743144
vn 0.809017 0.000000 -0.587785
vn 0.809017 0.000000 -0.587785
vn 0.913545 0.000000 -0.406737
vn 0.913545 0.000000 -0.406737
vn 0.874131 -0.448834 -0.185591
vn 0.816442 -0.448832 -0.363279
vn 0.354263 -0.921824 -0.157286
vn 0.379222 -0.921824 -0.080193
vn 0.723071 -0.448832 -0.525088
vn 0.313820 -0.921824 -0.227504
vn 0.598098 -0.448832 -0.663949
vn 0.259662 -0.921823 -0.287781
vn 0.446986 -0.448831 -0.773793
vn 0.194155 -0.921823 -0.335479
vn 0.276338 -0.448830 -0.849817
vn 0.120162 -0.921823 -0.368515
vn 0.093612 -0.448831 -0.888700
vn 0.040917 -0.921823 -0.385445
vn -0.093204 -0.448831 -0.888743
vn -0.040115 -0.921823 -0.385529
vn -0.275949 -0.448829 -0.849944
vn -0.119395 -0.921823 -0.368765
vn -0.446631 -0.448831 -0.773997
vn -0.193455 -0.921824 -0.335882
vn -0.597794 -0.448833 -0.664223
vn -0.259061 -0.921824 -0.288320
vn -0.722831 -0.448832 -0.525419
vn -0.313345 -0.921824 -0.228157
vn -0.816276 -0.448830 -0.363654
vn -0.353937 -0.921823 -0.158024
vn -0.874046 -0.448832 -0.185994
vn -0.379055 -0.921824 -0.080984
vn -0.893616 -0.448832 -0.000205
vn -0.387610 -0.921823 -0.000404
vn -0.874131 -0.448831 0.185593
vn -0.379223 -0.921824 0.080194
vn -0.816442 -0.448831 0.363280
vn -0.354264 -0.921823 0.157287
vn -0.723071 -0.448832 0.525089
vn -0.313820 -0.921824 0.227504
vn -0.598099 -0.448833 0.663948
vn -0.259662 -0.921824 0.287780
vn -0.446986 -0.448832 0.773791
vn -0.194154 -0.921823 0.335478
vn -0.276336 -0.448830 0.849817
vn -0.120162 -0.921823 0.368515
vn -0.093611 -0.448831 0.888700
vn -0.040918 -0.921825 0.385441
vn 0.093204 -0.448832 0.888742
vn 0.040115 -0.921825 0.385525
vn 0.275947 -0.448830 0.849944
vn 0.119395 -0.921823 0.368765
vn 0.446632 -0.448827 0.773999
vn 0.193457 -0.921822 0.335885
vn 0.597795 -0.448832 0.664222
vn 0.259061 -0.921824 0.288320
vn 0.722830 -0.448832 0.525420
vn 0.313345 -0.921824 0.228157
vn 0.816275 -0.448833 0.363654
vn 0.353934 -0.921824 0.158023
vn 0.874047 -0.448829 0.185994
vn 0.379058 -0.921822 0.080984
vn 0.893617 -0.448830 0.000206
vn 0.387610 -0.921824 0.000405
vn 0.865178 0.466449 -0.184100
vn 0.807996 0.466447 -0.359959
vn 0.715500 0.466446 -0.520085
vn 0.591732 0.466449 -0.657480
vn 0.442103 0.466447 -0.766141
vn 0.273153 0.466447 -0.841317
vn 0.092263 0.466447 -0.879724
vn -0.092657 0.466448 -0.879683
vn -0.273529 0.466446 -0.841195
vn -0.442446 0.466448 -0.765942
vn -0.592026 0.466448 -0.657215
vn -0.715732 0.466446 -0.519765
vn -0.808157 0.466446 -0.359598
vn -0.865261 0.466446 -0.183715
vn -0.884551 0.466443 0.000198
vn -0.865179 0.466447 0.184102
vn -0.807997 0.466444 0.359960
vn -0.715498 0.466449 0.520085
vn -0.591733 0.466447 0.657480
vn -0.442104 0.466445 0.766142
vn -0.273152 0.466446 0.841318
vn -0.092263 0.466448 0.879723
vn 0.092657 0.466448 0.879682
vn 0.273528 0.466446 0.841196
vn 0.442446 0.466446 0.765944
vn 0.592027 0.466448 0.657215
vn 0.715731 0.466448 0.519764
vn 0.808156 0.466447 0.359599
vn 0.865261 0.466447 0.183715
vn 0.884550 0.466446 -0.000196
vn 0.842678 -0.452351 -0.292014
vn 0.315971 -0.938350 -0.140218
vn 0.303291 0.943222 -0.135453
vn 0.324825 0.943222 -0.069434
vn 0.279914 -0.938350 -0.202848
vn 0.268502 0.943221 -0.195551
vn 0.231622 -0.938351 -0.256612
vn 0.221977 0.943222 -0.247102
vn 0.173207 -0.938351 -0.299161
vn 0.165750 0.943222 -0.287854
vn 0.107223 -0.938350 -0.328637
vn 0.102280 0.943221 -0.316025
vn 0.036553 -0.938351 -0.343747
vn 0.034340 0.943222 -0.330384
vn -0.035715 -0.938351 -0.343835
vn -0.035101 0.943222 -0.330303
vn -0.106422 -0.938350 -0.328897
vn -0.103008 0.943221 -0.315789
vn -0.172477 -0.938351 -0.299583
vn -0.166413 0.943222 -0.287471
vn -0.230996 -0.938350 -0.257177
vn -0.222546 0.943221 -0.246590
vn -0.279418 -0.938351 -0.203529
vn -0.268952 0.943222 -0.194931
vn -0.312053 -0.939851 -0.138935
vn -0.303604 0.943221 -0.134754
vn -0.856119 -0.420347 -0.300615
vn -0.324985 0.943221 -0.068686
vn -0.999909 0.013512 0.000000
vn -0.332167 0.943220 0.000383
vn -0.856119 -0.420346 0.300615
vn -0.324826 0.943221 0.069436
vn -0.315973 -0.938350 0.140219
vn -0.303294 0.943221 0.135454
vn -0.279912 -0.938351 0.202846
vn -0.268500 0.943222 0.195550
vn -0.231622 -0.938350 0.256613
vn -0.221977 0.943221 0.247102
vn -0.173208 -0.938350 0.299163
vn -0.165751 0.943221 0.287855
vn -0.107223 -0.938350 0.328637
vn -0.102281 0.943221 0.316026
vn -0.036553 -0.938351 0.343747
vn -0.034340 0.943222 0.330384
vn 0.035715 -0.938351 0.343835
vn 0.035101 0.943222 0.330303
vn 0.106422 -0.938350 0.328897
vn 0.103008 0.943221 0.315789
vn 0.172479 -0.938350 0.299584
vn 0.166414 0.943221 0.287473
vn 0.230995 -0.938351 0.257176
vn 0.222546 0.943222 0.246590
vn 0.279417 -0.938351 0.203529
vn 0.268951 0.943222 0.194931
vn 0.312052 -0.939852 0.138935
vn 0.303603 0.943222 0.134754
vn 0.842681 -0.452343 0.292017
vn 0.324985 0.943222 0.068686
vn 0.999160 -0.040967 0.000002
vn 0.332164 0.943221 -0.000382
vn 0.966849 0.035957 -0.252805
vn 0.895906 0.195907 -0.398713
vn 0.895123 -0.007376 -0.445758
vn 0.945794 0.042473 -0.321979
vn 0.793380 0.193030 -0.577311
vn 0.807805 0.015549 -0.589244
vn 0.656014 0.193028 -0.729647
vn 0.667643 0.015543 -0.744319
vn 0.489977 0.193029 -0.850096
vn 0.498300 0.015544 -0.866865
vn 0.302526 0.193029 -0.933391
vn 0.307181 0.015548 -0.951524
vn 0.101852 0.193030 -0.975892
vn 0.102633 0.015551 -0.994598
vn -0.103276 0.193031 -0.975742
vn -0.106398 0.015550 -0.994202
vn -0.303887 0.193029 -0.932949
vn -0.310779 0.015546 -0.950355
vn -0.491216 0.193029 -0.849380
vn -0.501579 0.015547 -0.864972
vn -0.657077 0.193029 -0.728690
vn -0.670454 0.015546 -0.741788
vn -0.794222 0.193031 -0.576151
vn -0.810031 0.015550 -0.586181
vn -0.896655 0.193030 -0.398433
vn -0.894800 -0.033305 -0.445224
vn -0.966587 0.032676 -0.254249
vn -0.945190 0.043953 -0.323548
vn -0.999831 -0.018363 -0.000159
vn -0.999444 0.033332 0.000000
vn -0.966665 0.032677 0.253950
vn -0.945190 0.043953 0.323548
vn -0.895907 0.195906 0.398713
vn -0.894771 -0.008478 0.446446
vn -0.793381 0.193031 0.577310
vn -0.807805 0.015550 0.589245
vn -0.656014 0.193030 0.729647
vn -0.667643 0.015548 0.744319
vn -0.489977 0.193029 0.850096
vn -0.498300 0.015551 0.866865
vn -0.302524 0.193029 0.933391
vn -0.307179 0.015551 0.951525
vn -0.101851 0.193031 0.975892
vn -0.102633 0.015553 0.994598
vn 0.103274 0.193031 0.975743
vn 0.106397 0.015550 0.994202
vn 0.303887 0.193031 0.932948
vn 0.310779 0.015549 0.950355
vn 0.491216 0.193028 0.849380
vn 0.501576 0.015546 0.864974
vn 0.657077 0.193029 0.728690
vn 0.670456 0.015550 0.741786
vn 0.794222 0.193030 0.576151
vn 0.810030 0.015549 0.586182
vn 0.896655 0.193032 0.398432
vn 0.895183 -0.032192 0.444535
vn 0.966770 0.035956 0.253107
vn 0.945793 0.042470 0.321982
vn 0.999900 -0.014128 0.000163
vn 0.999446 0.033294 0.000002
vn 0.963752 -0.171277 -0.204565
vn 0.900158 -0.171280 -0.400473
vn 0.797224 -0.171277 -0.578876
vn 0.659449 -0.171275 -0.731978
vn 0.492852 -0.171275 -0.853089
vn 0.304715 -0.171277 -0.936917
vn 0.103261 -0.171279 -0.979796
vn -0.102709 -0.171278 -0.979854
vn -0.304188 -0.171278 -0.937088
vn -0.492371 -0.171276 -0.853367
vn -0.659036 -0.171278 -0.732350
vn -0.796899 -0.171280 -0.579323
vn -0.899934 -0.171278 -0.400978
vn -0.963636 -0.171277 -0.205111
vn -0.985223 -0.171279 -0.000277
vn -0.963751 -0.171278 0.204568
vn -0.900158 -0.171279 0.400473
vn -0.797225 -0.171278 0.578875
vn -0.659449 -0.171277 0.731978
vn -0.492851 -0.171279 0.853089
vn -0.304714 -0.171281 0.936916
vn -0.103259 -0.171280 0.979796
vn 0.102708 -0.171279 0.979854
vn 0.304188 -0.171281 0.937087
vn 0.492373 -0.171275 0.853366
vn 0.659036 -0.171276 0.732350
vn 0.796898 -0.171277 0.579325
vn 0.899933 -0.171280 0.400978
vn 0.963636 -0.171277 0.205107
vn 0.985223 -0.171277 0.000281
vn 0.977931 -0.020684 -0.207902
vn 0.913335 -0.020684 -0.406684
vn -0.476900 -0.853162 0.211379
vn -0.510426 -0.853163 0.107605
vn 0.808822 -0.020684 -0.587690
vn -0.422533 -0.853160 0.305914
vn 0.668960 -0.020684 -0.743011
vn -0.349697 -0.853159 0.387080
vn 0.499860 -0.020684 -0.865859
vn -0.261576 -0.853160 0.451327
vn 0.308915 -0.020684 -0.950865
vn -0.162023 -0.853160 0.495849
vn 0.104468 -0.020684 -0.994313
vn -0.055390 -0.853163 0.518696
vn -0.104543 -0.020684 -0.994305
vn 0.053663 -0.853162 0.518878
vn -0.308987 -0.020684 -0.950841
vn 0.160374 -0.853159 0.496386
vn -0.499926 -0.020684 -0.865821
vn 0.260071 -0.853160 0.452195
vn -0.669016 -0.020684 -0.742960
vn 0.348406 -0.853160 0.388240
vn -0.808867 -0.020684 -0.587628
vn 0.421508 -0.853164 0.307316
vn -0.913365 -0.020684 -0.406615
vn 0.476195 -0.853161 0.212966
vn -0.977946 -0.020684 -0.207831
vn 0.510067 -0.853161 0.109307
vn -0.999786 -0.020684 0.000038
vn 0.521649 -0.853160 0.000867
vn -0.977930 -0.020684 0.207905
vn 0.510428 -0.853161 -0.107607
vn -0.913334 -0.020684 0.406685
vn 0.476901 -0.853161 -0.211381
vn -0.808821 -0.020684 0.587690
vn 0.422529 -0.853163 -0.305911
vn -0.668961 -0.020684 0.743010
vn 0.349694 -0.853162 -0.387077
vn -0.499861 -0.020684 0.865859
vn 0.261575 -0.853161 -0.451326
vn -0.308913 -0.020684 0.950865
vn 0.162022 -0.853162 -0.495847
vn -0.104468 -0.020684 0.994313
vn 0.055391 -0.853163 -0.518695
vn 0.104543 -0.020684 0.994305
vn -0.053663 -0.853163 -0.518877
vn 0.308985 -0.020684 0.950842
vn -0.160372 -0.853162 -0.496383
vn 0.499926 -0.020684 0.865821
vn -0.260073 -0.853159 -0.452196
vn 0.669017 -0.020684 0.742959
vn -0.348404 -0.853161 -0.388240
vn 0.808866 -0.020685 0.587629
vn -0.421510 -0.853161 -0.307319
vn 0.913365 -0.020684 0.406616
vn -0.476194 -0.853162 -0.212964
vn 0.977946 -0.020684 0.207829
vn -0.510066 -0.853162 -0.109305
vn 0.999786 -0.020684 -0.000036
vn -0.521652 -0.853158 -0.000869
vn 0.000000 1.000000 0.000000
vn 0.000000 1.000000 0.000000
vn 0.000000 1.000000 0.000000
vn 0.000000 1.000000 0.000000
vn 0.000000 1.000000 0.000000
vn 0.000000 1.000000 0.000000
vn 0.000000 1.000000 0.000000
vn 0.000000 1.000000 0.000000
vn 0.000000 1.000000 0.000000
vn 0.000000 1.000000 0.000000
vn 0.000000 1.000000 0.000000
vn 0.000000 1.000000 0.000000
vn 0.000000 1.000000 0.000000
vn 0.000000 1.000000 0.000000
vn 0.000000 1.000000 0.000000
vn 0.000000 1.000000 0.000000
vn 0.000000 1.000000 0.000000
vn 0.000000 1.000000 0.000000
vn 0.000000 1.000000 0.000000
vn 0.000000 1.000000 0.000000
vn 0.000000 1.000000 0.000000
vn 0.000000 1.000000 0.000000
vn 0.000000 1.000000 0.000000
vn 0.000000 1.000000 0.000000
vn 0.000000 1.000000 0.000000
vn 0.000000 1.000000 0.000000
vn 0.000000 1.000000 0.000000
vn 0.000000 1.000000 0.000000
vn 0.000000 1.000000 0.000000
vn 0.000000 1.000000 0.000000
vn 0.000000 1.000000 0.000000
vn 0.000000 1.000000 0.000000
vn 0.000000 1.000000 0.000000
vn 0.000000 1.000000 0.000000
vn 0.000000 1.000000 0.000000
vn 0.000000 1.000000 0.000000
vn 0.000000 1.000000 0.000000
vn 0.000000 1.000000 0.000000
vn 0.000000 1.000000 0.000000
vn 0.000000 1.000000 0.000000
vn 0.000000 1.000000 0.000000
vn 0.000000 1.000000 0.000000
vn 0.000000 1.000000 0.000000
vn 0.000000 1.000000 0.000000
vn 0.000000 1.000000 0.000000
vn 0.000000 1.000000 0.000000
vn 0.000000 1.000000 0.000000
vn 0.000000 1.000000 0.000000
vn 0.000000 1.000000 0.000000
vn 0.000000 1.000000 0.000000
vn 0.000000 1.000000 0.000000
vn 0.000000 1.000000 0.000000
vn 0.000000 1.000000 0.000000
vn 0.000000 1.000000 0.000000
vn 0.000000 1.000000 0.000000
vn 0.000000 1.000000 0.000000
vn 0.000000 1.000000 0.000000
vn 0.000000 1.000000 0.000000
vn 0.000000 1.000000 0.000000
vn 0.000000 1.000000 0.000000
vn -0.978148 0.000000 0.207909
vn -0.913545 0.000000 0.406737
vn -0.913545 0.000000 0.406737
vn -0.978148 0.000000 0.207909
vn -0.809017 0.000000 0.587785
vn -0.809017 0.000000 0.587785
vn -0.669131 0.000000 0.743145
vn -0.669131 0.000000 0.743145
vn -0.500000 0.000000 0.866025
vn -0.500000 0.000000 0.866025
vn -0.309017 0.000000 0.951057
vn -0.309017 0.000000 0.951057
vn -0.104529 0.000000 0.994522
vn -0.104528 0.000000 0.994522
vn 0.104529 0.000000 0.994522
vn 0.104529 0.000000 0.994522
vn 0.309016 0.000000 0.951057
vn 0.309016 0.000000 0.951057
vn 0.500000 0.000000 0.866025
vn 0.500000 0.000000 0.866025
vn 0.669132 0.000000 0.743144
vn 0.669132 0.000000 0.743144
vn 0.809017 0.000000 0.587786
vn 0.809017 0.000000 0.587786
vn 0.913545 0.000000 0.406738
vn 0.913545 0.000000 0.406738
vn 0.978148 0.000000 0.207912
vn 0.978148 0.000000 0.207911
vn 1.000000 0.000000 0.000000
vn 1.000000 0.000000 -0.000000
vn 0.978148 0.000000 -0.207911
vn 0.978148 0.000000 -0.207912
vn 0.913545 0.000000 -0.406738
vn 0.913545 0.000000 -0.406738
vn 0.809017 0.000000 -0.587786
vn 0.809017 0.000000 -0.587786
vn 0.669131 0.000000 -0.743145
vn 0.669131 0.000000 -0.743145
vn 0.500000 0.000000 -0.866025
vn 0.500000 0.000000 -0.866025
vn 0.309016 0.000000 -0.951057
vn 0.309016 0.000000 -0.951057
vn 0.104527 0.000000 -0.994522
vn 0.104527 0.000000 -0.994522
vn -0.104527 0.000000 -0.994522
vn -0.104527 0.000000 -0.994522
vn -0.309016 0.000000 -0.951057
vn -0.309016 0.000000 -0.951057
vn -0.500000 0.000000 -0.866025
vn -0.500000 0.000000 -0.866025
vn -0.669130 0.000000 -0.743145
vn -0.669130 0.000000 -0.743145
vn -0.809017 0.000000 -0.587785
vn -0.809017 0.000000 -0.587785
vn -0.913546 0.000000 -0.406736
vn -0.913546 0.000000 -0.406736
vn -0.978148 0.000000 -0.207911
vn -0.978148 0.000000 -0.207911
vn -1.000000 0.000000 -0.000002
vn -1.000000 0.000000 -0.000002
vn -0.028147 -0.999599 0.002958
vn -0.028146 -0.999599 0.002958
vn -0.028146 -0.999600 0.002958
vn -0.028147 -0.999599 0.002958
vn -0.028146 0.999599 0.002958
vn -0.028147 0.999599 0.002958
vn -0.028147 0.999599 0.002958
vn -0.028146 0.999600 0.002958
vn -0.028147 -0.999599 -0.002958
vn -0.028147 -0.999599 -0.002958
vn -0.028147 -0.999599 -0.002958
vn -0.028147 -0.999599 -0.002958
vn -0.028147 0.999599 -0.002958
vn -0.028147 0.999599 -0.002958
vn -0.028147 0.999599 -0.002958
vn -0.028147 0.999599 -0.002958
vn -0.026917 -0.999599 -0.008746
vn -0.026917 -0.999599 -0.008746
vn -0.026917 -0.999599 -0.008746
vn -0.026917 -0.999599 -0.008746
vn -0.026917 0.999599 -0.008746
vn -0.026917 0.999599 -0.008746
vn -0.026917 0.999599 -0.008746
vn -0.026917 0.999599 -0.008746
vn -0.024509 -0.999599 -0.014150
vn -0.024510 -0.999600 -0.014151
vn -0.024510 -0.999599 -0.014151
vn -0.024509 -0.999599 -0.014150
vn -0.024510 0.999599 -0.014151
vn -0.024509 0.999599 -0.014150
vn -0.024509 0.999599 -0.014150
vn -0.024510 0.999600 -0.014151
vn -0.021032 -0.999599 -0.018938
vn -0.021032 -0.999599 -0.018937
vn -0.021032 -0.999599 -0.018937
vn -0.021032 -0.999599 -0.018937
vn -0.021032 0.999599 -0.018937
vn -0.021032 0.999599 -0.018938
vn -0.021032 0.999599 -0.018938
vn -0.021032 0.999599 -0.018937
vn -0.016636 -0.999599 -0.022897
vn -0.016635 -0.999599 -0.022897
vn -0.016635 -0.999599 -0.022896
vn -0.016636 -0.999599 -0.022897
vn -0.016635 0.999599 -0.022896
vn -0.016636 0.999599 -0.022897
vn -0.016636 0.999599 -0.022897
vn -0.016635 0.999599 -0.022896
vn -0.011511 -0.999599 -0.025855
vn -0.011511 -0.999599 -0.025855
vn -0.011511 -0.999599 -0.025855
vn -0.011511 -0.999599 -0.025855
vn -0.011511 0.999599 -0.025855
vn -0.011511 0.999599 -0.025855
vn -0.011511 0.999599 -0.025855
vn -0.011511 0.999599 -0.025855
vn -0.005884 -0.999599 -0.027682
vn -0.005884 -0.999599 -0.027683
vn -0.005884 -0.999599 -0.027683
vn -0.005884 -0.999600 -0.027682
vn -0.005884 0.999599 -0.027683
vn -0.005884 0.999600 -0.027682
vn -0.005884 0.999599 -0.027682
vn -0.005884 0.999599 -0.027683
vn 0.000000 -0.999599 -0.028301
vn 0.000000 -0.999599 -0.028301
vn 0.000000 -0.999599 -0.028301
vn 0.000000 -0.999600 -0.028301
vn 0.000000 0.999599 -0.028301
vn 0.000000 0.999599 -0.028301
vn 0.000000 0.999600 -0.028301
vn 0.000000 0.999599 -0.028301
vn 0.005884 -0.999599 -0.027684
vn 0.005884 -0.999600 -0.027682
vn 0.005884 -0.999599 -0.027682
vn 0.005884 -0.999599 -0.027684
vn 0.005884 0.999599 -0.027682
vn 0.005884 0.999599 -0.027683
vn 0.005884 0.999599 -0.027684
vn 0.005884 0.999599 -0.027682
vn 0.011511 -0.999599 -0.025855
vn 0.011511 -0.999599 -0.025855
vn 0.011511 -0.999599 -0.025855
vn 0.011511 -0.999599 -0.025855
vn 0.011512 0.999599 -0.025855
vn 0.011511 0.999599 -0.025855
vn 0.011511 0.999599 -0.025855
vn 0.011512 0.999599 -0.025855
vn 0.016635 -0.999599 -0.022896
vn 0.016635 -0.999599 -0.022897
vn 0.016635 -0.999599 -0.022897
vn 0.016635 -0.999599 -0.022896
vn 0.016635 0.999599 -0.022897
vn 0.016635 0.999599 -0.022896
vn 0.016635 0.999599 -0.022896
vn 0.016635 0.999599 -0.022896
vn 0.021032 -0.999599 -0.018937
vn 0.021032 -0.999599 -0.018937
vn 0.021032 -0.999600 -0.018937
vn 0.021032 -0.999599 -0.018937
vn 0.021032 0.999599 -0.018937
vn 0.021032 0.999599 -0.018937
vn 0.021032 0.999599 -0.018937
vn 0.021032 0.999599 -0.018937
vn 0.024510 -0.999599 -0.014151
vn 0.024509 -0.999599 -0.014150
vn 0.024509 -0.999600 -0.014150
vn 0.024510 -0.999600 -0.014151
vn 0.024509 0.999600 -0.014150
vn 0.024510 0.999599 -0.014151
vn 0.024510 0.999599 -0.014151
vn 0.024509 0.999599 -0.014150
vn 0.026916 -0.999599 -0.008745
vn 0.026916 -0.999599 -0.008746
vn 0.026916 -0.999599 -0.008746
vn 0.026916 -0.999599 -0.008745
vn 0.026916 0.999599 -0.008746
vn 0.026916 0.999599 -0.008745
vn 0.026916 0.999599 -0.008745
vn 0.026916 0.999599 -0.008746
vn 0.028147 -0.999599 -0.002958
vn 0.028146 -0.999600 -0.002958
vn 0.028146 -0.999599 -0.002958
vn 0.028147 -0.999599 -0.002958
vn 0.028146 0.999599 -0.002958
vn 0.028147 0.999599 -0.002958
vn 0.028147 0.999599 -0.002958
vn 0.028146 0.999599 -0.002958
vn 0.028146 -0.999599 0.002958
vn 0.028147 -0.999599 0.002958
vn 0.028147 -0.999599 0.002958
vn 0.028146 -0.999599 0.002958
vn 0.028147 0.999599 0.002958
vn 0.028146 0.999600 0.002958
vn 0.028146 0.999599 0.002958
vn 0.028147 0.999599 0.002958
vn 0.026916 -0.999599 0.008746
vn 0.026916 -0.999599 0.008745
vn 0.026916 -0.999599 0.008745
vn 0.026916 -0.999599 0.008746
vn 0.026916 0.999599 0.008745
vn 0.026916 0.999599 0.008746
vn 0.026916 0.999599 0.008746
vn 0.026916 0.999599 0.008745
vn 0.024509 -0.999599 0.014150
vn 0.024510 -0.999599 0.014151
vn 0.024510 -0.999599 0.014151
vn 0.024509 -0.999599 0.014151
vn 0.024510 0.999599 0.014151
vn 0.024509 0.999599 0.014150
vn 0.024509 0.999600 0.014150
vn 0.024510 0.999599 0.014151
vn 0.021032 -0.999599 0.018937
vn 0.021032 -0.999599 0.018937
vn 0.021032 -0.999600 0.018937
vn 0.021032 -0.999599 0.018937
vn 0.021032 0.999599 0.018937
vn 0.021032 0.999599 0.018937
vn 0.021032 0.999600 0.018937
vn 0.021032 0.999599 0.018937
vn 0.016635 -0.999599 0.022897
vn 0.016635 -0.999599 0.022896
vn 0.016635 -0.999599 0.022896
vn 0.016635 -0.999599 0.022897
vn 0.016635 0.999599 0.022896
vn 0.016635 0.999599 0.022897
vn 0.016635 0.999599 0.022897
vn 0.016635 0.999600 0.022896
vn 0.011512 -0.999599 0.025855
vn 0.011511 -0.999599 0.025855
vn 0.011511 -0.999599 0.025855
vn 0.011512 -0.999599 0.025855
vn 0.011511 0.999599 0.025855
vn 0.011512 0.999599 0.025855
vn 0.011512 0.999599 0.025855
vn 0.011511 0.999600 0.025855
vn 0.005884 -0.999599 0.027682
vn 0.005884 -0.999599 0.027683
vn 0.005884 -0.999599 0.027683
vn 0.005884 -0.999599 0.027682
vn 0.005884 0.999599 0.027683
vn 0.005884 0.999600 0.027682
vn 0.005884 0.999599 0.027682
vn 0.005884 0.999599 0.027683
vn 0.000000 -0.999599 0.028301
vn 0.000000 -0.999599 0.028301
vn 0.000000 -0.999600 0.028301
vn 0.000000 -0.999599 0.028301
vn 0.000000 0.999599 0.028301
vn 0.000000 0.999599 0.028301
vn 0.000000 0.999599 0.028301
vn 0.000000 0.999599 0.028301
vn -0.005884 -0.999599 0.027683
vn -0.005884 -0.999599 0.027682
vn -0.005884 -0.999599 0.027682
vn -0.005884 -0.999599 0.027683
vn -0.005884 0.999600 0.027682
vn -0.005884 0.999599 0.027683
vn -0.005884 0.999599 0.027683
vn -0.005884 0.999599 0.027682
vn -0.011511 -0.999599 0.025855
vn -0.011511 -0.999599 0.025855
vn -0.011511 -0.999599 0.025855
vn -0.011511 -0.999599 0.025855
vn -0.011511 0.999599 0.025855
vn -0.011511 0.999599 0.025855
vn -0.011511 0.999599 0.025855
vn -0.011511 0.999599 0.025855
vn -0.016635 -0.999599 0.022896
vn -0.016635 -0.999599 0.022897
vn -0.016635 -0.999599 0.022897
vn -0.016635 -0.999600 0.022896
vn -0.016635 0.999599 0.022897
vn -0.016635 0.999599 0.022896
vn -0.016635 0.999600 0.022896
vn -0.016635 0.999599 0.022897
vn -0.021032 -0.999599 0.018937
vn -0.021032 -0.999599 0.018937
vn -0.021032 -0.999599 0.018937
vn -0.021032 -0.999599 0.018937
vn -0.021032 0.999599 0.018937
vn -0.021032 0.999599 0.018937
vn -0.021032 0.999600 0.018937
vn -0.021032 0.999599 0.018937
vn -0.024510 -0.999599 0.014151
vn -0.024510 -0.999599 0.014151
vn -0.024510 -0.999599 0.014151
vn -0.024510 -0.999599 0.014151
vn -0.024510 0.999599 0.014151
vn -0.024510 0.999599 0.014151
vn -0.024510 0.999599 0.014151
vn -0.024510 0.999599 0.014151
vn -0.026916 -0.999599 0.008745
vn -0.026916 -0.999599 0.008746
vn -0.026916 -0.999599 0.008746
vn -0.026916 -0.999599 0.008745
vn -0.026916 0.999599 0.008746
vn -0.026916 0.999599 0.008745
vn -0.026916 0.999599 0.008745
vn -0.026916 0.999599 0.008746
vn -0.307334 -0.951053 0.032300
vn -0.307348 -0.951049 0.032302
vn -0.307348 -0.951049 0.032302
vn -0.307335 -0.951053 0.032300
vn -0.307353 0.951047 0.032302
vn -0.307339 0.951052 0.032301
vn -0.307338 0.951052 0.032301
vn -0.307352 0.951048 0.032302
vn -0.307338 -0.951052 -0.032302
vn -0.307334 -0.951053 -0.032302
vn -0.307334 -0.951053 -0.032302
vn -0.307337 -0.951052 -0.032302
vn -0.307338 0.951052 -0.032302
vn -0.307341 0.951051 -0.032303
vn -0.307342 0.951051 -0.032303
vn -0.307338 0.951052 -0.032302
vn -0.293908 -0.951051 -0.095497
vn -0.293905 -0.951052 -0.095496
vn -0.293905 -0.951052 -0.095496
vn -0.293908 -0.951051 -0.095497
vn -0.293909 0.951051 -0.095497
vn -0.293912 0.951050 -0.095498
vn -0.293912 0.951050 -0.095498
vn -0.293909 0.951051 -0.095497
vn -0.267639 -0.951048 -0.154520
vn -0.267632 -0.951051 -0.154517
vn -0.267632 -0.951051 -0.154517
vn -0.267639 -0.951048 -0.154520
vn -0.267635 0.951050 -0.154518
vn -0.267642 0.951047 -0.154523
vn -0.267642 0.951047 -0.154523
vn -0.267636 0.951049 -0.154518
vn -0.229655 -0.951052 -0.206783
vn -0.229663 -0.951048 -0.206789
vn -0.229663 -0.951048 -0.206789
vn -0.229656 -0.951051 -0.206784
vn -0.229666 0.951047 -0.206793
vn -0.229659 0.951050 -0.206786
vn -0.229659 0.951050 -0.206785
vn -0.229666 0.951047 -0.206793
vn -0.181650 -0.951049 -0.250019
vn -0.181644 -0.951052 -0.250012
vn -0.181644 -0.951052 -0.250012
vn -0.181650 -0.951049 -0.250019
vn -0.181647 0.951050 -0.250015
vn -0.181652 0.951047 -0.250023
vn -0.181652 0.951047 -0.250023
vn -0.181647 0.951050 -0.250015
vn -0.125693 -0.951053 -0.282312
vn -0.125699 -0.951048 -0.282323
vn -0.125699 -0.951048 -0.282324
vn -0.125693 -0.951052 -0.282313
vn -0.125700 0.951047 -0.282328
vn -0.125696 0.951051 -0.282316
vn -0.125696 0.951051 -0.282316
vn -0.125700 0.951047 -0.282327
vn -0.064254 -0.951048 -0.302289
vn -0.064250 -0.951053 -0.302276
vn -0.064250 -0.951053 -0.302276
vn -0.064254 -0.951048 -0.302288
vn -0.064252 0.951051 -0.302279
vn -0.064254 0.951047 -0.302293
vn -0.064254 0.951047 -0.302293
vn -0.064252 0.951051 -0.302280
vn 0.000000 -0.951049 -0.309041
vn 0.000000 -0.951049 -0.309041
vn 0.000000 -0.951049 -0.309041
vn 0.000000 -0.951049 -0.309041
vn 0.000000 0.951047 -0.309045
vn 0.000000 0.951047 -0.309045
vn 0.000000 0.951047 -0.309045
vn 0.000000 0.951047 -0.309045
vn 0.064251 -0.951053 -0.302274
vn 0.064253 -0.951048 -0.302289
vn 0.064253 -0.951048 -0.302289
vn 0.064251 -0.951053 -0.302275
vn 0.064255 0.951047 -0.302293
vn 0.064251 0.951052 -0.302279
vn 0.064251 0.951052 -0.302278
vn 0.064255 0.951047 -0.302292
vn 0.125699 -0.951048 -0.282326
vn 0.125694 -0.951053 -0.282311
vn 0.125693 -0.951053 -0.282310
vn 0.125699 -0.951048 -0.282326
vn 0.125694 0.951052 -0.282314
vn 0.125702 0.951047 -0.282329
vn 0.125702 0.951046 -0.282329
vn 0.125694 0.951052 -0.282315
vn 0.181648 -0.951050 -0.250017
vn 0.181651 -0.951048 -0.250022
vn 0.181651 -0.951048 -0.250022
vn 0.181648 -0.951050 -0.250017
vn 0.181654 0.951046 -0.250025
vn 0.181650 0.951048 -0.250021
vn 0.181650 0.951048 -0.250020
vn 0.181654 0.951046 -0.250025
vn 0.229660 -0.951050 -0.206787
vn 0.229661 -0.951049 -0.206788
vn 0.229661 -0.951049 -0.206788
vn 0.229660 -0.951050 -0.206787
vn 0.229665 0.951048 -0.206791
vn 0.229663 0.951048 -0.206790
vn 0.229663 0.951048 -0.206790
vn 0.229664 0.951048 -0.206791
vn 0.267639 -0.951048 -0.154522
vn 0.267635 -0.951050 -0.154519
vn 0.267635 -0.951050 -0.154518
vn 0.267639 -0.951048 -0.154522
vn 0.267638 0.951048 -0.154521
vn 0.267643 0.951047 -0.154523
vn 0.267643 0.951047 -0.154523
vn 0.267638 0.951048 -0.154521
vn 0.293920 -0.951047 -0.095501
vn 0.293918 -0.951048 -0.095500
vn 0.293918 -0.951048 -0.095500
vn 0.293920 -0.951047 -0.095501
vn 0.293922 0.951047 -0.095501
vn 0.293924 0.951046 -0.095502
vn 0.293924 0.951046 -0.095502
vn 0.293922 0.951046 -0.095501
vn 0.307334 -0.951053 -0.032301
vn 0.307352 -0.951047 -0.032305
vn 0.307353 -0.951047 -0.032305
vn 0.307335 -0.951053 -0.032302
vn 0.307358 0.951046 -0.032304
vn 0.307339 0.951052 -0.032304
vn 0.307338 0.951052 -0.032304
vn 0.307357 0.951046 -0.032304
vn 0.307354 -0.951047 0.032304
vn 0.307335 -0.951053 0.032303
vn 0.307334 -0.951053 0.032303
vn 0.307352 -0.951047 0.032304
vn 0.307338 0.951052 0.032302
vn 0.307356 0.951046 0.032306
vn 0.307357 0.951046 0.032306
vn 0.307339 0.951052 0.032302
vn 0.293918 -0.951048 0.095500
vn 0.293920 -0.951047 0.095500
vn 0.293920 -0.951047 0.095500
vn 0.293918 -0.951048 0.095500
vn 0.293924 0.951046 0.095502
vn 0.293922 0.951046 0.095501
vn 0.293922 0.951046 0.095501
vn 0.293923 0.951046 0.095502
vn 0.267633 -0.951050 0.154518
vn 0.267640 -0.951048 0.154521
vn 0.267640 -0.951048 0.154521
vn 0.267634 -0.951050 0.154518
vn 0.267643 0.951047 0.154523
vn 0.267638 0.951049 0.154520
vn 0.267637 0.951049 0.154519
vn 0.267643 0.951047 0.154523
vn 0.229662 -0.951049 0.206788
vn 0.229657 -0.951051 0.206785
vn 0.229657 -0.951051 0.206784
vn 0.229662 -0.951049 0.206788
vn 0.229661 0.951050 0.206787
vn 0.229664 0.951048 0.206791
vn 0.229664 0.951048 0.206791
vn 0.229661 0.951049 0.206787
vn 0.181646 -0.951051 0.250015
vn 0.181647 -0.951050 0.250017
vn 0.181647 -0.951050 0.250017
vn 0.181646 -0.951050 0.250015
vn 0.181650 0.951048 0.250021
vn 0.181649 0.951049 0.250019
vn 0.181649 0.951049 0.250019
vn 0.181650 0.951048 0.250020
vn 0.125697 -0.951050 0.282320
vn 0.125696 -0.951051 0.282317
vn 0.125696 -0.951051 0.282317
vn 0.125697 -0.951050 0.282320
vn 0.125698 0.951049 0.282321
vn 0.125699 0.951048 0.282324
vn 0.125699 0.951048 0.282324
vn 0.125698 0.951049 0.282321
vn 0.064254 -0.951048 0.302289
vn 0.064253 -0.951049 0.302286
vn 0.064253 -0.951049 0.302286
vn 0.064254 -0.951048 0.302289
vn 0.064254 0.951048 0.302290
vn 0.064255 0.951047 0.302293
vn 0.064255 0.951047 0.302293
vn 0.064254 0.951048 0.302290
vn 0.000000 -0.951049 0.309041
vn 0.000000 -0.951049 0.309041
vn 0.000000 -0.951049 0.309041
vn 0.000000 -0.951049 0.309041
vn 0.000000 0.951047 0.309045
vn 0.000000 0.951047 0.309045
vn 0.000000 0.951047 0.309045
vn 0.000000 0.951047 0.309045
vn -0.064254 -0.951049 0.302287
vn -0.064254 -0.951049 0.302287
vn -0.064254 -0.951049 0.302287
vn -0.064254 -0.951049 0.302287
vn -0.064255 0.951048 0.302291
vn -0.064255 0.951048 0.302291
vn -0.064255 0.951048 0.302291
vn -0.064255 0.951048 0.302291
vn -0.125696 -0.951051 0.282317
vn -0.125697 -0.951049 0.282322
vn -0.125697 -0.951049 0.282322
vn -0.125696 -0.951051 0.282318
vn -0.125699 0.951048 0.282326
vn -0.125697 0.951049 0.282322
vn -0.125697 0.951050 0.282321
vn -0.125699 0.951048 0.282326
vn -0.181644 -0.951052 0.250012
vn -0.181646 -0.951051 0.250015
vn -0.181646 -0.951051 0.250015
vn -0.181644 -0.951052 0.250012
vn -0.181649 0.951049 0.250018
vn -0.181646 0.951050 0.250015
vn -0.181646 0.951050 0.250015
vn -0.181649 0.951049 0.250018
vn -0.229660 -0.951050 0.206787
vn -0.229656 -0.951052 0.206783
vn -0.229656 -0.951052 0.206782
vn -0.229660 -0.951050 0.206787
vn -0.229659 0.951050 0.206786
vn -0.229664 0.951048 0.206789
vn -0.229664 0.951048 0.206789
vn -0.229659 0.951050 0.206786
vn -0.267632 -0.951051 0.154517
vn -0.267634 -0.951050 0.154519
vn -0.267634 -0.951050 0.154519
vn -0.267632 -0.951051 0.154517
vn -0.267638 0.951048 0.154521
vn -0.267635 0.951050 0.154519
vn -0.267635 0.951050 0.154519
vn -0.267638 0.951048 0.154520
vn -0.293915 -0.951049 0.095499
vn -0.293909 -0.951051 0.095497
vn -0.293908 -0.951051 0.095497
vn -0.293914 -0.951049 0.095499
vn -0.293912 0.951050 0.095499
vn -0.293918 0.951048 0.095500
vn -0.293919 0.951048 0.095500
vn -0.293912 0.951050 0.095499
vn 0.424552 0.900840 -0.090789
vn 0.434153 0.900839 -0.000535
vn 0.424779 0.900838 0.089741
vn 0.396836 0.900840 0.176094
vn 0.351552 0.900840 0.254754
vn 0.290904 0.900839 0.322279
vn 0.217543 0.900837 0.375723
vn 0.134672 0.900838 0.412739
vn 0.045915 0.900839 0.431718
vn -0.044848 0.900839 0.431831
vn -0.133650 0.900839 0.413070
vn -0.216612 0.900839 0.376256
vn -0.290106 0.900839 0.322997
vn -0.350921 0.900839 0.255622
vn -0.396401 0.900838 0.177077
vn -0.424553 0.900839 0.090791
vn -0.434153 0.900839 0.000537
vn -0.424777 0.900839 -0.089741
vn -0.396838 0.900838 -0.176096
vn -0.351552 0.900839 -0.254753
vn -0.290903 0.900839 -0.322279
vn -0.217541 0.900839 -0.375719
vn -0.134671 0.900838 -0.412740
vn -0.045915 0.900839 -0.431719
vn 0.044847 0.900839 -0.431832
vn 0.133650 0.900839 -0.413070
vn 0.216612 0.900838 -0.376257
vn 0.290106 0.900839 -0.322998
vn 0.350921 0.900839 -0.255622
vn 0.396400 0.900839 -0.177076
vn 0.978148 0.000000 -0.207909
vn 0.913545 0.000000 -0.406738
vn 0.809017 0.000000 -0.587785
vn 0.669131 0.000000 -0.743144
vn 0.500000 0.000000 -0.866025
vn 0.309017 0.000000 -0.951056
vn 0.104528 0.000000 -0.994522
vn -0.104528 0.000000 -0.994522
vn -0.309017 0.000000 -0.951056
vn -0.500001 0.000000 -0.866025
vn -0.669130 0.000000 -0.743146
vn -0.809017 0.000000 -0.587785
vn -0.913546 0.000000 -0.406736
vn -0.978147 0.000000 -0.207913
vn -1.000000 0.000000 0.000000
vn -0.978147 0.000000 0.207913
vn -0.913545 0.000000 0.406737
vn -0.809017 0.000000 0.587785
vn -0.669130 0.000000 0.743146
vn -0.500000 0.000000 0.866025
vn -0.309018 0.000000 0.951056
vn -0.104528 0.000000 0.994522
vn 0.104528 0.000000 0.994522
vn 0.309018 0.000000 0.951056
vn 0.500001 0.000000 0.866025
vn 0.669130 0.000000 0.743145
vn 0.809017 0.000000 0.587785
vn 0.913546 0.000000 0.406736
vn 0.978147 0.000000 0.207913
vn 1.000000 0.000000 0.000003
vn 0.005230 0.951053 -0.308983
vn 0.005231 0.809005 -0.587779
vn 0.072455 0.807202 -0.585811
vn 0.072432 0.948727 -0.307686
vn 0.005230 0.999986 0.000025
vn 0.072431 0.997373 0.000531
vn 1.000000 0.000000 0.000000
vn 1.000000 0.000000 0.000000
vn 1.000000 0.000000 0.000000
vn 1.000000 0.000000 0.000000
vn 0.005230 0.587814 -0.808980
vn 0.072456 0.586684 -0.806568
vn -0.998675 0.045856 -0.023361
vn -0.998707 0.048347 -0.015708
vn -0.998707 0.041129 -0.029882
vn -0.998707 0.041128 -0.029881
vn 0.005230 0.951041 0.309021
vn 0.072437 0.948394 0.308711
vn 1.000000 0.000000 0.000000
vn 1.000000 0.000000 0.000000
vn 1.000000 0.000000 0.000000
vn -0.998707 0.050841 -0.000434
vn -0.998675 0.050829 -0.008053
vn -0.998707 0.050841 -0.000505
vn 1.000000 0.000000 0.000000
vn 1.000000 0.000000 0.000000
vn 0.005231 0.309025 -0.951039
vn 0.072453 0.308738 -0.948384
vn -0.998707 0.029526 -0.041383
vn -0.998707 0.029468 -0.041425
vn 0.005230 0.808978 0.587815
vn 0.072431 0.806574 0.586679
vn 1.000000 0.000000 0.000000
vn 1.000000 0.000000 0.000000
vn 1.000000 0.000000 0.000000
vn -0.998707 0.048344 0.015707
vn -0.998675 0.050834 0.008049
vn -0.998675 0.045856 0.023366
vn 1.000000 0.000000 0.000000
vn 1.000000 0.000000 0.000000
vn 1.000000 0.000000 0.000000
vn 0.005235 0.000025 -0.999986
vn 0.072441 0.000523 -0.997373
vn -0.998707 0.015710 -0.048351
vn -0.998707 0.015711 -0.048351
vn 0.000000 1.000000 0.000000
vn 0.005231 0.587773 0.809009
vn 0.072441 0.585800 0.807211
vn 1.000000 0.000000 0.000000
vn 1.000000 0.000000 0.000000
vn -0.998675 0.045861 0.023366
vn -0.998707 0.040873 0.030233
vn 1.000000 0.000000 0.000000
vn 1.000000 0.000000 0.000000
vn 0.005231 -0.308978 -0.951055
vn 0.072423 -0.307708 -0.948721
vn -0.998707 0.000436 -0.050843
vn -0.998707 0.000506 -0.050843
vn 0.005232 0.308976 0.951055
vn 0.072403 0.307695 0.948726
vn 1.000000 0.000000 0.000000
vn 1.000000 0.000000 0.000000
vn 1.000000 0.000000 0.000000
vn -0.998707 0.029527 0.041383
vn -0.998675 0.036396 0.036393
vn -0.998707 0.029469 0.041425
vn 1.000000 0.000000 0.000000
vn 1.000000 0.000000 0.000000
vn 0.005231 -0.587773 -0.809009
vn 0.072456 -0.585810 -0.807203
vn -0.998707 -0.015294 -0.048485
vn -0.998674 -0.008049 -0.050839
vn 0.005233 -0.000024 0.999986
vn 0.072418 -0.000543 0.997374
vn 1.000000 0.000000 0.000000
vn 1.000000 0.000000 0.000000
vn -0.998707 0.015294 0.048485
vn -0.998707 0.015228 0.048508
vn 1.000000 0.000000 0.000000
vn 0.000000 1.000000 0.000000
vn 1.000000 0.000000 0.000000
vn 0.005230 -0.808978 -0.587815
vn 0.072455 -0.806569 -0.586683
vn -0.998707 -0.029526 -0.041383
vn -0.998707 -0.029468 -0.041425
vn -0.998675 -0.023370 -0.045860
vn 0.005232 -0.309026 0.951039
vn 0.072415 -0.308698 0.948399
vn 1.000000 0.000000 0.000000
vn 1.000000 0.000000 0.000000
vn -0.998707 -0.000506 0.050842
vn -0.998707 -0.000436 0.050842
vn 1.000000 0.000000 0.000000
vn 1.000000 0.000000 0.000000
vn 0.005230 -0.951040 -0.309024
vn 0.072416 -0.948400 -0.308697
vn -0.998707 -0.040874 -0.030233
vn -0.998707 -0.040831 -0.030291
vn 0.005232 -0.587813 0.808980
vn 0.072441 -0.586691 0.806564
vn 1.000000 0.000000 0.000000
vn 1.000000 0.000000 0.000000
vn -0.998707 -0.015711 0.048351
vn -0.998707 -0.015710 0.048351
vn 1.000000 0.000000 0.000000
vn 1.000000 0.000000 0.000000
vn 0.005231 -0.999986 -0.000025
vn 0.072421 -0.997374 -0.000544
vn -0.998707 -0.048217 -0.016125
vn -0.998675 -0.045862 -0.023364
vn 0.005230 -0.809011 0.587770
vn 0.072418 -0.807204 0.585813
vn 1.000000 0.000000 0.000000
vn 1.000000 0.000000 0.000000
vn 1.000000 0.000000 0.000000
vn -0.998707 -0.029527 0.041383
vn -0.998675 -0.023363 0.045859
vn -0.998675 -0.036391 0.036391
vn 1.000000 0.000000 0.000000
vn 1.000000 0.000000 0.000000
vn 1.000000 0.000000 0.000000
vn 0.005230 -0.951058 0.308968
vn 0.072405 -0.948728 0.307691
vn -0.998707 -0.050843 0.000000
vn -0.998707 -0.050841 -0.000000
vn -0.998675 -0.050837 -0.008054
vn 1.000000 0.000000 0.000000
vn 1.000000 0.000000 0.000000
vn 1.000000 0.000000 0.000000
vn -0.998707 -0.041130 0.029881
vn -0.998675 -0.036396 0.036392
vn -0.998675 -0.045861 0.023366
vn 1.000000 0.000000 0.000000
vn 0.000000 1.000000 0.000000
vn 1.000000 0.000000 0.000000
vn -0.998707 -0.048351 0.015710
vn -0.998675 -0.045861 0.023366
vn -0.998675 -0.050837 0.008054
vn 0.000000 -0.707060 0.707154
vn 0.000000 1.000000 0.000000
vn 0.000000 1.000000 0.000000
vn 0.000000 -0.987681 0.156481
vn 0.000000 -0.987681 0.156481
vn 0.000000 1.000000 0.000000
vn 0.000000 1.000000 0.000000
vn 0.000000 -0.707060 0.707154
vn 0.000000 -0.707060 0.707154
vn 0.000000 -0.707060 0.707154
vn 0.000000 -1.000000 0.000000
vn 0.000000 -1.000000 -0.000000
vn 0.000000 -0.454042 0.890980
vn 0.000000 -0.454042 0.890980
vn 0.000000 -0.454042 0.890980
vn 0.000000 -0.454042 0.890980
vn 0.000000 -0.987681 -0.156478
vn 0.000000 -0.987681 -0.156478
vn 0.000000 0.000000 1.000000
vn 0.000000 -0.156400 0.987694
vn 0.000000 -0.156400 0.987694
vn 0.000000 0.000000 1.000000
vn 0.000000 1.000000 0.000000
vn 0.000000 1.000000 0.000000
vn 0.000000 -0.707108 -0.707105
vn 0.000000 -0.707108 -0.707105
vn 0.000000 1.000000 0.000000
vn 0.000000 1.000000 0.000000
vn 0.000000 0.454042 0.890980
vn 0.000000 0.156400 0.987694
vn 0.000000 0.156400 0.987694
vn 0.000000 0.454042 0.890980
vn 0.000000 -0.707108 -0.707105
vn 0.000000 -0.453974 -0.891015
vn 0.000000 -0.453974 -0.891015
vn 0.000000 -0.707108 -0.707105
vn 0.000000 0.707060 0.707153
vn 0.000000 0.454042 0.890980
vn 0.000000 0.454042 0.890980
vn 0.000000 0.707060 0.707153
vn 0.000000 -0.453974 -0.891015
vn 0.000000 -0.453974 -0.891015
vn 0.000000 0.707060 0.707153
vn 0.000000 0.707060 0.707153
vn 0.000000 -0.156484 -0.987680
vn 0.000000 0.000000 -1.000000
vn 0.000000 0.000000 -1.000000
vn 0.000000 -0.156484 -0.987681
vn 0.000000 0.987681 0.156482
vn 0.000000 1.000000 0.000000
vn 0.000000 1.000000 0.000000
vn 0.000000 1.000000 0.000000
vn 0.000000 1.000000 0.000000
vn 0.000000 0.987681 0.156482
vn 0.000000 0.309028 -0.951053
vn 0.000000 0.309028 -0.951053
vn 0.000000 1.000000 -0.000000
vn 0.000000 1.000000 0.000000
vn 0.000000 0.453974 -0.891015
vn 0.000000 0.453974 -0.891015
vn 0.000000 0.987681 -0.156478
vn 0.000000 0.987681 -0.156478
vn 0.000000 0.707109 -0.707105
vn 0.000000 0.707109 -0.707105
vn 0.000000 0.707109 -0.707105
vn 0.000000 0.707109 -0.707105
vn 0.000000 1.000000 0.000000
vn 0.000000 1.000000 0.000000
vn 0.000000 1.000000 0.000000
vn 0.000000 1.000000 0.000000
vn 0.000000 0.809004 -0.587803
vn 0.000000 0.587802 -0.809005
vn 0.000000 0.587802 -0.809005
vn 0.000000 0.809004 -0.587803
vn 0.000000 0.309005 -0.951060
vn 0.000000 0.309005 -0.951060
vn 0.000000 -0.000000 -1.000000
vn 0.000000 0.000000 -1.000000
vn 0.000000 -0.309005 -0.951060
vn 0.000000 -0.309005 -0.951060
vn 0.000000 -0.587802 -0.809005
vn 0.000000 -0.587802 -0.809005
vn 0.000000 -0.809004 -0.587803
vn 0.000000 -0.809004 -0.587803
vn 0.000000 -0.951061 -0.309004
vn 0.000000 -0.951061 -0.309004
vn 0.000000 -1.000000 0.000000
vn 0.000000 -1.000000 -0.000000
vn 0.000000 -0.951061 0.309002
vn 0.000000 -0.951061 0.309002
vn 0.000000 -0.809004 0.587803
vn 0.000000 -0.809004 0.587803
vn 0.000000 -0.587802 0.809005
vn -0.000002 -0.587777 0.809023
vn -0.000002 -0.309004 0.951061
vn -0.000002 -0.309004 0.951061
vn -0.000002 -0.000001 1.000000
vn -0.000002 -0.000001 1.000000
vn -0.000002 0.309006 0.951060
vn -0.000002 0.309006 0.951060
vn -0.000002 0.587801 0.809006
vn 0.000000 0.587777 0.809023
vn 0.000000 0.809004 0.587803
vn 0.000000 0.809004 0.587803
vn 0.000000 0.951061 0.309002
vn 0.000000 0.951061 0.309002
vn 0.000000 1.000000 -0.000000
vn 0.000000 1.000000 0.000000
vn 0.000000 0.951061 -0.309004
vn 0.000000 0.951061 -0.309005
vn 0.000000 0.809011 -0.587793
vn 0.000000 0.587790 -0.809013
vn 0.000000 0.587790 -0.809013
vn 0.000000 0.809011 -0.587793
vn 0.000000 0.309019 -0.951056
vn 0.000000 0.309019 -0.951056
vn 0.000000 0.000000 -1.000000
vn 0.000000 0.000000 -1.000000
vn 0.000000 -0.309019 -0.951056
vn 0.000000 -0.309019 -0.951056
vn 0.000000 -0.587790 -0.809013
vn 0.000000 -0.587790 -0.809014
vn 0.000000 -0.809011 -0.587793
vn 0.000000 -0.809011 -0.587793
vn 0.000000 -0.951056 -0.309018
vn 0.000000 -0.951056 -0.309018
vn 0.000000 -1.000000 0.000000
vn 0.000000 -1.000000 0.000000
vn 0.000000 -0.951057 0.309015
vn 0.000000 -0.951057 0.309015
vn 0.000000 -0.809011 0.587793
vn 0.000000 -0.809011 0.587793
vn 0.000000 -0.587766 0.809031
vn 0.000000 -0.587766 0.809031
vn 0.000000 -0.309019 0.951056
vn 0.000000 -0.309019 0.951056
vn 0.000000 0.000000 1.000000
vn 0.000000 0.000000 1.000000
vn 0.000000 0.309019 0.951056
vn 0.000000 0.309019 0.951056
vn 0.000000 0.587767 0.809031
vn 0.000000 0.587767 0.809031
vn 0.000000 0.809011 0.587793
vn 0.000000 0.809011 0.587793
vn 0.000000 0.951057 0.309015
vn 0.000000 0.951057 0.309015
vn 0.000000 1.000000 0.000000
vn 0.000000 1.000000 0.000000
vn 0.000000 0.951056 -0.309018
vn 0.000000 0.951056 -0.309018
vn 0.000000 -0.951062 0.308999
vn 0.000000 -0.809016 0.587787
vn 0.000000 -0.809016 0.587787
vn 0.000000 -0.951062 0.308999
vn 0.000000 -1.000000 -0.000000
vn 0.000000 -1.000000 -0.000000
vn 0.000000 -0.951061 -0.309002
vn 0.000000 -0.951061 -0.309002
vn 0.000000 -0.809004 -0.587803
vn 0.000000 -0.809004 -0.587803
vn 0.000000 -0.587788 -0.809015
vn 0.000000 -0.587788 -0.809015
vn 0.000000 -0.309032 -0.951052
vn 0.000000 -0.309032 -0.951052
vn 0.000000 -0.000000 -1.000000
vn 0.000000 0.000000 -1.000000
vn 0.000000 0.309032 -0.951052
vn 0.000000 0.309032 -0.951052
vn 0.000000 0.587787 -0.809016
vn 0.000000 0.587787 -0.809016
vn 0.000000 0.809004 -0.587803
vn 0.000000 0.809004 -0.587803
vn 0.000000 0.951051 -0.309034
vn 0.000000 0.951051 -0.309034
vn 0.000000 1.000000 -0.000000
vn 0.000000 1.000000 -0.000000
vn 0.000000 0.951052 0.309032
vn 0.000000 0.951052 0.309032
vn 0.000000 0.809016 0.587787
vn 0.000000 0.809016 0.587787
vn 0.000000 0.587762 0.809034
vn 0.000000 0.587762 0.809034
vn 0.000000 0.309004 0.951061
vn 0.000000 0.309005 0.951061
vn 0.000000 -0.000000 1.000000
vn 0.000000 0.000000 1.000000
vn 0.000000 -0.309005 0.951061
vn 0.000000 -0.309005 0.951061
vn 0.000000 -0.587762 0.809034
vn 0.000000 -0.587762 0.809034
vn 0.000000 -0.951062 0.309002
vn 0.000000 -0.809004 0.587803
vn 0.000000 -1.000000 0.000000
vn 0.000000 -0.951061 -0.309005
vn 0.000000 -0.809004 -0.587803
vn 0.000000 -0.587802 -0.809005
vn 0.000000 -0.309005 -0.951060
vn 0.000000 0.000000 -1.000000
vn 0.000000 0.309005 -0.951060
vn 0.000000 0.587802 -0.809005
vn 0.000000 0.809004 -0.587804
vn 0.000000 0.951061 -0.309004
vn 0.000000 1.000000 0.000000
vn 0.000000 0.951062 0.309002
vn 0.000000 0.809004 0.587803
vn 0.000002 0.587778 0.809023
vn 0.000002 0.309004 0.951061
vn 0.000002 0.000001 1.000000
vn 0.000002 -0.309007 0.951060
vn 0.000000 -0.587777 0.809023
vn 0.024815 0.950876 -0.308577
vn 0.024793 0.999692 0.000331
vn 0.024805 0.950662 0.309234
vn 0.024793 0.808578 0.587866
vn 0.024810 0.587319 0.808975
vn 0.024782 0.308589 0.950872
vn 0.024777 -0.000344 0.999693
vn 0.024771 -0.309211 0.950671
vn 0.024806 -0.587890 0.808561
vn 0.024800 -0.808984 0.587307
vn 0.024771 -0.950870 0.308597
vn 0.024777 -0.999693 -0.000346
vn 0.024769 -0.950671 -0.309212
vn 0.024803 -0.808580 -0.587863
vn 0.024823 -0.587326 -0.808970
vn 0.024813 -0.308577 -0.950876
vn 0.024754 0.000317 -0.999694
vn 0.024784 0.309234 -0.950663
vn 0.024818 0.587878 -0.808569
vn 0.024822 0.808968 -0.587328
vn 0.993892 0.098327 -0.050103
vn 0.993892 0.098324 -0.050101
vn 0.993892 0.098324 -0.050100
vn 0.993892 0.098326 -0.050102
vn -0.993880 0.098420 -0.050150
vn -0.993880 0.098423 -0.050151
vn -0.993880 0.098424 -0.050151
vn -0.993880 0.098421 -0.050151
vn 0.993892 0.108999 -0.017259
vn 0.993893 0.108994 -0.017256
vn 0.993893 0.108993 -0.017256
vn 0.993892 0.108998 -0.017258
vn -0.993881 0.109100 -0.017275
vn -0.993880 0.109106 -0.017274
vn -0.993880 0.109107 -0.017274
vn -0.993880 0.109101 -0.017275
vn 0.993893 0.108988 0.017258
vn 0.993892 0.108997 0.017256
vn 0.993892 0.108999 0.017256
vn 0.993893 0.108991 0.017257
vn -0.993880 0.109107 0.017276
vn -0.993881 0.109098 0.017272
vn -0.993881 0.109097 0.017271
vn -0.993880 0.109104 0.017275
vn 0.993893 0.098323 0.050101
vn 0.993893 0.098316 0.050100
vn 0.993893 0.098315 0.050100
vn 0.993893 0.098321 0.050101
vn -0.993881 0.098413 0.050147
vn -0.993881 0.098417 0.050152
vn -0.993881 0.098418 0.050153
vn -0.993881 0.098414 0.050148
vn 0.993893 0.078026 0.078027
vn 0.993893 0.078027 0.078027
vn 0.993893 0.078027 0.078027
vn 0.993893 0.078027 0.078027
vn -0.993881 0.078104 0.078104
vn -0.993881 0.078104 0.078103
vn -0.993881 0.078103 0.078103
vn -0.993881 0.078104 0.078104
vn 0.993892 0.050101 0.098324
vn 0.993893 0.050100 0.098322
vn 0.993893 0.050100 0.098322
vn 0.993892 0.050101 0.098323
vn -0.993881 0.050150 0.098418
vn -0.993880 0.050150 0.098420
vn -0.993880 0.050150 0.098421
vn -0.993881 0.050150 0.098419
vn 0.993895 0.017256 0.108975
vn 0.993893 0.017261 0.108986
vn 0.993893 0.017262 0.108988
vn 0.993894 0.017257 0.108978
vn -0.993881 0.017275 0.109096
vn -0.993882 0.017277 0.109085
vn -0.993883 0.017277 0.109082
vn -0.993881 0.017276 0.109093
vn 0.993893 -0.017258 0.108989
vn 0.993894 -0.017260 0.108977
vn 0.993895 -0.017260 0.108975
vn 0.993894 -0.017259 0.108986
vn -0.993883 -0.017273 0.109082
vn -0.993881 -0.017278 0.109093
vn -0.993881 -0.017279 0.109095
vn -0.993882 -0.017274 0.109085
vn 0.993893 -0.050100 0.098321
vn 0.993893 -0.050101 0.098324
vn 0.993892 -0.050101 0.098324
vn 0.993893 -0.050100 0.098322
vn -0.993880 -0.050151 0.098421
vn -0.993881 -0.050149 0.098419
vn -0.993881 -0.050149 0.098419
vn -0.993880 -0.050150 0.098420
vn 0.993893 -0.078027 0.078027
vn 0.993893 -0.078027 0.078027
vn 0.993893 -0.078027 0.078027
vn 0.993893 -0.078027 0.078027
vn -0.993881 -0.078103 0.078104
vn -0.993881 -0.078104 0.078104
vn -0.993881 -0.078104 0.078104
vn -0.993881 -0.078103 0.078104
vn 0.993893 -0.098316 0.050097
vn 0.993893 -0.098321 0.050102
vn 0.993893 -0.098322 0.050103
vn 0.993893 -0.098317 0.050099
vn -0.993880 -0.098420 0.050150
vn -0.993881 -0.098413 0.050149
vn -0.993881 -0.098412 0.050149
vn -0.993881 -0.098418 0.050150
vn 0.993895 -0.108975 0.017255
vn 0.993894 -0.108985 0.017261
vn 0.993893 -0.108987 0.017262
vn 0.993894 -0.108978 0.017257
vn -0.993881 -0.109096 0.017275
vn -0.993882 -0.109084 0.017276
vn -0.993883 -0.109082 0.017277
vn -0.993881 -0.109092 0.017275
vn 0.993893 -0.108993 -0.017258
vn 0.993894 -0.108978 -0.017260
vn 0.993895 -0.108975 -0.017261
vn 0.993893 -0.108988 -0.017259
vn -0.993883 -0.109082 -0.017272
vn -0.993881 -0.109096 -0.017279
vn -0.993881 -0.109098 -0.017280
vn -0.993882 -0.109086 -0.017274
vn 0.993893 -0.098323 -0.050101
vn 0.993892 -0.098327 -0.050102
vn 0.993892 -0.098327 -0.050102
vn 0.993892 -0.098324 -0.050101
vn -0.993880 -0.098424 -0.050152
vn -0.993880 -0.098421 -0.050150
vn -0.993880 -0.098421 -0.050149
vn -0.993880 -0.098423 -0.050152
vn 0.993893 -0.078028 -0.078028
vn 0.993893 -0.078027 -0.078028
vn 0.993893 -0.078027 -0.078028
vn 0.993893 -0.078028 -0.078028
vn -0.993881 -0.078104 -0.078104
vn -0.993881 -0.078104 -0.078105
vn -0.993881 -0.078104 -0.078105
vn -0.993881 -0.078104 -0.078104
vn 0.993892 -0.050096 -0.098329
vn 0.993892 -0.050095 -0.098328
vn 0.993892 -0.050095 -0.098328
vn 0.993892 -0.050096 -0.098329
vn -0.993880 -0.050145 -0.098425
vn -0.993880 -0.050145 -0.098425
vn -0.993880 -0.050145 -0.098426
vn -0.993880 -0.050145 -0.098425
vn 0.993892 -0.017268 -0.108999
vn 0.993893 -0.017264 -0.108992
vn 0.993893 -0.017264 -0.108990
vn 0.993892 -0.017267 -0.108997
vn -0.993881 -0.017283 -0.109097
vn -0.993880 -0.017282 -0.109104
vn -0.993880 -0.017282 -0.109106
vn -0.993881 -0.017283 -0.109099
vn 0.993893 0.017266 -0.108989
vn 0.993892 0.017265 -0.108997
vn 0.993892 0.017265 -0.108999
vn 0.993893 0.017266 -0.108992
vn -0.993880 0.017285 -0.109106
vn -0.993881 0.017281 -0.109099
vn -0.993881 0.017281 -0.109098
vn -0.993880 0.017284 -0.109104
vn 0.993892 0.050095 -0.098328
vn 0.993892 0.050095 -0.098329
vn 0.993892 0.050095 -0.098329
vn 0.993892 0.050095 -0.098328
vn -0.993880 0.050145 -0.098425
vn -0.993880 0.050145 -0.098425
vn -0.993880 0.050145 -0.098425
vn -0.993880 0.050145 -0.098425
vn 0.993893 0.078027 -0.078027
vn 0.993893 0.078028 -0.078028
vn 0.993893 0.078028 -0.078028
vn 0.993893 0.078027 -0.078028
vn -0.993881 0.078105 -0.078105
vn -0.993881 0.078104 -0.078105
vn -0.993881 0.078104 -0.078104
vn -0.993881 0.078105 -0.078105
vn 0.540368 -0.594979 0.594981
vn 0.540365 -0.594979 0.594983
vn 0.540364 -0.594980 0.594984
vn 0.540367 -0.594979 0.594982
vn -0.644650 0.540567 -0.540569
vn -0.644653 0.540564 -0.540568
vn -0.644653 0.540564 -0.540567
vn -0.644650 0.540566 -0.540568
vn 0.540355 -0.382023 0.749717
vn 0.540332 -0.382021 0.749734
vn 0.540326 -0.382020 0.749739
vn 0.540348 -0.382022 0.749722
vn -0.644611 0.347097 -0.681175
vn -0.644635 0.347080 -0.681162
vn -0.644640 0.347076 -0.681159
vn -0.644617 0.347093 -0.681172
vn 0.540337 -0.131601 0.831094
vn 0.540393 -0.131618 0.831055
vn 0.540406 -0.131622 0.831046
vn 0.540354 -0.131606 0.831082
vn -0.644693 0.119557 -0.755035
vn -0.644636 0.119586 -0.755078
vn -0.644625 0.119592 -0.755087
vn -0.644679 0.119564 -0.755045
vn 0.540408 0.131594 0.831049
vn 0.540353 0.131622 0.831080
vn 0.540339 0.131629 0.831088
vn 0.540392 0.131602 0.831058
vn -0.644623 -0.119567 -0.755093
vn -0.644680 -0.119581 -0.755042
vn -0.644691 -0.119583 -0.755032
vn -0.644637 -0.119570 -0.755080
vn 0.540325 0.382031 0.749734
vn 0.540349 0.382015 0.749725
vn 0.540355 0.382012 0.749723
vn 0.540332 0.382026 0.749731
vn -0.644641 -0.347085 -0.681153
vn -0.644617 -0.347086 -0.681175
vn -0.644612 -0.347087 -0.681180
vn -0.644635 -0.347086 -0.681158
vn 0.540365 0.594980 0.594982
vn 0.540368 0.594978 0.594982
vn 0.540369 0.594978 0.594982
vn 0.540366 0.594980 0.594982
vn -0.644654 -0.540564 -0.540566
vn -0.644651 -0.540565 -0.540569
vn -0.644651 -0.540565 -0.540569
vn -0.644653 -0.540564 -0.540566
vn 0.540356 0.749716 0.382022
vn 0.540335 0.749732 0.382020
vn 0.540330 0.749736 0.382020
vn 0.540350 0.749721 0.382022
vn -0.644615 -0.681173 -0.347096
vn -0.644637 -0.681160 -0.347080
vn -0.644641 -0.681158 -0.347077
vn -0.644620 -0.681170 -0.347092
vn 0.540340 0.831092 0.131598
vn 0.540392 0.831056 0.131614
vn 0.540404 0.831048 0.131618
vn 0.540355 0.831082 0.131603
vn -0.644691 -0.755037 -0.119555
vn -0.644638 -0.755077 -0.119582
vn -0.644628 -0.755085 -0.119588
vn -0.644678 -0.755047 -0.119562
vn 0.540406 0.831051 -0.131589
vn 0.540354 0.831080 -0.131616
vn 0.540342 0.831087 -0.131622
vn 0.540391 0.831060 -0.131597
vn -0.644626 -0.755091 0.119562
vn -0.644679 -0.755044 0.119575
vn -0.644689 -0.755035 0.119577
vn -0.644639 -0.755080 0.119565
vn 0.540329 0.749732 -0.382030
vn 0.540350 0.749724 -0.382016
vn 0.540355 0.749722 -0.382013
vn 0.540335 0.749729 -0.382026
vn -0.644642 -0.681153 0.347085
vn -0.644620 -0.681173 0.347086
vn -0.644616 -0.681177 0.347086
vn -0.644636 -0.681157 0.347085
vn 0.540369 0.594979 -0.594981
vn 0.540366 0.594979 -0.594983
vn 0.540365 0.594979 -0.594983
vn 0.540368 0.594979 -0.594981
vn -0.644650 -0.540566 0.540568
vn -0.644653 -0.540564 0.540567
vn -0.644654 -0.540563 0.540567
vn -0.644651 -0.540566 0.540568
vn 0.540356 0.382022 -0.749717
vn 0.540229 0.382012 -0.749813
vn 0.540199 0.382010 -0.749836
vn 0.540318 0.382019 -0.749745
vn -0.644482 -0.347146 0.681273
vn -0.644611 -0.347052 0.681198
vn -0.644637 -0.347034 0.681184
vn -0.644514 -0.347123 0.681254
vn 0.540192 0.131616 -0.831186
vn 0.540361 0.131669 -0.831068
vn 0.540402 0.131681 -0.831039
vn 0.540242 0.131631 -0.831151
vn -0.644693 -0.119557 0.755035
vn -0.644520 -0.119646 0.755168
vn -0.644486 -0.119663 0.755194
vn -0.644650 -0.119579 0.755067
vn 0.540408 -0.131594 -0.831049
vn 0.540239 -0.131681 -0.831145
vn 0.540198 -0.131702 -0.831168
vn 0.540358 -0.131620 -0.831077
vn -0.644480 0.119585 0.755212
vn -0.644653 0.119628 0.755057
vn -0.644687 0.119637 0.755027
vn -0.644522 0.119596 0.755174
vn 0.540194 -0.382069 -0.749809
vn 0.540320 -0.381986 -0.749761
vn 0.540350 -0.381966 -0.749749
vn 0.540231 -0.382045 -0.749795
vn -0.644641 0.347086 0.681153
vn -0.644512 0.347091 0.681273
vn -0.644487 0.347092 0.681296
vn -0.644609 0.347087 0.681183
vn 0.540364 -0.594981 -0.594983
vn 0.540367 -0.594978 -0.594982
vn 0.540368 -0.594978 -0.594982
vn 0.540365 -0.594980 -0.594983
vn -0.644653 0.540565 0.540566
vn -0.644650 0.540565 0.540569
vn -0.644650 0.540566 0.540570
vn -0.644653 0.540565 0.540567
vn 0.540355 -0.749717 -0.382022
vn 0.540334 -0.749733 -0.382021
vn 0.540329 -0.749737 -0.382020
vn 0.540349 -0.749722 -0.382022
vn -0.644614 0.681174 0.347096
vn -0.644636 0.681161 0.347080
vn -0.644640 0.681158 0.347077
vn -0.644619 0.681171 0.347092
vn 0.540339 -0.831094 -0.131596
vn 0.540391 -0.831057 -0.131612
vn 0.540404 -0.831048 -0.131616
vn 0.540354 -0.831083 -0.131601
vn -0.644691 0.755037 0.119553
vn -0.644637 0.755079 0.119581
vn -0.644626 0.755087 0.119586
vn -0.644678 0.755047 0.119560
vn 0.540406 -0.831051 0.131592
vn 0.540353 -0.831080 0.131619
vn 0.540341 -0.831088 0.131625
vn 0.540390 -0.831059 0.131600
vn -0.644625 0.755092 -0.119564
vn -0.644678 0.755044 -0.119577
vn -0.644689 0.755034 -0.119580
vn -0.644638 0.755080 -0.119567
vn 0.540328 -0.749732 0.382030
vn 0.540349 -0.749724 0.382016
vn 0.540354 -0.749722 0.382013
vn 0.540334 -0.749730 0.382026
vn -0.644641 0.681153 -0.347086
vn -0.644619 0.681174 -0.347086
vn -0.644615 0.681178 -0.347087
vn -0.644635 0.681158 -0.347086
vn 0.017127 -0.745704 -0.666057
vn 0.017350 -0.748323 -0.663107
vn -0.019262 0.396286 -0.917925
vn -0.018879 0.401705 -0.915574
vn -0.093630 -0.898794 -0.428255
vn -0.082789 -0.891812 -0.444766
vn -0.841312 0.005585 -0.540521
vn -0.850768 0.000184 -0.525541
vn -0.132269 -0.928275 -0.347577
vn -0.198790 -0.966931 -0.159772
vn -0.954118 -0.074825 -0.289931
vn -0.936141 -0.109348 -0.334191
vn 0.029859 0.096338 -0.994901
vn 0.033233 0.080817 -0.996175
vn -0.936374 0.011358 -0.350820
vn -0.938709 0.028746 -0.343511
vn 0.059517 -0.028423 -0.997823
vn 0.041383 -0.002764 -0.999140
vn -0.944416 0.053387 -0.324388
vn -0.945996 0.016943 -0.323736
vn 0.154932 0.143632 -0.977428
vn 0.111040 -0.017971 -0.993653
vn -0.917139 -0.218409 -0.333398
vn -0.603647 -0.696404 -0.388112
vn 0.465513 0.542485 0.699291
vn 0.612379 0.206357 0.763157
vn 0.930097 0.279007 -0.238903
vn 0.658278 0.712364 -0.243325
vn 0.216232 0.934478 -0.282832
vn 0.133766 0.639412 0.757138
vn 0.274694 0.641815 0.715973
vn 0.391110 0.888052 -0.241653
vn 0.056794 0.135958 -0.989085
vn 0.075429 0.100766 -0.992047
vn -0.095466 -0.941823 -0.322268
vn -0.291064 -0.896121 -0.335036
vn -0.068322 -0.516569 0.853515
vn -0.193985 -0.531516 0.824537
vn -0.589858 -0.111509 0.799771
vn -0.327476 -0.328304 0.885988
vn 0.590559 -0.019083 0.806768
vn 0.967217 -0.023908 -0.252822
vn 0.969797 0.014922 -0.243457
vn 0.605063 0.027495 0.795703
vn 0.619027 0.096234 0.779451
vn 0.964468 0.111073 -0.239717
vn 0.084160 -0.035336 -0.995825
vn -0.941072 -0.064859 -0.331929
vn -0.617601 -0.013607 0.786374
vn -0.615318 0.024207 0.787908
vn -0.617399 0.026089 0.786218
vn 0.031355 0.043844 -0.998546
vn 0.028957 0.063748 -0.997546
vn -0.941005 0.070904 -0.330880
vn -0.941706 0.072437 -0.328546
vn 0.562717 -0.091638 0.821555
vn 0.961231 -0.032460 -0.273827
vn 0.962700 -0.037860 -0.267909
vn 0.569173 -0.073653 0.818912
vn 0.578820 -0.049429 0.813956
vn 0.964678 -0.035494 -0.261031
vn 0.034879 0.021282 -0.999165
vn -0.942852 0.066948 -0.326417
vn -0.612084 0.009063 0.790741
vn -0.612030 -0.030387 0.790250
vn -0.611202 -0.009670 0.791415
vn 0.560357 -0.080681 0.824313
vn 0.954338 0.034145 -0.296773
vn 0.957235 0.024531 -0.288270
vn 0.557274 -0.098264 0.824494
vn 0.960060 -0.018425 -0.279186
vn 0.558292 -0.101819 0.823373
vn 0.556112 -0.104603 0.824499
vn 0.959108 0.002676 -0.283028
vn 0.028576 0.080556 -0.996340
vn 0.028358 0.092793 -0.995282
vn -0.940012 0.047327 -0.337842
vn -0.940600 0.062730 -0.333671
vn -0.614052 -0.076622 0.785538
vn -0.613475 -0.052816 0.787946
vn -0.612462 -0.097805 0.784426
vn -0.613468 -0.095648 0.783906
vn 0.017580 -0.485766 -0.873912
vn 0.007810 -0.594102 -0.804352
vn -0.927676 -0.077012 -0.365358
vn -0.922591 -0.071551 -0.379087
vn 0.045384 -0.026523 -0.998617
vn 0.034315 -0.031971 -0.998900
vn -0.941316 -0.002533 -0.337516
vn -0.931391 -0.016741 -0.363635
vn 0.579992 0.083629 0.810318
vn 0.933304 0.012421 -0.358872
vn 0.949727 0.026507 -0.311955
vn 0.565645 -0.005945 0.824627
vn 0.563053 -0.050314 0.824888
vn 0.951167 0.024354 -0.307714
vn 0.036960 0.040733 -0.998486
vn -0.933949 -0.003549 -0.357388
vn -0.611324 -0.075071 0.787812
vn -0.601916 0.059219 0.796360
vn -0.609964 -0.024655 0.792045
vn 0.596716 0.377398 0.708167
vn 0.901730 -0.366023 -0.230023
vn 0.910866 -0.301783 -0.281514
vn 0.575054 0.303188 0.759862
vn 0.935934 -0.134130 -0.325632
vn 0.546900 0.128103 0.827339
vn 0.573928 0.215065 0.790160
vn 0.923857 -0.221531 -0.312110
vn -0.002650 -0.168705 -0.985663
vn 0.038493 -0.365480 -0.930023
vn -0.925245 -0.054005 -0.375506
vn -0.917717 -0.015324 -0.396940
vn -0.588678 0.305967 0.748226
vn -0.604694 0.143595 0.783406
vn -0.549771 0.556630 0.622828
vn -0.568763 0.438095 0.696119
vn -0.039561 -0.785324 -0.617820
vn -0.081353 -0.864832 -0.495427
vn -0.940618 -0.108169 -0.321772
vn -0.934634 -0.099050 -0.341539
vn 0.660150 0.573084 0.485569
vn 0.849367 -0.526487 -0.037243
vn 0.864924 -0.487139 -0.120841
vn 0.629725 0.521765 0.575507
vn 0.603255 0.457927 0.652982
vn 0.882061 -0.433247 -0.185112
vn -0.013154 -0.693755 -0.720091
vn -0.933820 -0.080886 -0.348479
vn -0.534145 0.661437 0.526488
vn -0.467499 0.835347 0.289208
vn -0.499078 0.759031 0.418083
vn 0.718527 0.635712 0.282113
vn 0.812502 -0.550497 0.191814
vn 0.835406 -0.546751 0.056214
vn 0.720359 0.597053 0.353003
vn 0.834123 -0.549816 0.044058
vn 0.685523 0.608577 0.399615
vn 0.657594 0.645113 0.389101
vn 0.869702 -0.492459 0.033201
vn -0.121599 -0.920813 -0.370564
vn -0.123504 -0.904470 -0.408266
vn -0.947366 -0.031351 -0.318615
vn -0.947682 -0.106393 -0.300964
vn -0.414774 0.894285 0.167980
vn -0.432342 0.886209 0.166475
vn -0.369235 0.929052 -0.022991
vn -0.429417 0.897629 0.099309
vn -0.120764 -0.911612 -0.392912
vn -0.130251 -0.918258 -0.373947
vn -0.895470 -0.036885 -0.443591
vn -0.892615 -0.032578 -0.449641
vn -0.170768 -0.947054 -0.271895
vn -0.158392 -0.938375 -0.307187
vn -0.918683 -0.039159 -0.393049
vn -0.926585 -0.040632 -0.373883
vn -0.204295 -0.964126 -0.169486
vn -0.195795 -0.959611 -0.202020
vn -0.940750 -0.049647 -0.335446
vn -0.946922 -0.054750 -0.316767
vn 0.696225 0.629111 0.345674
vn 0.817824 -0.532013 0.219379
vn 0.815496 -0.536157 0.217951
vn 0.707539 0.633731 0.312686
vn 0.716132 0.635588 0.288413
vn 0.812748 -0.543292 0.210414
vn -0.206253 -0.966742 -0.151225
vn -0.951537 -0.063984 -0.300806
vn -0.364229 0.930809 -0.030510
vn -0.373993 0.927413 0.005870
vn -0.366551 0.930242 -0.017003
vn 0.657978 0.608241 0.443968
vn 0.820938 -0.528506 0.216199
vn 0.820356 -0.528599 0.218174
vn 0.672108 0.615102 0.412214
vn 0.683646 0.623573 0.379190
vn 0.819592 -0.529292 0.219361
vn -0.184712 -0.953764 -0.237098
vn -0.933868 -0.045476 -0.354715
vn -0.382549 0.923463 0.029545
vn -0.402510 0.912379 0.074500
vn -0.394215 0.917583 0.051338
vn -0.130689 -0.919717 -0.370191
vn -0.120903 -0.912292 -0.391287
vn -0.897555 -0.028800 -0.439961
vn -0.903609 -0.030585 -0.427265
vn 0.623380 0.580704 0.523622
vn 0.820828 -0.531660 0.208753
vn 0.821637 -0.529453 0.211168
vn 0.632241 0.589519 0.502731
vn 0.644464 0.599321 0.474847
vn 0.821569 -0.528442 0.213947
vn -0.144006 -0.929104 -0.340628
vn -0.910981 -0.034364 -0.411015
vn -0.412745 0.905778 0.095953
vn -0.432252 0.892723 0.127296
vn -0.423253 0.898725 0.114672
vn 0.631244 0.578837 0.516216
vn 0.810767 -0.544341 0.215292
vn 0.814404 -0.540576 0.211005
vn 0.622681 0.574225 0.531540
vn 0.819368 -0.534259 0.207853
vn 0.618719 0.575027 0.535286
vn 0.618467 0.572855 0.537899
vn 0.817272 -0.537178 0.208580
vn -0.116001 -0.908345 -0.401813
vn -0.115957 -0.908147 -0.402272
vn -0.892006 -0.029695 -0.451048
vn -0.893661 -0.028464 -0.447839
vn -0.439584 0.888648 0.130654
vn -0.437756 0.889270 0.132545
vn -0.432235 0.895539 0.105752
vn -0.437753 0.890826 0.121664
vn -0.159382 -0.937366 -0.309744
vn -0.153853 -0.934532 -0.320903
vn -0.896474 -0.026721 -0.442290
vn -0.901093 -0.030457 -0.432554
vn -0.151896 -0.932429 -0.327879
vn -0.158662 -0.936459 -0.312845
vn -0.905545 -0.038267 -0.422521
vn -0.903675 -0.038589 -0.426477
vn 0.654488 0.594943 0.466570
vn 0.803964 -0.545826 0.236040
vn 0.805972 -0.545541 0.229770
vn 0.649571 0.591215 0.478041
vn 0.641994 0.584698 0.495955
vn 0.808136 -0.545368 0.222462
vn -0.142260 -0.925995 -0.349708
vn -0.899881 -0.038865 -0.434400
vn -0.422955 0.901974 0.086899
vn -0.404855 0.912466 0.059146
vn -0.412076 0.908364 0.071189
vn 0.643389 0.592172 0.485164
vn 0.799692 -0.543616 0.254900
vn 0.800549 -0.544115 0.251118
vn 0.650205 0.595291 0.472083
vn 0.802419 -0.545633 0.241678
vn 0.656220 0.596773 0.461776
vn 0.654771 0.596862 0.463714
vn 0.801314 -0.545000 0.246719
vn -0.162196 -0.938517 -0.304759
vn -0.162424 -0.938799 -0.303768
vn -0.904271 -0.034049 -0.425599
vn -0.905766 -0.036681 -0.422188
vn -0.396980 0.916477 0.049780
vn -0.399788 0.915131 0.052014
vn -0.397908 0.915576 0.058218
vn -0.396381 0.916590 0.052392
vn -0.138570 -0.926137 -0.350812
vn -0.128995 -0.920591 -0.368608
vn -0.877416 -0.013814 -0.479532
vn -0.884567 -0.018607 -0.466042
vn 0.615561 0.576694 0.537130
vn 0.796233 -0.543929 0.264868
vn 0.797509 -0.543605 0.261674
vn 0.625995 0.582876 0.518059
vn 0.635246 0.587994 0.500725
vn 0.798654 -0.543521 0.258335
vn -0.146839 -0.930747 -0.334885
vn -0.890913 -0.022856 -0.453598
vn -0.400686 0.913863 0.065615
vn -0.408851 0.908750 0.083751
vn -0.404297 0.911618 0.074136
vn 0.566787 0.542050 0.620431
vn 0.786757 -0.551733 0.276774
vn 0.789890 -0.549329 0.272602
vn 0.578896 0.550821 0.601228
vn 0.794183 -0.545893 0.266974
vn 0.605053 0.567959 0.557973
vn 0.591777 0.559975 0.579852
vn 0.792190 -0.547561 0.269465
vn -0.116587 -0.914501 -0.387423
vn -0.105767 -0.906516 -0.408707
vn -0.860160 -0.005271 -0.509998
vn -0.869472 -0.008083 -0.493917
vn -0.421818 0.900597 0.104853
vn -0.416365 0.904435 0.092938
vn -0.433822 0.892697 0.122027
vn -0.428408 0.896269 0.114753
vn 0.188337 -0.688662 -0.700196
vn 0.210996 -0.726263 -0.654235
vn -0.576105 0.238715 -0.781741
vn -0.572926 0.225145 -0.788077
vn 0.040612 -0.800687 -0.597705
vn 0.009176 -0.804275 -0.594187
vn -0.762155 0.033794 -0.646512
vn -0.750406 0.069340 -0.657330
vn -0.052639 -0.870421 -0.489487
vn -0.044816 -0.864584 -0.500486
vn -0.786860 0.044943 -0.615492
vn -0.795403 0.037828 -0.604900
vn -0.066200 -0.881078 -0.468315
vn -0.061194 -0.877300 -0.476024
vn -0.813228 0.022652 -0.581504
vn -0.822485 0.016487 -0.568548
vn 0.535439 0.521131 0.664626
vn 0.771493 -0.562798 0.296744
vn 0.777657 -0.558397 0.288864
vn 0.544332 0.528014 0.651846
vn 0.555612 0.533996 0.637293
vn 0.782705 -0.554736 0.282205
vn -0.073627 -0.885873 -0.458048
vn -0.831892 0.011017 -0.554828
vn -0.437689 0.890178 0.126533
vn -0.441212 0.888393 0.126846
vn -0.439547 0.888965 0.128610
vn 0.504275 0.505049 0.700451
vn 0.755639 -0.572222 0.318703
vn 0.759268 -0.570034 0.313963
vn 0.515773 0.511390 0.687357
vn 0.525492 0.516943 0.675743
vn 0.764510 -0.567820 0.305131
vn -0.057545 -0.874208 -0.482130
vn -0.803814 0.028424 -0.594202
vn -0.438457 0.889805 0.126503
vn -0.442025 0.887567 0.129765
vn -0.439017 0.889623 0.125838
vn -0.020071 -0.846366 -0.532224
vn -0.003834 -0.834190 -0.551463
vn -0.764792 0.060836 -0.641398
vn -0.771963 0.058613 -0.632959
vn 0.463887 0.477440 0.746231
vn 0.759495 -0.569109 0.315091
vn 0.755775 -0.572002 0.318775
vn 0.477418 0.488650 0.730269
vn 0.491413 0.497442 0.714887
vn 0.754481 -0.572902 0.320221
vn -0.033865 -0.856543 -0.514963
vn -0.778910 0.051656 -0.625005
vn -0.448519 0.883119 0.137593
vn -0.471716 0.866829 0.161527
vn -0.459803 0.875752 0.147107
vn 0.499516 0.503652 0.704854
vn 0.800657 -0.552654 0.231350
vn 0.771022 -0.562901 0.297771
vn 0.429720 0.448330 0.783799
vn 0.763740 -0.567392 0.307844
vn 0.449421 0.467322 0.761335
vn 0.438330 0.456786 0.774088
vn 0.767980 -0.564787 0.302031
vn 0.014172 -0.821554 -0.569954
vn 0.029096 -0.809887 -0.585864
vn -0.754377 0.067283 -0.652984
vn -0.759201 0.064694 -0.647633
vn -0.497574 0.846731 0.188326
vn -0.485534 0.856341 0.175887
vn -0.505553 0.849265 0.152200
vn -0.506446 0.839282 0.197785
vn 0.072806 -0.776516 -0.625877
vn 0.085131 -0.768202 -0.634522
vn -0.707826 0.107196 -0.698205
vn -0.721616 0.094885 -0.685760
vn 0.057046 -0.786985 -0.614329
vn 0.059286 -0.787126 -0.613937
vn -0.740559 0.073243 -0.667988
vn -0.742579 0.072747 -0.665796
vn 0.414542 0.432312 0.800788
vn 0.772214 -0.562464 0.295497
vn 0.773767 -0.560949 0.294314
vn 0.416643 0.433507 0.799050
vn 0.468741 0.479149 0.742090
vn 0.813567 -0.512425 0.274826
vn 0.054910 -0.803478 -0.592797
vn -0.768267 0.074959 -0.635726
vn -0.472560 0.859540 0.194623
vn -0.518468 0.828869 0.210161
vn -0.519833 0.828338 0.208877
vn 0.379460 0.398744 0.834873
vn 0.752489 -0.575994 0.319361
vn 0.759934 -0.570308 0.311848
vn 0.394507 0.412314 0.821195
vn 0.769869 -0.563130 0.300310
vn 0.411838 0.428814 0.804057
vn 0.405269 0.422320 0.810804
vn 0.765723 -0.566012 0.305449
vn 0.061221 -0.786265 -0.614849
vn 0.065318 -0.782703 -0.618959
vn -0.731407 0.084794 -0.676649
vn -0.737774 0.078114 -0.670513
vn -0.516691 0.829696 0.211271
vn -0.517410 0.829573 0.209990
vn -0.518647 0.827141 0.216435
vn -0.517050 0.828918 0.213433
vn 0.113567 -0.744194 -0.658238
vn 0.125408 -0.734463 -0.666961
vn -0.651677 0.149338 -0.743650
vn -0.670368 0.135462 -0.729559
vn 0.321693 0.348844 0.880239
vn 0.721807 -0.603124 0.339463
vn 0.732861 -0.593577 0.332537
vn 0.339349 0.365089 0.866921
vn 0.361091 0.381296 0.851015
vn 0.743158 -0.584732 0.325275
vn 0.100590 -0.757244 -0.645340
vn -0.690322 0.121764 -0.713182
vn -0.522602 0.824172 0.218237
vn -0.527864 0.820632 0.218915
vn -0.525159 0.821702 0.221390
vn 0.296969 0.319271 0.899931
vn 0.671445 -0.669801 0.317062
vn 0.689029 -0.615080 0.383296
vn 0.288087 0.321024 0.902192
vn 0.710026 -0.613130 0.346315
vn 0.307108 0.336482 0.890205
vn 0.295906 0.327302 0.897392
vn 0.697438 -0.623600 0.353134
vn 0.133080 -0.728328 -0.672181
vn 0.136717 -0.725596 -0.674403
vn -0.619586 0.172078 -0.765835
vn -0.634779 0.161504 -0.755627
vn -0.521600 0.826620 0.211263
vn -0.526270 0.822414 0.216046
vn -0.472248 0.862759 0.180636
vn -0.492773 0.838787 0.231542
vn 0.135120 -0.741645 -0.657043
vn 0.138306 -0.743890 -0.653834
vn -0.368620 0.313970 -0.874953
vn -0.441588 0.288153 -0.849687
vn 0.082073 -0.757746 -0.647368
vn 0.075606 -0.761160 -0.644142
vn -0.555153 0.219084 -0.802376
vn -0.557789 0.216721 -0.801189
vn 0.115633 -0.738275 -0.664515
vn 0.107289 -0.743199 -0.660413
vn -0.568719 0.207733 -0.795868
vn -0.575690 0.202991 -0.792071
vn 0.278985 0.318295 0.906011
vn 0.628972 -0.673552 0.388229
vn 0.641181 -0.665470 0.382147
vn 0.278981 0.317312 0.906357
vn 0.286318 0.325797 0.901043
vn 0.664017 -0.653050 0.364152
vn 0.125851 -0.728191 -0.673720
vn -0.565123 0.197541 -0.801008
vn -0.457830 0.874507 0.160091
vn -0.464821 0.868242 0.173487
vn -0.477117 0.860054 0.180738
vn 0.288153 0.325562 0.900542
vn 0.595216 -0.691564 0.409215
vn 0.601969 -0.688534 0.404418
vn 0.285642 0.325236 0.901460
vn 0.618344 -0.680158 0.393745
vn 0.280228 0.320044 0.905011
vn 0.282624 0.322468 0.903404
vn 0.609452 -0.684689 0.399710
vn 0.098678 -0.748023 -0.656295
vn 0.089925 -0.752800 -0.652078
vn -0.560133 0.214949 -0.800030
vn -0.563659 0.211996 -0.798339
vn -0.441814 0.882301 0.162311
vn -0.453029 0.875640 0.167390
vn -0.423398 0.892744 0.154086
vn -0.431960 0.888055 0.157380
vn 0.074046 -0.761994 -0.643337
vn 0.080035 -0.759082 -0.646057
vn -0.531093 0.237240 -0.813423
vn -0.542555 0.228663 -0.808299
vn 0.269881 0.311029 0.911277
vn 0.570956 -0.702430 0.424973
vn 0.580288 -0.698213 0.419243
vn 0.280557 0.319725 0.905021
vn 0.286362 0.324302 0.901568
vn 0.588192 -0.694652 0.414112
vn 0.072797 -0.762625 -0.642731
vn -0.550301 0.222877 -0.804670
vn -0.416354 0.896109 0.153750
vn -0.410076 0.898905 0.154296
vn -0.412089 0.898142 0.153373
vn 0.146406 0.219519 0.964560
vn 0.436197 -0.771616 0.462971
vn 0.505155 -0.736320 0.450168
vn 0.189917 0.246570 0.950334
vn 0.559245 -0.707606 0.431901
vn 0.252278 0.296891 0.920984
vn 0.225239 0.275145 0.934646
vn 0.541285 -0.715956 0.440927
vn 0.092602 -0.753235 -0.651200
vn 0.114589 -0.747190 -0.654657
vn -0.488554 0.268424 -0.830219
vn -0.514200 0.249807 -0.820484
vn -0.412587 0.896754 0.160016
vn -0.410845 0.898125 0.156773
vn -0.361449 0.920043 0.151244
vn -0.402400 0.901577 0.158848
vn -0.045594 -0.753364 -0.656021
vn -0.042473 -0.748985 -0.661225
vn 0.026143 0.409152 -0.912092
vn 0.021165 0.408303 -0.912601
vn 0.068483 -0.765643 -0.639610
vn 0.016168 -0.768213 -0.639990
vn -0.088715 0.392634 -0.915406
vn -0.173525 0.373277 -0.911347
vn 0.035711 0.182885 0.982486
vn 0.097111 -0.859493 0.501837
vn 0.211252 -0.841769 0.496788
vn 0.063468 0.180145 0.981590
vn 0.104374 0.189102 0.976395
vn 0.333947 -0.807647 0.485990
vn 0.115343 -0.754504 -0.646081
vn -0.274816 0.347626 -0.896455
vn -0.285013 0.949862 0.128568
vn -0.074784 0.992085 0.100870
vn -0.177976 0.977585 0.112478
vn -0.001385 0.208662 0.977987
vn -0.057486 -0.862472 0.502829
vn -0.052823 -0.863226 0.502047
vn 0.003407 0.203654 0.979037
vn 0.016726 -0.864299 0.502700
vn 0.019834 0.191410 0.981310
vn 0.010074 0.198113 0.980127
vn -0.029797 -0.864287 0.502116
vn -0.020529 -0.763975 -0.644919
vn -0.039193 -0.758513 -0.650479
vn 0.003559 0.406998 -0.913422
vn -0.030602 0.403183 -0.914607
vn 0.035060 0.994832 0.095285
vn -0.003698 0.995393 0.095812
vn 0.051172 0.993976 0.096917
vn 0.051675 0.994027 0.096124
vn -0.015793 -0.743870 -0.668138
vn -0.001933 -0.743358 -0.668891
vn -0.002405 0.408848 -0.912600
vn 0.008756 0.410091 -0.912002
vn -0.010572 0.215433 0.976461
vn -0.006803 -0.862829 0.505450
vn -0.025995 -0.862620 0.505184
vn -0.008159 0.215289 0.976516
vn -0.005043 0.213314 0.976971
vn -0.046193 -0.862319 0.504254
vn -0.031123 -0.745485 -0.665796
vn 0.020400 0.410332 -0.911708
vn 0.035912 0.994616 0.097210
vn -0.007786 0.995130 0.098259
vn 0.013147 0.995127 0.097724
vn -0.012122 0.203766 0.978944
vn 0.021679 -0.863963 0.503089
vn 0.021020 -0.863437 0.504019
vn -0.012609 0.210184 0.977580
vn 0.007758 -0.862860 0.505383
vn -0.012098 0.214776 0.976589
vn -0.012811 0.213481 0.976863
vn 0.017097 -0.862918 0.505055
vn 0.008392 -0.743281 -0.668926
vn 0.014772 -0.743552 -0.668515
vn -0.016311 0.404689 -0.914309
vn -0.010821 0.407279 -0.913239
vn -0.033254 0.994583 0.098487
vn -0.023372 0.994843 0.098698
vn -0.037742 0.994197 0.100732
vn -0.037237 0.994421 0.098697
vn -0.017127 -0.745703 -0.666058
vn 0.018879 0.401706 -0.915574
vn 0.019262 0.396265 -0.917934
vn -0.017349 -0.748336 -0.663094
vn 0.093609 -0.898806 -0.428234
vn 0.850770 0.000163 -0.525539
vn 0.841316 0.005548 -0.540515
vn 0.082779 -0.891814 -0.444764
vn 0.132273 -0.928274 -0.347579
vn 0.936138 -0.109329 -0.334205
vn 0.954117 -0.074810 -0.289937
vn 0.198793 -0.966930 -0.159775
vn -0.029845 0.096341 -0.994901
vn 0.938710 0.028761 -0.343507
vn 0.936376 0.011349 -0.350814
vn -0.033240 0.080814 -0.996175
vn -0.059489 -0.028427 -0.997824
vn 0.945995 0.016947 -0.323738
vn 0.944409 0.053406 -0.324406
vn -0.041398 -0.002758 -0.999139
vn -0.154929 0.143634 -0.977428
vn 0.603651 -0.696407 -0.388102
vn 0.917143 -0.218419 -0.333380
vn -0.111013 -0.017981 -0.993656
vn -0.465520 0.542481 0.699289
vn -0.658282 0.712354 -0.243346
vn -0.930100 0.278990 -0.238911
vn -0.612364 0.206334 0.763175
vn -0.216232 0.934479 -0.282832
vn -0.391110 0.888053 -0.241652
vn -0.274691 0.641815 0.715974
vn -0.133762 0.639399 0.757150
vn -0.056798 0.135958 -0.989085
vn -0.075432 0.100763 -0.992047
vn 0.095415 -0.941832 -0.322256
vn 0.291045 -0.896127 -0.335036
vn 0.193982 -0.531518 0.824536
vn 0.068309 -0.516570 0.853516
vn 0.589850 -0.111498 0.799778
vn 0.327479 -0.328302 0.885988
vn -0.590557 -0.019072 0.806770
vn -0.605055 0.027514 0.795708
vn -0.969796 0.014931 -0.243458
vn -0.967216 -0.023887 -0.252828
vn -0.964475 0.111062 -0.239693
vn -0.619028 0.096235 0.779451
vn -0.084179 -0.035329 -0.995824
vn 0.941066 -0.064865 -0.331946
vn 0.617613 -0.013610 0.786364
vn 0.615318 0.024215 0.787907
vn 0.617396 0.026095 0.786220
vn -0.031370 0.043848 -0.998546
vn 0.941703 0.072432 -0.328557
vn 0.941010 0.070914 -0.330864
vn -0.028954 0.063743 -0.997546
vn -0.562717 -0.091643 0.821554
vn -0.569160 -0.073655 0.818921
vn -0.962702 -0.037861 -0.267903
vn -0.961228 -0.032486 -0.273834
vn -0.964675 -0.035494 -0.261042
vn -0.578803 -0.049432 0.813968
vn -0.034867 0.021281 -0.999165
vn 0.942847 0.066944 -0.326432
vn 0.612077 0.009058 0.790746
vn 0.612015 -0.030394 0.790262
vn 0.611212 -0.009687 0.791407
vn -0.560351 -0.080670 0.824317
vn -0.557289 -0.098271 0.824483
vn -0.957231 0.024526 -0.288283
vn -0.954338 0.034155 -0.296770
vn -0.960055 -0.018432 -0.279202
vn -0.959107 0.002681 -0.283032
vn -0.556117 -0.104597 0.824496
vn -0.558298 -0.101823 0.823369
vn -0.028557 0.080551 -0.996341
vn -0.028358 0.092796 -0.995281
vn 0.940603 0.062718 -0.333666
vn 0.940015 0.047310 -0.337836
vn 0.614042 -0.076627 0.785545
vn 0.613471 -0.052805 0.787950
vn 0.612469 -0.097811 0.784420
vn 0.613458 -0.095650 0.783913
vn -0.017589 -0.485766 -0.873912
vn 0.922583 -0.071552 -0.379105
vn 0.927670 -0.077010 -0.365374
vn -0.007799 -0.594103 -0.804351
vn -0.045373 -0.026522 -0.998618
vn 0.931396 -0.016745 -0.363623
vn 0.941313 -0.002533 -0.337524
vn -0.034313 -0.031968 -0.998900
vn -0.579985 0.083636 0.810322
vn -0.565651 -0.005953 0.824624
vn -0.949731 0.026522 -0.311943
vn -0.933316 0.012420 -0.358840
vn -0.951166 0.024346 -0.307717
vn -0.563076 -0.050325 0.824871
vn -0.036967 0.040734 -0.998486
vn 0.933951 -0.003554 -0.357384
vn 0.611312 -0.075075 0.787821
vn 0.601925 0.059230 0.796353
vn 0.609974 -0.024650 0.792038
vn -0.596707 0.377393 0.708177
vn -0.575033 0.303198 0.759873
vn -0.910874 -0.301775 -0.281496
vn -0.901729 -0.366029 -0.230017
vn -0.935943 -0.134137 -0.325604
vn -0.923868 -0.221502 -0.312097
vn -0.573928 0.215089 0.790154
vn -0.546894 0.128097 0.827344
vn 0.002645 -0.168706 -0.985663
vn -0.038486 -0.365478 -0.930024
vn 0.917708 -0.015329 -0.396960
vn 0.925240 -0.054001 -0.375519
vn 0.588682 0.305965 0.748223
vn 0.604718 0.143588 0.783389
vn 0.549776 0.556629 0.622824
vn 0.568768 0.438103 0.696109
vn 0.039590 -0.785324 -0.617818
vn 0.934642 -0.099064 -0.341511
vn 0.940609 -0.108188 -0.321792
vn 0.081353 -0.864834 -0.495422
vn -0.660139 0.573097 0.485568
vn -0.629739 0.521760 0.575496
vn -0.864917 -0.487149 -0.120849
vn -0.849369 -0.526484 -0.037245
vn -0.882070 -0.433233 -0.185100
vn -0.603254 0.457930 0.652981
vn 0.013145 -0.693750 -0.720096
vn 0.933820 -0.080893 -0.348478
vn 0.534140 0.661434 0.526498
vn 0.467507 0.835346 0.289197
vn 0.499076 0.759033 0.418081
vn -0.718535 0.635710 0.282102
vn -0.720354 0.597057 0.353004
vn -0.835407 -0.546749 0.056218
vn -0.812506 -0.550495 0.191803
vn -0.834127 -0.549810 0.044055
vn -0.869700 -0.492461 0.033224
vn -0.657596 0.645100 0.389119
vn -0.685509 0.608588 0.399622
vn 0.121601 -0.920810 -0.370569
vn 0.123499 -0.904472 -0.408262
vn 0.947678 -0.106406 -0.300973
vn 0.947368 -0.031352 -0.318607
vn 0.414778 0.894279 0.168003
vn 0.432344 0.886207 0.166481
vn 0.369220 0.929057 -0.023005
vn 0.429416 0.897631 0.099301
vn 0.120765 -0.911617 -0.392899
vn 0.892621 -0.032587 -0.449629
vn 0.895477 -0.036869 -0.443577
vn 0.130261 -0.918255 -0.373952
vn 0.170765 -0.947055 -0.271894
vn 0.926587 -0.040635 -0.373879
vn 0.918680 -0.039140 -0.393059
vn 0.158393 -0.938374 -0.307192
vn 0.204299 -0.964125 -0.169486
vn 0.946925 -0.054742 -0.316758
vn 0.940747 -0.049643 -0.335457
vn 0.195812 -0.959605 -0.202029
vn -0.696231 0.629108 0.345668
vn -0.707558 0.633713 0.312681
vn -0.815495 -0.536158 0.217952
vn -0.817814 -0.532035 0.219358
vn -0.812753 -0.543283 0.210419
vn -0.716118 0.635602 0.288419
vn 0.206243 -0.966746 -0.151217
vn 0.951543 -0.063982 -0.300785
vn 0.364236 0.930807 -0.030502
vn 0.373985 0.927416 0.005874
vn 0.366538 0.930248 -0.017002
vn -0.657972 0.608241 0.443976
vn -0.672111 0.615094 0.412221
vn -0.820353 -0.528602 0.218175
vn -0.820942 -0.528499 0.216200
vn -0.819591 -0.529288 0.219375
vn -0.683657 0.623561 0.379189
vn 0.184711 -0.953765 -0.237095
vn 0.933868 -0.045475 -0.354715
vn 0.382532 0.923470 0.029547
vn 0.402514 0.912377 0.074501
vn 0.394217 0.917582 0.051338
vn 0.130673 -0.919722 -0.370183
vn 0.903616 -0.030594 -0.427250
vn 0.897560 -0.028776 -0.439951
vn 0.120907 -0.912292 -0.391287
vn -0.623377 0.580709 0.523620
vn -0.632247 0.589510 0.502734
vn -0.821634 -0.529461 0.211164
vn -0.820828 -0.531667 0.208740
vn -0.821565 -0.528449 0.213948
vn -0.644463 0.599327 0.474841
vn 0.143999 -0.929106 -0.340627
vn 0.910980 -0.034334 -0.411020
vn 0.412746 0.905779 0.095943
vn 0.432260 0.892720 0.127291
vn 0.423268 0.898718 0.114672
vn -0.631235 0.578821 0.516244
vn -0.622685 0.574218 0.531542
vn -0.814392 -0.540592 0.211013
vn -0.810760 -0.544353 0.215287
vn -0.819377 -0.534248 0.207847
vn -0.817270 -0.537185 0.208571
vn -0.618470 0.572864 0.537886
vn -0.618714 0.575036 0.535281
vn 0.115997 -0.908341 -0.401823
vn 0.115940 -0.908151 -0.402268
vn 0.893659 -0.028441 -0.447845
vn 0.892001 -0.029685 -0.451057
vn 0.439568 0.888656 0.130653
vn 0.437755 0.889270 0.132549
vn 0.432221 0.895543 0.105768
vn 0.437742 0.890829 0.121679
vn 0.159364 -0.937369 -0.309746
vn 0.901087 -0.030473 -0.432567
vn 0.896485 -0.026717 -0.442268
vn 0.153863 -0.934531 -0.320902
vn 0.151898 -0.932423 -0.327893
vn 0.903669 -0.038591 -0.426490
vn 0.905546 -0.038278 -0.422517
vn 0.158656 -0.936462 -0.312837
vn -0.654493 0.594947 0.466559
vn -0.649581 0.591222 0.478019
vn -0.805976 -0.545536 0.229768
vn -0.803970 -0.545818 0.236041
vn -0.808139 -0.545358 0.222477
vn -0.641988 0.584697 0.495964
vn 0.142256 -0.925997 -0.349705
vn 0.899886 -0.038861 -0.434390
vn 0.422949 0.901977 0.086902
vn 0.404848 0.912469 0.059150
vn 0.412077 0.908363 0.071190
vn -0.643382 0.592179 0.485164
vn -0.650195 0.595299 0.472086
vn -0.800554 -0.544111 0.251110
vn -0.799688 -0.543628 0.254889
vn -0.802416 -0.545636 0.241681
vn -0.801314 -0.545006 0.246707
vn -0.654768 0.596867 0.463712
vn -0.656216 0.596773 0.461781
vn 0.162203 -0.938519 -0.304750
vn 0.162427 -0.938797 -0.303771
vn 0.905764 -0.036689 -0.422192
vn 0.904270 -0.034041 -0.425602
vn 0.396978 0.916477 0.049785
vn 0.399792 0.915130 0.051994
vn 0.397913 0.915574 0.058217
vn 0.396394 0.916584 0.052393
vn 0.138574 -0.926136 -0.350812
vn 0.884571 -0.018598 -0.466034
vn 0.877418 -0.013809 -0.479528
vn 0.128985 -0.920594 -0.368605
vn -0.615576 0.576694 0.537112
vn -0.625993 0.582877 0.518060
vn -0.797510 -0.543602 0.261675
vn -0.796229 -0.543939 0.264856
vn -0.798657 -0.543501 0.258367
vn -0.635233 0.587996 0.500739
vn 0.146841 -0.930748 -0.334882
vn 0.890907 -0.022864 -0.453610
vn 0.400692 0.913861 0.065601
vn 0.408846 0.908753 0.083749
vn 0.404285 0.911622 0.074159
vn -0.566788 0.542051 0.620429
vn -0.578894 0.550833 0.601220
vn -0.789900 -0.549312 0.272608
vn -0.786761 -0.551725 0.276779
vn -0.794161 -0.545919 0.266985
vn -0.792198 -0.547549 0.269467
vn -0.591771 0.559971 0.579862
vn -0.605062 0.567941 0.557982
vn 0.116599 -0.914499 -0.387424
vn 0.105765 -0.906512 -0.408716
vn 0.869476 -0.008055 -0.493910
vn 0.860151 -0.005257 -0.510013
vn 0.421820 0.900598 0.104843
vn 0.416342 0.904445 0.092946
vn 0.433855 0.892683 0.122016
vn 0.428427 0.896262 0.114735
vn -0.188328 -0.688663 -0.700197
vn 0.572923 0.225115 -0.788088
vn 0.576114 0.238714 -0.781734
vn -0.210992 -0.726265 -0.654234
vn -0.040599 -0.800681 -0.597714
vn 0.750408 0.069368 -0.657324
vn 0.762161 0.033802 -0.646505
vn -0.009196 -0.804279 -0.594180
vn 0.052633 -0.870421 -0.489486
vn 0.795392 0.037827 -0.604914
vn 0.786866 0.044954 -0.615484
vn 0.044823 -0.864579 -0.500493
vn 0.066200 -0.881080 -0.468312
vn 0.822474 0.016483 -0.568564
vn 0.813233 0.022639 -0.581497
vn 0.061198 -0.877298 -0.476028
vn -0.535441 0.521124 0.664630
vn -0.544326 0.528021 0.651846
vn -0.777648 -0.558406 0.288871
vn -0.771491 -0.562799 0.296747
vn -0.782717 -0.554725 0.282196
vn -0.555619 0.534000 0.637285
vn 0.073626 -0.885871 -0.458053
vn 0.831881 0.011033 -0.554845
vn 0.437685 0.890182 0.126524
vn 0.441212 0.888391 0.126857
vn 0.439541 0.888968 0.128605
vn -0.504285 0.505041 0.700450
vn -0.515774 0.511381 0.687362
vn -0.759267 -0.570026 0.313982
vn -0.755646 -0.572218 0.318692
vn -0.764520 -0.567805 0.305133
vn -0.525498 0.516937 0.675742
vn 0.057546 -0.874211 -0.482124
vn 0.803825 0.028413 -0.594187
vn 0.438458 0.889802 0.126517
vn 0.442023 0.887566 0.129776
vn 0.439019 0.889623 0.125827
vn 0.020074 -0.846366 -0.532224
vn 0.771969 0.058630 -0.632951
vn 0.764802 0.060859 -0.641385
vn 0.003836 -0.834187 -0.551468
vn -0.463903 0.477417 0.746235
vn -0.477428 0.488645 0.730266
vn -0.755766 -0.572012 0.318780
vn -0.759491 -0.569120 0.315080
vn -0.754483 -0.572889 0.320239
vn -0.491407 0.497442 0.714893
vn 0.033858 -0.856547 -0.514957
vn 0.778911 0.051665 -0.625003
vn 0.448523 0.883119 0.137580
vn 0.471721 0.866825 0.161537
vn 0.459804 0.875751 0.147111
vn -0.499501 0.503676 0.704848
vn -0.429725 0.448306 0.783810
vn -0.771019 -0.562905 0.297771
vn -0.800664 -0.552623 0.231398
vn -0.763739 -0.567394 0.307841
vn -0.767984 -0.564779 0.302035
vn -0.438342 0.456784 0.774083
vn -0.449422 0.467316 0.761338
vn -0.014153 -0.821552 -0.569957
vn -0.029110 -0.809889 -0.585861
vn 0.759205 0.064704 -0.647628
vn 0.754377 0.067245 -0.652988
vn 0.497581 0.846727 0.188324
vn 0.485529 0.856346 0.175879
vn 0.505561 0.849261 0.152195
vn 0.506449 0.839277 0.197796
vn -0.072805 -0.776520 -0.625872
vn 0.721617 0.094891 -0.685759
vn 0.707829 0.107185 -0.698204
vn -0.085123 -0.768196 -0.634531
vn -0.057037 -0.786983 -0.614333
vn 0.742577 0.072780 -0.665795
vn 0.740561 0.073223 -0.667988
vn -0.059287 -0.787117 -0.613948
vn -0.414529 0.432317 0.800792
vn -0.416642 0.433524 0.799041
vn -0.773777 -0.560945 0.294296
vn -0.772215 -0.562467 0.295490
vn -0.813579 -0.512397 0.274841
vn -0.468756 0.479153 0.742078
vn -0.054928 -0.803480 -0.592792
vn 0.768248 0.074945 -0.635751
vn 0.472578 0.859540 0.194578
vn 0.518476 0.828864 0.210159
vn 0.519816 0.828352 0.208866
vn -0.379457 0.398735 0.834879
vn -0.394509 0.412315 0.821193
vn -0.759938 -0.570306 0.311842
vn -0.752488 -0.576006 0.319341
vn -0.769865 -0.563122 0.300334
vn -0.765724 -0.566010 0.305451
vn -0.405270 0.422335 0.810795
vn -0.411832 0.428809 0.804063
vn -0.061229 -0.786268 -0.614844
vn -0.065335 -0.782716 -0.618940
vn 0.737769 0.078110 -0.670519
vn 0.731406 0.084786 -0.676651
vn 0.516691 0.829699 0.211259
vn 0.517409 0.829568 0.210013
vn 0.518638 0.827135 0.216476
vn 0.517053 0.828920 0.213419
vn -0.113571 -0.744193 -0.658239
vn 0.670367 0.135452 -0.729562
vn 0.651674 0.149321 -0.743656
vn -0.125410 -0.734463 -0.666961
vn -0.321692 0.348851 0.880237
vn -0.339356 0.365094 0.866916
vn -0.732866 -0.593566 0.332546
vn -0.721817 -0.603114 0.339462
vn -0.743144 -0.584743 0.325288
vn -0.361078 0.381304 0.851017
vn -0.100577 -0.757244 -0.645341
vn 0.690324 0.121756 -0.713182
vn 0.522596 0.824176 0.218237
vn 0.527875 0.820626 0.218907
vn 0.525156 0.821707 0.221378
vn -0.296960 0.319269 0.899934
vn -0.288090 0.321031 0.902188
vn -0.689023 -0.615101 0.383272
vn -0.671452 -0.669807 0.317034
vn -0.710024 -0.613138 0.346306
vn -0.697437 -0.623598 0.353138
vn -0.295899 0.327297 0.897396
vn -0.307106 0.336486 0.890204
vn -0.133073 -0.728323 -0.672189
vn -0.136720 -0.725600 -0.674398
vn 0.634775 0.161513 -0.755628
vn 0.619582 0.172099 -0.765833
vn 0.521583 0.826629 0.211271
vn 0.526279 0.822409 0.216041
vn 0.472257 0.862753 0.180640
vn 0.492763 0.838785 0.231569
vn -0.135116 -0.741649 -0.657040
vn 0.441591 0.288155 -0.849685
vn 0.368617 0.313966 -0.874955
vn -0.138305 -0.743885 -0.653840
vn -0.082069 -0.757742 -0.647373
vn 0.557792 0.216728 -0.801185
vn 0.555166 0.219088 -0.802366
vn -0.075605 -0.761159 -0.644144
vn -0.115642 -0.738276 -0.664511
vn 0.575686 0.202965 -0.792080
vn 0.568717 0.207756 -0.795863
vn -0.107282 -0.743196 -0.660417
vn -0.278984 0.318300 0.906010
vn -0.278963 0.317329 0.906357
vn -0.641179 -0.665466 0.382156
vn -0.628973 -0.673560 0.388214
vn -0.664017 -0.653047 0.364158
vn -0.286306 0.325807 0.901043
vn -0.125855 -0.728193 -0.673717
vn 0.565125 0.197559 -0.801002
vn 0.457807 0.874518 0.160099
vn 0.464812 0.868245 0.173495
vn 0.477128 0.860049 0.180733
vn -0.288147 0.325561 0.900545
vn -0.285646 0.325236 0.901459
vn -0.601968 -0.688542 0.404406
vn -0.595215 -0.691562 0.409221
vn -0.618342 -0.680175 0.393720
vn -0.609448 -0.684700 0.399698
vn -0.282612 0.322483 0.903402
vn -0.280238 0.320036 0.905010
vn -0.098675 -0.748023 -0.656297
vn -0.089926 -0.752800 -0.652078
vn 0.563666 0.212008 -0.798332
vn 0.560131 0.214947 -0.800032
vn 0.441811 0.882300 0.162325
vn 0.453013 0.875642 0.167420
vn 0.423406 0.892737 0.154104
vn 0.431947 0.888059 0.157390
vn -0.074048 -0.761997 -0.643333
vn 0.542550 0.228674 -0.808299
vn 0.531096 0.237244 -0.813420
vn -0.080031 -0.759077 -0.646063
vn -0.269873 0.311036 0.911277
vn -0.280561 0.319718 0.905023
vn -0.580290 -0.698219 0.419229
vn -0.570954 -0.702432 0.424972
vn -0.588189 -0.694659 0.414105
vn -0.286368 0.324304 0.901565
vn -0.072810 -0.762638 -0.642715
vn 0.550302 0.222874 -0.804671
vn 0.416360 0.896109 0.153729
vn 0.410074 0.898904 0.154305
vn 0.412078 0.898147 0.153376
vn -0.146403 0.219523 0.964560
vn -0.189915 0.246570 0.950334
vn -0.505151 -0.736323 0.450168
vn -0.436200 -0.771616 0.462966
vn -0.559250 -0.707611 0.431887
vn -0.541283 -0.715959 0.440925
vn -0.225240 0.275140 0.934647
vn -0.252283 0.296893 0.920982
vn -0.092603 -0.753234 -0.651202
vn -0.114599 -0.747199 -0.654646
vn 0.514216 0.249825 -0.820469
vn 0.488538 0.268417 -0.830231
vn 0.412586 0.896756 0.160001
vn 0.410852 0.898124 0.156762
vn 0.361447 0.920046 0.151230
vn 0.402392 0.901577 0.158865
vn 0.045593 -0.753368 -0.656017
vn -0.021166 0.408296 -0.912604
vn -0.026144 0.409153 -0.912091
vn 0.042473 -0.748980 -0.661230
vn -0.068478 -0.765627 -0.639630
vn 0.173526 0.373272 -0.911349
vn 0.088721 0.392645 -0.915401
vn -0.016171 -0.768202 -0.640004
vn -0.035714 0.182868 0.982489
vn -0.063470 0.180136 0.981592
vn -0.211254 -0.841769 0.496786
vn -0.097111 -0.859497 0.501831
vn -0.333961 -0.807637 0.485996
vn -0.104375 0.189102 0.976394
vn -0.115348 -0.754496 -0.646089
vn 0.274813 0.347619 -0.896459
vn 0.285016 0.949861 0.128567
vn 0.074792 0.992085 0.100864
vn 0.177978 0.977585 0.112480
vn 0.001385 0.208665 0.977986
vn -0.003406 0.203647 0.979039
vn 0.052822 -0.863227 0.502045
vn 0.057486 -0.862471 0.502831
vn -0.016720 -0.864287 0.502720
vn 0.029809 -0.864280 0.502126
vn -0.010073 0.198111 0.980128
vn -0.019831 0.191401 0.981312
vn 0.020532 -0.763972 -0.644923
vn 0.039204 -0.758508 -0.650483
vn 0.030600 0.403168 -0.914614
vn -0.003561 0.407005 -0.913419
vn -0.035059 0.994833 0.095279
vn 0.003693 0.995395 0.095788
vn -0.051171 0.993976 0.096914
vn -0.051674 0.994027 0.096128
vn 0.015794 -0.743857 -0.668153
vn -0.008759 0.410078 -0.912008
vn 0.002407 0.408833 -0.912606
vn 0.001927 -0.743362 -0.668887
vn 0.010571 0.215444 0.976459
vn 0.008163 0.215271 0.976520
vn 0.026004 -0.862619 0.505184
vn 0.006800 -0.862817 0.505471
vn 0.046180 -0.862320 0.504254
vn 0.005041 0.213322 0.976969
vn 0.031118 -0.745483 -0.665798
vn -0.020399 0.410333 -0.911708
vn -0.035911 0.994615 0.097216
vn 0.007786 0.995130 0.098263
vn -0.013149 0.995127 0.097718
vn 0.012108 0.203787 0.978940
vn 0.012609 0.210180 0.977581
vn -0.021023 -0.863443 0.504009
vn -0.021697 -0.863963 0.503087
vn -0.007752 -0.862857 0.505388
vn -0.017095 -0.862916 0.505058
vn 0.012812 0.213478 0.976864
vn 0.012097 0.214778 0.976588
vn -0.008381 -0.743279 -0.668929
vn -0.014772 -0.743552 -0.668515
vn 0.010822 0.407281 -0.913239
vn 0.016311 0.404686 -0.914310
vn 0.033254 0.994583 0.098484
vn 0.023372 0.994843 0.098698
vn 0.037742 0.994197 0.100736
vn 0.037237 0.994421 0.098696
# 2990 normals

usemtl initialShadingGroup
s 1
f 122/1/1 123/2/2 92/4/4
f 123/2/2 124/5/5 121/3/3
f 124/5/5 125/7/7 120/6/6
f 125/9/7 126/10/9 119/12/8
f 126/10/9 127/13/11 118/11/10
f 127/13/11 128/15/13 117/14/12
f 128/15/13 129/17/15 116/16/14
f 129/17/15 130/19/17 115/18/16
f 130/19/17 131/21/19 114/20/18
f 131/21/19 132/23/21 113/22/20
f 132/25/21 133/26/23 112/28/22
f 133/26/23 134/29/25 111/27/24
f 134/29/25 135/31/27 110/30/26
f 135/31/27 136/33/29 109/32/28
f 136/33/29 137/35/31 108/34/30
f 137/35/31 138/37/33 107/36/32
f 138/37/33 139/39/35 106/38/34
f 139/39/35 140/41/37 105/40/36
f 140/43/37 141/44/39 104/46/38
f 141/44/39 142/47/41 103/45/40
f 142/47/41 143/49/43 102/48/42
f 143/49/43 144/51/45 101/50/44
f 144/51/45 145/53/47 100/52/46
f 145/53/47 146/55/49 99/54/48
f 146/55/49 147/57/51 98/56/50
f 147/59/51 148/60/53 97/62/52
f 148/60/53 149/63/55 96/61/54
f 149/63/55 150/65/57 95/64/56
f 150/65/57 151/67/59 94/66/58
f 151/67/59 122/1/1 93/68/60
f 663/131/123 664/132/124 62/134/126
f 664/132/124 665/135/127 63/133/125
f 665/135/127 666/137/129 64/136/128
f 666/139/129 667/140/131 65/142/130
f 667/140/131 668/143/133 66/141/132
f 668/143/133 669/145/135 67/144/134
f 669/145/135 670/147/137 68/146/136
f 670/147/137 671/149/139 69/148/138
f 671/149/139 672/151/141 70/150/140
f 672/151/141 673/153/143 71/152/142
f 673/155/143 674/156/145 72/158/144
f 674/156/145 675/159/147 73/157/146
f 675/159/147 676/161/149 74/160/148
f 676/161/149 677/163/151 75/162/150
f 677/163/151 678/165/153 76/164/152
f 678/165/153 679/167/155 77/166/154
f 679/167/155 680/169/157 78/168/156
f 680/169/157 681/171/159 79/170/158
f 681/173/159 682/174/161 80/176/160
f 682/174/161 683/177/163 81/175/162
f 683/177/163 684/179/165 82/178/164
f 684/179/165 685/181/167 83/180/166
f 685/181/167 686/183/169 84/182/168
f 686/183/169 687/185/171 85/184/170
f 687/185/171 688/187/173 86/186/172
f 688/189/173 689/190/175 87/192/174
f 689/190/175 690/193/177 88/191/176
f 690/193/177 691/195/179 89/194/178
f 691/195/179 692/197/181 90/196/180
f 692/197/181 663/131/123 91/198/182
f 152/267/243 153/268/244 483/270/246
f 153/268/244 154/271/247 512/269/245
f 154/271/247 155/273/249 511/272/248
f 155/273/249 156/275/251 510/274/250
f 156/275/251 157/277/253 509/276/252
f 157/277/253 158/279/255 508/278/254
f 158/279/255 159/281/257 507/280/256
f 159/281/257 160/283/259 506/282/258
f 160/283/259 161/285/261 505/284/260
f 161/285/261 162/287/263 504/286/262
f 162/287/263 163/289/265 503/288/264
f 163/289/265 164/291/267 502/290/266
f 164/291/267 165/293/269 501/292/268
f 165/293/269 166/295/271 500/294/270
f 166/295/271 167/297/273 499/296/272
f 167/297/273 168/299/275 498/298/274
f 168/299/275 169/301/277 497/300/276
f 169/301/277 170/303/279 496/302/278
f 170/303/279 171/305/281 495/304/280
f 171/305/281 172/307/283 494/306/282
f 172/307/283 173/309/285 493/308/284
f 173/309/285 174/311/287 492/310/286
f 174/311/287 175/313/289 491/312/288
f 175/313/289 176/315/291 490/314/290
f 176/315/291 177/317/293 489/316/292
f 177/317/293 178/319/295 488/318/294
f 178/319/295 179/321/297 487/320/296
f 179/321/297 180/323/299 486/322/298
f 180/323/299 181/325/301 485/324/300
f 181/325/301 152/267/243 484/326/302
f 182/327/303 183/328/304 152/330/243
f 183/328/304 184/331/305 153/329/244
f 184/331/305 185/333/306 154/332/247
f 185/335/306 186/336/307 155/338/249
f 186/336/307 187/339/308 156/337/251
f 187/339/308 188/341/309 157/340/253
f 188/341/309 189/343/310 158/342/255
f 189/343/310 190/345/311 159/344/257
f 190/345/311 191/347/312 160/346/259
f 191/347/312 192/349/313 161/348/261
f 192/351/313 193/352/314 162/354/263
f 193/352/314 194/355/315 163/353/265
f 194/355/315 195/357/316 164/356/267
f 195/357/316 196/359/317 165/358/269
f 196/359/317 197/361/318 166/360/271
f 197/361/318 198/363/319 167/362/273
f 198/363/319 199/365/320 168/364/275
f 199/365/320 200/367/321 169/366/277
f 200/369/321 201/370/322 170/372/279
f 201/370/322 202/373/323 171/371/281
f 202/373/323 203/375/324 172/374/283
f 203/375/324 204/377/325 173/376/285
f 204/377/325 205/379/326 174/378/287
f 205/379/326 206/381/327 175/380/289
f 206/381/327 207/383/328 176/382/291
f 207/385/328 208/386/329 177/388/293
f 208/386/329 209/389/330 178/387/295
f 209/389/330 210/391/331 179/390/297
f 210/391/331 211/393/332 180/392/299
f 211/393/332 182/327/303 181/394/301
f 573/395/333 574/396/334 543/398/336
f 574/396/334 575/399/337 572/397/335
f 575/399/337 576/401/339 571/400/338
f 576/403/339 577/404/341 570/406/340
f 577/404/341 578/407/343 569/405/342
f 578/407/343 579/409/345 568/408/344
f 579/409/345 580/411/347 567/410/346
f 580/411/347 581/413/349 566/412/348
f 581/413/349 582/415/351 565/414/350
f 582/415/351 583/417/353 564/416/352
f 583/419/353 584/420/355 563/422/354
f 584/420/355 585/423/357 562/421/356
f 585/423/357 586/425/359 561/424/358
f 586/425/359 587/427/361 560/426/360
f 587/427/361 588/429/363 559/428/362
f 588/429/363 589/431/365 558/430/364
f 589/431/365 590/433/367 557/432/366
f 590/433/367 591/435/369 556/434/368
f 591/437/369 592/438/371 555/440/370
f 592/438/371 593/441/373 554/439/372
f 593/441/373 594/443/375 553/442/374
f 594/443/375 595/445/377 552/444/376
f 595/445/377 596/447/379 551/446/378
f 596/447/379 597/449/381 550/448/380
f 597/449/381 598/451/383 549/450/382
f 598/453/383 599/454/385 548/456/384
f 599/454/385 600/457/387 547/455/386
f 600/457/387 601/459/389 546/458/388
f 601/459/389 602/461/391 545/460/390
f 602/461/391 573/395/333 544/462/392
f 242/463/393 243/464/394 213/465/395
f 243/464/394 244/467/397 213/465/395
f 244/467/397 245/469/399 214/468/398
f 245/471/399 246/472/401 215/474/400
f 246/472/401 247/475/403 216/473/402
f 247/475/403 248/477/405 217/476/404
f 248/477/405 249/479/407 218/478/406
f 249/479/407 250/481/409 219/480/408
f 250/481/409 251/483/411 220/482/410
f 251/483/411 252/485/413 221/484/412
f 252/487/413 253/488/415 222/490/414
f 253/488/415 254/491/417 223/489/416
f 254/491/417 255/493/419 224/492/418
f 255/493/419 256/495/421 225/494/420
f 256/495/421 257/497/423 227/498/424
f 257/497/423 258/499/425 228/500/426
f 258/499/425 259/501/427 228/500/426
f 259/501/427 260/503/429 229/502/428
f 260/505/429 261/506/431 230/508/430
f 261/506/431 262/509/433 231/507/432
f 262/509/433 263/511/435 232/510/434
f 263/511/435 264/513/437 233/512/436
f 264/513/437 265/515/439 234/514/438
f 265/515/439 266/517/441 235/516/440
f 266/517/441 267/519/443 236/518/442
f 267/521/443 268/522/445 237/524/444
f 268/522/445 269/525/447 238/523/446
f 269/525/447 270/527/449 239/526/448
f 270/527/449 271/529/451 240/528/450
f 271/529/451 242/463/393 212/466/396
f 272/531/453 273/532/454 242/463/393
f 273/532/454 274/533/455 243/464/394
f 274/533/455 275/534/456 244/467/397
f 275/535/456 276/536/457 245/471/399
f 276/536/457 277/537/458 246/472/401
f 277/537/458 278/538/459 247/475/403
f 278/538/459 279/539/460 248/477/405
f 279/539/460 280/540/461 249/479/407
f 280/540/461 281/541/462 250/481/409
f 281/541/462 282/542/463 251/483/411
f 282/543/463 283/544/464 252/487/413
f 283/544/464 284/545/465 253/488/415
f 284/545/465 285/546/466 254/491/417
f 285/546/466 286/547/467 255/493/419
f 286/547/467 287/548/468 256/495/421
f 287/548/468 288/549/469 257/497/423
f 288/549/469 289/550/470 258/499/425
f 289/550/470 290/551/471 259/501/427
f 290/552/471 291/553/472 260/505/429
f 291/553/472 292/554/473 261/506/431
f 292/554/473 293/555/474 262/509/433
f 293/555/474 294/556/475 263/511/435
f 294/556/475 295/557/476 264/513/437
f 295/557/476 296/558/477 265/515/439
f 296/558/477 297/559/478 266/517/441
f 297/560/478 298/561/479 267/521/443
f 298/561/479 299/562/480 268/522/445
f 299/562/480 300/563/481 269/525/447
f 300/563/481 301/564/482 270/527/449
f 301/564/482 272/531/453 271/529/451
f 603/565/483 604/566/484 633/568/486
f 604/566/484 605/569/487 662/567/485
f 605/569/487 606/571/489 661/570/488
f 606/571/489 607/573/491 660/572/490
f 607/573/491 608/575/493 659/574/492
f 608/577/493 609/578/495 658/580/494
f 609/578/495 610/581/497 657/579/496
f 610/581/497 611/583/499 656/582/498
f 611/585/499 612/586/501 655/588/500
f 612/586/501 613/589/503 654/587/502
f 613/589/503 614/591/505 653/590/504
f 614/591/505 615/593/507 652/592/506
f 615/593/507 616/595/509 651/594/508
f 616/597/509 617/598/511 650/600/510
f 617/598/511 618/601/513 649/599/512
f 618/603/513 619/604/515 648/606/514
f 619/604/515 620/607/517 647/605/516
f 620/607/517 621/609/519 646/608/518
f 621/609/519 622/611/521 645/610/520
f 622/611/521 623/613/523 644/612/522
f 623/615/523 624/616/525 643/618/524
f 624/616/525 625/619/527 642/617/526
f 625/619/527 626/621/529 641/620/528
f 626/623/529 627/624/531 640/626/530
f 627/624/531 628/627/533 639/625/532
f 628/627/533 629/629/535 638/628/534
f 629/629/535 630/631/537 637/630/536
f 630/631/537 631/633/539 636/632/538
f 631/635/539 632/636/541 635/638/540
f 632/636/541 603/639/483 634/637/542
f 484/919/302 483/920/246 514/922/1144
f 485/923/300 484/919/302 515/924/1145
f 486/925/298 485/923/300 516/926/1146
f 487/927/296 486/925/298 517/928/1147
f 488/929/294 487/927/296 518/930/1148
f 489/931/292 488/932/294 519/934/1149
f 490/935/290 489/931/292 520/936/1150
f 491/937/288 490/935/290 521/938/1151
f 492/939/286 491/937/288 522/940/1152
f 493/941/284 492/939/286 523/942/1153
f 494/943/282 493/941/284 524/944/1154
f 495/945/280 494/943/282 525/946/1155
f 496/947/278 495/948/280 526/950/1156
f 497/951/276 496/947/278 527/952/1157
f 498/953/274 497/951/276 528/954/1158
f 499/955/272 498/953/274 529/956/1159
f 500/957/270 499/955/272 530/958/1160
f 501/959/268 500/957/270 531/960/1161
f 502/961/266 501/959/268 532/962/1162
f 503/963/264 502/961/266 533/964/1163
f 504/965/262 503/966/264 534/968/1164
f 505/969/260 504/965/262 535/970/1165
f 506/971/258 505/969/260 536/972/1166
f 507/973/256 506/971/258 537/974/1167
f 508/975/254 507/973/256 538/976/1168
f 509/977/252 508/975/254 539/978/1169
f 510/979/250 509/977/252 540/980/1170
f 511/981/248 510/982/250 541/984/1171
f 512/985/245 511/981/248 542/986/1172
f 483/920/246 512/985/245 513/921/1143
f 514/987/1144 513/988/1143 151/990/59
f 515/991/1145 514/987/1144 150/992/57
f 516/993/1146 515/991/1145 149/994/55
f 517/995/1147 516/993/1146 148/996/53
f 518/997/1148 517/995/1147 147/998/51
f 519/999/1149 518/997/1148 146/1000/49
f 520/1001/1150 519/999/1149 145/1002/47
f 521/1003/1151 520/1001/1150 144/1004/45
f 522/1005/1152 521/1003/1151 143/1006/43
f 523/1007/1153 522/1005/1152 142/1008/41
f 524/1009/1154 523/1007/1153 141/1010/39
f 525/1011/1155 524/1009/1154 140/1012/37
f 526/1013/1156 525/1011/1155 139/1014/35
f 527/1015/1157 526/1013/1156 138/1016/33
f 528/1017/1158 527/1015/1157 137/1018/31
f 529/1019/1159 528/1017/1158 136/1020/29
f 530/1021/1160 529/1019/1159 135/1022/27
f 531/1023/1161 530/1021/1160 134/1024/25
f 532/1025/1162 531/1023/1161 133/1026/23
f 533/1027/1163 532/1025/1162 132/1028/21
f 534/1029/1164 533/1027/1163 131/1030/19
f 535/1031/1165 534/1029/1164 130/1032/17
f 536/1033/1166 535/1031/1165 129/1034/15
f 537/1035/1167 536/1033/1166 128/1036/13
f 538/1037/1168 537/1035/1167 127/1038/11
f 539/1039/1169 538/1037/1168 126/1040/9
f 540/1041/1170 539/1039/1169 125/1042/7
f 541/1043/1171 540/1041/1170 124/1044/5
f 542/1045/1172 541/1043/1171 123/1046/2
f 513/988/1143 542/1045/1172 122/989/1
f 544/1047/392 543/1048/336 211/1050/332
f 545/1051/390 544/1047/392 210/1052/331
f 546/1053/388 545/1051/390 209/1054/330
f 547/1055/386 546/1053/388 208/1056/329
f 548/1057/384 547/1055/386 207/1058/328
f 549/1059/382 548/1057/384 206/1060/327
f 550/1061/380 549/1059/382 205/1062/326
f 551/1063/378 550/1061/380 204/1064/325
f 552/1065/376 551/1063/378 203/1066/324
f 553/1067/374 552/1065/376 202/1068/323
f 554/1069/372 553/1067/374 201/1070/322
f 555/1071/370 554/1069/372 200/1072/321
f 556/1073/368 555/1071/370 199/1074/320
f 557/1075/366 556/1073/368 198/1076/319
f 558/1077/364 557/1075/366 197/1078/318
f 559/1079/362 558/1077/364 196/1080/317
f 560/1081/360 559/1079/362 195/1082/316
f 561/1083/358 560/1081/360 194/1084/315
f 562/1085/356 561/1083/358 193/1086/314
f 563/1087/354 562/1085/356 192/1088/313
f 564/1089/352 563/1087/354 191/1090/312
f 565/1091/350 564/1089/352 190/1092/311
f 566/1093/348 565/1091/350 189/1094/310
f 567/1095/346 566/1093/348 188/1096/309
f 568/1097/344 567/1095/346 187/1098/308
f 569/1099/342 568/1097/344 186/1100/307
f 570/1101/340 569/1099/342 185/1102/306
f 571/1103/338 570/1101/340 184/1104/305
f 572/1105/335 571/1103/338 183/1106/304
f 543/1048/336 572/1105/335 182/1049/303
f 212/1107/396 213/1108/395 573/1110/333
f 213/1108/395 214/1111/398 574/1109/334
f 214/1111/398 215/1113/400 575/1112/337
f 215/1113/400 216/1115/402 576/1114/339
f 216/1115/402 217/1117/404 577/1116/341
f 217/1117/404 218/1119/406 578/1118/343
f 218/1119/406 219/1121/408 579/1120/345
f 219/1121/408 220/1123/410 580/1122/347
f 220/1123/410 221/1125/412 581/1124/349
f 221/1125/412 222/1127/414 582/1126/351
f 222/1127/414 223/1129/416 583/1128/353
f 223/1129/416 224/1131/418 584/1130/355
f 224/1131/418 225/1133/420 586/1134/359
f 225/494/420 226/496/422 587/427/361
f 226/496/422 227/498/424 587/427/361
f 227/1135/424 228/1136/426 588/1138/363
f 228/1136/426 229/1139/428 589/1137/365
f 229/1139/428 230/1141/430 590/1140/367
f 230/1141/430 231/1143/432 591/1142/369
f 231/1143/432 232/1145/434 592/1144/371
f 232/1145/434 233/1147/436 593/1146/373
f 233/1147/436 234/1149/438 594/1148/375
f 234/1149/438 235/1151/440 595/1150/377
f 235/1151/440 236/1153/442 596/1152/379
f 236/1153/442 237/1155/444 597/1154/381
f 237/1155/444 238/1157/446 598/1156/383
f 238/1157/446 239/1159/448 599/1158/385
f 239/1159/448 240/1161/450 601/1162/389
f 240/528/450 241/530/452 602/461/391
f 241/530/452 212/466/396 602/461/391
f 62/134/126 63/133/125 603/1164/483
f 63/133/125 64/136/128 604/1163/484
f 64/136/128 65/138/130 605/1165/487
f 65/142/130 66/141/132 606/1168/489
f 66/141/132 67/144/134 607/1167/491
f 67/144/134 68/146/136 608/1169/493
f 68/146/136 69/148/138 609/1170/495
f 69/148/138 70/150/140 610/1171/497
f 70/150/140 71/152/142 611/1172/499
f 71/152/142 72/154/144 612/1173/501
f 72/158/144 73/157/146 613/1176/503
f 73/157/146 74/160/148 614/1175/505
f 74/160/148 75/162/150 615/1177/507
f 75/162/150 76/164/152 616/1178/509
f 76/164/152 77/166/154 617/1179/511
f 77/166/154 78/168/156 618/1180/513
f 78/168/156 79/170/158 619/1181/515
f 79/170/158 80/172/160 620/1182/517
f 80/176/160 81/175/162 621/1185/519
f 81/175/162 82/178/164 622/1184/521
f 82/178/164 83/180/166 623/1186/523
f 83/180/166 84/182/168 624/1187/525
f 84/182/168 85/184/170 625/1188/527
f 85/184/170 86/186/172 626/1189/529
f 86/186/172 87/188/174 627/1190/531
f 87/192/174 88/191/176 628/1193/533
f 88/191/176 89/194/178 629/1192/535
f 89/194/178 90/196/180 630/1194/537
f 90/196/180 91/198/182 631/1195/539
f 91/198/182 62/134/126 632/1196/541
f 634/1197/542 633/568/486 301/1199/482
f 635/634/540 634/1197/542 300/1200/481
f 636/632/538 635/634/540 299/1201/480
f 637/630/536 636/632/538 298/1202/479
f 638/628/534 637/630/536 297/1203/478
f 639/625/532 638/628/534 296/1204/477
f 640/626/530 639/625/532 295/1205/476
f 641/1206/528 640/626/530 294/1207/475
f 642/1208/526 641/1206/528 293/1209/474
f 643/614/524 642/1208/526 292/1210/473
f 644/612/522 643/614/524 291/1211/472
f 645/610/520 644/612/522 290/1212/471
f 646/608/518 645/610/520 289/1213/470
f 647/605/516 646/608/518 288/1214/469
f 648/606/514 647/605/516 287/1215/468
f 649/1216/512 648/606/514 286/1217/467
f 650/596/510 649/1216/512 285/1218/466
f 651/594/508 650/596/510 284/1219/465
f 652/592/506 651/594/508 283/1220/464
f 653/590/504 652/592/506 282/1221/463
f 654/587/502 653/590/504 281/1222/462
f 655/588/500 654/587/502 280/1223/461
f 656/1224/498 655/588/500 279/1225/460
f 657/1226/496 656/1224/498 278/1227/459
f 658/576/494 657/1226/496 277/1228/458
f 659/574/492 658/576/494 276/1229/457
f 660/572/490 659/574/492 275/1230/456
f 661/570/488 660/572/490 274/1231/455
f 662/567/485 661/570/488 273/1232/454
f 633/568/486 662/567/485 272/1198/453
f 1/1233/1173 2/1234/1174 663/131/123
f 2/1234/1174 3/1235/1175 664/132/124
f 3/1235/1175 4/1236/1176 665/135/127
f 4/1237/1176 5/1238/1177 666/139/129
f 5/1238/1177 6/1239/1178 667/140/131
f 6/1239/1178 7/1240/1179 668/143/133
f 7/1240/1179 8/1241/1180 669/145/135
f 8/1241/1180 9/1242/1181 670/147/137
f 9/1242/1181 10/1243/1182 671/149/139
f 10/1243/1182 11/1244/1183 672/151/141
f 11/1245/1183 12/1246/1184 673/155/143
f 12/1246/1184 13/1247/1185 674/156/145
f 13/1247/1185 14/1248/1186 675/159/147
f 14/1248/1186 15/1249/1187 676/161/149
f 15/1249/1187 16/1250/1188 677/163/151
f 16/1250/1188 17/1251/1189 678/165/153
f 17/1251/1189 18/1252/1190 679/167/155
f 18/1252/1190 19/1253/1191 680/169/157
f 19/1254/1191 20/1255/1192 681/173/159
f 20/1255/1192 21/1256/1193 682/174/161
f 21/1256/1193 22/1257/1194 683/177/163
f 22/1257/1194 23/1258/1195 684/179/165
f 23/1258/1195 24/1259/1196 685/181/167
f 24/1259/1196 25/1260/1197 686/183/169
f 25/1260/1197 26/1261/1198 687/185/171
f 26/1262/1198 27/1263/1199 688/189/173
f 27/1263/1199 28/1264/1200 689/190/175
f 28/1264/1200 29/1265/1201 690/193/177
f 29/1265/1201 30/1266/1202 691/195/179
f 30/1266/1202 1/1233/1173 692/197/181
f 123/2/2 121/3/3 92/4/4
f 124/5/5 120/6/6 121/3/3
f 125/7/7 119/8/8 120/6/6
f 126/10/9 118/11/10 119/12/8
f 127/13/11 117/14/12 118/11/10
f 128/15/13 116/16/14 117/14/12
f 129/17/15 115/18/16 116/16/14
f 130/19/17 114/20/18 115/18/16
f 131/21/19 113/22/20 114/20/18
f 132/23/21 112/24/22 113/22/20
f 133/26/23 111/27/24 112/28/22
f 134/29/25 110/30/26 111/27/24
f 135/31/27 109/32/28 110/30/26
f 136/33/29 108/34/30 109/32/28
f 137/35/31 107/36/32 108/34/30
f 138/37/33 106/38/34 107/36/32
f 139/39/35 105/40/36 106/38/34
f 140/41/37 104/42/38 105/40/36
f 141/44/39 103/45/40 104/46/38
f 142/47/41 102/48/42 103/45/40
f 143/49/43 101/50/44 102/48/42
f 144/51/45 100/52/46 101/50/44
f 145/53/47 99/54/48 100/52/46
f 146/55/49 98/56/50 99/54/48
f 147/57/51 97/58/52 98/56/50
f 148/60/53 96/61/54 97/62/52
f 149/63/55 95/64/56 96/61/54
f 150/65/57 94/66/58 95/64/56
f 151/67/59 93/68/60 94/66/58
f 122/1/1 92/4/4 93/68/60
f 664/132/124 63/133/125 62/134/126
f 665/135/127 64/136/128 63/133/125
f 666/137/129 65/138/130 64/136/128
f 667/140/131 66/141/132 65/142/130
f 668/143/133 67/144/134 66/141/132
f 669/145/135 68/146/136 67/144/134
f 670/147/137 69/148/138 68/146/136
f 671/149/139 70/150/140 69/148/138
f 672/151/141 71/152/142 70/150/140
f 673/153/143 72/154/144 71/152/142
f 674/156/145 73/157/146 72/158/144
f 675/159/147 74/160/148 73/157/146
f 676/161/149 75/162/150 74/160/148
f 677/163/151 76/164/152 75/162/150
f 678/165/153 77/166/154 76/164/152
f 679/167/155 78/168/156 77/166/154
f 680/169/157 79/170/158 78/168/156
f 681/171/159 80/172/160 79/170/158
f 682/174/161 81/175/162 80/176/160
f 683/177/163 82/178/164 81/175/162
f 684/179/165 83/180/166 82/178/164
f 685/181/167 84/182/168 83/180/166
f 686/183/169 85/184/170 84/182/168
f 687/185/171 86/186/172 85/184/170
f 688/187/173 87/188/174 86/186/172
f 689/190/175 88/191/176 87/192/174
f 690/193/177 89/194/178 88/191/176
f 691/195/179 90/196/180 89/194/178
f 692/197/181 91/198/182 90/196/180
f 663/131/123 62/134/126 91/198/182
f 153/268/244 512/269/245 483/270/246
f 154/271/247 511/272/248 512/269/245
f 155/273/249 510/274/250 511/272/248
f 156/275/251 509/276/252 510/274/250
f 157/277/253 508/278/254 509/276/252
f 158/279/255 507/280/256 508/278/254
f 159/281/257 506/282/258 507/280/256
f 160/283/259 505/284/260 506/282/258
f 161/285/261 504/286/262 505/284/260
f 162/287/263 503/288/264 504/286/262
f 163/289/265 502/290/266 503/288/264
f 164/291/267 501/292/268 502/290/266
f 165/293/269 500/294/270 501/292/268
f 166/295/271 499/296/272 500/294/270
f 167/297/273 498/298/274 499/296/272
f 168/299/275 497/300/276 498/298/274
f 169/301/277 496/302/278 497/300/276
f 170/303/279 495/304/280 496/302/278
f 171/305/281 494/306/282 495/304/280
f 172/307/283 493/308/284 494/306/282
f 173/309/285 492/310/286 493/308/284
f 174/311/287 491/312/288 492/310/286
f 175/313/289 490/314/290 491/312/288
f 176/315/291 489/316/292 490/314/290
f 177/317/293 488/318/294 489/316/292
f 178/319/295 487/320/296 488/318/294
f 179/321/297 486/322/298 487/320/296
f 180/323/299 485/324/300 486/322/298
f 181/325/301 484/326/302 485/324/300
f 152/267/243 483/270/246 484/326/302
f 183/328/304 153/329/244 152/330/243
f 184/331/305 154/332/247 153/329/244
f 185/333/306 155/334/249 154/332/247
f 186/336/307 156/337/251 155/338/249
f 187/339/308 157/340/253 156/337/251
f 188/341/309 158/342/255 157/340/253
f 189/343/310 159/344/257 158/342/255
f 190/345/311 160/346/259 159/344/257
f 191/347/312 161/348/261 160/346/259
f 192/349/313 162/350/263 161/348/261
f 193/352/314 163/353/265 162/354/263
f 194/355/315 164/356/267 163/353/265
f 195/357/316 165/358/269 164/356/267
f 196/359/317 166/360/271 165/358/269
f 197/361/318 167/362/273 166/360/271
f 198/363/319 168/364/275 167/362/273
f 199/365/320 169/366/277 168/364/275
f 200/367/321 170/368/279 169/366/277
f 201/370/322 171/371/281 170/372/279
f 202/373/323 172/374/283 171/371/281
f 203/375/324 173/376/285 172/374/283
f 204/377/325 174/378/287 173/376/285
f 205/379/326 175/380/289 174/378/287
f 206/381/327 176/382/291 175/380/289
f 207/383/328 177/384/293 176/382/291
f 208/386/329 178/387/295 177/388/293
f 209/389/330 179/390/297 178/387/295
f 210/391/331 180/392/299 179/390/297
f 211/393/332 181/394/301 180/392/299
f 182/327/303 152/330/243 181/394/301
f 574/396/334 572/397/335 543/398/336
f 575/399/337 571/400/338 572/397/335
f 576/401/339 570/402/340 571/400/338
f 577/404/341 569/405/342 570/406/340
f 578/407/343 568/408/344 569/405/342
f 579/409/345 567/410/346 568/408/344
f 580/411/347 566/412/348 567/410/346
f 581/413/349 565/414/350 566/412/348
f 582/415/351 564/416/352 565/414/350
f 583/417/353 563/418/354 564/416/352
f 584/420/355 562/421/356 563/422/354
f 585/423/357 561/424/358 562/421/356
f 586/425/359 560/426/360 561/424/358
f 587/427/361 559/428/362 560/426/360
f 588/429/363 558/430/364 559/428/362
f 589/431/365 557/432/366 558/430/364
f 590/433/367 556/434/368 557/432/366
f 591/435/369 555/436/370 556/434/368
f 592/438/371 554/439/372 555/440/370
f 593/441/373 553/442/374 554/439/372
f 594/443/375 552/444/376 553/442/374
f 595/445/377 551/446/378 552/444/376
f 596/447/379 550/448/380 551/446/378
f 597/449/381 549/450/382 550/448/380
f 598/451/383 548/452/384 549/450/382
f 599/454/385 547/455/386 548/456/384
f 600/457/387 546/458/388 547/455/386
f 601/459/389 545/460/390 546/458/388
f 602/461/391 544/462/392 545/460/390
f 573/395/333 543/398/336 544/462/392
f 213/465/395 212/466/396 242/463/393
f 244/467/397 214/468/398 213/465/395
f 245/469/399 215/470/400 214/468/398
f 246/472/401 216/473/402 215/474/400
f 247/475/403 217/476/404 216/473/402
f 248/477/405 218/478/406 217/476/404
f 249/479/407 219/480/408 218/478/406
f 250/481/409 220/482/410 219/480/408
f 251/483/411 221/484/412 220/482/410
f 252/485/413 222/486/414 221/484/412
f 253/488/415 223/489/416 222/490/414
f 254/491/417 224/492/418 223/489/416
f 255/493/419 225/494/420 224/492/418
f 256/495/421 226/496/422 225/494/420
f 227/498/424 226/496/422 256/495/421
f 228/500/426 227/498/424 257/497/423
f 259/501/427 229/502/428 228/500/426
f 260/503/429 230/504/430 229/502/428
f 261/506/431 231/507/432 230/508/430
f 262/509/433 232/510/434 231/507/432
f 263/511/435 233/512/436 232/510/434
f 264/513/437 234/514/438 233/512/436
f 265/515/439 235/516/440 234/514/438
f 266/517/441 236/518/442 235/516/440
f 267/519/443 237/520/444 236/518/442
f 268/522/445 238/523/446 237/524/444
f 269/525/447 239/526/448 238/523/446
f 270/527/449 240/528/450 239/526/448
f 271/529/451 241/530/452 240/528/450
f 212/466/396 241/530/452 271/529/451
f 273/532/454 243/464/394 242/463/393
f 274/533/455 244/467/397 243/464/394
f 275/534/456 245/469/399 244/467/397
f 276/536/457 246/472/401 245/471/399
f 277/537/458 247/475/403 246/472/401
f 278/538/459 248/477/405 247/475/403
f 279/539/460 249/479/407 248/477/405
f 280/540/461 250/481/409 249/479/407
f 281/541/462 251/483/411 250/481/409
f 282/542/463 252/485/413 251/483/411
f 283/544/464 253/488/415 252/487/413
f 284/545/465 254/491/417 253/488/415
f 285/546/466 255/493/419 254/491/417
f 286/547/467 256/495/421 255/493/419
f 287/548/468 257/497/423 256/495/421
f 288/549/469 258/499/425 257/497/423
f 289/550/470 259/501/427 258/499/425
f 290/551/471 260/503/429 259/501/427
f 291/553/472 261/506/431 260/505/429
f 292/554/473 262/509/433 261/506/431
f 293/555/474 263/511/435 262/509/433
f 294/556/475 264/513/437 263/511/435
f 295/557/476 265/515/439 264/513/437
f 296/558/477 266/517/441 265/515/439
f 297/559/478 267/519/443 266/517/441
f 298/561/479 268/522/445 267/521/443
f 299/562/480 269/525/447 268/522/445
f 300/563/481 270/527/449 269/525/447
f 301/564/482 271/529/451 270/527/449
f 272/531/453 242/463/393 271/529/451
f 604/566/484 662/567/485 633/568/486
f 605/569/487 661/570/488 662/567/485
f 606/571/489 660/572/490 661/570/488
f 607/573/491 659/574/492 660/572/490
f 608/575/493 658/576/494 659/574/492
f 609/578/495 657/579/496 658/580/494
f 610/581/497 656/582/498 657/579/496
f 611/583/499 655/584/500 656/582/498
f 612/586/501 654/587/502 655/588/500
f 613/589/503 653/590/504 654/587/502
f 614/591/505 652/592/506 653/590/504
f 615/593/507 651/594/508 652/592/506
f 616/595/509 650/596/510 651/594/508
f 617/598/511 649/599/512 650/600/510
f 618/601/513 648/602/514 649/599/512
f 619/604/515 647/605/516 648/606/514
f 620/607/517 646/608/518 647/605/516
f 621/609/519 645/610/520 646/608/518
f 622/611/521 644/612/522 645/610/520
f 623/613/523 643/614/524 644/612/522
f 624/616/525 642/617/526 643/618/524
f 625/619/527 641/620/528 642/617/526
f 626/621/529 640/622/530 641/620/528
f 627/624/531 639/625/532 640/626/530
f 628/627/533 638/628/534 639/625/532
f 629/629/535 637/630/536 638/628/534
f 630/631/537 636/632/538 637/630/536
f 631/633/539 635/634/540 636/632/538
f 632/636/541 634/637/542 635/638/540
f 603/639/483 633/640/486 634/637/542
f 483/920/246 513/921/1143 514/922/1144
f 484/919/302 514/922/1144 515/924/1145
f 485/923/300 515/924/1145 516/926/1146
f 486/925/298 516/926/1146 517/928/1147
f 487/927/296 517/928/1147 518/930/1148
f 488/932/294 518/933/1148 519/934/1149
f 489/931/292 519/934/1149 520/936/1150
f 490/935/290 520/936/1150 521/938/1151
f 491/937/288 521/938/1151 522/940/1152
f 492/939/286 522/940/1152 523/942/1153
f 493/941/284 523/942/1153 524/944/1154
f 494/943/282 524/944/1154 525/946/1155
f 495/948/280 525/949/1155 526/950/1156
f 496/947/278 526/950/1156 527/952/1157
f 497/951/276 527/952/1157 528/954/1158
f 498/953/274 528/954/1158 529/956/1159
f 499/955/272 529/956/1159 530/958/1160
f 500/957/270 530/958/1160 531/960/1161
f 501/959/268 531/960/1161 532/962/1162
f 502/961/266 532/962/1162 533/964/1163
f 503/966/264 533/967/1163 534/968/1164
f 504/965/262 534/968/1164 535/970/1165
f 505/969/260 535/970/1165 536/972/1166
f 506/971/258 536/972/1166 537/974/1167
f 507/973/256 537/974/1167 538/976/1168
f 508/975/254 538/976/1168 539/978/1169
f 509/977/252 539/978/1169 540/980/1170
f 510/982/250 540/983/1170 541/984/1171
f 511/981/248 541/984/1171 542/986/1172
f 512/985/245 542/986/1172 513/921/1143
f 513/988/1143 122/989/1 151/990/59
f 514/987/1144 151/990/59 150/992/57
f 515/991/1145 150/992/57 149/994/55
f 516/993/1146 149/994/55 148/996/53
f 517/995/1147 148/996/53 147/998/51
f 518/997/1148 147/998/51 146/1000/49
f 519/999/1149 146/1000/49 145/1002/47
f 520/1001/1150 145/1002/47 144/1004/45
f 521/1003/1151 144/1004/45 143/1006/43
f 522/1005/1152 143/1006/43 142/1008/41
f 523/1007/1153 142/1008/41 141/1010/39
f 524/1009/1154 141/1010/39 140/1012/37
f 525/1011/1155 140/1012/37 139/1014/35
f 526/1013/1156 139/1014/35 138/1016/33
f 527/1015/1157 138/1016/33 137/1018/31
f 528/1017/1158 137/1018/31 136/1020/29
f 529/1019/1159 136/1020/29 135/1022/27
f 530/1021/1160 135/1022/27 134/1024/25
f 531/1023/1161 134/1024/25 133/1026/23
f 532/1025/1162 133/1026/23 132/1028/21
f 533/1027/1163 132/1028/21 131/1030/19
f 534/1029/1164 131/1030/19 130/1032/17
f 535/1031/1165 130/1032/17 129/1034/15
f 536/1033/1166 129/1034/15 128/1036/13
f 537/1035/1167 128/1036/13 127/1038/11
f 538/1037/1168 127/1038/11 126/1040/9
f 539/1039/1169 126/1040/9 125/1042/7
f 540/1041/1170 125/1042/7 124/1044/5
f 541/1043/1171 124/1044/5 123/1046/2
f 542/1045/1172 123/1046/2 122/989/1
f 543/1048/336 182/1049/303 211/1050/332
f 544/1047/392 211/1050/332 210/1052/331
f 545/1051/390 210/1052/331 209/1054/330
f 546/1053/388 209/1054/330 208/1056/329
f 547/1055/386 208/1056/329 207/1058/328
f 548/1057/384 207/1058/328 206/1060/327
f 549/1059/382 206/1060/327 205/1062/326
f 550/1061/380 205/1062/326 204/1064/325
f 551/1063/378 204/1064/325 203/1066/324
f 552/1065/376 203/1066/324 202/1068/323
f 553/1067/374 202/1068/323 201/1070/322
f 554/1069/372 201/1070/322 200/1072/321
f 555/1071/370 200/1072/321 199/1074/320
f 556/1073/368 199/1074/320 198/1076/319
f 557/1075/366 198/1076/319 197/1078/318
f 558/1077/364 197/1078/318 196/1080/317
f 559/1079/362 196/1080/317 195/1082/316
f 560/1081/360 195/1082/316 194/1084/315
f 561/1083/358 194/1084/315 193/1086/314
f 562/1085/356 193/1086/314 192/1088/313
f 563/1087/354 192/1088/313 191/1090/312
f 564/1089/352 191/1090/312 190/1092/311
f 565/1091/350 190/1092/311 189/1094/310
f 566/1093/348 189/1094/310 188/1096/309
f 567/1095/346 188/1096/309 187/1098/308
f 568/1097/344 187/1098/308 186/1100/307
f 569/1099/342 186/1100/307 185/1102/306
f 570/1101/340 185/1102/306 184/1104/305
f 571/1103/338 184/1104/305 183/1106/304
f 572/1105/335 183/1106/304 182/1049/303
f 213/1108/395 574/1109/334 573/1110/333
f 214/1111/398 575/1112/337 574/1109/334
f 215/1113/400 576/1114/339 575/1112/337
f 216/1115/402 577/1116/341 576/1114/339
f 217/1117/404 578/1118/343 577/1116/341
f 218/1119/406 579/1120/345 578/1118/343
f 219/1121/408 580/1122/347 579/1120/345
f 220/1123/410 581/1124/349 580/1122/347
f 221/1125/412 582/1126/351 581/1124/349
f 222/1127/414 583/1128/353 582/1126/351
f 223/1129/416 584/1130/355 583/1128/353
f 224/1131/418 585/1132/357 584/1130/355
f 586/1134/359 585/1132/357 224/1131/418
f 587/427/361 586/425/359 225/494/420
f 227/498/424 588/429/363 587/427/361
f 228/1136/426 589/1137/365 588/1138/363
f 229/1139/428 590/1140/367 589/1137/365
f 230/1141/430 591/1142/369 590/1140/367
f 231/1143/432 592/1144/371 591/1142/369
f 232/1145/434 593/1146/373 592/1144/371
f 233/1147/436 594/1148/375 593/1146/373
f 234/1149/438 595/1150/377 594/1148/375
f 235/1151/440 596/1152/379 595/1150/377
f 236/1153/442 597/1154/381 596/1152/379
f 237/1155/444 598/1156/383 597/1154/381
f 238/1157/446 599/1158/385 598/1156/383
f 239/1159/448 600/1160/387 599/1158/385
f 601/1162/389 600/1160/387 239/1159/448
f 602/461/391 601/459/389 240/528/450
f 212/466/396 573/395/333 602/461/391
f 63/133/125 604/1163/484 603/1164/483
f 64/136/128 605/1165/487 604/1163/484
f 65/138/130 606/1166/489 605/1165/487
f 66/141/132 607/1167/491 606/1168/489
f 67/144/134 608/1169/493 607/1167/491
f 68/146/136 609/1170/495 608/1169/493
f 69/148/138 610/1171/497 609/1170/495
f 70/150/140 611/1172/499 610/1171/497
f 71/152/142 612/1173/501 611/1172/499
f 72/154/144 613/1174/503 612/1173/501
f 73/157/146 614/1175/505 613/1176/503
f 74/160/148 615/1177/507 614/1175/505
f 75/162/150 616/1178/509 615/1177/507
f 76/164/152 617/1179/511 616/1178/509
f 77/166/154 618/1180/513 617/1179/511
f 78/168/156 619/1181/515 618/1180/513
f 79/170/158 620/1182/517 619/1181/515
f 80/172/160 621/1183/519 620/1182/517
f 81/175/162 622/1184/521 621/1185/519
f 82/178/164 623/1186/523 622/1184/521
f 83/180/166 624/1187/525 623/1186/523
f 84/182/168 625/1188/527 624/1187/525
f 85/184/170 626/1189/529 625/1188/527
f 86/186/172 627/1190/531 626/1189/529
f 87/188/174 628/1191/533 627/1190/531
f 88/191/176 629/1192/535 628/1193/533
f 89/194/178 630/1194/537 629/1192/535
f 90/196/180 631/1195/539 630/1194/537
f 91/198/182 632/1196/541 631/1195/539
f 62/134/126 603/1164/483 632/1196/541
f 633/568/486 272/1198/453 301/1199/482
f 634/1197/542 301/1199/482 300/1200/481
f 635/634/540 300/1200/481 299/1201/480
f 636/632/538 299/1201/480 298/1202/479
f 637/630/536 298/1202/479 297/1203/478
f 638/628/534 297/1203/478 296/1204/477
f 639/625/532 296/1204/477 295/1205/476
f 640/626/530 295/1205/476 294/1207/475
f 641/1206/528 294/1207/475 293/1209/474
f 642/1208/526 293/1209/474 292/1210/473
f 643/614/524 292/1210/473 291/1211/472
f 644/612/522 291/1211/472 290/1212/471
f 645/610/520 290/1212/471 289/1213/470
f 646/608/518 289/1213/470 288/1214/469
f 647/605/516 288/1214/469 287/1215/468
f 648/606/514 287/1215/468 286/1217/467
f 649/1216/512 286/1217/467 285/1218/466
f 650/596/510 285/1218/466 284/1219/465
f 651/594/508 284/1219/465 283/1220/464
f 652/592/506 283/1220/464 282/1221/463
f 653/590/504 282/1221/463 281/1222/462
f 654/587/502 281/1222/462 280/1223/461
f 655/588/500 280/1223/461 279/1225/460
f 656/1224/498 279/1225/460 278/1227/459
f 657/1226/496 278/1227/459 277/1228/458
f 658/576/494 277/1228/458 276/1229/457
f 659/574/492 276/1229/457 275/1230/456
f 660/572/490 275/1230/456 274/1231/455
f 661/570/488 274/1231/455 273/1232/454
f 662/567/485 273/1232/454 272/1198/453
f 2/1234/1174 664/132/124 663/131/123
f 3/1235/1175 665/135/127 664/132/124
f 4/1236/1176 666/137/129 665/135/127
f 5/1238/1177 667/140/131 666/139/129
f 6/1239/1178 668/143/133 667/140/131
f 7/1240/1179 669/145/135 668/143/133
f 8/1241/1180 670/147/137 669/145/135
f 9/1242/1181 671/149/139 670/147/137
f 10/1243/1182 672/151/141 671/149/139
f 11/1244/1183 673/153/143 672/151/141
f 12/1246/1184 674/156/145 673/155/143
f 13/1247/1185 675/159/147 674/156/145
f 14/1248/1186 676/161/149 675/159/147
f 15/1249/1187 677/163/151 676/161/149
f 16/1250/1188 678/165/153 677/163/151
f 17/1251/1189 679/167/155 678/165/153
f 18/1252/1190 680/169/157 679/167/155
f 19/1253/1191 681/171/159 680/169/157
f 20/1255/1192 682/174/161 681/173/159
f 21/1256/1193 683/177/163 682/174/161
f 22/1257/1194 684/179/165 683/177/163
f 23/1258/1195 685/181/167 684/179/165
f 24/1259/1196 686/183/169 685/181/167
f 25/1260/1197 687/185/171 686/183/169
f 26/1261/1198 688/187/173 687/185/171
f 27/1263/1199 689/190/175 688/189/173
f 28/1264/1200 690/193/177 689/190/175
f 29/1265/1201 691/195/179 690/193/177
f 30/1266/1202 692/197/181 691/195/179
f 1/1233/1173 663/131/123 692/197/181
s 2
f 2/69/61 1/70/62 61/71/63
f 3/72/64 2/69/61 61/71/63
f 4/73/65 3/72/64 61/71/63
f 5/74/66 4/73/65 61/71/63
f 6/75/67 5/74/66 61/71/63
f 7/76/68 6/75/67 61/71/63
f 8/77/69 7/76/68 61/71/63
f 9/78/70 8/77/69 61/71/63
f 10/79/71 9/78/70 61/71/63
f 11/80/72 10/79/71 61/71/63
f 12/81/73 11/80/72 61/71/63
f 13/82/74 12/81/73 61/71/63
f 14/83/75 13/82/74 61/71/63
f 15/84/76 14/83/75 61/71/63
f 16/85/77 15/84/76 61/71/63
f 17/86/78 16/85/77 61/71/63
f 18/87/79 17/86/78 61/71/63
f 19/88/80 18/87/79 61/71/63
f 20/89/81 19/88/80 61/71/63
f 21/90/82 20/89/81 61/71/63
f 22/91/83 21/90/82 61/71/63
f 23/92/84 22/91/83 61/71/63
f 24/93/85 23/92/84 61/71/63
f 25/94/86 24/93/85 61/71/63
f 26/95/87 25/94/86 61/71/63
f 27/96/88 26/95/87 61/71/63
f 28/97/89 27/96/88 61/71/63
f 29/98/90 28/97/89 61/71/63
f 30/99/91 29/98/90 61/71/63
f 1/70/62 30/99/91 61/71/63
s 3
f 332/100/92 333/101/93 334/102/94
f 333/101/93 335/103/95 334/102/94
f 335/103/95 336/104/96 334/102/94
f 336/104/96 337/105/97 334/102/94
f 337/105/97 338/106/98 334/102/94
f 338/106/98 339/107/99 334/102/94
f 339/107/99 340/108/100 334/102/94
f 340/108/100 341/109/101 334/102/94
f 341/109/101 342/110/102 334/102/94
f 342/110/102 343/111/103 334/102/94
f 343/111/103 344/112/104 334/102/94
f 344/112/104 345/113/105 334/102/94
f 345/113/105 346/114/106 334/102/94
f 346/114/106 347/115/107 334/102/94
f 347/115/107 348/116/108 334/102/94
f 348/116/108 349/117/109 334/102/94
f 349/117/109 350/118/110 334/102/94
f 350/118/110 351/119/111 334/102/94
f 351/119/111 352/120/112 334/102/94
f 352/120/112 353/121/113 334/102/94
f 353/121/113 354/122/114 334/102/94
f 354/122/114 355/123/115 334/102/94
f 355/123/115 356/124/116 334/102/94
f 356/124/116 357/125/117 334/102/94
f 357/125/117 358/126/118 334/102/94
f 358/126/118 359/127/119 334/102/94
f 359/127/119 360/128/120 334/102/94
f 360/128/120 361/129/121 334/102/94
f 361/129/121 362/130/122 334/102/94
f 362/130/122 332/100/92 334/102/94
s 4
f 424/199/183 423/200/184 426/202/186
f 427/203/187 424/199/183 428/204/188
f 429/205/189 427/203/187 430/206/190
f 431/207/191 429/205/189 432/208/192
f 433/209/193 431/207/191 434/210/194
f 435/211/195 433/212/193 436/214/196
f 437/215/197 435/211/195 438/216/198
f 439/217/199 437/215/197 440/218/200
f 441/219/201 439/217/199 442/220/202
f 443/221/203 441/219/201 444/222/204
f 445/223/205 443/221/203 446/224/206
f 447/225/207 445/223/205 448/226/208
f 449/227/209 447/228/207 450/230/210
f 451/231/211 449/227/209 452/232/212
f 453/233/213 451/231/211 454/234/214
f 455/235/215 453/233/213 456/236/216
f 457/237/217 455/235/215 458/238/218
f 459/239/219 457/237/217 460/240/220
f 461/241/221 459/239/219 462/242/222
f 463/243/223 461/241/221 464/244/224
f 465/245/225 463/246/223 466/248/226
f 467/249/227 465/245/225 468/250/228
f 469/251/229 467/249/227 470/252/230
f 471/253/231 469/251/229 472/254/232
f 473/255/233 471/253/231 474/256/234
f 475/257/235 473/255/233 476/258/236
f 477/259/237 475/257/235 478/260/238
f 479/261/239 477/262/237 480/264/240
f 481/265/241 479/261/239 482/266/242
f 423/200/184 481/265/241 425/201/185
f 423/200/184 425/201/185 426/202/186
f 424/199/183 426/202/186 428/204/188
f 427/203/187 428/204/188 430/206/190
f 429/205/189 430/206/190 432/208/192
f 431/207/191 432/208/192 434/210/194
f 433/212/193 434/213/194 436/214/196
f 435/211/195 436/214/196 438/216/198
f 437/215/197 438/216/198 440/218/200
f 439/217/199 440/218/200 442/220/202
f 441/219/201 442/220/202 444/222/204
f 443/221/203 444/222/204 446/224/206
f 445/223/205 446/224/206 448/226/208
f 447/228/207 448/229/208 450/230/210
f 449/227/209 450/230/210 452/232/212
f 451/231/211 452/232/212 454/234/214
f 453/233/213 454/234/214 456/236/216
f 455/235/215 456/236/216 458/238/218
f 457/237/217 458/238/218 460/240/220
f 459/239/219 460/240/220 462/242/222
f 461/241/221 462/242/222 464/244/224
f 463/246/223 464/247/224 466/248/226
f 465/245/225 466/248/226 468/250/228
f 467/249/227 468/250/228 470/252/230
f 469/251/229 470/252/230 472/254/232
f 471/253/231 472/254/232 474/256/234
f 473/255/233 474/256/234 476/258/236
f 475/257/235 476/258/236 478/260/238
f 477/262/237 478/263/238 480/264/240
f 479/261/239 480/264/240 482/266/242
f 481/265/241 482/266/242 425/201/185
s 5
f 31/641/543 32/642/544 302/644/546
f 32/642/544 33/645/547 303/643/545
f 33/645/547 34/647/549 304/646/548
f 34/647/549 35/649/551 305/648/550
f 35/649/551 36/651/553 306/650/552
f 36/651/553 37/653/555 307/652/554
f 37/653/555 38/655/557 308/654/556
f 38/655/557 39/657/559 309/656/558
f 39/657/559 40/659/561 310/658/560
f 40/659/561 41/661/563 311/660/562
f 41/661/563 42/663/565 312/662/564
f 42/663/565 43/665/567 313/664/566
f 43/665/567 44/667/569 314/666/568
f 44/667/569 45/669/571 315/668/570
f 45/669/571 46/671/573 316/670/572
f 46/671/573 47/673/575 317/672/574
f 47/673/575 48/675/577 318/674/576
f 48/675/577 49/677/579 319/676/578
f 49/677/579 50/679/581 320/678/580
f 50/679/581 51/681/583 321/680/582
f 51/681/583 52/683/585 322/682/584
f 52/683/585 53/685/587 323/684/586
f 53/685/587 54/687/589 324/686/588
f 54/687/589 55/689/591 325/688/590
f 55/689/591 56/691/593 326/690/592
f 56/691/593 57/693/595 327/692/594
f 57/693/595 58/695/597 328/694/596
f 58/695/597 59/697/599 329/696/598
f 59/697/599 60/699/601 330/698/600
f 60/699/601 31/641/543 331/700/602
f 32/642/544 303/643/545 302/644/546
f 33/645/547 304/646/548 303/643/545
f 34/647/549 305/648/550 304/646/548
f 35/649/551 306/650/552 305/648/550
f 36/651/553 307/652/554 306/650/552
f 37/653/555 308/654/556 307/652/554
f 38/655/557 309/656/558 308/654/556
f 39/657/559 310/658/560 309/656/558
f 40/659/561 311/660/562 310/658/560
f 41/661/563 312/662/564 311/660/562
f 42/663/565 313/664/566 312/662/564
f 43/665/567 314/666/568 313/664/566
f 44/667/569 315/668/570 314/666/568
f 45/669/571 316/670/572 315/668/570
f 46/671/573 317/672/574 316/670/572
f 47/673/575 318/674/576 317/672/574
f 48/675/577 319/676/578 318/674/576
f 49/677/579 320/678/580 319/676/578
f 50/679/581 321/680/582 320/678/580
f 51/681/583 322/682/584 321/680/582
f 52/683/585 323/684/586 322/682/584
f 53/685/587 324/686/588 323/684/586
f 54/687/589 325/688/590 324/686/588
f 55/689/591 326/690/592 325/688/590
f 56/691/593 327/692/594 326/690/592
f 57/693/595 328/694/596 327/692/594
f 58/695/597 329/696/598 328/694/596
f 59/697/599 330/698/600 329/696/598
f 60/699/601 331/700/602 330/698/600
f 31/641/543 302/644/546 331/700/602
s 6
f 302/701/603 303/702/604 332/704/606
f 303/702/604 304/705/607 333/703/605
f 304/705/607 305/707/609 335/706/608
f 305/709/609 306/710/611 336/712/610
f 306/710/611 307/713/613 337/711/612
f 307/713/613 308/715/615 338/714/614
f 308/715/615 309/717/617 339/716/616
f 309/717/617 310/719/619 340/718/618
f 310/719/619 311/721/621 341/720/620
f 311/721/621 312/723/623 342/722/622
f 312/725/623 313/726/625 343/728/624
f 313/726/625 314/729/627 344/727/626
f 314/729/627 315/731/629 345/730/628
f 315/731/629 316/733/631 346/732/630
f 316/733/631 317/735/633 347/734/632
f 317/735/633 318/737/635 348/736/634
f 318/737/635 319/739/637 349/738/636
f 319/739/637 320/741/639 350/740/638
f 320/743/639 321/744/641 351/746/640
f 321/744/641 322/747/643 352/745/642
f 322/747/643 323/749/645 353/748/644
f 323/749/645 324/751/647 354/750/646
f 324/751/647 325/753/649 355/752/648
f 325/753/649 326/755/651 356/754/650
f 326/755/651 327/757/653 357/756/652
f 327/759/653 328/760/655 358/762/654
f 328/760/655 329/763/657 359/761/656
f 329/763/657 330/765/659 360/764/658
f 330/765/659 331/767/661 361/766/660
f 331/767/661 302/701/603 362/768/662
f 303/702/604 333/703/605 332/704/606
f 304/705/607 335/706/608 333/703/605
f 305/707/609 336/708/610 335/706/608
f 306/710/611 337/711/612 336/712/610
f 307/713/613 338/714/614 337/711/612
f 308/715/615 339/716/616 338/714/614
f 309/717/617 340/718/618 339/716/616
f 310/719/619 341/720/620 340/718/618
f 311/721/621 342/722/622 341/720/620
f 312/723/623 343/724/624 342/722/622
f 313/726/625 344/727/626 343/728/624
f 314/729/627 345/730/628 344/727/626
f 315/731/629 346/732/630 345/730/628
f 316/733/631 347/734/632 346/732/630
f 317/735/633 348/736/634 347/734/632
f 318/737/635 349/738/636 348/736/634
f 319/739/637 350/740/638 349/738/636
f 320/741/639 351/742/640 350/740/638
f 321/744/641 352/745/642 351/746/640
f 322/747/643 353/748/644 352/745/642
f 323/749/645 354/750/646 353/748/644
f 324/751/647 355/752/648 354/750/646
f 325/753/649 356/754/650 355/752/648
f 326/755/651 357/756/652 356/754/650
f 327/757/653 358/758/654 357/756/652
f 328/760/655 359/761/656 358/762/654
f 329/763/657 360/764/658 359/761/656
f 330/765/659 361/766/660 360/764/658
f 331/767/661 362/768/662 361/766/660
f 302/701/603 332/704/606 362/768/662
s 7
f 93/769/663 92/770/664 364/771/666
f 92/770/664 363/857/665 364/771/666
s 8
f 31/641/667 60/699/668 365/772/670
f 60/699/668 366/775/669 365/772/670
s 9
f 94/773/671 93/769/672 367/774/674
f 93/769/672 364/771/673 367/774/674
s 10
f 60/699/675 59/697/676 366/775/678
f 59/697/676 368/778/677 366/775/678
s 11
f 95/776/679 94/773/680 369/777/682
f 94/773/680 367/774/681 369/777/682
s 12
f 59/697/683 58/695/684 368/778/686
f 58/695/684 370/781/685 368/778/686
s 13
f 96/779/687 95/776/688 371/780/690
f 95/776/688 369/777/689 371/780/690
s 14
f 58/695/691 57/693/692 370/781/694
f 57/693/692 372/784/693 370/781/694
s 15
f 97/782/695 96/779/696 373/783/698
f 96/779/696 371/780/697 373/783/698
s 16
f 57/693/699 56/691/700 372/784/702
f 56/691/700 374/787/701 372/784/702
s 17
f 98/785/703 97/782/704 375/786/706
f 97/782/704 373/783/705 375/786/706
s 18
f 56/691/707 55/689/708 374/787/710
f 55/689/708 376/790/709 374/787/710
s 19
f 99/788/711 98/785/712 377/789/714
f 98/785/712 375/786/713 377/789/714
s 20
f 55/689/715 54/687/716 376/790/718
f 54/687/716 378/793/717 376/790/718
s 21
f 100/791/719 99/788/720 379/792/722
f 99/788/720 377/789/721 379/792/722
s 22
f 54/687/723 53/685/724 378/793/726
f 53/685/724 380/796/725 378/793/726
s 23
f 101/794/727 100/791/728 381/795/730
f 100/791/728 379/792/729 381/795/730
s 24
f 53/685/731 52/683/732 380/796/734
f 52/683/732 382/799/733 380/796/734
s 25
f 102/797/735 101/794/736 383/798/738
f 101/794/736 381/795/737 383/798/738
s 26
f 52/683/739 51/681/740 382/799/742
f 51/681/740 384/802/741 382/799/742
s 27
f 103/800/743 102/797/744 385/801/746
f 102/797/744 383/798/745 385/801/746
s 28
f 51/681/747 50/679/748 384/802/750
f 50/679/748 386/805/749 384/802/750
s 29
f 104/803/751 103/800/752 387/804/754
f 103/800/752 385/801/753 387/804/754
s 30
f 50/679/755 49/677/756 386/805/758
f 49/677/756 388/808/757 386/805/758
s 31
f 105/806/759 104/803/760 389/807/762
f 104/803/760 387/804/761 389/807/762
s 32
f 49/677/763 48/675/764 388/808/766
f 48/675/764 390/811/765 388/808/766
s 33
f 106/809/767 105/806/768 391/810/770
f 105/806/768 389/807/769 391/810/770
s 34
f 48/675/771 47/673/772 390/811/774
f 47/673/772 392/814/773 390/811/774
s 35
f 107/812/775 106/809/776 393/813/778
f 106/809/776 391/810/777 393/813/778
s 36
f 47/673/779 46/671/780 392/814/782
f 46/671/780 394/817/781 392/814/782
s 37
f 108/815/783 107/812/784 395/816/786
f 107/812/784 393/813/785 395/816/786
s 38
f 46/671/787 45/669/788 394/817/790
f 45/669/788 396/820/789 394/817/790
s 39
f 109/818/791 108/815/792 397/819/794
f 108/815/792 395/816/793 397/819/794
s 40
f 45/669/795 44/667/796 396/820/798
f 44/667/796 398/823/797 396/820/798
s 41
f 110/821/799 109/818/800 399/822/802
f 109/818/800 397/819/801 399/822/802
s 42
f 44/667/803 43/665/804 398/823/806
f 43/665/804 400/826/805 398/823/806
s 43
f 111/824/807 110/821/808 401/825/810
f 110/821/808 399/822/809 401/825/810
s 44
f 43/665/811 42/663/812 400/826/814
f 42/663/812 402/829/813 400/826/814
s 45
f 112/827/815 111/824/816 403/828/818
f 111/824/816 401/825/817 403/828/818
s 46
f 42/663/819 41/661/820 402/829/822
f 41/661/820 404/832/821 402/829/822
s 47
f 113/830/823 112/827/824 405/831/826
f 112/827/824 403/828/825 405/831/826
s 48
f 41/661/827 40/659/828 404/832/830
f 40/659/828 406/835/829 404/832/830
s 49
f 114/833/831 113/830/832 407/834/834
f 113/830/832 405/831/833 407/834/834
s 50
f 40/659/835 39/657/836 406/835/838
f 39/657/836 408/838/837 406/835/838
s 51
f 115/836/839 114/833/840 409/837/842
f 114/833/840 407/834/841 409/837/842
s 52
f 39/657/843 38/655/844 408/838/846
f 38/655/844 410/841/845 408/838/846
s 53
f 116/839/847 115/836/848 411/840/850
f 115/836/848 409/837/849 411/840/850
s 54
f 38/655/851 37/653/852 410/841/854
f 37/653/852 412/844/853 410/841/854
s 55
f 117/842/855 116/839/856 413/843/858
f 116/839/856 411/840/857 413/843/858
s 56
f 37/653/859 36/651/860 412/844/862
f 36/651/860 414/847/861 412/844/862
s 57
f 118/845/863 117/842/864 415/846/866
f 117/842/864 413/843/865 415/846/866
s 58
f 36/651/867 35/649/868 414/847/870
f 35/649/868 416/850/869 414/847/870
s 59
f 119/848/871 118/845/872 417/849/874
f 118/845/872 415/846/873 417/849/874
s 60
f 35/649/875 34/647/876 416/850/878
f 34/647/876 418/853/877 416/850/878
s 61
f 120/851/879 119/848/880 419/852/882
f 119/848/880 417/849/881 419/852/882
s 62
f 34/647/883 33/645/884 418/853/886
f 33/645/884 420/856/885 418/853/886
s 63
f 121/854/887 120/851/888 421/855/890
f 120/851/888 419/852/889 421/855/890
s 64
f 33/645/891 32/642/892 420/856/894
f 32/642/892 422/858/893 420/856/894
s 65
f 92/770/895 121/854/896 363/857/898
f 121/854/896 421/855/897 363/857/898
s 66
f 32/642/899 31/641/900 422/858/902
f 31/641/900 365/772/901 422/858/902
s 67
f 364/771/903 363/857/904 424/859/906
f 363/857/904 423/917/905 424/859/906
s 68
f 365/772/907 366/775/908 425/860/910
f 366/775/908 426/862/909 425/860/910
s 69
f 367/774/911 364/771/912 427/861/914
f 364/771/912 424/859/913 427/861/914
s 70
f 366/775/915 368/778/916 426/862/918
f 368/778/916 428/864/917 426/862/918
s 71
f 369/777/919 367/774/920 429/863/922
f 367/774/920 427/861/921 429/863/922
s 72
f 368/778/923 370/781/924 428/864/926
f 370/781/924 430/866/925 428/864/926
s 73
f 371/780/927 369/777/928 431/865/930
f 369/777/928 429/863/929 431/865/930
s 74
f 370/781/931 372/784/932 430/866/934
f 372/784/932 432/868/933 430/866/934
s 75
f 373/783/935 371/780/936 433/867/938
f 371/780/936 431/865/937 433/867/938
s 76
f 372/784/939 374/787/940 432/868/942
f 374/787/940 434/870/941 432/868/942
s 77
f 375/786/943 373/783/944 435/869/946
f 373/783/944 433/867/945 435/869/946
s 78
f 374/787/947 376/790/948 434/870/950
f 376/790/948 436/872/949 434/870/950
s 79
f 377/789/951 375/786/952 437/871/954
f 375/786/952 435/869/953 437/871/954
s 80
f 376/790/955 378/793/956 436/872/958
f 378/793/956 438/874/957 436/872/958
s 81
f 379/792/959 377/789/960 439/873/962
f 377/789/960 437/871/961 439/873/962
s 82
f 378/793/963 380/796/964 438/874/966
f 380/796/964 440/876/965 438/874/966
s 83
f 381/795/967 379/792/968 441/875/970
f 379/792/968 439/873/969 441/875/970
s 84
f 380/796/971 382/799/972 440/876/974
f 382/799/972 442/878/973 440/876/974
s 85
f 383/798/975 381/795/976 443/877/978
f 381/795/976 441/875/977 443/877/978
s 86
f 382/799/979 384/802/980 442/878/982
f 384/802/980 444/880/981 442/878/982
s 87
f 385/801/983 383/798/984 445/879/986
f 383/798/984 443/877/985 445/879/986
s 88
f 384/802/987 386/805/988 444/880/990
f 386/805/988 446/882/989 444/880/990
s 89
f 387/804/991 385/801/992 447/881/994
f 385/801/992 445/879/993 447/881/994
s 90
f 386/805/995 388/808/996 446/882/998
f 388/808/996 448/884/997 446/882/998
s 91
f 389/807/999 387/804/1000 449/883/1002
f 387/804/1000 447/881/1001 449/883/1002
s 92
f 388/808/1003 390/811/1004 448/884/1006
f 390/811/1004 450/886/1005 448/884/1006
s 93
f 391/810/1007 389/807/1008 451/885/1010
f 389/807/1008 449/883/1009 451/885/1010
s 94
f 390/811/1011 392/814/1012 450/886/1014
f 392/814/1012 452/888/1013 450/886/1014
s 95
f 393/813/1015 391/810/1016 453/887/1018
f 391/810/1016 451/885/1017 453/887/1018
s 96
f 392/814/1019 394/817/1020 452/888/1022
f 394/817/1020 454/890/1021 452/888/1022
s 97
f 395/816/1023 393/813/1024 455/889/1026
f 393/813/1024 453/887/1025 455/889/1026
s 98
f 394/817/1027 396/820/1028 454/890/1030
f 396/820/1028 456/892/1029 454/890/1030
s 99
f 397/819/1031 395/816/1032 457/891/1034
f 395/816/1032 455/889/1033 457/891/1034
s 100
f 396/820/1035 398/823/1036 456/892/1038
f 398/823/1036 458/894/1037 456/892/1038
s 101
f 399/822/1039 397/819/1040 459/893/1042
f 397/819/1040 457/891/1041 459/893/1042
s 102
f 398/823/1043 400/826/1044 458/894/1046
f 400/826/1044 460/896/1045 458/894/1046
s 103
f 401/825/1047 399/822/1048 461/895/1050
f 399/822/1048 459/893/1049 461/895/1050
s 104
f 400/826/1051 402/829/1052 460/896/1054
f 402/829/1052 462/898/1053 460/896/1054
s 105
f 403/828/1055 401/825/1056 463/897/1058
f 401/825/1056 461/895/1057 463/897/1058
s 106
f 402/829/1059 404/832/1060 462/898/1062
f 404/832/1060 464/900/1061 462/898/1062
s 107
f 405/831/1063 403/828/1064 465/899/1066
f 403/828/1064 463/897/1065 465/899/1066
s 108
f 404/832/1067 406/835/1068 464/900/1070
f 406/835/1068 466/902/1069 464/900/1070
s 109
f 407/834/1071 405/831/1072 467/901/1074
f 405/831/1072 465/899/1073 467/901/1074
s 110
f 406/835/1075 408/838/1076 466/902/1078
f 408/838/1076 468/904/1077 466/902/1078
s 111
f 409/837/1079 407/834/1080 469/903/1082
f 407/834/1080 467/901/1081 469/903/1082
s 112
f 408/838/1083 410/841/1084 468/904/1086
f 410/841/1084 470/906/1085 468/904/1086
s 113
f 411/840/1087 409/837/1088 471/905/1090
f 409/837/1088 469/903/1089 471/905/1090
s 114
f 410/841/1091 412/844/1092 470/906/1094
f 412/844/1092 472/908/1093 470/906/1094
s 115
f 413/843/1095 411/840/1096 473/907/1098
f 411/840/1096 471/905/1097 473/907/1098
s 116
f 412/844/1099 414/847/1100 472/908/1102
f 414/847/1100 474/910/1101 472/908/1102
s 117
f 415/846/1103 413/843/1104 475/909/1106
f 413/843/1104 473/907/1105 475/909/1106
s 118
f 414/847/1107 416/850/1108 474/910/1110
f 416/850/1108 476/912/1109 474/910/1110
s 119
f 417/849/1111 415/846/1112 477/911/1114
f 415/846/1112 475/909/1113 477/911/1114
s 120
f 416/850/1115 418/853/1116 476/912/1118
f 418/853/1116 478/914/1117 476/912/1118
s 121
f 419/852/1119 417/849/1120 479/913/1122
f 417/849/1120 477/911/1121 479/913/1122
s 122
f 418/853/1123 420/856/1124 478/914/1126
f 420/856/1124 480/916/1125 478/914/1126
s 123
f 421/855/1127 419/852/1128 481/915/1130
f 419/852/1128 479/913/1129 481/915/1130
s 124
f 420/856/1131 422/858/1132 480/916/1134
f 422/858/1132 482/918/1133 480/916/1134
s 125
f 363/857/1135 421/855/1136 423/917/1138
f 421/855/1136 481/915/1137 423/917/1138
s 126
f 422/858/1139 365/772/1140 482/918/1142
f 365/772/1140 425/860/1141 482/918/1142
s 127
f 822/1267/1203 803/1268/1204 883/1270/1206
f 821/1271/1207 822/1267/1203 884/1272/1208
f 803/1277/1204 804/1278/1213 902/1280/1205
f 820/1285/1219 821/1271/1207 885/1286/1220
f 804/1278/1213 805/1295/1229 901/1279/1214
f 819/1299/1233 820/1285/1219 886/1300/1234
f 805/1295/1229 806/1310/1244 900/1296/1230
f 818/1315/1249 819/1316/1233 887/1318/1250
f 806/1310/1244 807/1325/1257 899/1311/1245
f 817/1329/1261 818/1315/1249 888/1330/1262
f 807/1325/1257 808/1339/1271 898/1326/1258
f 816/1343/1275 817/1329/1261 889/1344/1276
f 808/1339/1271 809/1352/1284 897/1340/1272
f 815/1357/1289 816/1343/1275 890/1358/1290
f 809/1365/1284 810/1366/1297 896/1368/1285
f 814/1371/1301 815/1357/1289 891/1372/1302
f 810/1366/1297 811/1379/1309 895/1367/1298
f 813/1383/1313 814/1371/1301 892/1384/1314
f 811/1379/1309 812/1394/1324 894/1380/1310
f 812/1394/1324 813/1399/1313 893/1395/1325
f 864/1627/1531 863/1628/1532 812/1394/1324
f 865/1629/1533 864/1627/1531 811/1379/1309
f 866/1630/1534 865/1629/1533 810/1366/1297
f 867/1631/1535 866/1630/1534 809/1365/1284
f 868/1632/1536 867/1633/1535 808/1339/1271
f 869/1634/1537 868/1632/1536 807/1325/1257
f 870/1635/1538 869/1634/1537 806/1310/1244
f 871/1636/1539 870/1635/1538 805/1295/1229
f 872/1637/1540 871/1636/1539 804/1278/1213
f 873/1638/1541 872/1637/1540 803/1277/1204
f 874/1639/1542 873/1640/1541 822/1267/1203
f 875/1641/1543 874/1639/1542 821/1271/1207
f 876/1642/1544 875/1641/1543 820/1285/1219
f 877/1643/1545 876/1642/1544 819/1299/1233
f 878/1644/1546 877/1645/1545 818/1315/1249
f 879/1646/1547 878/1644/1546 817/1329/1261
f 880/1647/1548 879/1646/1547 816/1343/1275
f 881/1648/1549 880/1647/1548 815/1357/1289
f 882/1649/1550 881/1648/1549 814/1371/1301
f 863/1650/1532 882/1649/1550 813/1383/1313
f 884/1272/1208 883/1270/1206 698/1652/1552
f 885/1286/1220 884/1272/1208 706/1653/1553
f 886/1300/1234 885/1286/1220 720/1654/1554
f 887/1318/1250 886/1317/1234 732/1656/1555
f 888/1330/1262 887/1318/1250 740/1657/1556
f 889/1344/1276 888/1330/1262 750/1658/1557
f 890/1358/1290 889/1344/1276 764/1659/1558
f 891/1372/1302 890/1358/1290 776/1660/1559
f 892/1384/1314 891/1372/1302 784/1661/1560
f 893/1395/1325 892/1400/1314 792/1663/1561
f 894/1380/1310 893/1395/1325 781/1664/1562
f 895/1367/1298 894/1380/1310 771/1665/1563
f 896/1368/1285 895/1367/1298 760/1666/1564
f 897/1340/1272 896/1353/1285 747/1668/1565
f 898/1326/1258 897/1340/1272 737/1669/1566
f 899/1311/1245 898/1326/1258 728/1670/1567
f 900/1296/1230 899/1311/1245 715/1671/1568
f 901/1279/1214 900/1296/1230 702/1672/1569
f 902/1280/1205 901/1279/1214 695/1673/1570
f 883/1270/1206 902/1269/1205 696/1651/1551
f 803/1268/1204 902/1269/1205 883/1270/1206
f 822/1267/1203 883/1270/1206 884/1272/1208
f 804/1278/1213 901/1279/1214 902/1280/1205
f 821/1271/1207 884/1272/1208 885/1286/1220
f 805/1295/1229 900/1296/1230 901/1279/1214
f 820/1285/1219 885/1286/1220 886/1300/1234
f 806/1310/1244 899/1311/1245 900/1296/1230
f 819/1316/1233 886/1317/1234 887/1318/1250
f 807/1325/1257 898/1326/1258 899/1311/1245
f 818/1315/1249 887/1318/1250 888/1330/1262
f 808/1339/1271 897/1340/1272 898/1326/1258
f 817/1329/1261 888/1330/1262 889/1344/1276
f 809/1352/1284 896/1353/1285 897/1340/1272
f 816/1343/1275 889/1344/1276 890/1358/1290
f 810/1366/1297 895/1367/1298 896/1368/1285
f 815/1357/1289 890/1358/1290 891/1372/1302
f 811/1379/1309 894/1380/1310 895/1367/1298
f 814/1371/1301 891/1372/1302 892/1384/1314
f 812/1394/1324 893/1395/1325 894/1380/1310
f 813/1399/1313 892/1400/1314 893/1395/1325
f 863/1628/1532 813/1399/1313 812/1394/1324
f 864/1627/1531 812/1394/1324 811/1379/1309
f 865/1629/1533 811/1379/1309 810/1366/1297
f 866/1630/1534 810/1366/1297 809/1365/1284
f 867/1633/1535 809/1352/1284 808/1339/1271
f 868/1632/1536 808/1339/1271 807/1325/1257
f 869/1634/1537 807/1325/1257 806/1310/1244
f 870/1635/1538 806/1310/1244 805/1295/1229
f 871/1636/1539 805/1295/1229 804/1278/1213
f 872/1637/1540 804/1278/1213 803/1277/1204
f 873/1640/1541 803/1268/1204 822/1267/1203
f 874/1639/1542 822/1267/1203 821/1271/1207
f 875/1641/1543 821/1271/1207 820/1285/1219
f 876/1642/1544 820/1285/1219 819/1299/1233
f 877/1645/1545 819/1316/1233 818/1315/1249
f 878/1644/1546 818/1315/1249 817/1329/1261
f 879/1646/1547 817/1329/1261 816/1343/1275
f 880/1647/1548 816/1343/1275 815/1357/1289
f 881/1648/1549 815/1357/1289 814/1371/1301
f 882/1649/1550 814/1371/1301 813/1383/1313
f 883/1270/1206 696/1651/1551 698/1652/1552
f 884/1272/1208 698/1652/1552 706/1653/1553
f 885/1286/1220 706/1653/1553 720/1654/1554
f 886/1317/1234 720/1655/1554 732/1656/1555
f 887/1318/1250 732/1656/1555 740/1657/1556
f 888/1330/1262 740/1657/1556 750/1658/1557
f 889/1344/1276 750/1658/1557 764/1659/1558
f 890/1358/1290 764/1659/1558 776/1660/1559
f 891/1372/1302 776/1660/1559 784/1661/1560
f 892/1400/1314 784/1662/1560 792/1663/1561
f 893/1395/1325 792/1663/1561 781/1664/1562
f 894/1380/1310 781/1664/1562 771/1665/1563
f 895/1367/1298 771/1665/1563 760/1666/1564
f 896/1353/1285 760/1667/1564 747/1668/1565
f 897/1340/1272 747/1668/1565 737/1669/1566
f 898/1326/1258 737/1669/1566 728/1670/1567
f 899/1311/1245 728/1670/1567 715/1671/1568
f 900/1296/1230 715/1671/1568 702/1672/1569
f 901/1279/1214 702/1672/1569 695/1673/1570
f 902/1269/1205 695/1674/1570 696/1651/1551
s 128
f 699/1273/1209 694/1274/1210 700/1276/1212
f 700/1276/1212 693/1275/1211 708/1289/1223
f 701/1293/1227 694/1274/1210 699/1273/1209
f 697/1287/1221 705/1301/1235 722/1303/1237
f 714/1307/1241 701/1293/1227 713/1294/1228
f 721/1302/1236 705/1301/1235 733/1320/1252
f 735/1323/1255 727/1324/1256 726/1309/1243
f 733/1320/1252 719/1319/1251 742/1333/1265
f 745/1337/1269 736/1338/1270 735/1323/1255
f 751/1346/1278 741/1332/1264 739/1345/1277
f 758/1351/1283 746/1349/1281 736/1338/1270
f 751/1346/1278 739/1345/1277 765/1360/1292
f 769/1364/1296 759/1363/1295 746/1349/1281
f 765/1360/1292 749/1359/1291 777/1374/1304
f 779/1377/1307 770/1378/1308 769/1364/1296
f 775/1385/1315 785/1386/1316 763/1373/1303
f 780/1391/1321 770/1378/1308 789/1392/1322
f 775/1385/1315 783/1401/1329 796/1403/1331
f 799/1408/1336 800/1409/1337 790/1393/1323
f 795/1402/1330 783/1401/1329 800/1409/1337
f 694/1274/1210 693/1275/1211 700/1276/1212
f 697/1287/1221 708/1289/1223 693/1275/1211
f 707/1288/1222 708/1289/1223 697/1287/1221
f 713/1294/1228 701/1293/1227 699/1273/1209
f 707/1288/1222 697/1287/1221 722/1303/1237
f 721/1302/1236 722/1303/1237 705/1301/1235
f 713/1294/1228 725/1308/1242 714/1307/1241
f 726/1309/1243 714/1307/1241 725/1308/1242
f 705/1301/1235 719/1319/1251 733/1320/1252
f 727/1324/1256 714/1307/1241 726/1309/1243
f 731/1331/1263 742/1333/1265 719/1319/1251
f 741/1332/1264 742/1333/1265 731/1331/1263
f 736/1338/1270 727/1324/1256 735/1323/1255
f 731/1331/1263 739/1345/1277 741/1332/1264
f 757/1350/1282 758/1351/1283 745/1337/1269
f 736/1338/1270 745/1337/1269 758/1351/1283
f 739/1345/1277 749/1359/1291 765/1360/1292
f 769/1364/1296 746/1349/1281 758/1351/1283
f 749/1359/1291 763/1373/1303 777/1374/1304
f 770/1378/1308 759/1363/1295 769/1364/1296
f 786/1387/1317 763/1373/1303 785/1386/1316
f 777/1374/1304 763/1373/1303 786/1387/1317
f 790/1393/1323 780/1391/1321 789/1392/1322
f 779/1377/1307 789/1392/1322 770/1378/1308
f 785/1386/1316 775/1385/1315 796/1403/1331
f 795/1402/1330 796/1403/1331 783/1401/1329
f 791/1407/1335 780/1391/1321 800/1409/1337
f 780/1391/1321 790/1393/1323 800/1409/1337
f 783/1401/1329 791/1407/1335 800/1409/1337
s 129
f 703/1281/1215 696/1282/1216 704/1284/1218
f 703/1281/1215 709/1291/1225 696/1282/1216
f 704/1284/1218 695/1283/1217 702/1297/1231
f 724/1306/1240 706/1304/1238 723/1305/1239
f 716/1298/1232 702/1297/1231 715/1312/1246
f 734/1321/1253 720/1322/1254 724/1306/1240
f 729/1313/1247 715/1312/1246 738/1328/1260
f 732/1334/1266 720/1322/1254 743/1335/1267
f 738/1328/1260 728/1327/1259 748/1342/1274
f 740/1347/1279 732/1334/1266 744/1336/1268
f 737/1341/1273 747/1354/1286 761/1355/1287
f 766/1361/1293 750/1362/1294 756/1348/1280
f 747/1354/1286 760/1369/1299 772/1370/1300
f 778/1375/1305 764/1376/1306 766/1361/1293
f 772/1370/1300 760/1369/1299 782/1382/1312
f 788/1390/1320 776/1388/1318 787/1389/1319
f 781/1396/1326 793/1397/1327 771/1381/1311
f 798/1406/1334 784/1404/1332 797/1405/1333
f 801/1411/1339 802/1412/1340 792/1410/1338
f 801/1411/1339 792/1410/1338 798/1406/1334
f 696/1282/1216 695/1283/1217 704/1284/1218
f 698/1290/1224 696/1282/1216 710/1292/1226
f 710/1292/1226 696/1282/1216 709/1291/1225
f 704/1284/1218 702/1297/1231 716/1298/1232
f 698/1290/1224 723/1305/1239 706/1304/1238
f 710/1292/1226 723/1305/1239 698/1290/1224
f 730/1314/1248 716/1298/1232 729/1313/1247
f 715/1312/1246 729/1313/1247 716/1298/1232
f 720/1322/1254 706/1304/1238 724/1306/1240
f 715/1312/1246 728/1327/1259 738/1328/1260
f 744/1336/1268 732/1334/1266 743/1335/1267
f 734/1321/1253 743/1335/1267 720/1322/1254
f 728/1327/1259 737/1341/1273 748/1342/1274
f 756/1348/1280 740/1347/1279 744/1336/1268
f 761/1355/1287 762/1356/1288 737/1341/1273
f 748/1342/1274 737/1341/1273 762/1356/1288
f 750/1362/1294 740/1347/1279 756/1348/1280
f 761/1355/1287 747/1354/1286 772/1370/1300
f 764/1376/1306 750/1362/1294 766/1361/1293
f 760/1369/1299 771/1381/1311 782/1382/1312
f 764/1376/1306 787/1389/1319 776/1388/1318
f 778/1375/1305 787/1389/1319 764/1376/1306
f 793/1397/1327 794/1398/1328 771/1381/1311
f 782/1382/1312 771/1381/1311 794/1398/1328
f 776/1388/1318 797/1405/1333 784/1404/1332
f 788/1390/1320 797/1405/1333 776/1388/1318
f 781/1396/1326 792/1410/1338 793/1397/1327
f 793/1397/1327 792/1410/1338 802/1412/1340
f 792/1410/1338 784/1404/1332 798/1406/1334
s 130
f 711/1413/1341 699/1414/1342 700/1415/1343 708/1416/1344 709/1417/1345 703/1418/1346 704/1419/1347 718/1420/1348
f 708/1416/1344 707/1425/1351 709/1417/1345
f 707/1425/1351 722/1431/1357 710/1426/1352
f 722/1431/1357 721/1437/1363 733/1438/1364 742/1439/1365 743/1440/1366 734/1441/1367 724/1442/1368 723/1432/1358
f 743/1440/1366 742/1439/1365 741/1447/1373
f 711/1422/1341 718/1423/1348 717/1424/1350
f 707/1425/1351 710/1426/1352 709/1417/1345
f 722/1431/1357 723/1432/1358 710/1426/1352
s 131
f 712/1421/1349 711/1422/1341 717/1424/1350
s 132
f 730/1430/1356 725/1427/1353 713/1428/1354
f 716/1429/1355 730/1430/1356 713/1428/1354
s 133
f 738/1436/1362 735/1433/1359 726/1434/1360
f 745/1444/1370 735/1433/1359 738/1436/1362
f 729/1435/1361 738/1436/1362 726/1434/1360
f 745/1444/1370 738/1436/1362 748/1445/1371
s 134
f 758/1450/1378 757/1443/1369 762/1446/1372
f 758/1450/1378 762/1446/1372 761/1451/1379
s 135
f 753/1453/1374 752/1454/1381 754/1456/1375
f 752/1454/1381 755/1455/1382 754/1456/1375
s 136
f 768/1457/1383 767/1449/1377 773/1458/1384
f 789/1463/1389 779/1464/1390 769/1465/1391 768/1466/1383 773/1467/1384 772/1468/1392 782/1469/1393 794/1470/1394
f 767/1449/1377 774/1452/1380 773/1458/1384
s 137
f 751/1459/1385 765/1460/1386 766/1461/1387
f 765/1460/1386 777/1471/1395 766/1461/1387
f 777/1471/1395 786/1475/1399 778/1472/1396
f 751/1459/1385 766/1461/1387 756/1462/1388
f 777/1471/1395 778/1472/1396 766/1461/1387
f 786/1475/1399 787/1476/1400 778/1472/1396
s 138
f 790/1473/1397 789/1463/1389 793/1474/1398
f 799/1477/1401 790/1473/1397 802/1478/1402
f 796/1480/1404 795/1483/1407 800/1484/1408 799/1477/1401 802/1478/1402 801/1485/1409 798/1486/1410 797/1481/1405
f 789/1463/1389 794/1470/1394 793/1474/1398
f 790/1473/1397 793/1474/1398 802/1478/1402
s 139
f 785/1479/1403 796/1480/1404 797/1481/1405
f 785/1479/1403 797/1481/1405 788/1482/1406
s 140
f 823/1487/1411 824/1488/1412 853/1490/1414
f 824/1488/1412 825/1491/1415 852/1489/1413
f 825/1491/1415 826/1493/1417 851/1492/1416
f 826/1493/1417 827/1495/1419 850/1494/1418
f 827/1495/1419 828/1497/1421 849/1496/1420
f 828/1497/1421 829/1499/1423 848/1498/1422
f 829/1501/1423 830/1502/1425 847/1504/1424
f 830/1502/1425 831/1505/1427 846/1503/1426
f 831/1505/1427 832/1507/1429 845/1506/1428
f 832/1507/1429 833/1509/1431 844/1508/1430
f 833/1511/1431 834/1512/1433 843/1514/1432
f 834/1512/1433 835/1515/1435 862/1513/1434
f 835/1515/1435 836/1517/1437 861/1516/1436
f 836/1517/1437 837/1519/1439 860/1518/1438
f 837/1519/1439 838/1521/1441 859/1520/1440
f 838/1521/1441 839/1523/1443 858/1522/1442
f 839/1525/1443 840/1526/1445 857/1528/1444
f 840/1526/1445 841/1529/1447 856/1527/1446
f 841/1529/1447 842/1531/1449 855/1530/1448
f 842/1531/1449 823/1533/1411 854/1532/1450
f 824/1488/1412 852/1489/1413 853/1490/1414
f 825/1491/1415 851/1492/1416 852/1489/1413
f 826/1493/1417 850/1494/1418 851/1492/1416
f 827/1495/1419 849/1496/1420 850/1494/1418
f 828/1497/1421 848/1498/1422 849/1496/1420
f 829/1499/1423 847/1500/1424 848/1498/1422
f 830/1502/1425 846/1503/1426 847/1504/1424
f 831/1505/1427 845/1506/1428 846/1503/1426
f 832/1507/1429 844/1508/1430 845/1506/1428
f 833/1509/1431 843/1510/1432 844/1508/1430
f 834/1512/1433 862/1513/1434 843/1514/1432
f 835/1515/1435 861/1516/1436 862/1513/1434
f 836/1517/1437 860/1518/1438 861/1516/1436
f 837/1519/1439 859/1520/1440 860/1518/1438
f 838/1521/1441 858/1522/1442 859/1520/1440
f 839/1523/1443 857/1524/1444 858/1522/1442
f 840/1526/1445 856/1527/1446 857/1528/1444
f 841/1529/1447 855/1530/1448 856/1527/1446
f 842/1531/1449 854/1532/1450 855/1530/1448
f 823/1533/1411 853/1534/1414 854/1532/1450
s 141
f 943/1535/1451 944/1536/1452 946/1538/1454
f 944/1536/1452 947/1539/1455 945/1537/1453
f 947/1539/1455 949/1541/1457 948/1540/1456
f 949/1541/1457 951/1543/1459 950/1542/1458
f 951/1543/1459 953/1545/1461 952/1544/1460
f 953/1545/1461 955/1547/1463 954/1546/1462
f 955/1548/1463 957/1549/1465 956/1551/1464
f 957/1549/1465 959/1552/1467 958/1550/1466
f 959/1552/1467 961/1554/1469 960/1553/1468
f 961/1554/1469 963/1556/1471 962/1555/1470
f 963/1557/1471 965/1558/1473 964/1560/1472
f 965/1558/1473 967/1561/1475 966/1559/1474
f 967/1561/1475 969/1563/1477 968/1562/1476
f 969/1563/1477 971/1565/1479 970/1564/1478
f 971/1565/1479 973/1567/1481 972/1566/1480
f 973/1567/1481 975/1569/1483 974/1568/1482
f 975/1570/1483 977/1571/1485 976/1573/1484
f 977/1571/1485 979/1574/1487 978/1572/1486
f 979/1574/1487 981/1576/1489 980/1575/1488
f 981/1576/1489 943/1578/1451 982/1577/1490
f 944/1536/1452 945/1537/1453 946/1538/1454
f 947/1539/1455 948/1540/1456 945/1537/1453
f 949/1541/1457 950/1542/1458 948/1540/1456
f 951/1543/1459 952/1544/1460 950/1542/1458
f 953/1545/1461 954/1546/1462 952/1544/1460
f 955/1547/1463 956/1769/1464 954/1546/1462
f 957/1549/1465 958/1550/1466 956/1551/1464
f 959/1552/1467 960/1553/1468 958/1550/1466
f 961/1554/1469 962/1555/1470 960/1553/1468
f 963/1556/1471 964/1780/1472 962/1555/1470
f 965/1558/1473 966/1559/1474 964/1560/1472
f 967/1561/1475 968/1562/1476 966/1559/1474
f 969/1563/1477 970/1564/1478 968/1562/1476
f 971/1565/1479 972/1566/1480 970/1564/1478
f 973/1567/1481 974/1568/1482 972/1566/1480
f 975/1569/1483 976/1795/1484 974/1568/1482
f 977/1571/1485 978/1572/1486 976/1573/1484
f 979/1574/1487 980/1575/1488 978/1572/1486
f 981/1576/1489 982/1577/1490 980/1575/1488
f 943/1578/1451 946/1806/1454 982/1577/1490
s 142
f 904/1579/1491 903/1580/1492 906/1582/1494
f 907/1583/1495 904/1579/1491 908/1584/1496
f 909/1585/1497 907/1583/1495 910/1586/1498
f 911/1587/1499 909/1585/1497 912/1588/1500
f 913/1589/1501 911/1587/1499 914/1590/1502
f 915/1591/1503 913/1592/1501 916/1594/1504
f 917/1595/1505 915/1591/1503 918/1596/1506
f 919/1597/1507 917/1595/1505 920/1598/1508
f 921/1599/1509 919/1597/1507 922/1600/1510
f 923/1601/1511 921/1602/1509 924/1604/1512
f 925/1605/1513 923/1601/1511 926/1606/1514
f 927/1607/1515 925/1605/1513 928/1608/1516
f 929/1609/1517 927/1607/1515 930/1610/1518
f 931/1611/1519 929/1609/1517 932/1612/1520
f 933/1613/1521 931/1614/1519 934/1616/1522
f 935/1617/1523 933/1613/1521 936/1618/1524
f 937/1619/1525 935/1617/1523 938/1620/1526
f 939/1621/1527 937/1619/1525 940/1622/1528
f 941/1623/1529 939/1621/1527 942/1624/1530
f 903/1625/1492 941/1623/1529 905/1626/1493
f 903/1580/1492 905/1581/1493 906/1582/1494
f 904/1579/1491 906/1582/1494 908/1584/1496
f 907/1583/1495 908/1584/1496 910/1586/1498
f 909/1585/1497 910/1586/1498 912/1588/1500
f 911/1587/1499 912/1588/1500 914/1590/1502
f 913/1592/1501 914/1593/1502 916/1594/1504
f 915/1591/1503 916/1594/1504 918/1596/1506
f 917/1595/1505 918/1596/1506 920/1598/1508
f 919/1597/1507 920/1598/1508 922/1600/1510
f 921/1602/1509 922/1603/1510 924/1604/1512
f 923/1601/1511 924/1604/1512 926/1606/1514
f 925/1605/1513 926/1606/1514 928/1608/1516
f 927/1607/1515 928/1608/1516 930/1610/1518
f 929/1609/1517 930/1610/1518 932/1612/1520
f 931/1614/1519 932/1615/1520 934/1616/1522
f 933/1613/1521 934/1616/1522 936/1618/1524
f 935/1617/1523 936/1618/1524 938/1620/1526
f 937/1619/1525 938/1620/1526 940/1622/1528
f 939/1621/1527 940/1622/1528 942/1624/1530
f 941/1623/1529 942/1624/1530 905/1626/1493
s 143
f 844/1675/1571 843/1676/1572 904/1677/1574
f 843/1676/1572 903/1753/1573 904/1677/1574
s 144
f 863/1678/1575 864/1679/1576 905/1680/1578
f 864/1679/1576 906/1684/1577 905/1680/1578
s 145
f 845/1681/1579 844/1675/1580 907/1682/1582
f 844/1675/1580 904/1677/1581 907/1682/1582
s 146
f 864/1679/1583 865/1683/1584 906/1684/1586
f 865/1683/1584 908/1688/1585 906/1684/1586
s 147
f 846/1685/1587 845/1681/1588 909/1686/1590
f 845/1681/1588 907/1682/1589 909/1686/1590
s 148
f 865/1683/1591 866/1687/1592 908/1688/1594
f 866/1687/1592 910/1692/1593 908/1688/1594
s 149
f 847/1689/1595 846/1685/1596 911/1690/1598
f 846/1685/1596 909/1686/1597 911/1690/1598
s 150
f 866/1687/1599 867/1691/1600 910/1692/1602
f 867/1691/1600 912/1696/1601 910/1692/1602
s 151
f 848/1693/1603 847/1689/1604 913/1694/1606
f 847/1689/1604 911/1690/1605 913/1694/1606
s 152
f 867/1691/1607 868/1695/1608 912/1696/1610
f 868/1695/1608 914/1700/1609 912/1696/1610
s 153
f 849/1697/1611 848/1693/1612 915/1698/1614
f 848/1693/1612 913/1694/1613 915/1698/1614
s 154
f 868/1695/1615 869/1699/1616 914/1700/1618
f 869/1699/1616 916/1704/1617 914/1700/1618
s 155
f 850/1701/1619 849/1697/1620 917/1702/1622
f 849/1697/1620 915/1698/1621 917/1702/1622
s 156
f 869/1699/1623 870/1703/1624 916/1704/1626
f 870/1703/1624 918/1708/1625 916/1704/1626
s 157
f 851/1705/1627 850/1701/1628 919/1706/1630
f 850/1701/1628 917/1702/1629 919/1706/1630
s 158
f 870/1703/1631 871/1707/1632 918/1708/1634
f 871/1707/1632 920/1712/1633 918/1708/1634
s 159
f 852/1709/1635 851/1705/1636 921/1710/1638
f 851/1705/1636 919/1706/1637 921/1710/1638
s 160
f 871/1707/1639 872/1711/1640 920/1712/1642
f 872/1711/1640 922/1716/1641 920/1712/1642
s 161
f 853/1713/1643 852/1709/1644 923/1714/1646
f 852/1709/1644 921/1710/1645 923/1714/1646
s 162
f 872/1711/1647 873/1715/1648 922/1716/1650
f 873/1715/1648 924/1720/1649 922/1716/1650
s 163
f 854/1717/1651 853/1713/1652 925/1718/1654
f 853/1713/1652 923/1714/1653 925/1718/1654
s 164
f 873/1715/1655 874/1719/1656 924/1720/1658
f 874/1719/1656 926/1724/1657 924/1720/1658
s 165
f 855/1721/1659 854/1717/1660 927/1722/1662
f 854/1717/1660 925/1718/1661 927/1722/1662
s 166
f 874/1719/1663 875/1723/1664 926/1724/1666
f 875/1723/1664 928/1728/1665 926/1724/1666
s 167
f 856/1725/1667 855/1721/1668 929/1726/1670
f 855/1721/1668 927/1722/1669 929/1726/1670
s 168
f 875/1723/1671 876/1727/1672 928/1728/1674
f 876/1727/1672 930/1732/1673 928/1728/1674
s 169
f 857/1729/1675 856/1725/1676 931/1730/1678
f 856/1725/1676 929/1726/1677 931/1730/1678
s 170
f 876/1727/1679 877/1731/1680 930/1732/1682
f 877/1731/1680 932/1736/1681 930/1732/1682
s 171
f 858/1733/1683 857/1729/1684 933/1734/1686
f 857/1729/1684 931/1730/1685 933/1734/1686
s 172
f 877/1731/1687 878/1735/1688 932/1736/1690
f 878/1735/1688 934/1740/1689 932/1736/1690
s 173
f 859/1737/1691 858/1733/1692 935/1738/1694
f 858/1733/1692 933/1734/1693 935/1738/1694
s 174
f 878/1735/1695 879/1739/1696 934/1740/1698
f 879/1739/1696 936/1744/1697 934/1740/1698
s 175
f 860/1741/1699 859/1737/1700 937/1742/1702
f 859/1737/1700 935/1738/1701 937/1742/1702
s 176
f 879/1739/1703 880/1743/1704 936/1744/1706
f 880/1743/1704 938/1748/1705 936/1744/1706
s 177
f 861/1745/1707 860/1741/1708 939/1746/1710
f 860/1741/1708 937/1742/1709 939/1746/1710
s 178
f 880/1743/1711 881/1747/1712 938/1748/1714
f 881/1747/1712 940/1752/1713 938/1748/1714
s 179
f 862/1749/1715 861/1745/1716 941/1750/1718
f 861/1745/1716 939/1746/1717 941/1750/1718
s 180
f 881/1747/1719 882/1751/1720 940/1752/1722
f 882/1751/1720 942/1754/1721 940/1752/1722
s 181
f 843/1676/1723 862/1749/1724 903/1753/1726
f 862/1749/1724 941/1750/1725 903/1753/1726
s 182
f 882/1751/1727 863/1678/1728 942/1754/1730
f 863/1678/1728 905/1680/1729 942/1754/1730
s 183
f 694/1755/1731 701/1756/1732 943/1757/1734
f 701/1756/1732 944/1759/1733 943/1757/1734
s 184
f 824/1488/1735 823/1487/1736 945/1537/1738
f 823/1487/1736 946/1538/1737 945/1537/1738
s 185
f 701/1756/1739 714/1758/1740 944/1759/1742
f 714/1758/1740 947/1761/1741 944/1759/1742
s 186
f 825/1491/1743 824/1488/1744 948/1540/1746
f 824/1488/1744 945/1537/1745 948/1540/1746
s 187
f 714/1758/1747 727/1760/1748 947/1761/1750
f 727/1760/1748 949/1763/1749 947/1761/1750
s 188
f 826/1493/1751 825/1491/1752 950/1542/1754
f 825/1491/1752 948/1540/1753 950/1542/1754
s 189
f 727/1760/1755 736/1762/1756 949/1763/1758
f 736/1762/1756 951/1765/1757 949/1763/1758
s 190
f 827/1495/1759 826/1493/1760 952/1544/1762
f 826/1493/1760 950/1542/1761 952/1544/1762
s 191
f 736/1762/1763 746/1764/1764 951/1765/1766
f 746/1764/1764 953/1768/1765 951/1765/1766
s 192
f 828/1497/1767 827/1495/1768 954/1546/1770
f 827/1495/1768 952/1544/1769 954/1546/1770
s 193
f 746/1764/1771 759/1766/1772 953/1768/1774
f 759/1766/1772 955/1767/1773 953/1768/1774
s 194
f 829/1499/1775 828/1497/1776 956/1769/1778
f 828/1497/1776 954/1546/1777 956/1769/1778
s 195
f 759/1770/1779 770/1771/1780 955/1772/1782
f 770/1771/1780 957/1774/1781 955/1772/1782
s 196
f 830/1502/1783 829/1501/1784 958/1550/1786
f 829/1501/1784 956/1551/1785 958/1550/1786
s 197
f 770/1771/1787 780/1773/1788 957/1774/1790
f 780/1773/1788 959/1776/1789 957/1774/1790
s 198
f 831/1505/1791 830/1502/1792 960/1553/1794
f 830/1502/1792 958/1550/1793 960/1553/1794
s 199
f 780/1773/1795 791/1775/1796 959/1776/1798
f 791/1775/1796 961/1779/1797 959/1776/1798
s 200
f 832/1507/1799 831/1505/1800 962/1555/1802
f 831/1505/1800 960/1553/1801 962/1555/1802
s 201
f 791/1775/1803 783/1777/1804 961/1779/1806
f 783/1777/1804 963/1778/1805 961/1779/1806
s 202
f 833/1509/1807 832/1507/1808 964/1780/1810
f 832/1507/1808 962/1555/1809 964/1780/1810
s 203
f 783/1781/1811 775/1782/1812 963/1783/1814
f 775/1782/1812 965/1785/1813 963/1783/1814
s 204
f 834/1512/1815 833/1511/1816 966/1559/1818
f 833/1511/1816 964/1560/1817 966/1559/1818
s 205
f 775/1782/1819 763/1784/1820 965/1785/1822
f 763/1784/1820 967/1787/1821 965/1785/1822
s 206
f 835/1515/1823 834/1512/1824 968/1562/1826
f 834/1512/1824 966/1559/1825 968/1562/1826
s 207
f 763/1784/1827 749/1786/1828 967/1787/1830
f 749/1786/1828 969/1789/1829 967/1787/1830
s 208
f 836/1517/1831 835/1515/1832 970/1564/1834
f 835/1515/1832 968/1562/1833 970/1564/1834
s 209
f 749/1786/1835 739/1788/1836 969/1789/1838
f 739/1788/1836 971/1791/1837 969/1789/1838
s 210
f 837/1519/1839 836/1517/1840 972/1566/1842
f 836/1517/1840 970/1564/1841 972/1566/1842
s 211
f 739/1788/1843 731/1790/1844 971/1791/1846
f 731/1790/1844 973/1794/1845 971/1791/1846
s 212
f 838/1521/1847 837/1519/1848 974/1568/1850
f 837/1519/1848 972/1566/1849 974/1568/1850
s 213
f 731/1790/1851 719/1792/1852 973/1794/1854
f 719/1792/1852 975/1793/1853 973/1794/1854
s 214
f 839/1523/1855 838/1521/1856 976/1795/1858
f 838/1521/1856 974/1568/1857 976/1795/1858
s 215
f 719/1796/1859 705/1797/1860 975/1798/1862
f 705/1797/1860 977/1800/1861 975/1798/1862
s 216
f 840/1526/1863 839/1525/1864 978/1572/1866
f 839/1525/1864 976/1573/1865 978/1572/1866
s 217
f 705/1797/1867 697/1799/1868 977/1800/1870
f 697/1799/1868 979/1802/1869 977/1800/1870
s 218
f 841/1529/1871 840/1526/1872 980/1575/1874
f 840/1526/1872 978/1572/1873 980/1575/1874
s 219
f 697/1799/1875 693/1801/1876 979/1802/1878
f 693/1801/1876 981/1805/1877 979/1802/1878
s 220
f 842/1531/1879 841/1529/1880 982/1577/1882
f 841/1529/1880 980/1575/1881 982/1577/1882
s 221
f 693/1801/1883 694/1803/1884 981/1805/1886
f 694/1803/1884 943/1804/1885 981/1805/1886
s 222
f 823/1533/1887 842/1531/1888 946/1806/1890
f 842/1531/1888 982/1577/1889 946/1806/1890
s 223
f 1521/1807/1891 984/1808/1892 1532/1809/1893
f 1247/1811/1895 985/1812/1896 1258/1813/1897
f 1113/1815/1899 986/1816/1900 1123/1818/1902
f 1044/1819/1903 987/1820/1904 1055/1821/1905
f 1012/1823/1907 988/1824/1908 1020/1826/1910
f 997/1827/1911 989/1828/1912 1006/1830/1914
f 996/1831/1915 991/1832/1916 999/1833/1917
f 994/1835/1919 990/1836/1920 995/1838/1922
f 983/1839/1923 994/1840/1919 995/1841/1922
f 992/1837/1921 996/1843/1915 995/1838/1922
f 998/1845/1918 997/1827/1911 995/1841/1922
f 999/1846/1917 989/1828/1912 997/1827/1911
f 1002/1847/1925 983/1839/1923 1003/1848/1926
f 990/1849/1920 1000/1850/1927 992/1852/1921
f 1000/1853/1927 1002/1854/1925 1003/1855/1926
f 1004/1857/1929 991/1858/1916 1005/1860/1930
f 996/1859/1915 992/1852/1921 1005/1860/1930
f 993/1842/1924 997/1827/1911 1006/1830/1914
f 1006/1861/1914 1005/1862/1930 1001/1856/1928
f 1007/1863/1913 1004/1864/1929 1006/1866/1914
f 1008/1867/1931 1015/1868/1932 1013/1870/1934
f 999/1833/1917 991/1832/1916 1011/1872/1936
f 1009/1873/1937 989/1828/1912 1011/1874/1936
f 1011/1872/1936 1010/1871/1935 1014/1869/1933
f 1012/1823/1907 1009/1873/1937 1014/1875/1933
f 1015/1876/1932 988/1824/1908 1012/1823/1907
f 989/1828/1912 1009/1873/1937 1007/1829/1913
f 1016/1878/1939 1010/1879/1935 1004/1857/1929
f 1017/1880/1938 1016/1881/1939 1007/1863/1913
f 1018/1882/1940 1008/1883/1931 1019/1885/1941
f 1013/1884/1934 1010/1879/1935 1016/1878/1939
f 1009/1873/1937 1012/1823/1907 1017/1877/1938
f 1020/1886/1910 1019/1887/1941 1017/1880/1938
f 1021/1888/1909 1018/1889/1940 1020/1886/1910
f 1027/1890/1942 1022/1891/1943 1035/1893/1945
f 1023/1894/1946 1030/1895/1947 1028/1897/1949
f 1015/1868/1932 1008/1867/1931 1026/1899/1951
f 1024/1900/1952 988/1824/1908 1026/1901/1951
f 1026/1899/1951 1025/1898/1950 1029/1896/1948
f 1027/1890/1942 1024/1900/1952 1029/1902/1948
f 1030/1903/1947 1022/1891/1943 1027/1890/1942
f 988/1824/1908 1024/1900/1952 1021/1825/1909
f 1031/1905/1954 1025/1906/1950 1018/1882/1940
f 1032/1907/1953 1031/1908/1954 1021/1888/1909
f 1033/1909/1955 1023/1910/1946 1034/1912/1956
f 1028/1911/1949 1025/1906/1950 1031/1905/1954
f 1024/1900/1952 1027/1890/1942 1032/1904/1953
f 1035/1913/1945 1034/1914/1956 1032/1907/1953
f 1036/1915/1944 1033/1916/1955 1035/1913/1945
f 1037/1917/1957 1047/1918/1958 1046/1919/1959
f 1042/1921/1961 1041/1922/1962 1039/1923/1963
f 1030/1895/1947 1023/1894/1946 1041/1922/1962
f 1040/1925/1965 1022/1891/1943 1042/1926/1961
f 1038/1927/1966 1040/1925/1965 1043/1928/1964
f 1043/1924/1964 1039/1923/1963 1045/1920/1960
f 1044/1819/1903 1038/1927/1966 1046/1929/1959
f 1047/1930/1958 987/1820/1904 1044/1819/1903
f 1040/1925/1965 1038/1927/1966 1051/1931/1967
f 1048/1933/1969 1039/1934/1963 1049/1936/1970
f 1041/1935/1962 1023/1910/1946 1033/1909/1955
f 1022/1891/1943 1040/1925/1965 1036/1892/1944
f 1050/1937/1968 1049/1938/1970 1036/1915/1944
f 1051/1939/1967 1048/1940/1969 1050/1937/1968
f 1052/1941/1971 1037/1942/1957 1045/1943/1960
f 1045/1943/1960 1039/1934/1963 1053/1944/1972
f 1038/1927/1966 1044/1819/1903 1054/1822/1906
f 1054/1945/1906 1053/1946/1972 1051/1939/1967
f 1055/1947/1905 1052/1948/1971 1054/1945/1906
f 1079/1949/1973 1056/1950/1974 1089/1952/1976
f 1062/1953/1977 1057/1954/1978 1071/1955/1979
f 1058/1957/1981 1065/1958/1982 1064/1959/1983
f 1047/1918/1958 1037/1917/1957 1060/1961/1985
f 1059/1963/1987 987/1820/1904 1061/1964/1986
f 1061/1962/1986 1060/1961/1985 1063/1960/1984
f 1062/1953/1977 1059/1963/1987 1064/1965/1983
f 1065/1966/1982 1057/1954/1978 1064/1965/1983
f 987/1820/1904 1059/1963/1987 1067/1967/1988
f 1066/1968/1989 1060/1969/1985 1037/1942/1957
f 1067/1970/1988 1066/1971/1989 1055/1947/1905
f 1068/1972/1990 1058/1973/1981 1063/1974/1984
f 1063/1974/1984 1060/1969/1985 1069/1975/1991
f 1059/1963/1987 1062/1953/1977 1070/1956/1980
f 1070/1976/1980 1069/1977/1991 1067/1970/1988
f 1071/1978/1979 1068/1979/1990 1070/1976/1980
f 1072/1980/1992 1082/1981/1993 1081/1982/1994
f 1077/1984/1996 1076/1985/1997 1074/1986/1998
f 1065/1958/1982 1058/1957/1981 1076/1985/1997
f 1075/1988/2000 1057/1954/1978 1065/1966/1982
f 1073/1990/2001 1075/1988/2000 1078/1991/1999
f 1078/1987/1999 1074/1986/1998 1080/1983/1995
f 1079/1949/1973 1073/1990/2001 1081/1992/1994
f 1082/1993/1993 1056/1950/1974 1079/1949/1973
f 1075/1988/2000 1073/1990/2001 1086/1994/2002
f 1083/1996/2004 1074/1997/1998 1076/1998/1997
f 1076/1998/1997 1058/1973/1981 1084/1999/2005
f 1057/1954/1978 1075/1988/2000 1085/1995/2003
f 1085/2000/2003 1084/2001/2005 1071/1978/1979
f 1086/2002/2002 1083/2003/2004 1085/2000/2003
f 1087/2004/2006 1072/2005/1992 1088/2007/2007
f 1080/2006/1995 1074/1997/1998 1088/2007/2007
f 1073/1990/2001 1079/1949/1973 1089/1952/1976
f 1089/2008/1976 1088/2009/2007 1086/2002/2002
f 1090/2010/1975 1087/2011/2006 1089/2008/1976
f 1096/2012/2008 1091/2013/2009 1104/2015/2011
f 1092/2016/2012 1099/2017/2013 1097/2019/2015
f 1082/1981/1993 1072/1980/1992 1095/2021/2017
f 1093/2022/2018 1056/1950/1974 1095/2023/2017
f 1095/2021/2017 1094/2020/2016 1098/2018/2014
f 1096/2024/2008 1093/2025/2018 1098/2027/2014
f 1099/2028/2013 1091/2029/2009 1098/2027/2014
f 1056/1950/1974 1093/2022/2018 1090/1951/1975
f 1100/2031/2020 1094/2032/2016 1087/2004/2006
f 1101/2033/2019 1100/2034/2020 1090/2010/1975
f 1102/2035/2021 1092/2036/2012 1103/2038/2022
f 1097/2037/2015 1094/2039/2016 1100/2040/2020
f 1093/2041/2018 1096/2012/2008 1101/2033/2019
f 1104/2015/2011 1103/2042/2022 1100/2034/2020
f 1105/2014/2010 1102/2043/2021 1103/2042/2022
f 1106/2044/2023 1116/2045/2024 1114/2047/2026
f 1111/2048/2027 1110/2049/2028 1112/2051/2030
f 1099/2017/2013 1092/2016/2012 1111/2048/2027
f 1109/2052/2031 1091/2029/2009 1099/2028/2013
f 1107/2054/2032 1109/2052/2031 1111/2053/2027
f 1112/2051/2030 1108/2050/2029 1114/2047/2026
f 1113/2056/1899 1107/2054/2032 1115/2057/2025
f 1116/2058/2024 986/2059/1900 1115/2057/2025
f 1109/2060/2031 1107/2061/2032 1119/2063/2034
f 1117/2064/2035 1108/2065/2029 1118/2067/2036
f 1110/2066/2028 1092/2036/2012 1102/2035/2021
f 1091/2013/2009 1109/2060/2031 1105/2014/2010
f 1119/2063/2034 1118/2068/2036 1102/2043/2021
f 1120/2062/2033 1117/2069/2035 1118/2068/2036
f 1121/2070/2037 1106/2071/2023 1122/2073/2038
f 1114/2072/2026 1108/2065/2029 1122/2073/2038
f 1107/2061/2032 1113/1815/1899 1123/1818/1902
f 1123/1818/1902 1122/2074/2038 1120/2062/2033
f 1124/1817/1901 1121/2075/2037 1122/2074/2038
f 1178/2076/2039 1125/2077/2040 1189/2078/2041
f 1146/2080/2043 1126/2081/2044 1155/2082/2045
f 1132/2084/2047 1127/2085/2048 1140/2087/2050
f 1128/2088/2051 1135/2089/2052 1133/2091/2054
f 1116/2045/2024 1106/2044/2023 1131/2093/2056
f 1129/2094/2057 986/2059/1900 1116/2058/2024
f 1131/2093/2056 1130/2092/2055 1134/2090/2053
f 1132/2096/2047 1129/2094/2057 1131/2095/2056
f 1135/2098/2052 1127/2099/2048 1134/2097/2053
f 986/1816/1900 1129/2100/2057 1124/1817/1901
f 1136/2102/2059 1130/2103/2055 1121/2070/2037
f 1137/2101/2058 1136/2104/2059 1121/2075/2037
f 1138/2105/2060 1128/2106/2051 1139/2108/2061
f 1133/2107/2054 1130/2103/2055 1136/2102/2059
f 1129/2100/2057 1132/2084/2047 1137/2101/2058
f 1140/2087/2050 1139/2109/2061 1136/2104/2059
f 1141/2086/2049 1138/2110/2060 1139/2109/2061
f 1142/2111/2062 1149/2112/2063 1148/2113/2064
f 1135/2089/2052 1128/2088/2051 1145/2116/2067
f 1143/2117/2068 1127/2099/2048 1135/2098/2052
f 1145/2116/2067 1144/2115/2066 1148/2113/2064
f 1146/2119/2043 1143/2117/2068 1145/2118/2067
f 1149/2121/2063 1126/2122/2044 1146/2119/2043
f 1127/2085/2048 1143/2123/2068 1141/2086/2049
f 1150/2125/2070 1144/2126/2066 1138/2105/2060
f 1151/2124/2069 1150/2127/2070 1138/2110/2060
f 1152/2128/2071 1142/2129/2062 1153/2131/2072
f 1147/2130/2065 1144/2126/2066 1150/2125/2070
f 1143/2123/2068 1146/2080/2043 1151/2124/2069
f 1154/2083/2046 1153/2132/2072 1150/2127/2070
f 1155/2082/2045 1152/2133/2071 1154/2083/2046
f 1161/2134/2073 1156/2135/2074 1170/2136/2075
f 1157/2138/2077 1164/2139/2078 1163/2140/2079
f 1149/2112/2063 1142/2111/2062 1159/2142/2081
f 1158/2144/2083 1126/2122/2044 1160/2145/2082
f 1160/2143/2082 1159/2142/2081 1162/2141/2080
f 1161/2146/2073 1158/2144/2083 1163/2147/2079
f 1164/2148/2078 1156/2149/2074 1161/2146/2073
f 1126/2081/2044 1158/2150/2083 1166/2151/2084
f 1165/2152/2085 1159/2153/2081 1152/2128/2071
f 1166/2151/2084 1165/2154/2085 1155/2082/2045
f 1167/2155/2086 1157/2156/2077 1168/2158/2087
f 1162/2157/2080 1159/2153/2081 1165/2152/2085
f 1158/2150/2083 1161/2134/2073 1169/2137/2076
f 1169/2137/2076 1168/2159/2087 1166/2151/2084
f 1170/2136/2075 1167/2160/2086 1169/2137/2076
f 1171/2161/2088 1181/2162/2089 1180/2163/2090
f 1176/2165/2092 1175/2166/2093 1173/2167/2094
f 1164/2139/2078 1157/2138/2077 1175/2166/2093
f 1174/2169/2096 1156/2149/2074 1176/2170/2092
f 1172/2171/2097 1174/2169/2096 1177/2172/2095
f 1177/2168/2095 1173/2167/2094 1179/2164/2091
f 1178/2173/2039 1172/2171/2097 1180/2174/2090
f 1181/2175/2089 1125/2176/2040 1178/2173/2039
f 1174/2177/2096 1172/2178/2097 1185/2179/2098
f 1182/2181/2100 1173/2182/2094 1183/2184/2101
f 1175/2183/2093 1157/2156/2077 1167/2155/2086
f 1156/2135/2074 1174/2177/2096 1184/2180/2099
f 1184/2180/2099 1183/2185/2101 1170/2136/2075
f 1185/2179/2098 1182/2186/2100 1184/2180/2099
f 1186/2187/2102 1171/2188/2088 1187/2190/2103
f 1179/2189/2091 1173/2182/2094 1182/2181/2100
f 1172/2178/2097 1178/2076/2039 1188/2079/2042
f 1188/2079/2042 1187/2191/2103 1185/2179/2098
f 1189/2078/2041 1186/2192/2102 1188/2079/2042
f 1213/2193/2104 1190/2194/2105 1223/2196/2107
f 1196/2197/2108 1191/2198/2109 1204/2200/2111
f 1192/2201/2112 1199/2202/2113 1197/2204/2115
f 1181/2162/2089 1171/2161/2088 1194/2205/2116
f 1193/2207/2118 1125/2176/2040 1195/2208/2117
f 1195/2206/2117 1194/2205/2116 1198/2203/2114
f 1196/2209/2108 1193/2207/2118 1195/2208/2117
f 1199/2211/2113 1191/2212/2109 1198/2210/2114
f 1125/2077/2040 1193/2213/2118 1201/2214/2119
f 1200/2215/2120 1194/2216/2116 1186/2187/2102
f 1201/2214/2119 1200/2217/2120 1189/2078/2041
f 1202/2218/2121 1192/2219/2112 1197/2220/2115
f 1197/2220/2115 1194/2216/2116 1203/2221/2122
f 1193/2213/2118 1196/2197/2108 1201/2214/2119
f 1204/2200/2111 1203/2222/2122 1200/2217/2120
f 1205/2199/2110 1202/2223/2121 1203/2222/2122
f 1206/2224/2123 1216/2225/2124 1214/2227/2126
f 1211/2228/2127 1210/2229/2128 1212/2231/2130
f 1199/2202/2113 1192/2201/2112 1211/2228/2127
f 1209/2232/2131 1191/2212/2109 1199/2211/2113
f 1207/2234/2132 1209/2232/2131 1211/2233/2127
f 1212/2231/2130 1208/2230/2129 1215/2226/2125
f 1213/2236/2104 1207/2234/2132 1212/2235/2130
f 1216/2238/2124 1190/2239/2105 1215/2237/2125
f 1209/2240/2131 1207/2241/2132 1219/2243/2134
f 1217/2244/2135 1208/2245/2129 1210/2246/2128
f 1210/2246/2128 1192/2219/2112 1218/2247/2136
f 1191/2198/2109 1209/2240/2131 1205/2199/2110
f 1219/2243/2134 1218/2248/2136 1202/2223/2121
f 1220/2242/2133 1217/2249/2135 1218/2248/2136
f 1221/2250/2137 1206/2251/2123 1214/2252/2126
f 1214/2252/2126 1208/2245/2129 1222/2253/2138
f 1207/2241/2132 1213/2193/2104 1220/2242/2133
f 1223/2196/2107 1222/2254/2138 1217/2249/2135
f 1224/2195/2106 1221/2255/2137 1222/2254/2138
f 1230/2256/2139 1225/2257/2140 1238/2259/2142
f 1226/2260/2143 1233/2261/2144 1231/2263/2146
f 1216/2225/2124 1206/2224/2123 1229/2265/2148
f 1227/2266/2149 1190/2239/2105 1216/2238/2124
f 1229/2265/2148 1228/2264/2147 1232/2262/2145
f 1230/2268/2139 1227/2266/2149 1229/2267/2148
f 1233/2270/2144 1225/2271/2140 1232/2269/2145
f 1190/2194/2105 1227/2272/2149 1224/2195/2106
f 1234/2274/2151 1228/2275/2147 1206/2251/2123
f 1235/2273/2150 1234/2276/2151 1221/2255/2137
f 1236/2277/2152 1226/2278/2143 1231/2279/2146
f 1231/2279/2146 1228/2275/2147 1237/2280/2153
f 1227/2272/2149 1230/2256/2139 1235/2273/2150
f 1238/2259/2142 1237/2281/2153 1234/2276/2151
f 1239/2258/2141 1236/2282/2152 1237/2281/2153
f 1240/2283/2154 1250/2284/2155 1249/2285/2156
f 1245/2287/2158 1244/2288/2159 1242/2289/2160
f 1233/2261/2144 1226/2260/2143 1245/2287/2158
f 1243/2291/2162 1225/2271/2140 1233/2270/2144
f 1241/2293/2163 1243/2291/2162 1246/2294/2161
f 1246/2290/2161 1242/2289/2160 1248/2286/2157
f 1247/2295/1895 1241/2293/2163 1249/2296/2156
f 1250/2297/2155 985/2298/1896 1247/2295/1895
f 1243/2299/2162 1241/2300/2163 1254/2301/2164
f 1251/2303/2166 1242/2304/2160 1244/2305/2159
f 1244/2305/2159 1226/2278/2143 1252/2306/2167
f 1225/2257/2140 1243/2299/2162 1239/2258/2141
f 1253/2302/2165 1252/2307/2167 1236/2282/2152
f 1254/2301/2164 1251/2308/2166 1253/2302/2165
f 1255/2309/2168 1240/2310/2154 1248/2311/2157
f 1248/2311/2157 1242/2304/2160 1256/2312/2169
f 1241/2300/2163 1247/1811/1895 1257/1814/1898
f 1257/1814/1898 1256/2313/2169 1254/2301/2164
f 1258/1813/1897 1255/2314/2168 1257/1814/1898
f 1382/2315/2170 1259/2316/2171 1392/2318/2173
f 1313/2319/2174 1260/2320/2175 1324/2321/2176
f 1281/2323/2178 1261/2324/2179 1289/2326/2181
f 1267/2327/2182 1262/2328/2183 1276/2329/2184
f 1263/2331/2186 1270/2332/2187 1269/2333/2188
f 1250/2284/2155 1240/2283/2154 1265/2335/2190
f 1264/2337/2192 985/2298/1896 1266/2338/2191
f 1266/2336/2191 1265/2335/2190 1268/2334/2189
f 1267/2339/2182 1264/2337/2192 1269/2340/2188
f 1270/2341/2187 1262/2342/2183 1267/2339/2182
f 985/2343/1896 1264/2344/2192 1272/2345/2193
f 1271/2347/2194 1265/2348/2190 1240/2310/2154
f 1272/2349/2193 1271/2350/2194 1258/1813/1897
f 1273/2351/2195 1263/2352/2186 1274/2354/2196
f 1268/2353/2189 1265/2348/2190 1274/2354/2196
f 1264/2344/2192 1267/2327/2182 1275/2330/2185
f 1275/2355/2185 1274/2356/2196 1272/2349/2193
f 1276/2357/2184 1273/2358/2195 1275/2355/2185
f 1277/2359/2197 1284/2360/2198 1282/2362/2200
f 1270/2332/2187 1263/2331/2186 1279/2363/2201
f 1278/2365/2203 1262/2342/2183 1280/2366/2202
f 1280/2364/2202 1279/2363/2201 1283/2361/2199
f 1281/2367/2178 1278/2365/2203 1283/2368/2199
f 1284/2369/2198 1261/2370/2179 1281/2367/2178
f 1262/2328/2183 1278/2371/2203 1276/2329/2184
f 1285/2373/2205 1279/2374/2201 1273/2351/2195
f 1286/2375/2204 1285/2376/2205 1276/2357/2184
f 1287/2377/2206 1277/2378/2197 1288/2380/2207
f 1282/2379/2200 1279/2374/2201 1285/2373/2205
f 1278/2371/2203 1281/2323/2178 1286/2372/2204
f 1289/2381/2181 1288/2382/2207 1285/2376/2205
f 1290/2383/2180 1287/2384/2206 1288/2382/2207
f 1296/2385/2208 1291/2386/2209 1304/2388/2211
f 1292/2389/2212 1299/2390/2213 1297/2392/2215
f 1284/2360/2198 1277/2359/2197 1295/2394/2217
f 1293/2395/2218 1261/2370/2179 1295/2396/2217
f 1295/2394/2217 1294/2393/2216 1298/2391/2214
f 1296/2397/2208 1293/2395/2218 1298/2398/2214
f 1299/2399/2213 1291/2400/2209 1296/2397/2208
f 1261/2324/2179 1293/2401/2218 1290/2325/2180
f 1300/2403/2220 1294/2404/2216 1287/2377/2206
f 1301/2405/2219 1300/2406/2220 1287/2384/2206
f 1302/2407/2221 1292/2408/2212 1303/2410/2222
f 1297/2409/2215 1294/2404/2216 1300/2403/2220
f 1293/2401/2218 1296/2385/2208 1301/2402/2219
f 1304/2411/2211 1303/2412/2222 1300/2406/2220
f 1305/2413/2210 1302/2414/2221 1304/2411/2211
f 1306/2415/2223 1316/2416/2224 1315/2417/2225
f 1311/2419/2227 1310/2420/2228 1308/2421/2229
f 1299/2390/2213 1292/2389/2212 1310/2420/2228
f 1309/2423/2231 1291/2400/2209 1311/2424/2227
f 1307/2425/2232 1309/2423/2231 1312/2426/2230
f 1312/2422/2230 1308/2421/2229 1314/2418/2226
f 1313/2427/2174 1307/2425/2232 1315/2428/2225
f 1316/2429/2224 1260/2430/2175 1313/2427/2174
f 1309/2431/2231 1307/2432/2232 1320/2433/2233
f 1317/2435/2235 1308/2436/2229 1318/2438/2236
f 1310/2437/2228 1292/2408/2212 1302/2407/2221
f 1291/2386/2209 1309/2431/2231 1319/2434/2234
f 1319/2439/2234 1318/2440/2236 1305/2413/2210
f 1320/2441/2233 1317/2442/2235 1319/2439/2234
f 1321/2443/2237 1306/2444/2223 1314/2445/2226
f 1314/2445/2226 1308/2436/2229 1322/2446/2238
f 1307/2432/2232 1313/2447/2174 1323/2448/2177
f 1323/2322/2177 1322/2449/2238 1320/2441/2233
f 1324/2321/2176 1321/2450/2237 1323/2322/2177
f 1348/2451/2239 1325/2452/2240 1358/2454/2242
f 1331/2455/2243 1326/2456/2244 1340/2457/2245
f 1327/2459/2247 1334/2460/2248 1333/2461/2249
f 1316/2416/2224 1306/2415/2223 1330/2464/2252
f 1328/2465/2253 1260/2430/2175 1316/2429/2224
f 1330/2464/2252 1329/2463/2251 1332/2462/2250
f 1331/2467/2243 1328/2465/2253 1333/2468/2249
f 1334/2469/2248 1326/2470/2244 1333/2468/2249
f 1260/2320/2175 1328/2471/2253 1336/2472/2254
f 1335/2473/2255 1329/2474/2251 1306/2444/2223
f 1336/2472/2254 1335/2475/2255 1321/2450/2237
f 1337/2476/2256 1327/2477/2247 1332/2478/2250
f 1332/2478/2250 1329/2474/2251 1338/2479/2257
f 1328/2471/2253 1331/2480/2243 1339/2481/2246
f 1339/2481/2246 1338/2482/2257 1336/2472/2254
f 1340/2483/2245 1337/2484/2256 1339/2481/2246
f 1341/2485/2258 1351/2486/2259 1349/2488/2261
f 1346/2489/2262 1345/2490/2263 1347/2492/2265
f 1334/2460/2248 1327/2459/2247 1346/2489/2262
f 1344/2493/2266 1326/2470/2244 1334/2469/2248
f 1342/2495/2267 1344/2493/2266 1346/2494/2262
f 1347/2492/2265 1343/2491/2264 1350/2487/2260
f 1348/2497/2239 1342/2495/2267 1347/2496/2265
f 1351/2499/2259 1325/2500/2240 1350/2498/2260
f 1344/2501/2266 1342/2502/2267 1355/2503/2268
f 1352/2505/2270 1343/2506/2264 1345/2507/2263
f 1345/2507/2263 1327/2477/2247 1353/2508/2271
f 1326/2456/2244 1344/2501/2266 1354/2504/2269
f 1354/2509/2269 1353/2510/2271 1337/2484/2256
f 1355/2511/2268 1352/2512/2270 1353/2510/2271
f 1356/2513/2272 1341/2514/2258 1349/2515/2261
f 1349/2515/2261 1343/2506/2264 1357/2516/2273
f 1342/2502/2267 1348/2451/2239 1355/2503/2268
f 1358/2517/2242 1357/2518/2273 1352/2512/2270
f 1359/2519/2241 1356/2520/2272 1357/2518/2273
f 1365/2521/2274 1360/2522/2275 1374/2523/2276
f 1361/2525/2278 1368/2526/2279 1367/2527/2280
f 1351/2529/2259 1341/2530/2258 1364/2532/2283
f 1362/2533/2284 1325/2500/2240 1351/2499/2259
f 1364/2532/2283 1363/2531/2282 1366/2528/2281
f 1365/2535/2274 1362/2533/2284 1367/2536/2280
f 1368/2537/2279 1360/2538/2275 1365/2535/2274
f 1325/2452/2240 1362/2539/2284 1370/2540/2285
f 1369/2541/2286 1363/2542/2282 1341/2514/2258
f 1370/2543/2285 1369/2544/2286 1356/2520/2272
f 1371/2545/2287 1361/2546/2278 1372/2548/2288
f 1366/2547/2281 1363/2542/2282 1372/2548/2288
f 1362/2539/2284 1365/2521/2274 1373/2524/2277
f 1373/2549/2277 1372/2550/2288 1370/2543/2285
f 1374/2551/2276 1371/2552/2287 1373/2549/2277
f 1375/2553/2289 1385/2554/2290 1384/2555/2291
f 1380/2557/2293 1379/2558/2294 1377/2559/2295
f 1368/2526/2279 1361/2525/2278 1379/2558/2294
f 1378/2561/2297 1360/2538/2275 1380/2562/2293
f 1376/2563/2298 1378/2561/2297 1381/2564/2296
f 1381/2560/2296 1377/2559/2295 1383/2556/2292
f 1382/2565/2170 1376/2563/2298 1384/2566/2291
f 1385/2567/2290 1259/2568/2171 1384/2566/2291
f 1378/2569/2297 1376/2570/2298 1389/2571/2299
f 1386/2573/2301 1377/2574/2295 1387/2576/2302
f 1379/2575/2294 1361/2546/2278 1371/2545/2287
f 1360/2522/2275 1378/2569/2297 1388/2572/2300
f 1388/2577/2300 1387/2578/2302 1374/2551/2276
f 1389/2579/2299 1386/2580/2301 1388/2577/2300
f 1390/2581/2303 1375/2582/2289 1391/2584/2304
f 1383/2583/2292 1377/2574/2295 1386/2573/2301
f 1376/2570/2298 1382/2315/2170 1392/2318/2173
f 1392/2585/2173 1391/2584/2304 1389/2586/2299
f 1393/2587/2172 1390/2581/2303 1391/2584/2304
f 1452/2588/2305 1394/2589/2306 1463/2590/2307
f 1418/2592/2309 1395/2593/2310 1428/2595/2312
f 1401/2596/2313 1396/2597/2314 1409/2599/2316
f 1397/2600/2317 1404/2601/2318 1402/2603/2320
f 1385/2554/2290 1375/2553/2289 1399/2604/2321
f 1398/2606/2323 1259/2568/2171 1385/2567/2290
f 1400/2605/2322 1399/2604/2321 1403/2602/2319
f 1401/2608/2313 1398/2606/2323 1403/2609/2319
f 1404/2610/2318 1396/2611/2314 1401/2608/2313
f 1259/2316/2171 1398/2612/2323 1393/2317/2172
f 1405/2614/2325 1399/2615/2321 1390/2581/2303
f 1406/2616/2324 1405/2614/2325 1390/2581/2303
f 1407/2617/2326 1397/2618/2317 1408/2620/2327
f 1402/2619/2320 1399/2615/2321 1405/2614/2325
f 1398/2612/2323 1401/2596/2313 1406/2613/2324
f 1409/2621/2316 1408/2620/2327 1406/2616/2324
f 1410/2622/2315 1407/2617/2326 1409/2621/2316
f 1411/2623/2328 1421/2624/2329 1419/2626/2331
f 1416/2627/2332 1415/2628/2333 1417/2630/2335
f 1404/2601/2318 1397/2600/2317 1416/2627/2332
f 1414/2631/2336 1396/2611/2314 1416/2632/2332
f 1412/2633/2337 1414/2631/2336 1417/2634/2335
f 1417/2630/2335 1413/2629/2334 1420/2625/2330
f 1418/2635/2309 1412/2633/2337 1417/2634/2335
f 1421/2637/2329 1395/2638/2310 1420/2636/2330
f 1414/2639/2336 1412/2640/2337 1424/2642/2339
f 1422/2643/2340 1413/2644/2334 1423/2646/2341
f 1415/2645/2333 1397/2618/2317 1407/2617/2326
f 1396/2597/2314 1414/2639/2336 1410/2598/2315
f 1424/2647/2339 1423/2646/2341 1410/2622/2315
f 1425/2648/2338 1422/2643/2340 1423/2646/2341
f 1426/2649/2342 1411/2650/2328 1427/2652/2343
f 1419/2651/2331 1413/2644/2334 1422/2643/2340
f 1412/2640/2337 1418/2592/2309 1425/2641/2338
f 1428/2653/2312 1427/2652/2343 1422/2643/2340
f 1429/2654/2311 1426/2649/2342 1427/2652/2343
f 1435/2655/2344 1430/2656/2345 1443/2658/2347
f 1431/2659/2348 1438/2660/2349 1436/2662/2351
f 1421/2624/2329 1411/2623/2328 1434/2664/2353
f 1432/2665/2354 1395/2638/2310 1421/2637/2329
f 1434/2664/2353 1433/2663/2352 1437/2661/2350
f 1435/2667/2344 1432/2665/2354 1434/2666/2353
f 1438/2669/2349 1430/2670/2345 1437/2668/2350
f 1395/2593/2310 1432/2671/2354 1429/2594/2311
f 1439/2673/2356 1433/2674/2352 1411/2650/2328
f 1440/2675/2355 1439/2673/2356 1426/2649/2342
f 1441/2676/2357 1431/2677/2348 1436/2678/2351
f 1436/2678/2351 1433/2674/2352 1442/2679/2358
f 1432/2671/2354 1435/2655/2344 1440/2672/2355
f 1443/2680/2347 1442/2679/2358 1439/2673/2356
f 1444/2681/2346 1441/2676/2357 1442/2679/2358
f 1445/2682/2359 1455/2683/2360 1454/2684/2361
f 1450/2686/2363 1449/2687/2364 1451/2689/2366
f 1438/2660/2349 1431/2659/2348 1450/2686/2363
f 1448/2690/2367 1430/2670/2345 1438/2669/2349
f 1446/2692/2368 1448/2690/2367 1450/2691/2363
f 1451/2689/2366 1447/2688/2365 1454/2684/2361
f 1452/2694/2305 1446/2692/2368 1451/2693/2366
f 1455/2696/2360 1394/2697/2306 1454/2695/2361
f 1448/2698/2367 1446/2699/2368 1458/2701/2370
f 1456/2702/2371 1447/2703/2365 1449/2704/2364
f 1449/2704/2364 1431/2677/2348 1457/2705/2372
f 1430/2656/2345 1448/2698/2367 1444/2657/2346
f 1458/2706/2370 1457/2705/2372 1441/2676/2357
f 1459/2707/2369 1456/2702/2371 1457/2705/2372
f 1460/2708/2373 1445/2709/2359 1453/2710/2362
f 1453/2710/2362 1447/2703/2365 1461/2711/2374
f 1446/2699/2368 1452/2588/2305 1462/2591/2308
f 1462/2712/2308 1461/2711/2374 1456/2702/2371
f 1463/2713/2307 1460/2708/2373 1461/2711/2374
f 1487/2714/2375 1464/2715/2376 1497/2717/2378
f 1470/2718/2379 1465/2719/2380 1478/2721/2382
f 1466/2722/2383 1473/2723/2384 1471/2725/2386
f 1455/2683/2360 1445/2682/2359 1468/2726/2387
f 1467/2728/2389 1394/2697/2306 1469/2729/2388
f 1469/2727/2388 1468/2726/2387 1472/2724/2385
f 1470/2730/2379 1467/2728/2389 1472/2731/2385
f 1473/2732/2384 1465/2733/2380 1470/2730/2379
f 1394/2589/2306 1467/2734/2389 1463/2590/2307
f 1474/2736/2391 1468/2737/2387 1460/2708/2373
f 1475/2738/2390 1474/2736/2391 1463/2713/2307
f 1476/2739/2392 1466/2740/2383 1477/2742/2393
f 1471/2741/2386 1468/2737/2387 1474/2736/2391
f 1467/2734/2389 1470/2718/2379 1475/2735/2390
f 1478/2743/2382 1477/2742/2393 1475/2738/2390
f 1479/2744/2381 1476/2739/2392 1477/2742/2393
f 1480/2745/2394 1490/2746/2395 1488/2748/2397
f 1485/2749/2398 1484/2750/2399 1486/2752/2401
f 1473/2723/2384 1466/2722/2383 1485/2749/2398
f 1483/2753/2402 1465/2733/2380 1485/2754/2398
f 1481/2755/2403 1483/2753/2402 1486/2756/2401
f 1486/2752/2401 1482/2751/2400 1489/2747/2396
f 1487/2757/2375 1481/2755/2403 1489/2758/2396
f 1490/2759/2395 1464/2760/2376 1487/2757/2375
f 1483/2761/2402 1481/2762/2403 1493/2764/2405
f 1491/2765/2406 1482/2766/2400 1492/2768/2407
f 1484/2767/2399 1466/2740/2383 1476/2739/2392
f 1465/2719/2380 1483/2761/2402 1479/2720/2381
f 1493/2769/2405 1492/2768/2407 1476/2739/2392
f 1494/2770/2404 1491/2765/2406 1492/2768/2407
f 1495/2771/2408 1480/2772/2394 1496/2774/2409
f 1488/2773/2397 1482/2766/2400 1491/2765/2406
f 1481/2762/2403 1487/2714/2375 1494/2763/2404
f 1497/2775/2378 1496/2774/2409 1491/2765/2406
f 1498/2776/2377 1495/2771/2408 1496/2774/2409
f 1504/2777/2410 1499/2778/2411 1512/2780/2413
f 1500/2781/2414 1507/2782/2415 1505/2784/2417
f 1490/2746/2395 1480/2745/2394 1503/2786/2419
f 1501/2787/2420 1464/2760/2376 1503/2788/2419
f 1503/2786/2419 1502/2785/2418 1506/2783/2416
f 1504/2789/2410 1501/2787/2420 1506/2790/2416
f 1507/2791/2415 1499/2792/2411 1504/2789/2410
f 1464/2715/2376 1501/2793/2420 1498/2716/2377
f 1508/2795/2422 1502/2796/2418 1495/2771/2408
f 1509/2797/2421 1508/2795/2422 1495/2771/2408
f 1510/2798/2423 1500/2799/2414 1511/2801/2424
f 1505/2800/2417 1502/2796/2418 1508/2795/2422
f 1501/2793/2420 1504/2777/2410 1509/2794/2421
f 1512/2802/2413 1511/2801/2424 1508/2795/2422
f 1513/2803/2412 1510/2798/2423 1511/2801/2424
f 1514/2804/2425 1524/2805/2426 1523/2806/2427
f 1519/2808/2429 1518/2809/2430 1520/2811/2432
f 1507/2782/2415 1500/2781/2414 1519/2808/2429
f 1517/2812/2433 1499/2792/2411 1519/2813/2429
f 1515/2814/2434 1517/2812/2433 1520/2815/2432
f 1520/2811/2432 1516/2810/2431 1523/2806/2427
f 1521/2816/1891 1515/2814/2434 1523/2817/2427
f 1524/2818/2426 984/2819/1892 1523/2817/2427
f 1517/2820/2433 1515/2821/2434 1527/2823/2436
f 1525/2824/2437 1516/2825/2431 1526/2827/2438
f 1518/2826/2430 1500/2799/2414 1510/2798/2423
f 1499/2778/2411 1517/2820/2433 1513/2779/2412
f 1527/2828/2436 1526/2827/2438 1510/2798/2423
f 1528/2829/2435 1525/2824/2437 1526/2827/2438
f 1529/2830/2439 1514/2831/2425 1522/2832/2428
f 1522/2832/2428 1516/2825/2431 1525/2824/2437
f 1515/2821/2434 1521/1807/1891 1528/2822/2435
f 1531/2834/1894 1530/2833/2440 1528/2829/2435
f 1532/2835/1893 1529/2830/2439 1531/2834/1894
f 1532/1809/1893 1531/1810/1894 1521/1807/1891
f 1258/1813/1897 1257/1814/1898 1247/1811/1895
f 986/1816/1900 1124/1817/1901 1123/1818/1902
f 1055/1821/1905 1054/1822/1906 1044/1819/1903
f 988/1824/1908 1021/1825/1909 1020/1826/1910
f 989/1828/1912 1007/1829/1913 1006/1830/1914
f 999/1833/1917 998/1834/1918 996/1831/1915
f 990/1836/1920 992/1837/1921 995/1838/1922
f 995/1841/1922 993/1842/1924 983/1839/1923
f 996/1843/1915 998/1844/1918 995/1838/1922
f 997/1827/1911 993/1842/1924 995/1841/1922
f 997/1827/1911 998/1845/1918 999/1846/1917
f 983/1839/1923 993/1842/1924 1003/1848/1926
f 1000/1850/1927 1001/1851/1928 992/1852/1921
f 1003/1855/1926 1001/1856/1928 1000/1853/1927
f 991/1858/1916 996/1859/1915 1005/1860/1930
f 992/1852/1921 1001/1851/1928 1005/1860/1930
f 1006/1830/1914 1003/1848/1926 993/1842/1924
f 1001/1856/1928 1003/1855/1926 1006/1861/1914
f 1004/1864/1929 1005/1865/1930 1006/1866/1914
f 1015/1868/1932 1014/1869/1933 1013/1870/1934
f 991/1832/1916 1010/1871/1935 1011/1872/1936
f 989/1828/1912 999/1846/1917 1011/1874/1936
f 1010/1871/1935 1013/1870/1934 1014/1869/1933
f 1009/1873/1937 1011/1874/1936 1014/1875/1933
f 1012/1823/1907 1014/1875/1933 1015/1876/1932
f 1009/1873/1937 1017/1877/1938 1007/1829/1913
f 1010/1879/1935 991/1858/1916 1004/1857/1929
f 1016/1881/1939 1004/1864/1929 1007/1863/1913
f 1008/1883/1931 1013/1884/1934 1019/1885/1941
f 1016/1878/1939 1019/1885/1941 1013/1884/1934
f 1012/1823/1907 1020/1826/1910 1017/1877/1938
f 1019/1887/1941 1016/1881/1939 1017/1880/1938
f 1018/1889/1940 1019/1887/1941 1020/1886/1910
f 1022/1891/1943 1036/1892/1944 1035/1893/1945
f 1030/1895/1947 1029/1896/1948 1028/1897/1949
f 1008/1867/1931 1025/1898/1950 1026/1899/1951
f 988/1824/1908 1015/1876/1932 1026/1901/1951
f 1025/1898/1950 1028/1897/1949 1029/1896/1948
f 1024/1900/1952 1026/1901/1951 1029/1902/1948
f 1027/1890/1942 1029/1902/1948 1030/1903/1947
f 1024/1900/1952 1032/1904/1953 1021/1825/1909
f 1025/1906/1950 1008/1883/1931 1018/1882/1940
f 1031/1908/1954 1018/1889/1940 1021/1888/1909
f 1023/1910/1946 1028/1911/1949 1034/1912/1956
f 1031/1905/1954 1034/1912/1956 1028/1911/1949
f 1027/1890/1942 1035/1893/1945 1032/1904/1953
f 1034/1914/1956 1031/1908/1954 1032/1907/1953
f 1033/1916/1955 1034/1914/1956 1035/1913/1945
f 1046/1919/1959 1045/1920/1960 1037/1917/1957
f 1039/1923/1963 1043/1924/1964 1042/1921/1961
f 1041/1922/1962 1042/1921/1961 1030/1895/1947
f 1022/1891/1943 1030/1903/1947 1042/1926/1961
f 1040/1925/1965 1042/1926/1961 1043/1928/1964
f 1045/1920/1960 1046/1919/1959 1043/1924/1964
f 1038/1927/1966 1043/1928/1964 1046/1929/1959
f 1044/1819/1903 1046/1929/1959 1047/1930/1958
f 1051/1931/1967 1050/1932/1968 1040/1925/1965
f 1039/1934/1963 1041/1935/1962 1049/1936/1970
f 1033/1909/1955 1049/1936/1970 1041/1935/1962
f 1040/1925/1965 1050/1932/1968 1036/1892/1944
f 1049/1938/1970 1033/1916/1955 1036/1915/1944
f 1048/1940/1969 1049/1938/1970 1050/1937/1968
f 1045/1943/1960 1053/1944/1972 1052/1941/1971
f 1039/1934/1963 1048/1933/1969 1053/1944/1972
f 1054/1822/1906 1051/1931/1967 1038/1927/1966
f 1053/1946/1972 1048/1940/1969 1051/1939/1967
f 1052/1948/1971 1053/1946/1972 1054/1945/1906
f 1056/1950/1974 1090/1951/1975 1089/1952/1976
f 1071/1955/1979 1070/1956/1980 1062/1953/1977
f 1064/1959/1983 1063/1960/1984 1058/1957/1981
f 1060/1961/1985 1061/1962/1986 1047/1918/1958
f 987/1820/1904 1047/1930/1958 1061/1964/1986
f 1063/1960/1984 1064/1959/1983 1061/1962/1986
f 1059/1963/1987 1061/1964/1986 1064/1965/1983
f 1057/1954/1978 1062/1953/1977 1064/1965/1983
f 1067/1967/1988 1055/1821/1905 987/1820/1904
f 1037/1942/1957 1052/1941/1971 1066/1968/1989
f 1066/1971/1989 1052/1948/1971 1055/1947/1905
f 1063/1974/1984 1069/1975/1991 1068/1972/1990
f 1060/1969/1985 1066/1968/1989 1069/1975/1991
f 1070/1956/1980 1067/1967/1988 1059/1963/1987
f 1069/1977/1991 1066/1971/1989 1067/1970/1988
f 1068/1979/1990 1069/1977/1991 1070/1976/1980
f 1081/1982/1994 1080/1983/1995 1072/1980/1992
f 1074/1986/1998 1078/1987/1999 1077/1984/1996
f 1076/1985/1997 1077/1984/1996 1065/1958/1982
f 1065/1966/1982 1077/1989/1996 1075/1988/2000
f 1075/1988/2000 1077/1989/1996 1078/1991/1999
f 1080/1983/1995 1081/1982/1994 1078/1987/1999
f 1073/1990/2001 1078/1991/1999 1081/1992/1994
f 1079/1949/1973 1081/1992/1994 1082/1993/1993
f 1086/1994/2002 1085/1995/2003 1075/1988/2000
f 1076/1998/1997 1084/1999/2005 1083/1996/2004
f 1058/1973/1981 1068/1972/1990 1084/1999/2005
f 1085/1995/2003 1071/1955/1979 1057/1954/1978
f 1084/2001/2005 1068/1979/1990 1071/1978/1979
f 1083/2003/2004 1084/2001/2005 1085/2000/2003
f 1072/2005/1992 1080/2006/1995 1088/2007/2007
f 1074/1997/1998 1083/1996/2004 1088/2007/2007
f 1089/1952/1976 1086/1994/2002 1073/1990/2001
f 1088/2009/2007 1083/2003/2004 1086/2002/2002
f 1087/2011/2006 1088/2009/2007 1089/2008/1976
f 1091/2013/2009 1105/2014/2010 1104/2015/2011
f 1099/2017/2013 1098/2018/2014 1097/2019/2015
f 1072/1980/1992 1094/2020/2016 1095/2021/2017
f 1056/1950/1974 1082/1993/1993 1095/2023/2017
f 1094/2020/2016 1097/2019/2015 1098/2018/2014
f 1093/2025/2018 1095/2026/2017 1098/2027/2014
f 1091/2029/2009 1096/2024/2008 1098/2027/2014
f 1093/2022/2018 1101/2030/2019 1090/1951/1975
f 1094/2032/2016 1072/2005/1992 1087/2004/2006
f 1100/2034/2020 1087/2011/2006 1090/2010/1975
f 1092/2036/2012 1097/2037/2015 1103/2038/2022
f 1100/2040/2020 1103/2038/2022 1097/2037/2015
f 1096/2012/2008 1104/2015/2011 1101/2033/2019
f 1100/2034/2020 1101/2033/2019 1104/2015/2011
f 1103/2042/2022 1104/2015/2011 1105/2014/2010
f 1116/2045/2024 1115/2046/2025 1114/2047/2026
f 1110/2049/2028 1108/2050/2029 1112/2051/2030
f 1092/2016/2012 1110/2049/2028 1111/2048/2027
f 1099/2028/2013 1111/2053/2027 1109/2052/2031
f 1111/2053/2027 1112/2055/2030 1107/2054/2032
f 1114/2047/2026 1115/2046/2025 1112/2051/2030
f 1107/2054/2032 1112/2055/2030 1115/2057/2025
f 986/2059/1900 1113/2056/1899 1115/2057/2025
f 1107/2061/2032 1120/2062/2033 1119/2063/2034
f 1108/2065/2029 1110/2066/2028 1118/2067/2036
f 1102/2035/2021 1118/2067/2036 1110/2066/2028
f 1109/2060/2031 1119/2063/2034 1105/2014/2010
f 1102/2043/2021 1105/2014/2010 1119/2063/2034
f 1118/2068/2036 1119/2063/2034 1120/2062/2033
f 1106/2071/2023 1114/2072/2026 1122/2073/2038
f 1108/2065/2029 1117/2064/2035 1122/2073/2038
f 1123/1818/1902 1120/2062/2033 1107/2061/2032
f 1122/2074/2038 1117/2069/2035 1120/2062/2033
f 1122/2074/2038 1123/1818/1902 1124/1817/1901
f 1189/2078/2041 1188/2079/2042 1178/2076/2039
f 1155/2082/2045 1154/2083/2046 1146/2080/2043
f 1127/2085/2048 1141/2086/2049 1140/2087/2050
f 1135/2089/2052 1134/2090/2053 1133/2091/2054
f 1106/2044/2023 1130/2092/2055 1131/2093/2056
f 1116/2058/2024 1131/2095/2056 1129/2094/2057
f 1130/2092/2055 1133/2091/2054 1134/2090/2053
f 1131/2095/2056 1134/2097/2053 1132/2096/2047
f 1127/2099/2048 1132/2096/2047 1134/2097/2053
f 1129/2100/2057 1137/2101/2058 1124/1817/1901
f 1130/2103/2055 1106/2071/2023 1121/2070/2037
f 1121/2075/2037 1124/1817/1901 1137/2101/2058
f 1128/2106/2051 1133/2107/2054 1139/2108/2061
f 1136/2102/2059 1139/2108/2061 1133/2107/2054
f 1132/2084/2047 1140/2087/2050 1137/2101/2058
f 1136/2104/2059 1137/2101/2058 1140/2087/2050
f 1139/2109/2061 1140/2087/2050 1141/2086/2049
f 1148/2113/2064 1147/2114/2065 1142/2111/2062
f 1128/2088/2051 1144/2115/2066 1145/2116/2067
f 1135/2098/2052 1145/2118/2067 1143/2117/2068
f 1144/2115/2066 1147/2114/2065 1148/2113/2064
f 1145/2118/2067 1148/2120/2064 1146/2119/2043
f 1146/2119/2043 1148/2120/2064 1149/2121/2063
f 1143/2123/2068 1151/2124/2069 1141/2086/2049
f 1144/2126/2066 1128/2106/2051 1138/2105/2060
f 1138/2110/2060 1141/2086/2049 1151/2124/2069
f 1142/2129/2062 1147/2130/2065 1153/2131/2072
f 1150/2125/2070 1153/2131/2072 1147/2130/2065
f 1146/2080/2043 1154/2083/2046 1151/2124/2069
f 1150/2127/2070 1151/2124/2069 1154/2083/2046
f 1152/2133/2071 1153/2132/2072 1154/2083/2046
f 1170/2136/2075 1169/2137/2076 1161/2134/2073
f 1163/2140/2079 1162/2141/2080 1157/2138/2077
f 1159/2142/2081 1160/2143/2082 1149/2112/2063
f 1126/2122/2044 1149/2121/2063 1160/2145/2082
f 1162/2141/2080 1163/2140/2079 1160/2143/2082
f 1158/2144/2083 1160/2145/2082 1163/2147/2079
f 1161/2146/2073 1163/2147/2079 1164/2148/2078
f 1166/2151/2084 1155/2082/2045 1126/2081/2044
f 1159/2153/2081 1142/2129/2062 1152/2128/2071
f 1165/2154/2085 1152/2133/2071 1155/2082/2045
f 1157/2156/2077 1162/2157/2080 1168/2158/2087
f 1165/2152/2085 1168/2158/2087 1162/2157/2080
f 1169/2137/2076 1166/2151/2084 1158/2150/2083
f 1168/2159/2087 1165/2154/2085 1166/2151/2084
f 1167/2160/2086 1168/2159/2087 1169/2137/2076
f 1180/2163/2090 1179/2164/2091 1171/2161/2088
f 1173/2167/2094 1177/2168/2095 1176/2165/2092
f 1175/2166/2093 1176/2165/2092 1164/2139/2078
f 1156/2149/2074 1164/2148/2078 1176/2170/2092
f 1174/2169/2096 1176/2170/2092 1177/2172/2095
f 1179/2164/2091 1180/2163/2090 1177/2168/2095
f 1172/2171/2097 1177/2172/2095 1180/2174/2090
f 1178/2173/2039 1180/2174/2090 1181/2175/2089
f 1185/2179/2098 1184/2180/2099 1174/2177/2096
f 1173/2182/2094 1175/2183/2093 1183/2184/2101
f 1167/2155/2086 1183/2184/2101 1175/2183/2093
f 1184/2180/2099 1170/2136/2075 1156/2135/2074
f 1183/2185/2101 1167/2160/2086 1170/2136/2075
f 1182/2186/2100 1183/2185/2101 1184/2180/2099
f 1171/2188/2088 1179/2189/2091 1187/2190/2103
f 1182/2181/2100 1187/2190/2103 1179/2189/2091
f 1188/2079/2042 1185/2179/2098 1172/2178/2097
f 1187/2191/2103 1182/2186/2100 1185/2179/2098
f 1186/2192/2102 1187/2191/2103 1188/2079/2042
f 1190/2194/2105 1224/2195/2106 1223/2196/2107
f 1191/2198/2109 1205/2199/2110 1204/2200/2111
f 1199/2202/2113 1198/2203/2114 1197/2204/2115
f 1194/2205/2116 1195/2206/2117 1181/2162/2089
f 1125/2176/2040 1181/2175/2089 1195/2208/2117
f 1194/2205/2116 1197/2204/2115 1198/2203/2114
f 1195/2208/2117 1198/2210/2114 1196/2209/2108
f 1191/2212/2109 1196/2209/2108 1198/2210/2114
f 1201/2214/2119 1189/2078/2041 1125/2077/2040
f 1194/2216/2116 1171/2188/2088 1186/2187/2102
f 1200/2217/2120 1186/2192/2102 1189/2078/2041
f 1197/2220/2115 1203/2221/2122 1202/2218/2121
f 1194/2216/2116 1200/2215/2120 1203/2221/2122
f 1196/2197/2108 1204/2200/2111 1201/2214/2119
f 1200/2217/2120 1201/2214/2119 1204/2200/2111
f 1203/2222/2122 1204/2200/2111 1205/2199/2110
f 1216/2225/2124 1215/2226/2125 1214/2227/2126
f 1210/2229/2128 1208/2230/2129 1212/2231/2130
f 1192/2201/2112 1210/2229/2128 1211/2228/2127
f 1199/2211/2113 1211/2233/2127 1209/2232/2131
f 1211/2233/2127 1212/2235/2130 1207/2234/2132
f 1208/2230/2129 1214/2227/2126 1215/2226/2125
f 1212/2235/2130 1215/2237/2125 1213/2236/2104
f 1190/2239/2105 1213/2236/2104 1215/2237/2125
f 1207/2241/2132 1220/2242/2133 1219/2243/2134
f 1210/2246/2128 1218/2247/2136 1217/2244/2135
f 1192/2219/2112 1202/2218/2121 1218/2247/2136
f 1209/2240/2131 1219/2243/2134 1205/2199/2110
f 1202/2223/2121 1205/2199/2110 1219/2243/2134
f 1218/2248/2136 1219/2243/2134 1220/2242/2133
f 1214/2252/2126 1222/2253/2138 1221/2250/2137
f 1208/2245/2129 1217/2244/2135 1222/2253/2138
f 1213/2193/2104 1223/2196/2107 1220/2242/2133
f 1217/2249/2135 1220/2242/2133 1223/2196/2107
f 1222/2254/2138 1223/2196/2107 1224/2195/2106
f 1225/2257/2140 1239/2258/2141 1238/2259/2142
f 1233/2261/2144 1232/2262/2145 1231/2263/2146
f 1206/2224/2123 1228/2264/2147 1229/2265/2148
f 1216/2238/2124 1229/2267/2148 1227/2266/2149
f 1228/2264/2147 1231/2263/2146 1232/2262/2145
f 1229/2267/2148 1232/2269/2145 1230/2268/2139
f 1225/2271/2140 1230/2268/2139 1232/2269/2145
f 1227/2272/2149 1235/2273/2150 1224/2195/2106
f 1206/2251/2123 1221/2250/2137 1234/2274/2151
f 1221/2255/2137 1224/2195/2106 1235/2273/2150
f 1231/2279/2146 1237/2280/2153 1236/2277/2152
f 1228/2275/2147 1234/2274/2151 1237/2280/2153
f 1230/2256/2139 1238/2259/2142 1235/2273/2150
f 1234/2276/2151 1235/2273/2150 1238/2259/2142
f 1237/2281/2153 1238/2259/2142 1239/2258/2141
f 1249/2285/2156 1248/2286/2157 1240/2283/2154
f 1242/2289/2160 1246/2290/2161 1245/2287/2158
f 1226/2260/2143 1244/2288/2159 1245/2287/2158
f 1233/2270/2144 1245/2292/2158 1243/2291/2162
f 1243/2291/2162 1245/2292/2158 1246/2294/2161
f 1248/2286/2157 1249/2285/2156 1246/2290/2161
f 1241/2293/2163 1246/2294/2161 1249/2296/2156
f 1247/2295/1895 1249/2296/2156 1250/2297/2155
f 1254/2301/2164 1253/2302/2165 1243/2299/2162
f 1244/2305/2159 1252/2306/2167 1251/2303/2166
f 1226/2278/2143 1236/2277/2152 1252/2306/2167
f 1243/2299/2162 1253/2302/2165 1239/2258/2141
f 1236/2282/2152 1239/2258/2141 1253/2302/2165
f 1251/2308/2166 1252/2307/2167 1253/2302/2165
f 1248/2311/2157 1256/2312/2169 1255/2309/2168
f 1242/2304/2160 1251/2303/2166 1256/2312/2169
f 1257/1814/1898 1254/2301/2164 1241/2300/2163
f 1256/2313/2169 1251/2308/2166 1254/2301/2164
f 1255/2314/2168 1256/2313/2169 1257/1814/1898
f 1259/2316/2171 1393/2317/2172 1392/2318/2173
f 1324/2321/2176 1323/2322/2177 1313/2319/2174
f 1261/2324/2179 1290/2325/2180 1289/2326/2181
f 1276/2329/2184 1275/2330/2185 1267/2327/2182
f 1269/2333/2188 1268/2334/2189 1263/2331/2186
f 1265/2335/2190 1266/2336/2191 1250/2284/2155
f 985/2298/1896 1250/2297/2155 1266/2338/2191
f 1268/2334/2189 1269/2333/2188 1266/2336/2191
f 1264/2337/2192 1266/2338/2191 1269/2340/2188
f 1267/2339/2182 1269/2340/2188 1270/2341/2187
f 1272/2345/2193 1258/2346/1897 985/2343/1896
f 1240/2310/2154 1255/2309/2168 1271/2347/2194
f 1271/2350/2194 1255/2314/2168 1258/1813/1897
f 1263/2352/2186 1268/2353/2189 1274/2354/2196
f 1265/2348/2190 1271/2347/2194 1274/2354/2196
f 1275/2330/2185 1272/2345/2193 1264/2344/2192
f 1274/2356/2196 1271/2350/2194 1272/2349/2193
f 1273/2358/2195 1274/2356/2196 1275/2355/2185
f 1284/2360/2198 1283/2361/2199 1282/2362/2200
f 1279/2363/2201 1280/2364/2202 1270/2332/2187
f 1262/2342/2183 1270/2341/2187 1280/2366/2202
f 1279/2363/2201 1282/2362/2200 1283/2361/2199
f 1278/2365/2203 1280/2366/2202 1283/2368/2199
f 1281/2367/2178 1283/2368/2199 1284/2369/2198
f 1278/2371/2203 1286/2372/2204 1276/2329/2184
f 1279/2374/2201 1263/2352/2186 1273/2351/2195
f 1285/2376/2205 1273/2358/2195 1276/2357/2184
f 1277/2378/2197 1282/2379/2200 1288/2380/2207
f 1285/2373/2205 1288/2380/2207 1282/2379/2200
f 1281/2323/2178 1289/2326/2181 1286/2372/2204
f 1285/2376/2205 1286/2375/2204 1289/2381/2181
f 1288/2382/2207 1289/2381/2181 1290/2383/2180
f 1291/2386/2209 1305/2387/2210 1304/2388/2211
f 1299/2390/2213 1298/2391/2214 1297/2392/2215
f 1277/2359/2197 1294/2393/2216 1295/2394/2217
f 1261/2370/2179 1284/2369/2198 1295/2396/2217
f 1294/2393/2216 1297/2392/2215 1298/2391/2214
f 1293/2395/2218 1295/2396/2217 1298/2398/2214
f 1296/2397/2208 1298/2398/2214 1299/2399/2213
f 1293/2401/2218 1301/2402/2219 1290/2325/2180
f 1294/2404/2216 1277/2378/2197 1287/2377/2206
f 1287/2384/2206 1290/2383/2180 1301/2405/2219
f 1292/2408/2212 1297/2409/2215 1303/2410/2222
f 1300/2403/2220 1303/2410/2222 1297/2409/2215
f 1296/2385/2208 1304/2388/2211 1301/2402/2219
f 1300/2406/2220 1301/2405/2219 1304/2411/2211
f 1302/2414/2221 1303/2412/2222 1304/2411/2211
f 1315/2417/2225 1314/2418/2226 1306/2415/2223
f 1308/2421/2229 1312/2422/2230 1311/2419/2227
f 1310/2420/2228 1311/2419/2227 1299/2390/2213
f 1291/2400/2209 1299/2399/2213 1311/2424/2227
f 1309/2423/2231 1311/2424/2227 1312/2426/2230
f 1314/2418/2226 1315/2417/2225 1312/2422/2230
f 1307/2425/2232 1312/2426/2230 1315/2428/2225
f 1313/2427/2174 1315/2428/2225 1316/2429/2224
f 1320/2433/2233 1319/2434/2234 1309/2431/2231
f 1308/2436/2229 1310/2437/2228 1318/2438/2236
f 1302/2407/2221 1318/2438/2236 1310/2437/2228
f 1319/2434/2234 1305/2387/2210 1291/2386/2209
f 1318/2440/2236 1302/2414/2221 1305/2413/2210
f 1317/2442/2235 1318/2440/2236 1319/2439/2234
f 1314/2445/2226 1322/2446/2238 1321/2443/2237
f 1308/2436/2229 1317/2435/2235 1322/2446/2238
f 1323/2448/2177 1320/2433/2233 1307/2432/2232
f 1322/2449/2238 1317/2442/2235 1320/2441/2233
f 1321/2450/2237 1322/2449/2238 1323/2322/2177
f 1325/2452/2240 1359/2453/2241 1358/2454/2242
f 1340/2457/2245 1339/2458/2246 1331/2455/2243
f 1333/2461/2249 1332/2462/2250 1327/2459/2247
f 1306/2415/2223 1329/2463/2251 1330/2464/2252
f 1316/2429/2224 1330/2466/2252 1328/2465/2253
f 1332/2462/2250 1333/2461/2249 1330/2464/2252
f 1328/2465/2253 1330/2466/2252 1333/2468/2249
f 1326/2470/2244 1331/2467/2243 1333/2468/2249
f 1336/2472/2254 1324/2321/2176 1260/2320/2175
f 1306/2444/2223 1321/2443/2237 1335/2473/2255
f 1321/2450/2237 1324/2321/2176 1336/2472/2254
f 1332/2478/2250 1338/2479/2257 1337/2476/2256
f 1329/2474/2251 1335/2473/2255 1338/2479/2257
f 1339/2481/2246 1336/2472/2254 1328/2471/2253
f 1338/2482/2257 1335/2475/2255 1336/2472/2254
f 1337/2484/2256 1338/2482/2257 1339/2481/2246
f 1351/2486/2259 1350/2487/2260 1349/2488/2261
f 1345/2490/2263 1343/2491/2264 1347/2492/2265
f 1327/2459/2247 1345/2490/2263 1346/2489/2262
f 1334/2469/2248 1346/2494/2262 1344/2493/2266
f 1346/2494/2262 1347/2496/2265 1342/2495/2267
f 1343/2491/2264 1349/2488/2261 1350/2487/2260
f 1347/2496/2265 1350/2498/2260 1348/2497/2239
f 1325/2500/2240 1348/2497/2239 1350/2498/2260
f 1355/2503/2268 1354/2504/2269 1344/2501/2266
f 1345/2507/2263 1353/2508/2271 1352/2505/2270
f 1327/2477/2247 1337/2476/2256 1353/2508/2271
f 1354/2504/2269 1340/2457/2245 1326/2456/2244
f 1337/2484/2256 1340/2483/2245 1354/2509/2269
f 1353/2510/2271 1354/2509/2269 1355/2511/2268
f 1349/2515/2261 1357/2516/2273 1356/2513/2272
f 1343/2506/2264 1352/2505/2270 1357/2516/2273
f 1348/2451/2239 1358/2454/2242 1355/2503/2268
f 1352/2512/2270 1355/2511/2268 1358/2517/2242
f 1357/2518/2273 1358/2517/2242 1359/2519/2241
f 1374/2523/2276 1373/2524/2277 1365/2521/2274
f 1367/2527/2280 1366/2528/2281 1361/2525/2278
f 1341/2530/2258 1363/2531/2282 1364/2532/2283
f 1351/2499/2259 1364/2534/2283 1362/2533/2284
f 1366/2528/2281 1367/2527/2280 1364/2532/2283
f 1362/2533/2284 1364/2534/2283 1367/2536/2280
f 1365/2535/2274 1367/2536/2280 1368/2537/2279
f 1370/2540/2285 1359/2453/2241 1325/2452/2240
f 1341/2514/2258 1356/2513/2272 1369/2541/2286
f 1356/2520/2272 1359/2519/2241 1370/2543/2285
f 1361/2546/2278 1366/2547/2281 1372/2548/2288
f 1363/2542/2282 1369/2541/2286 1372/2548/2288
f 1373/2524/2277 1370/2540/2285 1362/2539/2284
f 1372/2550/2288 1369/2544/2286 1370/2543/2285
f 1371/2552/2287 1372/2550/2288 1373/2549/2277
f 1384/2555/2291 1383/2556/2292 1375/2553/2289
f 1377/2559/2295 1381/2560/2296 1380/2557/2293
f 1379/2558/2294 1380/2557/2293 1368/2526/2279
f 1360/2538/2275 1368/2537/2279 1380/2562/2293
f 1378/2561/2297 1380/2562/2293 1381/2564/2296
f 1383/2556/2292 1384/2555/2291 1381/2560/2296
f 1376/2563/2298 1381/2564/2296 1384/2566/2291
f 1259/2568/2171 1382/2565/2170 1384/2566/2291
f 1389/2571/2299 1388/2572/2300 1378/2569/2297
f 1377/2574/2295 1379/2575/2294 1387/2576/2302
f 1371/2545/2287 1387/2576/2302 1379/2575/2294
f 1388/2572/2300 1374/2523/2276 1360/2522/2275
f 1387/2578/2302 1371/2552/2287 1374/2551/2276
f 1386/2580/2301 1387/2578/2302 1388/2577/2300
f 1375/2582/2289 1383/2583/2292 1391/2584/2304
f 1386/2573/2301 1391/2584/2304 1383/2583/2292
f 1392/2318/2173 1389/2571/2299 1376/2570/2298
f 1391/2584/2304 1386/2573/2301 1389/2586/2299
f 1391/2584/2304 1392/2585/2173 1393/2587/2172
f 1463/2590/2307 1462/2591/2308 1452/2588/2305
f 1395/2593/2310 1429/2594/2311 1428/2595/2312
f 1396/2597/2314 1410/2598/2315 1409/2599/2316
f 1404/2601/2318 1403/2602/2319 1402/2603/2320
f 1399/2604/2321 1400/2605/2322 1385/2554/2290
f 1385/2567/2290 1400/2607/2322 1398/2606/2323
f 1399/2604/2321 1402/2603/2320 1403/2602/2319
f 1398/2606/2323 1400/2607/2322 1403/2609/2319
f 1401/2608/2313 1403/2609/2319 1404/2610/2318
f 1398/2612/2323 1406/2613/2324 1393/2317/2172
f 1399/2615/2321 1375/2582/2289 1390/2581/2303
f 1390/2581/2303 1393/2587/2172 1406/2616/2324
f 1397/2618/2317 1402/2619/2320 1408/2620/2327
f 1405/2614/2325 1408/2620/2327 1402/2619/2320
f 1401/2596/2313 1409/2599/2316 1406/2613/2324
f 1408/2620/2327 1405/2614/2325 1406/2616/2324
f 1407/2617/2326 1408/2620/2327 1409/2621/2316
f 1421/2624/2329 1420/2625/2330 1419/2626/2331
f 1415/2628/2333 1413/2629/2334 1417/2630/2335
f 1397/2600/2317 1415/2628/2333 1416/2627/2332
f 1396/2611/2314 1404/2610/2318 1416/2632/2332
f 1414/2631/2336 1416/2632/2332 1417/2634/2335
f 1413/2629/2334 1419/2626/2331 1420/2625/2330
f 1417/2634/2335 1420/2636/2330 1418/2635/2309
f 1395/2638/2310 1418/2635/2309 1420/2636/2330
f 1412/2640/2337 1425/2641/2338 1424/2642/2339
f 1413/2644/2334 1415/2645/2333 1423/2646/2341
f 1407/2617/2326 1423/2646/2341 1415/2645/2333
f 1414/2639/2336 1424/2642/2339 1410/2598/2315
f 1423/2646/2341 1407/2617/2326 1410/2622/2315
f 1423/2646/2341 1424/2647/2339 1425/2648/2338
f 1411/2650/2328 1419/2651/2331 1427/2652/2343
f 1422/2643/2340 1427/2652/2343 1419/2651/2331
f 1418/2592/2309 1428/2595/2312 1425/2641/2338
f 1422/2643/2340 1425/2648/2338 1428/2653/2312
f 1427/2652/2343 1428/2653/2312 1429/2654/2311
f 1430/2656/2345 1444/2657/2346 1443/2658/2347
f 1438/2660/2349 1437/2661/2350 1436/2662/2351
f 1411/2623/2328 1433/2663/2352 1434/2664/2353
f 1421/2637/2329 1434/2666/2353 1432/2665/2354
f 1433/2663/2352 1436/2662/2351 1437/2661/2350
f 1434/2666/2353 1437/2668/2350 1435/2667/2344
f 1430/2670/2345 1435/2667/2344 1437/2668/2350
f 1432/2671/2354 1440/2672/2355 1429/2594/2311
f 1411/2650/2328 1426/2649/2342 1439/2673/2356
f 1426/2649/2342 1429/2654/2311 1440/2675/2355
f 1436/2678/2351 1442/2679/2358 1441/2676/2357
f 1433/2674/2352 1439/2673/2356 1442/2679/2358
f 1435/2655/2344 1443/2658/2347 1440/2672/2355
f 1439/2673/2356 1440/2675/2355 1443/2680/2347
f 1442/2679/2358 1443/2680/2347 1444/2681/2346
f 1454/2684/2361 1453/2685/2362 1445/2682/2359
f 1449/2687/2364 1447/2688/2365 1451/2689/2366
f 1431/2659/2348 1449/2687/2364 1450/2686/2363
f 1438/2669/2349 1450/2691/2363 1448/2690/2367
f 1450/2691/2363 1451/2693/2366 1446/2692/2368
f 1447/2688/2365 1453/2685/2362 1454/2684/2361
f 1451/2693/2366 1454/2695/2361 1452/2694/2305
f 1394/2697/2306 1452/2694/2305 1454/2695/2361
f 1446/2699/2368 1459/2700/2369 1458/2701/2370
f 1449/2704/2364 1457/2705/2372 1456/2702/2371
f 1431/2677/2348 1441/2676/2357 1457/2705/2372
f 1448/2698/2367 1458/2701/2370 1444/2657/2346
f 1441/2676/2357 1444/2681/2346 1458/2706/2370
f 1457/2705/2372 1458/2706/2370 1459/2707/2369
f 1453/2710/2362 1461/2711/2374 1460/2708/2373
f 1447/2703/2365 1456/2702/2371 1461/2711/2374
f 1462/2591/2308 1459/2700/2369 1446/2699/2368
f 1456/2702/2371 1459/2707/2369 1462/2712/2308
f 1461/2711/2374 1462/2712/2308 1463/2713/2307
f 1464/2715/2376 1498/2716/2377 1497/2717/2378
f 1465/2719/2380 1479/2720/2381 1478/2721/2382
f 1473/2723/2384 1472/2724/2385 1471/2725/2386
f 1468/2726/2387 1469/2727/2388 1455/2683/2360
f 1394/2697/2306 1455/2696/2360 1469/2729/2388
f 1468/2726/2387 1471/2725/2386 1472/2724/2385
f 1467/2728/2389 1469/2729/2388 1472/2731/2385
f 1470/2730/2379 1472/2731/2385 1473/2732/2384
f 1467/2734/2389 1475/2735/2390 1463/2590/2307
f 1468/2737/2387 1445/2709/2359 1460/2708/2373
f 1474/2736/2391 1460/2708/2373 1463/2713/2307
f 1466/2740/2383 1471/2741/2386 1477/2742/2393
f 1474/2736/2391 1477/2742/2393 1471/2741/2386
f 1470/2718/2379 1478/2721/2382 1475/2735/2390
f 1477/2742/2393 1474/2736/2391 1475/2738/2390
f 1477/2742/2393 1478/2743/2382 1479/2744/2381
f 1490/2746/2395 1489/2747/2396 1488/2748/2397
f 1484/2750/2399 1482/2751/2400 1486/2752/2401
f 1466/2722/2383 1484/2750/2399 1485/2749/2398
f 1465/2733/2380 1473/2732/2384 1485/2754/2398
f 1483/2753/2402 1485/2754/2398 1486/2756/2401
f 1482/2751/2400 1488/2748/2397 1489/2747/2396
f 1481/2755/2403 1486/2756/2401 1489/2758/2396
f 1487/2757/2375 1489/2758/2396 1490/2759/2395
f 1481/2762/2403 1494/2763/2404 1493/2764/2405
f 1482/2766/2400 1484/2767/2399 1492/2768/2407
f 1476/2739/2392 1492/2768/2407 1484/2767/2399
f 1483/2761/2402 1493/2764/2405 1479/2720/2381
f 1476/2739/2392 1479/2744/2381 1493/2769/2405
f 1492/2768/2407 1493/2769/2405 1494/2770/2404
f 1480/2772/2394 1488/2773/2397 1496/2774/2409
f 1491/2765/2406 1496/2774/2409 1488/2773/2397
f 1487/2714/2375 1497/2717/2378 1494/2763/2404
f 1491/2765/2406 1494/2770/2404 1497/2775/2378
f 1496/2774/2409 1497/2775/2378 1498/2776/2377
f 1499/2778/2411 1513/2779/2412 1512/2780/2413
f 1507/2782/2415 1506/2783/2416 1505/2784/2417
f 1480/2745/2394 1502/2785/2418 1503/2786/2419
f 1464/2760/2376 1490/2759/2395 1503/2788/2419
f 1502/2785/2418 1505/2784/2417 1506/2783/2416
f 1501/2787/2420 1503/2788/2419 1506/2790/2416
f 1504/2789/2410 1506/2790/2416 1507/2791/2415
f 1501/2793/2420 1509/2794/2421 1498/2716/2377
f 1502/2796/2418 1480/2772/2394 1495/2771/2408
f 1495/2771/2408 1498/2776/2377 1509/2797/2421
f 1500/2799/2414 1505/2800/2417 1511/2801/2424
f 1508/2795/2422 1511/2801/2424 1505/2800/2417
f 1504/2777/2410 1512/2780/2413 1509/2794/2421
f 1508/2795/2422 1509/2797/2421 1512/2802/2413
f 1511/2801/2424 1512/2802/2413 1513/2803/2412
f 1523/2806/2427 1522/2807/2428 1514/2804/2425
f 1518/2809/2430 1516/2810/2431 1520/2811/2432
f 1500/2781/2414 1518/2809/2430 1519/2808/2429
f 1499/2792/2411 1507/2791/2415 1519/2813/2429
f 1517/2812/2433 1519/2813/2429 1520/2815/2432
f 1516/2810/2431 1522/2807/2428 1523/2806/2427
f 1515/2814/2434 1520/2815/2432 1523/2817/2427
f 984/2819/1892 1521/2816/1891 1523/2817/2427
f 1515/2821/2434 1528/2822/2435 1527/2823/2436
f 1516/2825/2431 1518/2826/2430 1526/2827/2438
f 1510/2798/2423 1526/2827/2438 1518/2826/2430
f 1517/2820/2433 1527/2823/2436 1513/2779/2412
f 1510/2798/2423 1513/2803/2412 1527/2828/2436
f 1526/2827/2438 1527/2828/2436 1528/2829/2435
f 1522/2832/2428 1530/2833/2440 1529/2830/2439
f 1525/2824/2437 1530/2833/2440 1522/2832/2428
f 1521/1807/1891 1531/1810/1894 1528/2822/2435
f 1530/2833/2440 1525/2824/2437 1528/2829/2435
f 1529/2830/2439 1530/2833/2440 1531/2834/1894
s 224
f 2071/2836/2441 2081/2837/2442 2082/2838/2443
f 1797/2840/2445 1807/2841/2446 1808/2842/2447
f 1663/2844/2449 1673/2845/2450 1536/2847/2452
f 1594/2848/2453 1604/2849/2454 1605/2850/2455
f 1562/2852/2457 1570/2853/2458 1538/2855/2460
f 1547/2856/2461 1556/2857/2462 1539/2859/2464
f 1546/2860/2465 1548/2861/2466 1549/2862/2467
f 1544/2864/2469 1545/2865/2470 1540/2867/2472
f 1533/2868/2473 1543/2869/2474 1545/2870/2470
f 1542/2866/2471 1545/2865/2470 1546/2873/2465
f 1548/2874/2466 1545/2870/2470 1547/2856/2461
f 1549/2875/2467 1548/2874/2466 1547/2856/2461
f 1552/2876/2475 1553/2877/2476 1533/2868/2473
f 1540/2878/2472 1542/2879/2471 1550/2881/2478
f 1550/2882/2478 1551/2883/2477 1553/2884/2476
f 1554/2886/2479 1555/2887/2480 1541/2889/2468
f 1546/2888/2465 1555/2887/2480 1542/2879/2471
f 1543/2869/2474 1553/2877/2476 1556/2857/2462
f 1556/2890/2462 1553/2884/2476 1551/2883/2477
f 1557/2892/2463 1556/2893/2462 1554/2895/2479
f 1558/2896/2481 1563/2897/2482 1565/2899/2484
f 1549/2862/2467 1561/2900/2485 1541/2863/2468
f 1559/2902/2487 1561/2903/2485 1539/2859/2464
f 1561/2900/2485 1564/2898/2483 1560/2901/2486
f 1562/2852/2457 1564/2904/2483 1559/2902/2487
f 1565/2905/2484 1564/2904/2483 1562/2852/2457
f 1539/2859/2464 1557/2858/2463 1559/2902/2487
f 1566/2907/2489 1554/2886/2479 1560/2908/2486
f 1567/2909/2488 1557/2892/2463 1566/2910/2489
f 1568/2911/2490 1569/2912/2491 1558/2914/2481
f 1563/2913/2482 1569/2912/2491 1566/2907/2489
f 1559/2902/2487 1567/2906/2488 1562/2852/2457
f 1570/2915/2458 1567/2909/2488 1569/2916/2491
f 1571/2917/2459 1570/2915/2458 1568/2918/2490
f 1577/2919/2492 1585/2920/2493 1572/2922/2495
f 1573/2923/2496 1578/2924/2497 1580/2926/2499
f 1565/2899/2484 1576/2927/2500 1558/2896/2481
f 1574/2929/2502 1576/2930/2500 1538/2855/2460
f 1576/2927/2500 1579/2925/2498 1575/2928/2501
f 1577/2919/2492 1579/2931/2498 1574/2929/2502
f 1580/2932/2499 1579/2931/2498 1577/2919/2492
f 1538/2855/2460 1571/2854/2459 1574/2929/2502
f 1581/2934/2504 1568/2911/2490 1575/2935/2501
f 1582/2936/2503 1571/2917/2459 1581/2937/2504
f 1583/2938/2505 1584/2939/2506 1573/2941/2496
f 1578/2940/2497 1584/2939/2506 1581/2934/2504
f 1574/2929/2502 1582/2933/2503 1577/2919/2492
f 1585/2942/2493 1582/2936/2503 1584/2943/2506
f 1586/2944/2494 1585/2942/2493 1583/2945/2505
f 1587/2946/2507 1595/2947/2508 1596/2948/2509
f 1592/2950/2511 1593/2951/2512 1589/2952/2513
f 1580/2926/2499 1592/2950/2511 1591/2953/2514
f 1590/2954/2515 1592/2955/2511 1572/2922/2495
f 1588/2956/2516 1593/2957/2512 1590/2954/2515
f 1593/2951/2512 1596/2948/2509 1595/2947/2508
f 1594/2848/2453 1596/2958/2509 1588/2956/2516
f 1597/2959/2510 1596/2958/2509 1594/2848/2453
f 1590/2954/2515 1600/2960/2517 1601/2961/2518
f 1598/2962/2519 1599/2963/2520 1589/2965/2513
f 1591/2964/2514 1599/2963/2520 1583/2938/2505
f 1572/2922/2495 1586/2921/2494 1590/2954/2515
f 1600/2966/2517 1586/2944/2494 1599/2967/2520
f 1601/2968/2518 1600/2966/2517 1598/2969/2519
f 1602/2970/2521 1603/2971/2522 1595/2972/2508
f 1595/2972/2508 1603/2971/2522 1589/2965/2513
f 1588/2956/2516 1601/2961/2518 1604/2849/2454
f 1604/2974/2454 1601/2968/2518 1603/2975/2522
f 1605/2976/2455 1604/2974/2454 1602/2977/2521
f 1629/2978/2523 1639/2979/2524 1606/2981/2526
f 1612/2982/2527 1620/2983/2528 1621/2984/2529
f 1608/2986/2531 1613/2987/2532 1614/2988/2533
f 1597/2949/2510 1611/2990/2535 1610/2991/2536
f 1609/2992/2537 1611/2993/2535 1537/2851/2456
f 1611/2990/2535 1614/2988/2533 1613/2987/2532
f 1612/2982/2527 1614/2994/2533 1609/2992/2537
f 1615/2995/2534 1614/2994/2533 1607/2985/2530
f 1537/2851/2456 1605/2850/2455 1617/2996/2538
f 1616/2997/2539 1602/2970/2521 1587/2973/2507
f 1617/2999/2538 1605/2976/2455 1616/3000/2539
f 1618/3001/2540 1619/3002/2541 1613/3003/2532
f 1613/3003/2532 1619/3002/2541 1610/2998/2536
f 1609/2992/2537 1617/2996/2538 1620/2983/2528
f 1620/3005/2528 1617/2999/2538 1619/3006/2541
f 1621/3007/2529 1620/3005/2528 1618/3008/2540
f 1622/3009/2542 1630/3010/2543 1631/3011/2544
f 1627/3013/2546 1628/3014/2547 1624/3015/2548
f 1615/2989/2534 1627/3013/2546 1626/3016/2549
f 1625/3017/2550 1627/3018/2546 1615/2995/2534
f 1623/3019/2551 1628/3020/2547 1625/3017/2550
f 1628/3014/2547 1631/3011/2544 1630/3010/2543
f 1629/2978/2523 1631/3021/2544 1623/3019/2551
f 1632/3022/2545 1631/3021/2544 1629/2978/2523
f 1625/3017/2550 1635/3023/2552 1636/3024/2553
f 1633/3025/2554 1634/3026/2555 1626/3027/2549
f 1626/3027/2549 1634/3026/2555 1608/3004/2531
f 1607/2985/2530 1621/2984/2529 1635/3023/2552
f 1635/3029/2552 1621/3007/2529 1634/3030/2555
f 1636/3031/2553 1635/3029/2552 1633/3032/2554
f 1637/3033/2556 1638/3034/2557 1622/3036/2542
f 1630/3035/2543 1638/3034/2557 1624/3028/2548
f 1623/3019/2551 1636/3024/2553 1639/2979/2524
f 1639/3037/2524 1636/3031/2553 1638/3038/2557
f 1640/3039/2525 1639/3037/2524 1637/3040/2556
f 1646/3041/2558 1654/3042/2559 1641/3044/2561
f 1642/3045/2562 1647/3046/2563 1649/3048/2565
f 1632/3012/2545 1645/3049/2566 1622/3009/2542
f 1643/3051/2568 1645/3052/2566 1606/2981/2526
f 1645/3049/2566 1648/3047/2564 1644/3050/2567
f 1646/3053/2558 1648/3054/2564 1643/3056/2568
f 1649/3057/2565 1648/3054/2564 1641/3058/2561
f 1606/2981/2526 1640/2980/2525 1643/3051/2568
f 1650/3060/2570 1637/3033/2556 1644/3061/2567
f 1651/3062/2569 1640/3039/2525 1650/3063/2570
f 1652/3064/2571 1653/3065/2572 1642/3067/2562
f 1647/3066/2563 1653/3065/2572 1650/3068/2570
f 1643/3070/2568 1651/3062/2569 1646/3041/2558
f 1654/3042/2559 1651/3062/2569 1650/3063/2570
f 1655/3043/2560 1654/3042/2559 1653/3071/2572
f 1656/3073/2573 1664/3074/2574 1666/3076/2576
f 1661/3077/2577 1662/3078/2578 1660/3080/2580
f 1649/3048/2565 1661/3077/2577 1642/3045/2562
f 1659/3081/2581 1661/3082/2577 1649/3057/2565
f 1657/3083/2582 1662/3084/2578 1661/3082/2577
f 1662/3078/2578 1665/3075/2575 1664/3074/2574
f 1663/3085/2449 1665/3086/2575 1657/3083/2582
f 1666/3087/2576 1665/3086/2575 1536/3088/2452
f 1659/3089/2581 1669/3090/2583 1657/3092/2582
f 1667/3093/2585 1668/3094/2586 1658/3096/2579
f 1660/3095/2580 1668/3094/2586 1652/3064/2571
f 1641/3044/2561 1655/3043/2560 1659/3089/2581
f 1669/3090/2583 1655/3043/2560 1652/3072/2571
f 1670/3091/2584 1669/3090/2583 1668/3097/2586
f 1671/3099/2587 1672/3100/2588 1656/3102/2573
f 1664/3101/2574 1672/3100/2588 1658/3096/2579
f 1657/3092/2582 1670/3091/2584 1673/2845/2450
f 1673/2845/2450 1670/3091/2584 1672/3103/2588
f 1674/2846/2451 1673/2845/2450 1672/3103/2588
f 1728/3105/2589 1738/3106/2590 1739/3107/2591
f 1696/3109/2593 1704/3110/2594 1705/3111/2595
f 1682/3113/2597 1690/3114/2598 1677/3116/2600
f 1678/3117/2601 1683/3118/2602 1685/3120/2604
f 1666/3076/2576 1681/3121/2605 1656/3073/2573
f 1679/3123/2607 1681/3124/2605 1666/3087/2576
f 1681/3121/2605 1684/3119/2603 1680/3122/2606
f 1682/3125/2597 1684/3126/2603 1681/3124/2605
f 1685/3127/2604 1684/3126/2603 1677/3128/2600
f 1536/2847/2452 1674/2846/2451 1679/3130/2607
f 1686/3131/2609 1671/3099/2587 1680/3132/2606
f 1687/3129/2608 1674/2846/2451 1671/3104/2587
f 1688/3134/2610 1689/3135/2611 1678/3137/2601
f 1683/3136/2602 1689/3135/2611 1686/3131/2609
f 1679/3130/2607 1687/3129/2608 1682/3113/2597
f 1690/3114/2598 1687/3129/2608 1686/3133/2609
f 1691/3115/2599 1690/3114/2598 1689/3138/2611
f 1692/3140/2612 1697/3141/2613 1698/3142/2614
f 1685/3120/2604 1695/3144/2616 1678/3117/2601
f 1693/3146/2618 1695/3147/2616 1685/3127/2604
f 1695/3144/2616 1698/3142/2614 1694/3145/2617
f 1696/3148/2593 1698/3149/2614 1695/3147/2616
f 1699/3150/2615 1698/3149/2614 1696/3148/2593
f 1677/3116/2600 1691/3115/2599 1693/3153/2618
f 1700/3154/2620 1688/3134/2610 1694/3155/2617
f 1701/3152/2619 1691/3115/2599 1688/3139/2610
f 1702/3157/2621 1703/3158/2622 1692/3160/2612
f 1697/3159/2613 1703/3158/2622 1700/3154/2620
f 1693/3153/2618 1701/3152/2619 1696/3109/2593
f 1704/3110/2594 1701/3152/2619 1700/3156/2620
f 1705/3111/2595 1704/3110/2594 1702/3162/2621
f 1711/3163/2623 1719/3164/2624 1720/3165/2625
f 1707/3167/2627 1712/3168/2628 1713/3169/2629
f 1699/3143/2615 1710/3171/2631 1709/3172/2632
f 1708/3173/2633 1710/3174/2631 1676/3151/2596
f 1710/3171/2631 1713/3169/2629 1712/3168/2628
f 1711/3175/2623 1713/3176/2629 1708/3173/2633
f 1714/3177/2630 1713/3176/2629 1711/3175/2623
f 1676/3112/2596 1705/3111/2595 1716/3179/2634
f 1715/3181/2635 1702/3157/2621 1709/3182/2632
f 1716/3179/2634 1705/3111/2595 1715/3183/2635
f 1717/3184/2636 1718/3185/2637 1707/3187/2627
f 1712/3186/2628 1718/3185/2637 1715/3181/2635
f 1708/3180/2633 1716/3179/2634 1719/3164/2624
f 1719/3164/2624 1716/3179/2634 1718/3188/2637
f 1720/3165/2625 1719/3164/2624 1717/3189/2636
f 1721/3190/2638 1729/3191/2639 1730/3192/2640
f 1726/3194/2642 1727/3195/2643 1723/3196/2644
f 1714/3170/2630 1726/3194/2642 1725/3197/2645
f 1724/3198/2646 1726/3199/2642 1706/3178/2626
f 1722/3200/2647 1727/3201/2643 1724/3198/2646
f 1727/3195/2643 1730/3192/2640 1729/3191/2639
f 1728/3202/2589 1730/3203/2640 1722/3200/2647
f 1731/3204/2641 1730/3203/2640 1728/3202/2589
f 1724/3206/2646 1734/3207/2648 1735/3208/2649
f 1732/3210/2650 1733/3211/2651 1723/3213/2644
f 1725/3212/2645 1733/3211/2651 1717/3184/2636
f 1706/3166/2626 1720/3165/2625 1734/3207/2648
f 1734/3207/2648 1720/3165/2625 1733/3214/2651
f 1735/3208/2649 1734/3207/2648 1732/3215/2650
f 1736/3216/2652 1737/3217/2653 1721/3219/2638
f 1729/3218/2639 1737/3217/2653 1732/3210/2650
f 1722/3209/2647 1735/3208/2649 1738/3106/2590
f 1738/3106/2590 1735/3208/2649 1737/3220/2653
f 1739/3107/2591 1738/3106/2590 1736/3221/2652
f 1763/3222/2654 1773/3223/2655 1740/3225/2657
f 1746/3226/2658 1754/3227/2659 1741/3229/2661
f 1742/3230/2662 1747/3231/2663 1749/3233/2665
f 1731/3193/2641 1745/3234/2666 1744/3235/2667
f 1743/3236/2668 1745/3237/2666 1675/3205/2592
f 1745/3234/2666 1748/3232/2664 1744/3235/2667
f 1746/3238/2658 1748/3239/2664 1745/3237/2666
f 1749/3240/2665 1748/3239/2664 1741/3241/2661
f 1675/3108/2592 1739/3107/2591 1751/3242/2669
f 1750/3244/2670 1736/3216/2652 1744/3245/2667
f 1751/3242/2669 1739/3107/2591 1750/3246/2670
f 1752/3247/2671 1753/3248/2672 1747/3249/2663
f 1747/3249/2663 1753/3248/2672 1744/3245/2667
f 1743/3243/2668 1751/3242/2669 1746/3226/2658
f 1754/3227/2659 1751/3242/2669 1750/3246/2670
f 1755/3228/2660 1754/3227/2659 1753/3251/2672
f 1756/3253/2673 1764/3254/2674 1766/3256/2676
f 1761/3257/2677 1762/3258/2678 1760/3260/2680
f 1749/3233/2665 1761/3257/2677 1742/3230/2662
f 1759/3261/2681 1761/3262/2677 1749/3240/2665
f 1757/3263/2682 1762/3264/2678 1761/3262/2677
f 1762/3258/2678 1765/3255/2675 1758/3259/2679
f 1763/3265/2654 1765/3266/2675 1762/3264/2678
f 1766/3267/2676 1765/3266/2675 1740/3268/2657
f 1759/3269/2681 1769/3270/2683 1757/3272/2682
f 1767/3273/2685 1768/3274/2686 1760/3275/2680
f 1760/3275/2680 1768/3274/2686 1742/3250/2662
f 1741/3229/2661 1755/3228/2660 1759/3269/2681
f 1769/3270/2683 1755/3228/2660 1752/3252/2671
f 1770/3271/2684 1769/3270/2683 1768/3277/2686
f 1771/3279/2687 1772/3280/2688 1764/3281/2674
f 1764/3281/2674 1772/3280/2688 1758/3276/2679
f 1757/3272/2682 1770/3271/2684 1763/3222/2654
f 1773/3223/2655 1770/3271/2684 1767/3278/2685
f 1774/3224/2656 1773/3223/2655 1772/3283/2688
f 1780/3285/2689 1788/3286/2690 1775/3288/2692
f 1776/3289/2693 1781/3290/2694 1783/3292/2696
f 1766/3256/2676 1779/3293/2697 1756/3253/2673
f 1777/3295/2699 1779/3296/2697 1766/3267/2676
f 1779/3293/2697 1782/3291/2695 1778/3294/2698
f 1780/3297/2689 1782/3298/2695 1779/3296/2697
f 1783/3299/2696 1782/3298/2695 1775/3300/2692
f 1740/3225/2657 1774/3224/2656 1777/3302/2699
f 1784/3303/2701 1771/3279/2687 1756/3282/2673
f 1785/3301/2700 1774/3224/2656 1771/3284/2687
f 1786/3306/2702 1787/3307/2703 1781/3308/2694
f 1781/3308/2694 1787/3307/2703 1778/3304/2698
f 1777/3302/2699 1785/3301/2700 1780/3285/2689
f 1788/3286/2690 1785/3301/2700 1784/3305/2701
f 1789/3287/2691 1788/3286/2690 1787/3310/2703
f 1790/3312/2704 1798/3313/2705 1799/3314/2706
f 1795/3316/2708 1796/3317/2709 1792/3318/2710
f 1783/3292/2696 1795/3316/2708 1776/3289/2693
f 1793/3320/2712 1795/3321/2708 1783/3299/2696
f 1791/3322/2713 1796/3323/2709 1793/3320/2712
f 1796/3317/2709 1799/3314/2706 1798/3313/2705
f 1797/3324/2445 1799/3325/2706 1791/3322/2713
f 1800/3326/2707 1799/3325/2706 1797/3324/2445
f 1793/3328/2712 1803/3329/2714 1804/3330/2715
f 1801/3332/2716 1802/3333/2717 1794/3334/2711
f 1794/3334/2711 1802/3333/2717 1776/3309/2693
f 1775/3288/2692 1789/3287/2691 1793/3328/2712
f 1803/3329/2714 1789/3287/2691 1786/3311/2702
f 1804/3330/2715 1803/3329/2714 1801/3337/2716
f 1805/3338/2718 1806/3339/2719 1798/3340/2705
f 1798/3340/2705 1806/3339/2719 1792/3335/2710
f 1791/3331/2713 1804/3330/2715 1807/2841/2446
f 1807/2841/2446 1804/3330/2715 1806/3342/2719
f 1808/2842/2447 1807/2841/2446 1805/3343/2718
f 1932/3344/2720 1942/3345/2721 1809/3347/2723
f 1863/3348/2724 1873/3349/2725 1874/3350/2726
f 1831/3352/2728 1839/3353/2729 1811/3355/2731
f 1817/3356/2732 1825/3357/2733 1826/3358/2734
f 1813/3360/2736 1818/3361/2737 1819/3362/2738
f 1800/3315/2707 1816/3364/2740 1815/3365/2741
f 1814/3366/2742 1816/3367/2740 1535/3327/2448
f 1816/3364/2740 1819/3362/2738 1818/3361/2737
f 1817/3368/2732 1819/3369/2738 1814/3366/2742
f 1820/3370/2739 1819/3369/2738 1817/3368/2732
f 1535/3372/2448 1808/3373/2447 1822/3374/2743
f 1821/3376/2744 1805/3338/2718 1790/3341/2704
f 1822/3378/2743 1808/2842/2447 1821/3379/2744
f 1823/3380/2745 1824/3381/2746 1813/3383/2736
f 1818/3382/2737 1824/3381/2746 1815/3377/2741
f 1814/3375/2742 1822/3374/2743 1825/3357/2733
f 1825/3384/2733 1822/3378/2743 1824/3385/2746
f 1826/3386/2734 1825/3384/2733 1823/3387/2745
f 1827/3388/2747 1832/3389/2748 1834/3391/2750
f 1820/3363/2739 1830/3392/2751 1829/3393/2752
f 1828/3394/2753 1830/3395/2751 1812/3371/2735
f 1830/3392/2751 1833/3390/2749 1829/3393/2752
f 1831/3396/2728 1833/3397/2749 1828/3394/2753
f 1834/3398/2750 1833/3397/2749 1831/3396/2728
f 1812/3359/2735 1826/3358/2734 1828/3401/2753
f 1835/3402/2755 1823/3380/2745 1829/3403/2752
f 1836/3404/2754 1826/3386/2734 1835/3405/2755
f 1837/3406/2756 1838/3407/2757 1827/3409/2747
f 1832/3408/2748 1838/3407/2757 1835/3402/2755
f 1828/3401/2753 1836/3400/2754 1831/3352/2728
f 1839/3410/2729 1836/3404/2754 1835/3405/2755
f 1840/3412/2730 1839/3410/2729 1838/3411/2757
f 1846/3414/2758 1854/3415/2759 1841/3417/2761
f 1842/3418/2762 1847/3419/2763 1849/3421/2765
f 1834/3391/2750 1845/3422/2766 1827/3388/2747
f 1843/3424/2768 1845/3425/2766 1811/3399/2731
f 1845/3422/2766 1848/3420/2764 1844/3423/2767
f 1846/3426/2758 1848/3427/2764 1843/3424/2768
f 1849/3428/2765 1848/3427/2764 1846/3426/2758
f 1811/3355/2731 1840/3354/2730 1843/3431/2768
f 1850/3432/2770 1837/3406/2756 1844/3433/2767
f 1851/3434/2769 1840/3412/2730 1837/3413/2756
f 1852/3436/2771 1853/3437/2772 1842/3439/2762
f 1847/3438/2763 1853/3437/2772 1850/3432/2770
f 1843/3431/2768 1851/3430/2769 1846/3414/2758
f 1854/3440/2759 1851/3434/2769 1850/3435/2770
f 1855/3442/2760 1854/3440/2759 1852/3443/2771
f 1856/3444/2773 1864/3445/2774 1865/3446/2775
f 1861/3448/2777 1862/3449/2778 1858/3450/2779
f 1849/3421/2765 1861/3448/2777 1860/3451/2780
f 1859/3452/2781 1861/3453/2777 1841/3429/2761
f 1857/3454/2782 1862/3455/2778 1859/3452/2781
f 1862/3449/2778 1865/3446/2775 1864/3445/2774
f 1863/3456/2724 1865/3457/2775 1857/3454/2782
f 1866/3458/2776 1865/3457/2775 1863/3456/2724
f 1859/3460/2781 1869/3461/2783 1870/3462/2784
f 1867/3464/2785 1868/3465/2786 1858/3467/2779
f 1860/3466/2780 1868/3465/2786 1852/3436/2771
f 1841/3417/2761 1855/3416/2760 1869/3461/2783
f 1869/3468/2783 1855/3442/2760 1868/3469/2786
f 1870/3470/2784 1869/3468/2783 1867/3471/2785
f 1871/3472/2787 1872/3473/2788 1864/3474/2774
f 1864/3474/2774 1872/3473/2788 1858/3467/2779
f 1857/3463/2782 1870/3462/2784 1873/3476/2725
f 1873/3349/2725 1870/3470/2784 1872/3478/2788
f 1874/3350/2726 1873/3349/2725 1871/3479/2787
f 1898/3480/2789 1908/3481/2790 1875/3483/2792
f 1881/3484/2793 1889/3485/2794 1890/3486/2795
f 1877/3488/2797 1882/3489/2798 1883/3490/2799
f 1866/3447/2776 1880/3492/2801 1856/3444/2773
f 1878/3494/2803 1880/3495/2801 1866/3458/2776
f 1880/3492/2801 1883/3490/2799 1882/3489/2798
f 1881/3496/2793 1883/3497/2799 1878/3494/2803
f 1884/3498/2800 1883/3497/2799 1876/3499/2796
f 1810/3351/2727 1874/3350/2726 1886/3500/2804
f 1885/3502/2805 1871/3472/2787 1856/3475/2773
f 1886/3500/2804 1874/3350/2726 1871/3479/2787
f 1887/3505/2806 1888/3506/2807 1882/3507/2798
f 1882/3507/2798 1888/3506/2807 1879/3503/2802
f 1878/3501/2803 1886/3500/2804 1889/3509/2794
f 1889/3509/2794 1886/3500/2804 1888/3511/2807
f 1890/3512/2795 1889/3509/2794 1887/3513/2806
f 1891/3514/2808 1899/3515/2809 1901/3517/2811
f 1896/3518/2812 1897/3519/2813 1895/3521/2815
f 1884/3491/2800 1896/3518/2812 1877/3488/2797
f 1894/3522/2816 1896/3523/2812 1884/3498/2800
f 1892/3524/2817 1897/3525/2813 1896/3523/2812
f 1897/3519/2813 1900/3516/2810 1893/3520/2814
f 1898/3526/2789 1900/3527/2810 1897/3525/2813
f 1901/3528/2811 1900/3527/2810 1875/3529/2792
f 1894/3530/2816 1904/3531/2818 1905/3532/2819
f 1902/3534/2820 1903/3535/2821 1895/3536/2815
f 1895/3536/2815 1903/3535/2821 1877/3508/2797
f 1876/3487/2796 1890/3486/2795 1904/3531/2818
f 1904/3538/2818 1890/3512/2795 1887/3513/2806
f 1905/3540/2819 1904/3538/2818 1903/3539/2821
f 1906/3542/2822 1907/3543/2823 1899/3544/2809
f 1899/3544/2809 1907/3543/2823 1893/3537/2814
f 1892/3533/2817 1905/3532/2819 1898/3480/2789
f 1908/3546/2790 1905/3540/2819 1902/3541/2820
f 1909/3548/2791 1908/3546/2790 1907/3547/2823
f 1915/3550/2824 1923/3551/2825 1924/3552/2826
f 1911/3554/2828 1916/3555/2829 1917/3556/2830
f 1901/3558/2811 1914/3559/2832 1891/3561/2808
f 1912/3562/2834 1914/3563/2832 1901/3528/2811
f 1914/3559/2832 1917/3556/2830 1916/3555/2829
f 1915/3564/2824 1917/3565/2830 1912/3562/2834
f 1918/3566/2831 1917/3565/2830 1915/3564/2824
f 1875/3483/2792 1909/3482/2791 1920/3568/2835
f 1919/3570/2836 1906/3542/2822 1891/3545/2808
f 1920/3572/2835 1909/3548/2791 1906/3549/2822
f 1921/3574/2837 1922/3575/2838 1911/3577/2828
f 1916/3576/2829 1922/3575/2838 1913/3571/2833
f 1912/3569/2834 1920/3568/2835 1923/3551/2825
f 1923/3578/2825 1920/3572/2835 1922/3579/2838
f 1924/3580/2826 1923/3578/2825 1921/3581/2837
f 1925/3582/2839 1933/3583/2840 1934/3584/2841
f 1930/3586/2843 1931/3587/2844 1927/3588/2845
f 1918/3557/2831 1930/3586/2843 1929/3589/2846
f 1928/3590/2847 1930/3591/2843 1910/3567/2827
f 1926/3592/2848 1931/3593/2844 1928/3590/2847
f 1931/3587/2844 1934/3584/2841 1933/3583/2840
f 1932/3594/2720 1934/3595/2841 1926/3592/2848
f 1935/3596/2842 1934/3595/2841 1809/3597/2723
f 1928/3598/2847 1938/3599/2849 1939/3600/2850
f 1936/3602/2851 1937/3603/2852 1927/3605/2845
f 1929/3604/2846 1937/3603/2852 1921/3574/2837
f 1910/3553/2827 1924/3552/2826 1938/3599/2849
f 1938/3606/2849 1924/3580/2826 1937/3607/2852
f 1939/3608/2850 1938/3606/2849 1936/3609/2851
f 1940/3610/2853 1941/3611/2854 1925/3613/2839
f 1933/3612/2840 1941/3611/2854 1936/3602/2851
f 1926/3601/2848 1939/3600/2850 1942/3345/2721
f 1942/3614/2721 1939/3615/2850 1941/3611/2854
f 1943/3616/2722 1942/3614/2721 1941/3611/2854
f 2002/3617/2855 2012/3618/2856 2013/3619/2857
f 1968/3621/2859 1978/3622/2860 1945/3624/2862
f 1951/3625/2863 1959/3626/2864 1946/3628/2866
f 1947/3629/2867 1952/3630/2868 1954/3632/2870
f 1935/3585/2842 1950/3633/2871 1949/3634/2872
f 1948/3635/2873 1950/3636/2871 1935/3596/2842
f 1950/3633/2871 1953/3631/2869 1949/3634/2872
f 1951/3637/2863 1953/3638/2869 1948/3635/2873
f 1954/3639/2870 1953/3638/2869 1951/3637/2863
f 1809/3347/2723 1943/3346/2722 1948/3642/2873
f 1955/3643/2875 1940/3610/2853 1949/3644/2872
f 1956/3645/2874 1943/3616/2722 1940/3610/2853
f 1957/3646/2876 1958/3647/2877 1947/3649/2867
f 1952/3648/2868 1958/3647/2877 1955/3643/2875
f 1948/3642/2873 1956/3641/2874 1951/3625/2863
f 1959/3650/2864 1956/3645/2874 1958/3647/2877
f 1960/3651/2865 1959/3650/2864 1957/3646/2876
f 1961/3652/2878 1969/3653/2879 1971/3655/2881
f 1966/3656/2882 1967/3657/2883 1965/3659/2885
f 1954/3632/2870 1966/3656/2882 1947/3629/2867
f 1964/3660/2886 1966/3661/2882 1946/3640/2866
f 1962/3662/2887 1967/3663/2883 1964/3660/2886
f 1967/3657/2883 1970/3654/2880 1963/3658/2884
f 1968/3664/2859 1970/3665/2880 1967/3663/2883
f 1971/3666/2881 1970/3665/2880 1945/3667/2862
f 1964/3668/2886 1974/3669/2888 1962/3671/2887
f 1972/3672/2890 1973/3673/2891 1963/3675/2884
f 1965/3674/2885 1973/3673/2891 1957/3646/2876
f 1946/3628/2866 1960/3627/2865 1964/3668/2886
f 1974/3676/2888 1960/3651/2865 1973/3673/2891
f 1975/3677/2889 1974/3676/2888 1973/3673/2891
f 1976/3678/2892 1977/3679/2893 1961/3681/2878
f 1969/3680/2879 1977/3679/2893 1972/3672/2890
f 1962/3671/2887 1975/3670/2889 1968/3621/2859
f 1978/3682/2860 1975/3677/2889 1972/3672/2890
f 1979/3683/2861 1978/3682/2860 1977/3679/2893
f 1985/3684/2894 1993/3685/2895 1980/3687/2897
f 1981/3688/2898 1986/3689/2899 1988/3691/2901
f 1971/3655/2881 1984/3692/2902 1961/3652/2878
f 1982/3694/2904 1984/3695/2902 1971/3666/2881
f 1984/3692/2902 1987/3690/2900 1983/3693/2903
f 1985/3696/2894 1987/3697/2900 1984/3695/2902
f 1988/3698/2901 1987/3697/2900 1980/3699/2897
f 1945/3624/2862 1979/3623/2861 1982/3701/2904
f 1989/3702/2906 1976/3678/2892 1961/3681/2878
f 1990/3704/2905 1979/3683/2861 1976/3678/2892
f 1991/3705/2907 1992/3706/2908 1986/3707/2899
f 1986/3707/2899 1992/3706/2908 1983/3703/2903
f 1982/3701/2904 1990/3700/2905 1985/3684/2894
f 1993/3709/2895 1990/3704/2905 1989/3702/2906
f 1994/3710/2896 1993/3709/2895 1992/3706/2908
f 1995/3711/2909 2003/3712/2910 2004/3713/2911
f 2000/3715/2913 2001/3716/2914 1999/3718/2916
f 1988/3691/2901 2000/3715/2913 1981/3688/2898
f 1998/3719/2917 2000/3720/2913 1988/3698/2901
f 1996/3721/2918 2001/3722/2914 2000/3720/2913
f 2001/3716/2914 2004/3713/2911 1997/3717/2915
f 2002/3723/2855 2004/3724/2911 2001/3722/2914
f 2005/3725/2912 2004/3724/2911 1944/3726/2858
f 1998/3727/2917 2008/3728/2919 1996/3730/2918
f 2006/3731/2921 2007/3732/2922 1999/3733/2916
f 1999/3733/2916 2007/3732/2922 1981/3708/2898
f 1980/3687/2897 1994/3686/2896 1998/3727/2917
f 2008/3735/2919 1994/3710/2896 1991/3705/2907
f 2009/3736/2920 2008/3735/2919 2007/3732/2922
f 2010/3737/2923 2011/3738/2924 2003/3739/2910
f 2003/3739/2910 2011/3738/2924 1997/3734/2915
f 1996/3730/2918 2009/3729/2920 2012/3618/2856
f 2012/3741/2856 2009/3736/2920 2006/3731/2921
f 2013/3742/2857 2012/3741/2856 2011/3738/2924
f 2037/3743/2925 2047/3744/2926 2014/3746/2928
f 2020/3747/2929 2028/3748/2930 2015/3750/2932
f 2016/3751/2933 2021/3752/2934 2023/3754/2936
f 2005/3714/2912 2019/3755/2937 2018/3756/2938
f 2017/3757/2939 2019/3758/2937 1944/3726/2858
f 2019/3755/2937 2022/3753/2935 2018/3756/2938
f 2020/3759/2929 2022/3760/2935 2017/3757/2939
f 2023/3761/2936 2022/3760/2935 2020/3759/2929
f 1944/3620/2858 2013/3619/2857 2017/3764/2939
f 2024/3765/2941 2010/3737/2923 2018/3766/2938
f 2025/3767/2940 2013/3742/2857 2024/3765/2941
f 2026/3768/2942 2027/3769/2943 2016/3771/2933
f 2021/3770/2934 2027/3769/2943 2024/3765/2941
f 2017/3764/2939 2025/3763/2940 2020/3747/2929
f 2028/3772/2930 2025/3767/2940 2027/3769/2943
f 2029/3773/2931 2028/3772/2930 2027/3769/2943
f 2030/3774/2944 2038/3775/2945 2040/3777/2947
f 2035/3778/2948 2036/3779/2949 2034/3781/2951
f 2023/3754/2936 2035/3778/2948 2016/3751/2933
f 2033/3782/2952 2035/3783/2948 2015/3762/2932
f 2031/3784/2953 2036/3785/2949 2033/3782/2952
f 2036/3779/2949 2039/3776/2946 2032/3780/2950
f 2037/3786/2925 2039/3787/2946 2031/3784/2953
f 2040/3788/2947 2039/3787/2946 2037/3786/2925
f 2033/3790/2952 2043/3791/2954 2031/3793/2953
f 2041/3794/2956 2042/3795/2957 2032/3797/2950
f 2034/3796/2951 2042/3795/2957 2026/3768/2942
f 2015/3750/2932 2029/3749/2931 2033/3790/2952
f 2043/3798/2954 2029/3773/2931 2026/3768/2942
f 2044/3799/2955 2043/3798/2954 2042/3795/2957
f 2045/3800/2958 2046/3801/2959 2030/3803/2944
f 2038/3802/2945 2046/3801/2959 2041/3794/2956
f 2031/3793/2953 2044/3792/2955 2037/3743/2925
f 2047/3804/2926 2044/3799/2955 2041/3794/2956
f 2048/3805/2927 2047/3804/2926 2046/3801/2959
f 2054/3806/2960 2062/3807/2961 2049/3809/2963
f 2050/3810/2964 2055/3811/2965 2057/3813/2967
f 2040/3777/2947 2053/3814/2968 2030/3774/2944
f 2051/3816/2970 2053/3817/2968 2014/3789/2928
f 2053/3814/2968 2056/3812/2966 2052/3815/2969
f 2054/3818/2960 2056/3819/2966 2051/3816/2970
f 2057/3820/2967 2056/3819/2966 2054/3818/2960
f 2014/3746/2928 2048/3745/2927 2051/3823/2970
f 2058/3824/2972 2045/3800/2958 2052/3825/2969
f 2059/3826/2971 2048/3805/2927 2045/3800/2958
f 2060/3827/2973 2061/3828/2974 2050/3830/2964
f 2055/3829/2965 2061/3828/2974 2058/3824/2972
f 2051/3823/2970 2059/3822/2971 2054/3806/2960
f 2062/3831/2961 2059/3826/2971 2058/3824/2972
f 2063/3832/2962 2062/3831/2961 2061/3828/2974
f 2064/3833/2975 2072/3834/2976 2073/3835/2977
f 2069/3837/2979 2070/3838/2980 2068/3840/2982
f 2057/3813/2967 2069/3837/2979 2050/3810/2964
f 2067/3841/2983 2069/3842/2979 2049/3821/2963
f 2065/3843/2984 2070/3844/2980 2067/3841/2983
f 2070/3838/2980 2073/3835/2977 2066/3839/2981
f 2071/3845/2441 2073/3846/2977 2065/3843/2984
f 2074/3847/2978 2073/3846/2977 1534/3848/2444
f 2067/3849/2983 2077/3850/2985 2065/3852/2984
f 2075/3853/2987 2076/3854/2988 2066/3856/2981
f 2068/3855/2982 2076/3854/2988 2060/3827/2973
f 2049/3809/2963 2063/3808/2962 2067/3849/2983
f 2077/3857/2985 2063/3832/2962 2060/3827/2973
f 2078/3858/2986 2077/3857/2985 2076/3854/2988
f 2079/3859/2989 2080/3860/2990 2072/3861/2976
f 2072/3861/2976 2080/3860/2990 2075/3853/2987
f 2065/3852/2984 2078/3851/2986 2071/2836/2441
f 2081/3863/2442 2078/3858/2986 2080/3860/2990
f 2082/3864/2443 2081/3863/2442 2079/3859/2989
f 2082/2838/2443 1534/2839/2444 2071/2836/2441
f 1808/2842/2447 1535/2843/2448 1797/2840/2445
f 1673/2845/2450 1674/2846/2451 1536/2847/2452
f 1605/2850/2455 1537/2851/2456 1594/2848/2453
f 1570/2853/2458 1571/2854/2459 1538/2855/2460
f 1556/2857/2462 1557/2858/2463 1539/2859/2464
f 1549/2862/2467 1541/2863/2468 1546/2860/2465
f 1545/2865/2470 1542/2866/2471 1540/2867/2472
f 1545/2870/2470 1544/2871/2469 1533/2868/2473
f 1545/2865/2470 1548/2872/2466 1546/2873/2465
f 1545/2870/2470 1543/2869/2474 1547/2856/2461
f 1547/2856/2461 1539/2859/2464 1549/2875/2467
f 1553/2877/2476 1543/2869/2474 1533/2868/2473
f 1542/2879/2471 1551/2880/2477 1550/2881/2478
f 1553/2884/2476 1552/2885/2475 1550/2882/2478
f 1555/2887/2480 1546/2888/2465 1541/2889/2468
f 1555/2887/2480 1551/2880/2477 1542/2879/2471
f 1556/2857/2462 1547/2856/2461 1543/2869/2474
f 1551/2883/2477 1555/2891/2480 1556/2890/2462
f 1556/2893/2462 1555/2894/2480 1554/2895/2479
f 1563/2897/2482 1564/2898/2483 1565/2899/2484
f 1561/2900/2485 1560/2901/2486 1541/2863/2468
f 1561/2903/2485 1549/2875/2467 1539/2859/2464
f 1564/2898/2483 1563/2897/2482 1560/2901/2486
f 1564/2904/2483 1561/2903/2485 1559/2902/2487
f 1562/2852/2457 1538/2855/2460 1565/2905/2484
f 1557/2858/2463 1567/2906/2488 1559/2902/2487
f 1554/2886/2479 1541/2889/2468 1560/2908/2486
f 1557/2892/2463 1554/2895/2479 1566/2910/2489
f 1569/2912/2491 1563/2913/2482 1558/2914/2481
f 1566/2907/2489 1560/2908/2486 1563/2913/2482
f 1567/2906/2488 1570/2853/2458 1562/2852/2457
f 1567/2909/2488 1566/2910/2489 1569/2916/2491
f 1570/2915/2458 1569/2916/2491 1568/2918/2490
f 1585/2920/2493 1586/2921/2494 1572/2922/2495
f 1578/2924/2497 1579/2925/2498 1580/2926/2499
f 1576/2927/2500 1575/2928/2501 1558/2896/2481
f 1576/2930/2500 1565/2905/2484 1538/2855/2460
f 1579/2925/2498 1578/2924/2497 1575/2928/2501
f 1579/2931/2498 1576/2930/2500 1574/2929/2502
f 1577/2919/2492 1572/2922/2495 1580/2932/2499
f 1571/2854/2459 1582/2933/2503 1574/2929/2502
f 1568/2911/2490 1558/2914/2481 1575/2935/2501
f 1571/2917/2459 1568/2918/2490 1581/2937/2504
f 1584/2939/2506 1578/2940/2497 1573/2941/2496
f 1581/2934/2504 1575/2935/2501 1578/2940/2497
f 1582/2933/2503 1585/2920/2493 1577/2919/2492
f 1582/2936/2503 1581/2937/2504 1584/2943/2506
f 1585/2942/2493 1584/2943/2506 1583/2945/2505
f 1596/2948/2509 1597/2949/2510 1587/2946/2507
f 1589/2952/2513 1591/2953/2514 1592/2950/2511
f 1591/2953/2514 1573/2923/2496 1580/2926/2499
f 1592/2955/2511 1580/2932/2499 1572/2922/2495
f 1593/2957/2512 1592/2955/2511 1590/2954/2515
f 1595/2947/2508 1589/2952/2513 1593/2951/2512
f 1596/2958/2509 1593/2957/2512 1588/2956/2516
f 1594/2848/2453 1537/2851/2456 1597/2959/2510
f 1601/2961/2518 1588/2956/2516 1590/2954/2515
f 1599/2963/2520 1591/2964/2514 1589/2965/2513
f 1583/2938/2505 1573/2941/2496 1591/2964/2514
f 1586/2921/2494 1600/2960/2517 1590/2954/2515
f 1586/2944/2494 1583/2945/2505 1599/2967/2520
f 1600/2966/2517 1599/2967/2520 1598/2969/2519
f 1595/2972/2508 1587/2973/2507 1602/2970/2521
f 1603/2971/2522 1598/2962/2519 1589/2965/2513
f 1604/2849/2454 1594/2848/2453 1588/2956/2516
f 1601/2968/2518 1598/2969/2519 1603/2975/2522
f 1604/2974/2454 1603/2975/2522 1602/2977/2521
f 1639/2979/2524 1640/2980/2525 1606/2981/2526
f 1621/2984/2529 1607/2985/2530 1612/2982/2527
f 1614/2988/2533 1615/2989/2534 1608/2986/2531
f 1610/2991/2536 1587/2946/2507 1597/2949/2510
f 1611/2993/2535 1597/2959/2510 1537/2851/2456
f 1613/2987/2532 1610/2991/2536 1611/2990/2535
f 1614/2994/2533 1611/2993/2535 1609/2992/2537
f 1614/2994/2533 1612/2982/2527 1607/2985/2530
f 1617/2996/2538 1609/2992/2537 1537/2851/2456
f 1587/2973/2507 1610/2998/2536 1616/2997/2539
f 1605/2976/2455 1602/2977/2521 1616/3000/2539
f 1613/3003/2532 1608/3004/2531 1618/3001/2540
f 1619/3002/2541 1616/2997/2539 1610/2998/2536
f 1620/2983/2528 1612/2982/2527 1609/2992/2537
f 1617/2999/2538 1616/3000/2539 1619/3006/2541
f 1620/3005/2528 1619/3006/2541 1618/3008/2540
f 1631/3011/2544 1632/3012/2545 1622/3009/2542
f 1624/3015/2548 1626/3016/2549 1627/3013/2546
f 1626/3016/2549 1608/2986/2531 1615/2989/2534
f 1615/2995/2534 1607/2985/2530 1625/3017/2550
f 1628/3020/2547 1627/3018/2546 1625/3017/2550
f 1630/3010/2543 1624/3015/2548 1628/3014/2547
f 1631/3021/2544 1628/3020/2547 1623/3019/2551
f 1629/2978/2523 1606/2981/2526 1632/3022/2545
f 1636/3024/2553 1623/3019/2551 1625/3017/2550
f 1626/3027/2549 1624/3028/2548 1633/3025/2554
f 1634/3026/2555 1618/3001/2540 1608/3004/2531
f 1635/3023/2552 1625/3017/2550 1607/2985/2530
f 1621/3007/2529 1618/3008/2540 1634/3030/2555
f 1635/3029/2552 1634/3030/2555 1633/3032/2554
f 1638/3034/2557 1630/3035/2543 1622/3036/2542
f 1638/3034/2557 1633/3025/2554 1624/3028/2548
f 1639/2979/2524 1629/2978/2523 1623/3019/2551
f 1636/3031/2553 1633/3032/2554 1638/3038/2557
f 1639/3037/2524 1638/3038/2557 1637/3040/2556
f 1654/3042/2559 1655/3043/2560 1641/3044/2561
f 1647/3046/2563 1648/3047/2564 1649/3048/2565
f 1645/3049/2566 1644/3050/2567 1622/3009/2542
f 1645/3052/2566 1632/3022/2545 1606/2981/2526
f 1648/3047/2564 1647/3046/2563 1644/3050/2567
f 1648/3054/2564 1645/3055/2566 1643/3056/2568
f 1648/3054/2564 1646/3053/2558 1641/3058/2561
f 1640/2980/2525 1651/3059/2569 1643/3051/2568
f 1637/3033/2556 1622/3036/2542 1644/3061/2567
f 1640/3039/2525 1637/3040/2556 1650/3063/2570
f 1653/3065/2572 1647/3066/2563 1642/3067/2562
f 1650/3068/2570 1644/3069/2567 1647/3066/2563
f 1651/3062/2569 1654/3042/2559 1646/3041/2558
f 1650/3063/2570 1653/3071/2572 1654/3042/2559
f 1653/3071/2572 1652/3072/2571 1655/3043/2560
f 1664/3074/2574 1665/3075/2575 1666/3076/2576
f 1662/3078/2578 1658/3079/2579 1660/3080/2580
f 1661/3077/2577 1660/3080/2580 1642/3045/2562
f 1649/3057/2565 1641/3058/2561 1659/3081/2581
f 1661/3082/2577 1659/3081/2581 1657/3083/2582
f 1664/3074/2574 1658/3079/2579 1662/3078/2578
f 1665/3086/2575 1662/3084/2578 1657/3083/2582
f 1665/3086/2575 1663/3085/2449 1536/3088/2452
f 1669/3090/2583 1670/3091/2584 1657/3092/2582
f 1668/3094/2586 1660/3095/2580 1658/3096/2579
f 1652/3064/2571 1642/3067/2562 1660/3095/2580
f 1655/3043/2560 1669/3090/2583 1659/3089/2581
f 1652/3072/2571 1668/3097/2586 1669/3090/2583
f 1668/3097/2586 1667/3098/2585 1670/3091/2584
f 1672/3100/2588 1664/3101/2574 1656/3102/2573
f 1672/3100/2588 1667/3093/2585 1658/3096/2579
f 1673/2845/2450 1663/2844/2449 1657/3092/2582
f 1670/3091/2584 1667/3098/2585 1672/3103/2588
f 1672/3103/2588 1671/3104/2587 1674/2846/2451
f 1739/3107/2591 1675/3108/2592 1728/3105/2589
f 1705/3111/2595 1676/3112/2596 1696/3109/2593
f 1690/3114/2598 1691/3115/2599 1677/3116/2600
f 1683/3118/2602 1684/3119/2603 1685/3120/2604
f 1681/3121/2605 1680/3122/2606 1656/3073/2573
f 1666/3087/2576 1536/3088/2452 1679/3123/2607
f 1684/3119/2603 1683/3118/2602 1680/3122/2606
f 1681/3124/2605 1679/3123/2607 1682/3125/2597
f 1684/3126/2603 1682/3125/2597 1677/3128/2600
f 1674/2846/2451 1687/3129/2608 1679/3130/2607
f 1671/3099/2587 1656/3102/2573 1680/3132/2606
f 1671/3104/2587 1686/3133/2609 1687/3129/2608
f 1689/3135/2611 1683/3136/2602 1678/3137/2601
f 1686/3131/2609 1680/3132/2606 1683/3136/2602
f 1687/3129/2608 1690/3114/2598 1682/3113/2597
f 1686/3133/2609 1689/3138/2611 1690/3114/2598
f 1689/3138/2611 1688/3139/2610 1691/3115/2599
f 1698/3142/2614 1699/3143/2615 1692/3140/2612
f 1695/3144/2616 1694/3145/2617 1678/3117/2601
f 1685/3127/2604 1677/3128/2600 1693/3146/2618
f 1698/3142/2614 1697/3141/2613 1694/3145/2617
f 1695/3147/2616 1693/3146/2618 1696/3148/2593
f 1696/3148/2593 1676/3151/2596 1699/3150/2615
f 1691/3115/2599 1701/3152/2619 1693/3153/2618
f 1688/3134/2610 1678/3137/2601 1694/3155/2617
f 1688/3139/2610 1700/3156/2620 1701/3152/2619
f 1703/3158/2622 1697/3159/2613 1692/3160/2612
f 1700/3154/2620 1694/3155/2617 1697/3159/2613
f 1701/3152/2619 1704/3110/2594 1696/3109/2593
f 1700/3156/2620 1703/3161/2622 1704/3110/2594
f 1704/3110/2594 1703/3161/2622 1702/3162/2621
f 1720/3165/2625 1706/3166/2626 1711/3163/2623
f 1713/3169/2629 1714/3170/2630 1707/3167/2627
f 1709/3172/2632 1692/3140/2612 1699/3143/2615
f 1710/3174/2631 1699/3150/2615 1676/3151/2596
f 1712/3168/2628 1709/3172/2632 1710/3171/2631
f 1713/3176/2629 1710/3174/2631 1708/3173/2633
f 1711/3175/2623 1706/3178/2626 1714/3177/2630
f 1716/3179/2634 1708/3180/2633 1676/3112/2596
f 1702/3157/2621 1692/3160/2612 1709/3182/2632
f 1705/3111/2595 1702/3162/2621 1715/3183/2635
f 1718/3185/2637 1712/3186/2628 1707/3187/2627
f 1715/3181/2635 1709/3182/2632 1712/3186/2628
f 1719/3164/2624 1711/3163/2623 1708/3180/2633
f 1716/3179/2634 1715/3183/2635 1718/3188/2637
f 1719/3164/2624 1718/3188/2637 1717/3189/2636
f 1730/3192/2640 1731/3193/2641 1721/3190/2638
f 1723/3196/2644 1725/3197/2645 1726/3194/2642
f 1725/3197/2645 1707/3167/2627 1714/3170/2630
f 1726/3199/2642 1714/3177/2630 1706/3178/2626
f 1727/3201/2643 1726/3199/2642 1724/3198/2646
f 1729/3191/2639 1723/3196/2644 1727/3195/2643
f 1730/3203/2640 1727/3201/2643 1722/3200/2647
f 1728/3202/2589 1675/3205/2592 1731/3204/2641
f 1735/3208/2649 1722/3209/2647 1724/3206/2646
f 1733/3211/2651 1725/3212/2645 1723/3213/2644
f 1717/3184/2636 1707/3187/2627 1725/3212/2645
f 1734/3207/2648 1724/3206/2646 1706/3166/2626
f 1720/3165/2625 1717/3189/2636 1733/3214/2651
f 1734/3207/2648 1733/3214/2651 1732/3215/2650
f 1737/3217/2653 1729/3218/2639 1721/3219/2638
f 1732/3210/2650 1723/3213/2644 1729/3218/2639
f 1738/3106/2590 1728/3105/2589 1722/3209/2647
f 1735/3208/2649 1732/3215/2650 1737/3220/2653
f 1738/3106/2590 1737/3220/2653 1736/3221/2652
f 1773/3223/2655 1774/3224/2656 1740/3225/2657
f 1754/3227/2659 1755/3228/2660 1741/3229/2661
f 1747/3231/2663 1748/3232/2664 1749/3233/2665
f 1744/3235/2667 1721/3190/2638 1731/3193/2641
f 1745/3237/2666 1731/3204/2641 1675/3205/2592
f 1748/3232/2664 1747/3231/2663 1744/3235/2667
f 1745/3237/2666 1743/3236/2668 1746/3238/2658
f 1748/3239/2664 1746/3238/2658 1741/3241/2661
f 1751/3242/2669 1743/3243/2668 1675/3108/2592
f 1736/3216/2652 1721/3219/2638 1744/3245/2667
f 1739/3107/2591 1736/3221/2652 1750/3246/2670
f 1747/3249/2663 1742/3250/2662 1752/3247/2671
f 1753/3248/2672 1750/3244/2670 1744/3245/2667
f 1751/3242/2669 1754/3227/2659 1746/3226/2658
f 1750/3246/2670 1753/3251/2672 1754/3227/2659
f 1753/3251/2672 1752/3252/2671 1755/3228/2660
f 1764/3254/2674 1765/3255/2675 1766/3256/2676
f 1762/3258/2678 1758/3259/2679 1760/3260/2680
f 1761/3257/2677 1760/3260/2680 1742/3230/2662
f 1749/3240/2665 1741/3241/2661 1759/3261/2681
f 1761/3262/2677 1759/3261/2681 1757/3263/2682
f 1765/3255/2675 1764/3254/2674 1758/3259/2679
f 1762/3264/2678 1757/3263/2682 1763/3265/2654
f 1765/3266/2675 1763/3265/2654 1740/3268/2657
f 1769/3270/2683 1770/3271/2684 1757/3272/2682
f 1760/3275/2680 1758/3276/2679 1767/3273/2685
f 1768/3274/2686 1752/3247/2671 1742/3250/2662
f 1755/3228/2660 1769/3270/2683 1759/3269/2681
f 1752/3252/2671 1768/3277/2686 1769/3270/2683
f 1768/3277/2686 1767/3278/2685 1770/3271/2684
f 1764/3281/2674 1756/3282/2673 1771/3279/2687
f 1772/3280/2688 1767/3273/2685 1758/3276/2679
f 1770/3271/2684 1773/3223/2655 1763/3222/2654
f 1767/3278/2685 1772/3283/2688 1773/3223/2655
f 1772/3283/2688 1771/3284/2687 1774/3224/2656
f 1788/3286/2690 1789/3287/2691 1775/3288/2692
f 1781/3290/2694 1782/3291/2695 1783/3292/2696
f 1779/3293/2697 1778/3294/2698 1756/3253/2673
f 1766/3267/2676 1740/3268/2657 1777/3295/2699
f 1782/3291/2695 1781/3290/2694 1778/3294/2698
f 1779/3296/2697 1777/3295/2699 1780/3297/2689
f 1782/3298/2695 1780/3297/2689 1775/3300/2692
f 1774/3224/2656 1785/3301/2700 1777/3302/2699
f 1756/3282/2673 1778/3304/2698 1784/3303/2701
f 1771/3284/2687 1784/3305/2701 1785/3301/2700
f 1781/3308/2694 1776/3309/2693 1786/3306/2702
f 1787/3307/2703 1784/3303/2701 1778/3304/2698
f 1785/3301/2700 1788/3286/2690 1780/3285/2689
f 1784/3305/2701 1787/3310/2703 1788/3286/2690
f 1787/3310/2703 1786/3311/2702 1789/3287/2691
f 1799/3314/2706 1800/3315/2707 1790/3312/2704
f 1792/3318/2710 1794/3319/2711 1795/3316/2708
f 1795/3316/2708 1794/3319/2711 1776/3289/2693
f 1783/3299/2696 1775/3300/2692 1793/3320/2712
f 1796/3323/2709 1795/3321/2708 1793/3320/2712
f 1798/3313/2705 1792/3318/2710 1796/3317/2709
f 1799/3325/2706 1796/3323/2709 1791/3322/2713
f 1797/3324/2445 1535/3327/2448 1800/3326/2707
f 1804/3330/2715 1791/3331/2713 1793/3328/2712
f 1794/3334/2711 1792/3335/2710 1801/3332/2716
f 1802/3333/2717 1786/3306/2702 1776/3309/2693
f 1789/3287/2691 1803/3329/2714 1793/3328/2712
f 1786/3311/2702 1802/3336/2717 1803/3329/2714
f 1803/3329/2714 1802/3336/2717 1801/3337/2716
f 1798/3340/2705 1790/3341/2704 1805/3338/2718
f 1806/3339/2719 1801/3332/2716 1792/3335/2710
f 1807/2841/2446 1797/2840/2445 1791/3331/2713
f 1804/3330/2715 1801/3337/2716 1806/3342/2719
f 1807/2841/2446 1806/3342/2719 1805/3343/2718
f 1942/3345/2721 1943/3346/2722 1809/3347/2723
f 1874/3350/2726 1810/3351/2727 1863/3348/2724
f 1839/3353/2729 1840/3354/2730 1811/3355/2731
f 1826/3358/2734 1812/3359/2735 1817/3356/2732
f 1819/3362/2738 1820/3363/2739 1813/3360/2736
f 1815/3365/2741 1790/3312/2704 1800/3315/2707
f 1816/3367/2740 1800/3326/2707 1535/3327/2448
f 1818/3361/2737 1815/3365/2741 1816/3364/2740
f 1819/3369/2738 1816/3367/2740 1814/3366/2742
f 1817/3368/2732 1812/3371/2735 1820/3370/2739
f 1822/3374/2743 1814/3375/2742 1535/3372/2448
f 1790/3341/2704 1815/3377/2741 1821/3376/2744
f 1808/2842/2447 1805/3343/2718 1821/3379/2744
f 1824/3381/2746 1818/3382/2737 1813/3383/2736
f 1824/3381/2746 1821/3376/2744 1815/3377/2741
f 1825/3357/2733 1817/3356/2732 1814/3375/2742
f 1822/3378/2743 1821/3379/2744 1824/3385/2746
f 1825/3384/2733 1824/3385/2746 1823/3387/2745
f 1832/3389/2748 1833/3390/2749 1834/3391/2750
f 1829/3393/2752 1813/3360/2736 1820/3363/2739
f 1830/3395/2751 1820/3370/2739 1812/3371/2735
f 1833/3390/2749 1832/3389/2748 1829/3393/2752
f 1833/3397/2749 1830/3395/2751 1828/3394/2753
f 1831/3396/2728 1811/3399/2731 1834/3398/2750
f 1826/3358/2734 1836/3400/2754 1828/3401/2753
f 1823/3380/2745 1813/3383/2736 1829/3403/2752
f 1826/3386/2734 1823/3387/2745 1835/3405/2755
f 1838/3407/2757 1832/3408/2748 1827/3409/2747
f 1835/3402/2755 1829/3403/2752 1832/3408/2748
f 1836/3400/2754 1839/3353/2729 1831/3352/2728
f 1835/3405/2755 1838/3411/2757 1839/3410/2729
f 1838/3411/2757 1837/3413/2756 1840/3412/2730
f 1854/3415/2759 1855/3416/2760 1841/3417/2761
f 1847/3419/2763 1848/3420/2764 1849/3421/2765
f 1845/3422/2766 1844/3423/2767 1827/3388/2747
f 1845/3425/2766 1834/3398/2750 1811/3399/2731
f 1848/3420/2764 1847/3419/2763 1844/3423/2767
f 1848/3427/2764 1845/3425/2766 1843/3424/2768
f 1846/3426/2758 1841/3429/2761 1849/3428/2765
f 1840/3354/2730 1851/3430/2769 1843/3431/2768
f 1837/3406/2756 1827/3409/2747 1844/3433/2767
f 1837/3413/2756 1850/3435/2770 1851/3434/2769
f 1853/3437/2772 1847/3438/2763 1842/3439/2762
f 1850/3432/2770 1844/3433/2767 1847/3438/2763
f 1851/3430/2769 1854/3415/2759 1846/3414/2758
f 1850/3435/2770 1853/3441/2772 1854/3440/2759
f 1854/3440/2759 1853/3441/2772 1852/3443/2771
f 1865/3446/2775 1866/3447/2776 1856/3444/2773
f 1858/3450/2779 1860/3451/2780 1861/3448/2777
f 1860/3451/2780 1842/3418/2762 1849/3421/2765
f 1861/3453/2777 1849/3428/2765 1841/3429/2761
f 1862/3455/2778 1861/3453/2777 1859/3452/2781
f 1864/3445/2774 1858/3450/2779 1862/3449/2778
f 1865/3457/2775 1862/3455/2778 1857/3454/2782
f 1863/3456/2724 1810/3459/2727 1866/3458/2776
f 1870/3462/2784 1857/3463/2782 1859/3460/2781
f 1868/3465/2786 1860/3466/2780 1858/3467/2779
f 1852/3436/2771 1842/3439/2762 1860/3466/2780
f 1869/3461/2783 1859/3460/2781 1841/3417/2761
f 1855/3442/2760 1852/3443/2771 1868/3469/2786
f 1869/3468/2783 1868/3469/2786 1867/3471/2785
f 1864/3474/2774 1856/3475/2773 1871/3472/2787
f 1872/3473/2788 1867/3464/2785 1858/3467/2779
f 1873/3476/2725 1863/3477/2724 1857/3463/2782
f 1870/3470/2784 1867/3471/2785 1872/3478/2788
f 1873/3349/2725 1872/3478/2788 1871/3479/2787
f 1908/3481/2790 1909/3482/2791 1875/3483/2792
f 1890/3486/2795 1876/3487/2796 1881/3484/2793
f 1883/3490/2799 1884/3491/2800 1877/3488/2797
f 1880/3492/2801 1879/3493/2802 1856/3444/2773
f 1866/3458/2776 1810/3459/2727 1878/3494/2803
f 1882/3489/2798 1879/3493/2802 1880/3492/2801
f 1883/3497/2799 1880/3495/2801 1878/3494/2803
f 1883/3497/2799 1881/3496/2793 1876/3499/2796
f 1886/3500/2804 1878/3501/2803 1810/3351/2727
f 1856/3475/2773 1879/3503/2802 1885/3502/2805
f 1871/3479/2787 1885/3504/2805 1886/3500/2804
f 1882/3507/2798 1877/3508/2797 1887/3505/2806
f 1888/3506/2807 1885/3502/2805 1879/3503/2802
f 1889/3509/2794 1881/3510/2793 1878/3501/2803
f 1886/3500/2804 1885/3504/2805 1888/3511/2807
f 1889/3509/2794 1888/3511/2807 1887/3513/2806
f 1899/3515/2809 1900/3516/2810 1901/3517/2811
f 1897/3519/2813 1893/3520/2814 1895/3521/2815
f 1896/3518/2812 1895/3521/2815 1877/3488/2797
f 1884/3498/2800 1876/3499/2796 1894/3522/2816
f 1896/3523/2812 1894/3522/2816 1892/3524/2817
f 1900/3516/2810 1899/3515/2809 1893/3520/2814
f 1897/3525/2813 1892/3524/2817 1898/3526/2789
f 1900/3527/2810 1898/3526/2789 1875/3529/2792
f 1905/3532/2819 1892/3533/2817 1894/3530/2816
f 1895/3536/2815 1893/3537/2814 1902/3534/2820
f 1903/3535/2821 1887/3505/2806 1877/3508/2797
f 1904/3531/2818 1894/3530/2816 1876/3487/2796
f 1887/3513/2806 1903/3539/2821 1904/3538/2818
f 1903/3539/2821 1902/3541/2820 1905/3540/2819
f 1899/3544/2809 1891/3545/2808 1906/3542/2822
f 1907/3543/2823 1902/3534/2820 1893/3537/2814
f 1905/3532/2819 1908/3481/2790 1898/3480/2789
f 1902/3541/2820 1907/3547/2823 1908/3546/2790
f 1907/3547/2823 1906/3549/2822 1909/3548/2791
f 1924/3552/2826 1910/3553/2827 1915/3550/2824
f 1917/3556/2830 1918/3557/2831 1911/3554/2828
f 1914/3559/2832 1913/3560/2833 1891/3561/2808
f 1901/3528/2811 1875/3529/2792 1912/3562/2834
f 1916/3555/2829 1913/3560/2833 1914/3559/2832
f 1917/3565/2830 1914/3563/2832 1912/3562/2834
f 1915/3564/2824 1910/3567/2827 1918/3566/2831
f 1920/3568/2835 1912/3569/2834 1875/3483/2792
f 1891/3545/2808 1913/3571/2833 1919/3570/2836
f 1906/3549/2822 1919/3573/2836 1920/3572/2835
f 1922/3575/2838 1916/3576/2829 1911/3577/2828
f 1922/3575/2838 1919/3570/2836 1913/3571/2833
f 1923/3551/2825 1915/3550/2824 1912/3569/2834
f 1920/3572/2835 1919/3573/2836 1922/3579/2838
f 1923/3578/2825 1922/3579/2838 1921/3581/2837
f 1934/3584/2841 1935/3585/2842 1925/3582/2839
f 1927/3588/2845 1929/3589/2846 1930/3586/2843
f 1929/3589/2846 1911/3554/2828 1918/3557/2831
f 1930/3591/2843 1918/3566/2831 1910/3567/2827
f 1931/3593/2844 1930/3591/2843 1928/3590/2847
f 1933/3583/2840 1927/3588/2845 1931/3587/2844
f 1934/3595/2841 1931/3593/2844 1926/3592/2848
f 1934/3595/2841 1932/3594/2720 1809/3597/2723
f 1939/3600/2850 1926/3601/2848 1928/3598/2847
f 1937/3603/2852 1929/3604/2846 1927/3605/2845
f 1921/3574/2837 1911/3577/2828 1929/3604/2846
f 1938/3599/2849 1928/3598/2847 1910/3553/2827
f 1924/3580/2826 1921/3581/2837 1937/3607/2852
f 1938/3606/2849 1937/3607/2852 1936/3609/2851
f 1941/3611/2854 1933/3612/2840 1925/3613/2839
f 1936/3602/2851 1927/3605/2845 1933/3612/2840
f 1942/3345/2721 1932/3344/2720 1926/3601/2848
f 1939/3615/2850 1936/3602/2851 1941/3611/2854
f 1941/3611/2854 1940/3610/2853 1943/3616/2722
f 2013/3619/2857 1944/3620/2858 2002/3617/2855
f 1978/3622/2860 1979/3623/2861 1945/3624/2862
f 1959/3626/2864 1960/3627/2865 1946/3628/2866
f 1952/3630/2868 1953/3631/2869 1954/3632/2870
f 1949/3634/2872 1925/3582/2839 1935/3585/2842
f 1935/3596/2842 1809/3597/2723 1948/3635/2873
f 1953/3631/2869 1952/3630/2868 1949/3634/2872
f 1953/3638/2869 1950/3636/2871 1948/3635/2873
f 1951/3637/2863 1946/3640/2866 1954/3639/2870
f 1943/3346/2722 1956/3641/2874 1948/3642/2873
f 1940/3610/2853 1925/3613/2839 1949/3644/2872
f 1940/3610/2853 1955/3643/2875 1956/3645/2874
f 1958/3647/2877 1952/3648/2868 1947/3649/2867
f 1955/3643/2875 1949/3644/2872 1952/3648/2868
f 1956/3641/2874 1959/3626/2864 1951/3625/2863
f 1956/3645/2874 1955/3643/2875 1958/3647/2877
f 1959/3650/2864 1958/3647/2877 1957/3646/2876
f 1969/3653/2879 1970/3654/2880 1971/3655/2881
f 1967/3657/2883 1963/3658/2884 1965/3659/2885
f 1966/3656/2882 1965/3659/2885 1947/3629/2867
f 1966/3661/2882 1954/3639/2870 1946/3640/2866
f 1967/3663/2883 1966/3661/2882 1964/3660/2886
f 1970/3654/2880 1969/3653/2879 1963/3658/2884
f 1967/3663/2883 1962/3662/2887 1968/3664/2859
f 1970/3665/2880 1968/3664/2859 1945/3667/2862
f 1974/3669/2888 1975/3670/2889 1962/3671/2887
f 1973/3673/2891 1965/3674/2885 1963/3675/2884
f 1957/3646/2876 1947/3649/2867 1965/3674/2885
f 1960/3627/2865 1974/3669/2888 1964/3668/2886
f 1960/3651/2865 1957/3646/2876 1973/3673/2891
f 1973/3673/2891 1972/3672/2890 1975/3677/2889
f 1977/3679/2893 1969/3680/2879 1961/3681/2878
f 1972/3672/2890 1963/3675/2884 1969/3680/2879
f 1975/3670/2889 1978/3622/2860 1968/3621/2859
f 1972/3672/2890 1977/3679/2893 1978/3682/2860
f 1977/3679/2893 1976/3678/2892 1979/3683/2861
f 1993/3685/2895 1994/3686/2896 1980/3687/2897
f 1986/3689/2899 1987/3690/2900 1988/3691/2901
f 1984/3692/2902 1983/3693/2903 1961/3652/2878
f 1971/3666/2881 1945/3667/2862 1982/3694/2904
f 1987/3690/2900 1986/3689/2899 1983/3693/2903
f 1984/3695/2902 1982/3694/2904 1985/3696/2894
f 1987/3697/2900 1985/3696/2894 1980/3699/2897
f 1979/3623/2861 1990/3700/2905 1982/3701/2904
f 1961/3681/2878 1983/3703/2903 1989/3702/2906
f 1976/3678/2892 1989/3702/2906 1990/3704/2905
f 1986/3707/2899 1981/3708/2898 1991/3705/2907
f 1992/3706/2908 1989/3702/2906 1983/3703/2903
f 1990/3700/2905 1993/3685/2895 1985/3684/2894
f 1989/3702/2906 1992/3706/2908 1993/3709/2895
f 1992/3706/2908 1991/3705/2907 1994/3710/2896
f 2004/3713/2911 2005/3714/2912 1995/3711/2909
f 2001/3716/2914 1997/3717/2915 1999/3718/2916
f 2000/3715/2913 1999/3718/2916 1981/3688/2898
f 1988/3698/2901 1980/3699/2897 1998/3719/2917
f 2000/3720/2913 1998/3719/2917 1996/3721/2918
f 2004/3713/2911 2003/3712/2910 1997/3717/2915
f 2001/3722/2914 1996/3721/2918 2002/3723/2855
f 2004/3724/2911 2002/3723/2855 1944/3726/2858
f 2008/3728/2919 2009/3729/2920 1996/3730/2918
f 1999/3733/2916 1997/3734/2915 2006/3731/2921
f 2007/3732/2922 1991/3705/2907 1981/3708/2898
f 1994/3686/2896 2008/3728/2919 1998/3727/2917
f 1991/3705/2907 2007/3732/2922 2008/3735/2919
f 2007/3732/2922 2006/3731/2921 2009/3736/2920
f 2003/3739/2910 1995/3740/2909 2010/3737/2923
f 2011/3738/2924 2006/3731/2921 1997/3734/2915
f 2012/3618/2856 2002/3617/2855 1996/3730/2918
f 2006/3731/2921 2011/3738/2924 2012/3741/2856
f 2011/3738/2924 2010/3737/2923 2013/3742/2857
f 2047/3744/2926 2048/3745/2927 2014/3746/2928
f 2028/3748/2930 2029/3749/2931 2015/3750/2932
f 2021/3752/2934 2022/3753/2935 2023/3754/2936
f 2018/3756/2938 1995/3711/2909 2005/3714/2912
f 2019/3758/2937 2005/3725/2912 1944/3726/2858
f 2022/3753/2935 2021/3752/2934 2018/3756/2938
f 2022/3760/2935 2019/3758/2937 2017/3757/2939
f 2020/3759/2929 2015/3762/2932 2023/3761/2936
f 2013/3619/2857 2025/3763/2940 2017/3764/2939
f 2010/3737/2923 1995/3740/2909 2018/3766/2938
f 2013/3742/2857 2010/3737/2923 2024/3765/2941
f 2027/3769/2943 2021/3770/2934 2016/3771/2933
f 2024/3765/2941 2018/3766/2938 2021/3770/2934
f 2025/3763/2940 2028/3748/2930 2020/3747/2929
f 2025/3767/2940 2024/3765/2941 2027/3769/2943
f 2027/3769/2943 2026/3768/2942 2029/3773/2931
f 2038/3775/2945 2039/3776/2946 2040/3777/2947
f 2036/3779/2949 2032/3780/2950 2034/3781/2951
f 2035/3778/2948 2034/3781/2951 2016/3751/2933
f 2035/3783/2948 2023/3761/2936 2015/3762/2932
f 2036/3785/2949 2035/3783/2948 2033/3782/2952
f 2039/3776/2946 2038/3775/2945 2032/3780/2950
f 2039/3787/2946 2036/3785/2949 2031/3784/2953
f 2037/3786/2925 2014/3789/2928 2040/3788/2947
f 2043/3791/2954 2044/3792/2955 2031/3793/2953
f 2042/3795/2957 2034/3796/2951 2032/3797/2950
f 2026/3768/2942 2016/3771/2933 2034/3796/2951
f 2029/3749/2931 2043/3791/2954 2033/3790/2952
f 2026/3768/2942 2042/3795/2957 2043/3798/2954
f 2042/3795/2957 2041/3794/2956 2044/3799/2955
f 2046/3801/2959 2038/3802/2945 2030/3803/2944
f 2041/3794/2956 2032/3797/2950 2038/3802/2945
f 2044/3792/2955 2047/3744/2926 2037/3743/2925
f 2041/3794/2956 2046/3801/2959 2047/3804/2926
f 2046/3801/2959 2045/3800/2958 2048/3805/2927
f 2062/3807/2961 2063/3808/2962 2049/3809/2963
f 2055/3811/2965 2056/3812/2966 2057/3813/2967
f 2053/3814/2968 2052/3815/2969 2030/3774/2944
f 2053/3817/2968 2040/3788/2947 2014/3789/2928
f 2056/3812/2966 2055/3811/2965 2052/3815/2969
f 2056/3819/2966 2053/3817/2968 2051/3816/2970
f 2054/3818/2960 2049/3821/2963 2057/3820/2967
f 2048/3745/2927 2059/3822/2971 2051/3823/2970
f 2045/3800/2958 2030/3803/2944 2052/3825/2969
f 2045/3800/2958 2058/3824/2972 2059/3826/2971
f 2061/3828/2974 2055/3829/2965 2050/3830/2964
f 2058/3824/2972 2052/3825/2969 2055/3829/2965
f 2059/3822/2971 2062/3807/2961 2054/3806/2960
f 2058/3824/2972 2061/3828/2974 2062/3831/2961
f 2061/3828/2974 2060/3827/2973 2063/3832/2962
f 2073/3835/2977 2074/3836/2978 2064/3833/2975
f 2070/3838/2980 2066/3839/2981 2068/3840/2982
f 2069/3837/2979 2068/3840/2982 2050/3810/2964
f 2069/3842/2979 2057/3820/2967 2049/3821/2963
f 2070/3844/2980 2069/3842/2979 2067/3841/2983
f 2073/3835/2977 2072/3834/2976 2066/3839/2981
f 2073/3846/2977 2070/3844/2980 2065/3843/2984
f 2073/3846/2977 2071/3845/2441 1534/3848/2444
f 2077/3850/2985 2078/3851/2986 2065/3852/2984
f 2076/3854/2988 2068/3855/2982 2066/3856/2981
f 2060/3827/2973 2050/3830/2964 2068/3855/2982
f 2063/3808/2962 2077/3850/2985 2067/3849/2983
f 2060/3827/2973 2076/3854/2988 2077/3857/2985
f 2076/3854/2988 2075/3853/2987 2078/3858/2986
f 2072/3861/2976 2064/3862/2975 2079/3859/2989
f 2075/3853/2987 2066/3856/2981 2072/3861/2976
f 2078/3851/2986 2081/2837/2442 2071/2836/2441
f 2078/3858/2986 2075/3853/2987 2080/3860/2990
f 2081/3863/2442 2080/3860/2990 2079/3859/2989
s 225
f 744/1448/1376 743/1440/1366 741/1447/1373

# 4094 faces
