# Blender v2.92.0 OBJ File: 'Potted Tropical Plant.blend'
# www.blender.org
mtllib Tropical Pot Plant.mtl
o Tropical_Pot_Plant
v 0.000000 0.000000 0.000000
v 0.061974 0.126359 0.000000
v 0.090437 0.097992 0.000180
v 0.088539 0.147843 0.000037
v 0.106792 0.043217 0.000097
v 0.097650 0.068736 0.000147
v 0.108099 0.027548 0.000023
v 0.089440 0.002252 -0.000000
v 0.083036 0.000000 -0.000000
v 0.086390 0.000660 -0.000000
v 0.073430 0.161489 0.000000
v 0.087040 0.150310 0.000029
v 0.080705 0.156916 0.000008
v 0.062878 0.157535 0.000000
v 0.086872 0.130611 0.000087
v 0.088941 0.142485 0.000052
v 0.088593 0.136836 0.000069
v 0.000000 0.000000 0.000000
v 0.060783 0.126359 -0.012090
v 0.088734 0.097992 -0.017467
v 0.086845 0.147843 -0.017237
v 0.104759 0.043217 -0.020739
v 0.095803 0.068736 -0.018907
v 0.106026 0.027548 -0.021066
v 0.087721 0.002252 -0.017449
v 0.081440 0.000000 -0.016199
v 0.084730 0.000660 -0.016854
v 0.072020 0.161489 -0.014325
v 0.085373 0.150310 -0.016952
v 0.079156 0.156916 -0.015737
v 0.061670 0.157535 -0.012267
v 0.085220 0.130611 -0.016863
v 0.087242 0.142485 -0.017300
v 0.086905 0.136836 -0.017216
v 0.000000 0.000000 0.000000
v 0.057256 0.126359 -0.023716
v 0.083622 0.097992 -0.034442
v 0.081813 0.147843 -0.033848
v 0.098700 0.043217 -0.040778
v 0.090273 0.068736 -0.037234
v 0.099879 0.027548 -0.041346
v 0.082632 0.002252 -0.034227
v 0.076715 0.000000 -0.031776
v 0.079814 0.000660 -0.033060
v 0.067841 0.161489 -0.028100
v 0.080425 0.150310 -0.033282
v 0.074565 0.156916 -0.030877
v 0.058092 0.157535 -0.024062
v 0.080292 0.130611 -0.033164
v 0.082191 0.142485 -0.033988
v 0.081876 0.136836 -0.033840
v 0.000000 0.000000 0.000000
v 0.051529 0.126359 -0.034431
v 0.075295 0.097992 -0.050094
v 0.073638 0.147843 -0.049159
v 0.088848 0.043217 -0.059250
v 0.081275 0.068736 -0.054130
v 0.089894 0.027548 -0.060037
v 0.074367 0.002252 -0.049690
v 0.069042 0.000000 -0.046132
v 0.071831 0.000660 -0.047996
v 0.061055 0.161489 -0.040796
v 0.072387 0.150310 -0.048332
v 0.067109 0.156916 -0.044831
v 0.052281 0.157535 -0.034933
v 0.072280 0.130611 -0.048192
v 0.073981 0.142485 -0.049369
v 0.073701 0.136836 -0.049163
v 0.000000 0.000000 0.000000
v 0.043822 0.126359 -0.043822
v 0.064076 0.097992 -0.063821
v 0.062632 0.147843 -0.062580
v 0.075582 0.043217 -0.075445
v 0.069153 0.068736 -0.068946
v 0.076454 0.027548 -0.076421
v 0.063244 0.002252 -0.063244
v 0.058715 0.000000 -0.058715
v 0.061087 0.000660 -0.061087
v 0.051923 0.161489 -0.051923
v 0.061567 0.150310 -0.061526
v 0.057073 0.156916 -0.057062
v 0.044461 0.157535 -0.044461
v 0.061489 0.130611 -0.061367
v 0.062928 0.142485 -0.062854
v 0.062694 0.136836 -0.062596
v 0.000000 0.000000 0.000000
v 0.034431 0.126359 -0.051529
v 0.050394 0.097992 -0.075095
v 0.049220 0.147843 -0.073597
v 0.059411 0.043217 -0.088741
v 0.054374 0.068736 -0.081112
v 0.060076 0.027548 -0.089868
v 0.049690 0.002252 -0.074367
v 0.046132 0.000000 -0.069042
v 0.047996 0.000660 -0.071831
v 0.040796 0.161489 -0.061055
v 0.048381 0.150310 -0.072354
v 0.044844 0.156916 -0.067100
v 0.034933 0.157535 -0.052281
v 0.048336 0.130611 -0.072183
v 0.049457 0.142485 -0.073923
v 0.049277 0.136836 -0.073625
v 0.000000 0.000000 0.000000
v 0.023716 0.126359 -0.057256
v 0.034775 0.097992 -0.083484
v 0.033916 0.147843 -0.081785
v 0.040957 0.043217 -0.098626
v 0.037505 0.068736 -0.090161
v 0.041389 0.027548 -0.099861
v 0.034227 0.002252 -0.082632
v 0.031776 0.000000 -0.076715
v 0.033060 0.000660 -0.079814
v 0.028101 0.161489 -0.067841
v 0.033336 0.150310 -0.080403
v 0.030892 0.156916 -0.074559
v 0.024062 0.157535 -0.058092
v 0.033325 0.130611 -0.080226
v 0.034085 0.142485 -0.082151
v 0.033967 0.136836 -0.081823
v 0.000000 0.000000 0.000000
v 0.012090 0.126359 -0.060783
v 0.017820 0.097992 -0.088664
v 0.017309 0.147843 -0.086830
v 0.020929 0.043217 -0.104722
v 0.019195 0.068736 -0.095746
v 0.021112 0.027548 -0.106017
v 0.017449 0.002252 -0.087721
v 0.016199 0.000000 -0.081440
v 0.016854 0.000660 -0.084730
v 0.014326 0.161489 -0.072019
v 0.017009 0.150310 -0.085361
v 0.015753 0.156916 -0.079153
v 0.012267 0.157535 -0.061670
v 0.017033 0.130611 -0.085186
v 0.017403 0.142485 -0.087222
v 0.017351 0.136836 -0.086878
v 0.000000 0.000000 0.000000
v -0.000000 0.126359 -0.061974
v 0.000180 0.097992 -0.090437
v 0.000037 0.147843 -0.088539
v 0.000097 0.043217 -0.106792
v 0.000147 0.068736 -0.097650
v 0.000023 0.027548 -0.108099
v -0.000000 0.002252 -0.089440
v -0.000000 0.000000 -0.083036
v -0.000000 0.000660 -0.086390
v 0.000000 0.161489 -0.073430
v 0.000029 0.150310 -0.087040
v 0.000008 0.156916 -0.080705
v -0.000000 0.157535 -0.062878
v 0.000087 0.130611 -0.086872
v 0.000052 0.142485 -0.088941
v 0.000069 0.136836 -0.088593
v 0.000000 0.000000 0.000000
v -0.012090 0.126359 -0.060783
v -0.017467 0.097992 -0.088734
v -0.017237 0.147843 -0.086845
v -0.020739 0.043217 -0.104759
v -0.018907 0.068736 -0.095803
v -0.021066 0.027548 -0.106026
v -0.017449 0.002252 -0.087721
v -0.016199 0.000000 -0.081440
v -0.016854 0.000660 -0.084730
v -0.014325 0.161489 -0.072020
v -0.016952 0.150310 -0.085373
v -0.015737 0.156916 -0.079156
v -0.012267 0.157535 -0.061670
v -0.016863 0.130611 -0.085220
v -0.017300 0.142485 -0.087242
v -0.017216 0.136836 -0.086905
v 0.000000 0.000000 0.000000
v -0.023716 0.126359 -0.057256
v -0.034442 0.097992 -0.083622
v -0.033848 0.147843 -0.081813
v -0.040778 0.043217 -0.098700
v -0.037234 0.068736 -0.090273
v -0.041346 0.027548 -0.099879
v -0.034227 0.002252 -0.082632
v -0.031776 0.000000 -0.076715
v -0.033060 0.000660 -0.079814
v -0.028100 0.161489 -0.067841
v -0.033282 0.150310 -0.080425
v -0.030877 0.156916 -0.074565
v -0.024062 0.157535 -0.058092
v -0.033164 0.130611 -0.080292
v -0.033988 0.142485 -0.082191
v -0.033840 0.136836 -0.081876
v 0.000000 0.000000 0.000000
v -0.034431 0.126359 -0.051529
v -0.050094 0.097992 -0.075295
v -0.049159 0.147843 -0.073638
v -0.059250 0.043217 -0.088848
v -0.054130 0.068736 -0.081275
v -0.060037 0.027548 -0.089894
v -0.049690 0.002252 -0.074367
v -0.046132 0.000000 -0.069042
v -0.047996 0.000660 -0.071831
v -0.040796 0.161489 -0.061055
v -0.048332 0.150310 -0.072387
v -0.044831 0.156916 -0.067109
v -0.034933 0.157535 -0.052281
v -0.048192 0.130611 -0.072280
v -0.049370 0.142485 -0.073981
v -0.049163 0.136836 -0.073701
v 0.000000 0.000000 0.000000
v -0.043822 0.126359 -0.043822
v -0.063821 0.097992 -0.064076
v -0.062580 0.147843 -0.062632
v -0.075445 0.043217 -0.075582
v -0.068946 0.068736 -0.069153
v -0.076421 0.027548 -0.076454
v -0.063244 0.002252 -0.063244
v -0.058715 0.000000 -0.058715
v -0.061087 0.000660 -0.061087
v -0.051923 0.161489 -0.051923
v -0.061526 0.150310 -0.061567
v -0.057062 0.156916 -0.057073
v -0.044461 0.157535 -0.044461
v -0.061367 0.130611 -0.061489
v -0.062854 0.142485 -0.062928
v -0.062596 0.136836 -0.062694
v 0.000000 0.000000 0.000000
v -0.051529 0.126359 -0.034431
v -0.075095 0.097992 -0.050394
v -0.073597 0.147843 -0.049220
v -0.088741 0.043217 -0.059411
v -0.081112 0.068736 -0.054374
v -0.089868 0.027548 -0.060076
v -0.074367 0.002252 -0.049690
v -0.069042 0.000000 -0.046132
v -0.071831 0.000660 -0.047996
v -0.061055 0.161489 -0.040796
v -0.072354 0.150310 -0.048381
v -0.067100 0.156916 -0.044844
v -0.052281 0.157535 -0.034933
v -0.072183 0.130611 -0.048336
v -0.073923 0.142485 -0.049457
v -0.073625 0.136836 -0.049277
v 0.000000 0.000000 0.000000
v -0.057256 0.126359 -0.023716
v -0.083484 0.097992 -0.034775
v -0.081785 0.147843 -0.033916
v -0.098626 0.043217 -0.040957
v -0.090161 0.068736 -0.037505
v -0.099861 0.027548 -0.041389
v -0.082632 0.002252 -0.034227
v -0.076715 0.000000 -0.031776
v -0.079814 0.000660 -0.033060
v -0.067841 0.161489 -0.028101
v -0.080403 0.150310 -0.033336
v -0.074559 0.156916 -0.030892
v -0.058092 0.157535 -0.024062
v -0.080226 0.130611 -0.033325
v -0.082151 0.142485 -0.034085
v -0.081823 0.136836 -0.033967
v 0.000000 0.000000 0.000000
v -0.060783 0.126359 -0.012090
v -0.088664 0.097992 -0.017820
v -0.086830 0.147843 -0.017309
v -0.104722 0.043217 -0.020929
v -0.095746 0.068736 -0.019195
v -0.106017 0.027548 -0.021112
v -0.087721 0.002252 -0.017449
v -0.081440 0.000000 -0.016199
v -0.084730 0.000660 -0.016854
v -0.072019 0.161489 -0.014326
v -0.085361 0.150310 -0.017009
v -0.079153 0.156916 -0.015753
v -0.061670 0.157535 -0.012267
v -0.085186 0.130611 -0.017033
v -0.087222 0.142485 -0.017403
v -0.086878 0.136836 -0.017351
v 0.000000 0.000000 0.000000
v -0.061974 0.126359 0.000000
v -0.090437 0.097992 -0.000180
v -0.088539 0.147843 -0.000037
v -0.106792 0.043217 -0.000097
v -0.097650 0.068736 -0.000147
v -0.108099 0.027548 -0.000023
v -0.089440 0.002252 0.000000
v -0.083036 0.000000 0.000000
v -0.086390 0.000660 0.000000
v -0.073430 0.161489 -0.000000
v -0.087040 0.150310 -0.000029
v -0.080705 0.156916 -0.000008
v -0.062878 0.157535 0.000000
v -0.086872 0.130611 -0.000087
v -0.088941 0.142485 -0.000052
v -0.088593 0.136836 -0.000069
v 0.000000 0.000000 0.000000
v -0.060783 0.126359 0.012090
v -0.088734 0.097992 0.017467
v -0.086845 0.147843 0.017237
v -0.104759 0.043217 0.020739
v -0.095803 0.068736 0.018907
v -0.106026 0.027548 0.021066
v -0.087721 0.002252 0.017449
v -0.081440 0.000000 0.016199
v -0.084730 0.000660 0.016854
v -0.072020 0.161489 0.014325
v -0.085373 0.150310 0.016952
v -0.079156 0.156916 0.015737
v -0.061670 0.157535 0.012267
v -0.085220 0.130611 0.016863
v -0.087242 0.142485 0.017300
v -0.086905 0.136836 0.017216
v 0.000000 0.000000 0.000000
v -0.057256 0.126359 0.023716
v -0.083622 0.097992 0.034442
v -0.081813 0.147843 0.033848
v -0.098700 0.043217 0.040778
v -0.090273 0.068736 0.037234
v -0.099879 0.027548 0.041346
v -0.082632 0.002252 0.034227
v -0.076715 0.000000 0.031776
v -0.079814 0.000660 0.033060
v -0.067841 0.161489 0.028100
v -0.080425 0.150310 0.033282
v -0.074565 0.156916 0.030877
v -0.058092 0.157535 0.024062
v -0.080292 0.130611 0.033164
v -0.082191 0.142485 0.033988
v -0.081876 0.136836 0.033840
v 0.000000 0.000000 0.000000
v -0.051529 0.126359 0.034431
v -0.075295 0.097992 0.050094
v -0.073638 0.147843 0.049159
v -0.088848 0.043217 0.059250
v -0.081275 0.068736 0.054130
v -0.089894 0.027548 0.060037
v -0.074367 0.002252 0.049690
v -0.069042 0.000000 0.046132
v -0.071831 0.000660 0.047996
v -0.061055 0.161489 0.040796
v -0.072387 0.150310 0.048332
v -0.067109 0.156916 0.044831
v -0.052281 0.157535 0.034933
v -0.072280 0.130611 0.048192
v -0.073981 0.142485 0.049369
v -0.073701 0.136836 0.049163
v 0.000000 0.000000 0.000000
v -0.043822 0.126359 0.043822
v -0.064076 0.097992 0.063821
v -0.062632 0.147843 0.062580
v -0.075582 0.043217 0.075445
v -0.069153 0.068736 0.068946
v -0.076454 0.027548 0.076421
v -0.063244 0.002252 0.063244
v -0.058715 0.000000 0.058715
v -0.061087 0.000660 0.061087
v -0.051923 0.161489 0.051923
v -0.061567 0.150310 0.061526
v -0.057073 0.156916 0.057062
v -0.044461 0.157535 0.044461
v -0.061489 0.130611 0.061367
v -0.062928 0.142485 0.062854
v -0.062694 0.136836 0.062596
v 0.000000 0.000000 0.000000
v -0.034431 0.126359 0.051529
v -0.050394 0.097992 0.075095
v -0.049220 0.147843 0.073597
v -0.059411 0.043217 0.088741
v -0.054374 0.068736 0.081112
v -0.060076 0.027548 0.089868
v -0.049690 0.002252 0.074367
v -0.046132 0.000000 0.069042
v -0.047996 0.000660 0.071831
v -0.040796 0.161489 0.061055
v -0.048381 0.150310 0.072355
v -0.044844 0.156916 0.067100
v -0.034933 0.157535 0.052281
v -0.048336 0.130611 0.072183
v -0.049457 0.142485 0.073923
v -0.049277 0.136836 0.073625
v 0.000000 0.000000 0.000000
v -0.023716 0.126359 0.057256
v -0.034775 0.097992 0.083484
v -0.033916 0.147843 0.081785
v -0.040957 0.043217 0.098626
v -0.037505 0.068736 0.090161
v -0.041389 0.027548 0.099861
v -0.034227 0.002252 0.082632
v -0.031776 0.000000 0.076715
v -0.033060 0.000660 0.079814
v -0.028101 0.161489 0.067841
v -0.033336 0.150310 0.080403
v -0.030892 0.156916 0.074559
v -0.024062 0.157535 0.058092
v -0.033325 0.130611 0.080226
v -0.034085 0.142485 0.082151
v -0.033967 0.136836 0.081823
v 0.000000 0.000000 0.000000
v -0.012090 0.126359 0.060783
v -0.017820 0.097992 0.088664
v -0.017309 0.147843 0.086830
v -0.020929 0.043217 0.104722
v -0.019195 0.068736 0.095746
v -0.021112 0.027548 0.106017
v -0.017449 0.002252 0.087721
v -0.016199 0.000000 0.081440
v -0.016854 0.000660 0.084730
v -0.014326 0.161489 0.072019
v -0.017009 0.150310 0.085361
v -0.015753 0.156916 0.079153
v -0.012267 0.157535 0.061670
v -0.017033 0.130611 0.085186
v -0.017403 0.142485 0.087222
v -0.017351 0.136836 0.086878
v 0.000000 0.000000 0.000000
v 0.000000 0.126359 0.061974
v -0.000180 0.097992 0.090437
v -0.000037 0.147843 0.088539
v -0.000097 0.043217 0.106792
v -0.000147 0.068736 0.097650
v -0.000023 0.027548 0.108099
v 0.000000 0.002252 0.089440
v 0.000000 0.000000 0.083036
v 0.000000 0.000660 0.086390
v -0.000000 0.161489 0.073430
v -0.000029 0.150310 0.087040
v -0.000008 0.156916 0.080705
v 0.000000 0.157535 0.062878
v -0.000087 0.130611 0.086872
v -0.000052 0.142485 0.088941
v -0.000069 0.136836 0.088593
v 0.000000 0.000000 0.000000
v 0.012090 0.126359 0.060783
v 0.017467 0.097992 0.088734
v 0.017237 0.147843 0.086845
v 0.020739 0.043217 0.104759
v 0.018907 0.068736 0.095803
v 0.021066 0.027548 0.106026
v 0.017449 0.002252 0.087721
v 0.016199 0.000000 0.081440
v 0.016854 0.000660 0.084730
v 0.014325 0.161489 0.072020
v 0.016952 0.150310 0.085373
v 0.015737 0.156916 0.079156
v 0.012267 0.157535 0.061670
v 0.016863 0.130611 0.085220
v 0.017300 0.142485 0.087242
v 0.017216 0.136836 0.086905
v 0.000000 0.000000 0.000000
v 0.023716 0.126359 0.057256
v 0.034442 0.097992 0.083622
v 0.033848 0.147843 0.081813
v 0.040778 0.043217 0.098700
v 0.037234 0.068736 0.090273
v 0.041346 0.027548 0.099879
v 0.034227 0.002252 0.082632
v 0.031776 0.000000 0.076715
v 0.033060 0.000660 0.079814
v 0.028100 0.161489 0.067841
v 0.033282 0.150310 0.080425
v 0.030877 0.156916 0.074565
v 0.024062 0.157535 0.058092
v 0.033164 0.130611 0.080292
v 0.033988 0.142485 0.082191
v 0.033840 0.136836 0.081876
v 0.000000 0.000000 0.000000
v 0.034431 0.126359 0.051529
v 0.050094 0.097992 0.075295
v 0.049159 0.147843 0.073638
v 0.059250 0.043217 0.088848
v 0.054130 0.068736 0.081275
v 0.060037 0.027548 0.089894
v 0.049690 0.002252 0.074367
v 0.046132 0.000000 0.069042
v 0.047996 0.000660 0.071831
v 0.040796 0.161489 0.061055
v 0.048332 0.150310 0.072387
v 0.044831 0.156916 0.067109
v 0.034933 0.157535 0.052281
v 0.048192 0.130611 0.072280
v 0.049370 0.142485 0.073981
v 0.049163 0.136836 0.073701
v 0.000000 0.000000 0.000000
v 0.043822 0.126359 0.043822
v 0.063821 0.097992 0.064076
v 0.062580 0.147843 0.062632
v 0.075445 0.043217 0.075582
v 0.068946 0.068736 0.069153
v 0.076421 0.027548 0.076454
v 0.063244 0.002252 0.063244
v 0.058715 0.000000 0.058715
v 0.061087 0.000660 0.061087
v 0.051923 0.161489 0.051923
v 0.061526 0.150310 0.061567
v 0.057062 0.156916 0.057073
v 0.044461 0.157535 0.044461
v 0.061367 0.130611 0.061489
v 0.062854 0.142485 0.062928
v 0.062596 0.136836 0.062694
v 0.000000 0.000000 0.000000
v 0.051529 0.126359 0.034431
v 0.075095 0.097992 0.050394
v 0.073597 0.147843 0.049220
v 0.088741 0.043217 0.059411
v 0.081112 0.068736 0.054374
v 0.089868 0.027548 0.060076
v 0.074367 0.002252 0.049690
v 0.069042 0.000000 0.046132
v 0.071831 0.000660 0.047996
v 0.061055 0.161489 0.040796
v 0.072354 0.150310 0.048381
v 0.067100 0.156916 0.044844
v 0.052281 0.157535 0.034933
v 0.072183 0.130611 0.048336
v 0.073923 0.142485 0.049457
v 0.073625 0.136836 0.049277
v 0.000000 0.000000 0.000000
v 0.057256 0.126359 0.023716
v 0.083484 0.097992 0.034775
v 0.081785 0.147843 0.033916
v 0.098626 0.043217 0.040957
v 0.090161 0.068736 0.037505
v 0.099861 0.027548 0.041389
v 0.082632 0.002252 0.034227
v 0.076715 0.000000 0.031776
v 0.079814 0.000660 0.033060
v 0.067841 0.161489 0.028101
v 0.080403 0.150310 0.033336
v 0.074559 0.156916 0.030892
v 0.058092 0.157535 0.024062
v 0.080226 0.130611 0.033325
v 0.082151 0.142485 0.034085
v 0.081823 0.136836 0.033967
v 0.000000 0.000000 0.000000
v 0.060783 0.126359 0.012090
v 0.088664 0.097992 0.017820
v 0.086830 0.147843 0.017309
v 0.104722 0.043217 0.020929
v 0.095746 0.068736 0.019195
v 0.106017 0.027548 0.021112
v 0.087721 0.002252 0.017449
v 0.081440 0.000000 0.016199
v 0.084730 0.000660 0.016854
v 0.072019 0.161489 0.014326
v 0.085361 0.150310 0.017009
v 0.079153 0.156916 0.015753
v 0.061670 0.157535 0.012267
v 0.085186 0.130611 0.017033
v 0.087222 0.142485 0.017403
v 0.086878 0.136836 0.017351
v 0.087485 0.112534 0.000138
v 0.085831 0.112534 -0.016932
v 0.080878 0.112534 -0.033352
v 0.072818 0.112534 -0.048490
v 0.061959 0.112534 -0.061764
v 0.048719 0.112534 -0.072665
v 0.033606 0.112534 -0.080773
v 0.017203 0.112534 -0.085777
v 0.000138 0.112534 -0.087485
v -0.016932 0.112534 -0.085831
v -0.033352 0.112534 -0.080878
v -0.048490 0.112534 -0.072818
v -0.061764 0.112534 -0.061959
v -0.072665 0.112534 -0.048719
v -0.080773 0.112534 -0.033606
v -0.085777 0.112534 -0.017203
v -0.087485 0.112534 -0.000138
v -0.085831 0.112534 0.016932
v -0.080878 0.112534 0.033352
v -0.072818 0.112534 0.048490
v -0.061959 0.112534 0.061764
v -0.048719 0.112534 0.072665
v -0.033606 0.112534 0.080773
v -0.017203 0.112534 0.085777
v -0.000138 0.112534 0.087485
v 0.016932 0.112534 0.085831
v 0.033352 0.112534 0.080878
v 0.048490 0.112534 0.072818
v 0.061764 0.112534 0.061959
v 0.072665 0.112534 0.048719
v 0.080773 0.112534 0.033606
v 0.085777 0.112534 0.017203
v 0.086074 0.127898 0.000095
v 0.086019 0.125260 0.000102
v 0.084386 0.125260 -0.016681
v 0.084438 0.127898 -0.016699
v 0.079511 0.125260 -0.032824
v 0.079558 0.127898 -0.032851
v 0.071579 0.125260 -0.047705
v 0.071620 0.127898 -0.047741
v 0.060897 0.125260 -0.060753
v 0.060930 0.127898 -0.060796
v 0.047875 0.125260 -0.071466
v 0.047899 0.127898 -0.071515
v 0.033013 0.125260 -0.079432
v 0.033026 0.127898 -0.079485
v 0.016882 0.125260 -0.084347
v 0.016885 0.127898 -0.084401
v 0.000102 0.125260 -0.086019
v 0.000095 0.127898 -0.086074
v -0.016681 0.125260 -0.084386
v -0.016699 0.127898 -0.084438
v -0.032824 0.125260 -0.079511
v -0.032851 0.127898 -0.079558
v -0.047705 0.125260 -0.071579
v -0.047741 0.127898 -0.071620
v -0.060753 0.125260 -0.060897
v -0.060796 0.127898 -0.060930
v -0.071466 0.125260 -0.047875
v -0.071515 0.127898 -0.047899
v -0.079432 0.125260 -0.033013
v -0.079485 0.127898 -0.033026
v -0.084347 0.125260 -0.016882
v -0.084401 0.127898 -0.016885
v -0.086019 0.125260 -0.000102
v -0.086074 0.127898 -0.000095
v -0.084386 0.125260 0.016681
v -0.084438 0.127898 0.016699
v -0.079511 0.125260 0.032824
v -0.079558 0.127898 0.032851
v -0.071579 0.125260 0.047705
v -0.071620 0.127898 0.047741
v -0.060897 0.125260 0.060753
v -0.060930 0.127898 0.060796
v -0.047875 0.125260 0.071466
v -0.047899 0.127898 0.071515
v -0.033013 0.125260 0.079432
v -0.033026 0.127898 0.079485
v -0.016882 0.125260 0.084347
v -0.016885 0.127898 0.084401
v -0.000102 0.125260 0.086019
v -0.000095 0.127898 0.086074
v 0.016681 0.125260 0.084386
v 0.016699 0.127898 0.084438
v 0.032824 0.125260 0.079511
v 0.032851 0.127898 0.079558
v 0.047705 0.125260 0.071579
v 0.047741 0.127898 0.071620
v 0.060753 0.125260 0.060897
v 0.060796 0.127898 0.060930
v 0.071466 0.125260 0.047875
v 0.071515 0.127898 0.047899
v 0.079432 0.125260 0.033013
v 0.079485 0.127898 0.033026
v 0.084347 0.125260 0.016882
v 0.084401 0.127898 0.016885
v 0.093576 0.083364 0.000163
v 0.091810 0.083364 -0.018096
v 0.086515 0.083364 -0.035660
v 0.077896 0.083364 -0.051853
v 0.066283 0.083364 -0.066053
v 0.052123 0.083364 -0.077715
v 0.035960 0.083364 -0.086391
v 0.018415 0.083364 -0.091746
v 0.000163 0.083364 -0.093576
v -0.018096 0.083364 -0.091810
v -0.035660 0.083364 -0.086515
v -0.051853 0.083364 -0.077896
v -0.066053 0.083364 -0.066283
v -0.077715 0.083364 -0.052123
v -0.086391 0.083364 -0.035960
v -0.091746 0.083364 -0.018415
v -0.093576 0.083364 -0.000163
v -0.091810 0.083364 0.018096
v -0.086515 0.083364 0.035660
v -0.077896 0.083364 0.051853
v -0.066283 0.083364 0.066053
v -0.052123 0.083364 0.077715
v -0.035960 0.083364 0.086391
v -0.018415 0.083364 0.091746
v -0.000163 0.083364 0.093576
v 0.018096 0.083364 0.091810
v 0.035660 0.083364 0.086515
v 0.051853 0.083364 0.077896
v 0.066053 0.083364 0.066283
v 0.077715 0.083364 0.052123
v 0.086391 0.083364 0.035960
v 0.091746 0.083364 0.018415
v 0.102013 0.055976 0.000121
v 0.100076 0.055976 -0.019783
v 0.094294 0.055976 -0.038926
v 0.084888 0.055976 -0.056574
v 0.072220 0.055976 -0.072048
v 0.056776 0.055976 -0.084753
v 0.039151 0.055976 -0.094201
v 0.020021 0.055976 -0.100029
v 0.000121 0.055976 -0.102013
v -0.019783 0.055976 -0.100076
v -0.038926 0.055976 -0.094294
v -0.056574 0.055976 -0.084888
v -0.072048 0.055976 -0.072220
v -0.084753 0.055976 -0.056776
v -0.094201 0.055976 -0.039151
v -0.100029 0.055976 -0.020021
v -0.102013 0.055976 -0.000121
v -0.100076 0.055976 0.019783
v -0.094294 0.055976 0.038926
v -0.084888 0.055976 0.056574
v -0.072220 0.055976 0.072048
v -0.056776 0.055976 0.084753
v -0.039151 0.055976 0.094201
v -0.020021 0.055976 0.100029
v -0.000121 0.055976 0.102013
v 0.019783 0.055976 0.100076
v 0.038926 0.055976 0.094294
v 0.056574 0.055976 0.084888
v 0.072048 0.055976 0.072220
v 0.084753 0.055976 0.056776
v 0.094201 0.055976 0.039151
v 0.100029 0.055976 0.020021
v 0.064484 0.159750 0.000000
v 0.063245 0.159750 -0.012580
v 0.059575 0.159750 -0.024677
v 0.053616 0.159750 -0.035825
v 0.045597 0.159750 -0.045597
v 0.035825 0.159750 -0.053616
v 0.024677 0.159750 -0.059575
v 0.012580 0.159750 -0.063245
v -0.000000 0.159750 -0.064484
v -0.012580 0.159750 -0.063245
v -0.024677 0.159750 -0.059575
v -0.035825 0.159750 -0.053616
v -0.045597 0.159750 -0.045597
v -0.053616 0.159750 -0.035825
v -0.059575 0.159750 -0.024677
v -0.063245 0.159750 -0.012580
v -0.064484 0.159750 0.000000
v -0.063245 0.159750 0.012580
v -0.059575 0.159750 0.024677
v -0.053616 0.159750 0.035825
v -0.045597 0.159750 0.045597
v -0.035825 0.159750 0.053616
v -0.024677 0.159750 0.059575
v -0.012580 0.159750 0.063245
v 0.000000 0.159750 0.064484
v 0.012580 0.159750 0.063245
v 0.024677 0.159750 0.059575
v 0.035825 0.159750 0.053616
v 0.045597 0.159750 0.045597
v 0.053616 0.159750 0.035825
v 0.059575 0.159750 0.024677
v 0.063245 0.159750 0.012580
v 0.108672 0.030774 0.000038
v 0.108608 0.034661 0.000056
v 0.106532 0.034661 -0.021133
v 0.106591 0.030774 -0.021164
v 0.100362 0.034661 -0.041511
v 0.100414 0.030774 -0.041552
v 0.090335 0.034661 -0.060293
v 0.090378 0.030774 -0.060343
v 0.076837 0.034661 -0.076758
v 0.076869 0.030774 -0.076816
v 0.060386 0.034661 -0.090273
v 0.060406 0.030774 -0.090336
v 0.041614 0.034661 -0.100319
v 0.041622 0.030774 -0.100385
v 0.021243 0.034661 -0.106510
v 0.021238 0.030774 -0.106576
v 0.000056 0.034661 -0.108608
v 0.000038 0.030774 -0.108672
v -0.021133 0.034661 -0.106532
v -0.021164 0.030774 -0.106591
v -0.041511 0.034661 -0.100362
v -0.041552 0.030774 -0.100414
v -0.060293 0.034661 -0.090335
v -0.060343 0.030774 -0.090378
v -0.076758 0.034661 -0.076837
v -0.076816 0.030774 -0.076869
v -0.090273 0.034661 -0.060386
v -0.090336 0.030774 -0.060406
v -0.100319 0.034661 -0.041614
v -0.100385 0.030774 -0.041622
v -0.106510 0.034661 -0.021243
v -0.106576 0.030774 -0.021238
v -0.108608 0.034661 -0.000056
v -0.108672 0.030774 -0.000038
v -0.106532 0.034661 0.021133
v -0.106591 0.030774 0.021164
v -0.100362 0.034661 0.041511
v -0.100414 0.030774 0.041552
v -0.090335 0.034661 0.060293
v -0.090378 0.030774 0.060343
v -0.076837 0.034661 0.076758
v -0.076869 0.030774 0.076816
v -0.060386 0.034661 0.090273
v -0.060406 0.030774 0.090336
v -0.041614 0.034661 0.100319
v -0.041622 0.030774 0.100385
v -0.021243 0.034661 0.106510
v -0.021238 0.030774 0.106576
v -0.000056 0.034661 0.108608
v -0.000038 0.030774 0.108672
v 0.021133 0.034661 0.106532
v 0.021164 0.030774 0.106591
v 0.041511 0.034661 0.100362
v 0.041552 0.030774 0.100414
v 0.060293 0.034661 0.090335
v 0.060343 0.030774 0.090378
v 0.076758 0.034661 0.076837
v 0.076816 0.030774 0.076869
v 0.090273 0.034661 0.060386
v 0.090336 0.030774 0.060406
v 0.100319 0.034661 0.041614
v 0.100385 0.030774 0.041622
v 0.106510 0.034661 0.021243
v 0.106576 0.030774 0.021238
v 0.100803 0.018778 0.000007
v 0.094276 0.009688 0.000000
v 0.092465 0.009688 -0.018392
v 0.098867 0.018778 -0.019659
v 0.087100 0.009688 -0.036077
v 0.093132 0.018778 -0.038569
v 0.078388 0.009688 -0.052377
v 0.083818 0.018778 -0.055997
v 0.066664 0.009688 -0.066663
v 0.071283 0.018778 -0.071273
v 0.052377 0.009688 -0.078388
v 0.056009 0.018778 -0.083810
v 0.036078 0.009688 -0.087100
v 0.038582 0.018778 -0.093127
v 0.018393 0.009688 -0.092465
v 0.019673 0.018778 -0.098864
v 0.000000 0.009688 -0.094276
v 0.000007 0.018778 -0.100803
v -0.018392 0.009688 -0.092465
v -0.019659 0.018778 -0.098867
v -0.036077 0.009688 -0.087100
v -0.038569 0.018778 -0.093132
v -0.052377 0.009688 -0.078388
v -0.055997 0.018778 -0.083818
v -0.066663 0.009688 -0.066664
v -0.071273 0.018778 -0.071283
v -0.078388 0.009688 -0.052377
v -0.083810 0.018778 -0.056009
v -0.087100 0.009688 -0.036078
v -0.093127 0.018778 -0.038582
v -0.092465 0.009688 -0.018393
v -0.098864 0.018778 -0.019673
v -0.094276 0.009688 -0.000000
v -0.100803 0.018778 -0.000007
v -0.092465 0.009688 0.018392
v -0.098867 0.018778 0.019659
v -0.087100 0.009688 0.036077
v -0.093132 0.018778 0.038569
v -0.078388 0.009688 0.052377
v -0.083818 0.018778 0.055997
v -0.066664 0.009688 0.066663
v -0.071283 0.018778 0.071273
v -0.052377 0.009688 0.078388
v -0.056009 0.018778 0.083810
v -0.036078 0.009688 0.087100
v -0.038582 0.018778 0.093127
v -0.018393 0.009688 0.092465
v -0.019673 0.018778 0.098864
v -0.000000 0.009688 0.094276
v -0.000007 0.018778 0.100803
v 0.018392 0.009688 0.092465
v 0.019659 0.018778 0.098867
v 0.036077 0.009688 0.087100
v 0.038569 0.018778 0.093132
v 0.052377 0.009688 0.078388
v 0.055997 0.018778 0.083818
v 0.066663 0.009688 0.066664
v 0.071273 0.018778 0.071283
v 0.078388 0.009688 0.052377
v 0.083810 0.018778 0.056009
v 0.087100 0.009688 0.036078
v 0.093127 0.018778 0.038582
v 0.092465 0.009688 0.018393
v 0.098864 0.018778 0.019673
v 0.062817 0.155455 0.000000
v 0.061610 0.155455 -0.012255
v 0.058036 0.155455 -0.024039
v 0.052231 0.155455 -0.034900
v 0.044419 0.155455 -0.044419
v 0.034900 0.155455 -0.052231
v 0.024039 0.155455 -0.058036
v 0.012255 0.155455 -0.061610
v -0.000000 0.155455 -0.062817
v -0.012255 0.155455 -0.061610
v -0.024039 0.155455 -0.058036
v -0.034900 0.155455 -0.052231
v -0.044419 0.155455 -0.044419
v -0.052231 0.155455 -0.034900
v -0.058036 0.155455 -0.024039
v -0.061610 0.155455 -0.012255
v -0.062817 0.155455 0.000000
v -0.061610 0.155455 0.012255
v -0.058036 0.155455 0.024039
v -0.052231 0.155455 0.034900
v -0.044419 0.155455 0.044419
v -0.034900 0.155455 0.052231
v -0.024039 0.155455 0.058036
v -0.012255 0.155455 0.061610
v 0.000000 0.155455 0.062817
v 0.012255 0.155455 0.061610
v 0.024039 0.155455 0.058036
v 0.034900 0.155455 0.052231
v 0.044419 0.155455 0.044419
v 0.052231 0.155455 0.034900
v 0.058036 0.155455 0.024039
v 0.061610 0.155455 0.012255
v 0.068712 0.162210 0.000000
v 0.071049 0.162558 0.000000
v 0.069684 0.162558 -0.013861
v 0.067392 0.162210 -0.013405
v 0.065641 0.162558 -0.027189
v 0.063482 0.162210 -0.026295
v 0.059075 0.162558 -0.039473
v 0.057132 0.162210 -0.038174
v 0.050239 0.162558 -0.050239
v 0.048587 0.162210 -0.048587
v 0.039473 0.162558 -0.059075
v 0.038174 0.162210 -0.057132
v 0.027189 0.162558 -0.065641
v 0.026295 0.162210 -0.063482
v 0.013861 0.162558 -0.069684
v 0.013405 0.162210 -0.067392
v -0.000000 0.162558 -0.071049
v -0.000000 0.162210 -0.068712
v -0.013861 0.162558 -0.069684
v -0.013405 0.162210 -0.067392
v -0.027189 0.162558 -0.065641
v -0.026295 0.162210 -0.063482
v -0.039473 0.162558 -0.059075
v -0.038174 0.162210 -0.057132
v -0.050239 0.162558 -0.050239
v -0.048587 0.162210 -0.048587
v -0.059075 0.162558 -0.039473
v -0.057132 0.162210 -0.038174
v -0.065641 0.162558 -0.027189
v -0.063482 0.162210 -0.026295
v -0.069684 0.162558 -0.013861
v -0.067392 0.162210 -0.013405
v -0.071049 0.162558 0.000000
v -0.068712 0.162210 0.000000
v -0.069684 0.162558 0.013861
v -0.067392 0.162210 0.013405
v -0.065641 0.162558 0.027189
v -0.063482 0.162210 0.026295
v -0.059075 0.162558 0.039473
v -0.057132 0.162210 0.038174
v -0.050239 0.162558 0.050239
v -0.048587 0.162210 0.048587
v -0.039473 0.162558 0.059075
v -0.038174 0.162210 0.057132
v -0.027189 0.162558 0.065641
v -0.026295 0.162210 0.063482
v -0.013861 0.162558 0.069684
v -0.013405 0.162210 0.067392
v 0.000000 0.162558 0.071049
v 0.000000 0.162210 0.068712
v 0.013861 0.162558 0.069684
v 0.013405 0.162210 0.067392
v 0.027189 0.162558 0.065641
v 0.026295 0.162210 0.063482
v 0.039473 0.162558 0.059075
v 0.038174 0.162210 0.057132
v 0.050239 0.162558 0.050239
v 0.048587 0.162210 0.048587
v 0.059075 0.162558 0.039473
v 0.057132 0.162210 0.038174
v 0.065641 0.162558 0.027189
v 0.063482 0.162210 0.026295
v 0.069684 0.162558 0.013861
v 0.067392 0.162210 0.013405
v -0.062536 0.145362 -0.001283
v -0.060037 0.144983 0.024864
v -0.044694 0.146218 0.045491
v -0.024790 0.145447 0.059853
v 0.000001 0.146587 0.064488
v 0.023248 0.145180 0.060058
v 0.045829 0.144915 0.043240
v 0.058293 0.145803 0.023578
v 0.064624 0.146218 0.000000
v 0.059796 0.145571 -0.024720
v 0.045099 0.146009 -0.044407
v 0.025525 0.145096 -0.059370
v 0.000001 0.146450 -0.064498
v -0.024816 0.145341 -0.059912
v -0.045764 0.145649 -0.044127
v -0.059726 0.145998 -0.024738
v -0.054124 0.143906 -0.000312
v -0.049024 0.140774 0.019306
v -0.038514 0.143588 0.037095
v -0.021818 0.142671 0.047391
v -0.002384 0.144228 0.052856
v 0.020525 0.141788 0.047700
v 0.036775 0.143283 0.038623
v 0.049578 0.145828 0.019846
v 0.052903 0.146223 -0.001169
v 0.046593 0.144262 -0.019388
v 0.035672 0.145033 -0.039406
v 0.019974 0.141339 -0.046923
v -0.000138 0.143055 -0.052735
v -0.021756 0.143215 -0.051007
v -0.036880 0.143353 -0.038456
v -0.049865 0.144235 -0.020910
v -0.043399 0.137231 -0.001885
v -0.044535 0.135439 0.017378
v -0.035336 0.137798 0.023150
v -0.023557 0.135701 0.036456
v -0.005155 0.138403 0.042176
v 0.009868 0.139889 0.034817
v 0.031053 0.138973 0.032755
v 0.037309 0.141585 0.011620
v 0.036616 0.141968 -0.001039
v 0.031638 0.140845 -0.018762
v 0.029529 0.138692 -0.024755
v 0.012432 0.133063 -0.037030
v -0.005545 0.137922 -0.044653
v -0.021194 0.137277 -0.038635
v -0.032244 0.136687 -0.033794
v -0.044572 0.138675 -0.019642
v -0.021398 0.141099 0.000970
v -0.018067 0.141728 0.003546
v -0.010256 0.145973 0.006191
v -0.006018 0.141719 0.012482
v -0.000189 0.142891 0.014667
v 0.005281 0.142847 0.013457
v 0.014937 0.143774 0.013735
v 0.021233 0.144044 0.008133
v 0.017902 0.142939 -0.000696
v 0.016261 0.141872 -0.005292
v 0.010259 0.142640 -0.014673
v 0.006175 0.141959 -0.017110
v -0.001701 0.143057 -0.017840
v -0.010148 0.141354 -0.021865
v -0.018184 0.139402 -0.017624
v -0.021490 0.139201 -0.011226
v -0.041603 0.147033 0.041292
v -0.023304 0.146189 0.053621
v 0.040385 0.147651 -0.041905
v 0.022749 0.145348 -0.053146
v -0.001192 0.147538 0.058671
v -0.000069 0.146882 -0.058615
v 0.021886 0.145614 0.053878
v -0.023286 0.146409 -0.055459
v 0.041301 0.146229 0.040931
v -0.041321 0.146631 -0.041291
v 0.053934 0.147946 0.021712
v -0.054794 0.147247 -0.022824
v 0.058763 0.148351 -0.000585
v -0.058329 0.146764 -0.000797
v -0.054530 0.145009 0.022084
v 0.053194 0.147047 -0.022053
v 0.021244 0.138009 0.041076
v 0.013045 0.138554 0.041708
v 0.009085 0.138554 0.036258
v 0.013045 0.138554 0.030808
v 0.019199 0.138206 0.029365
v 0.016586 0.141873 0.041708
v 0.009337 0.140930 0.038979
v 0.011542 0.141410 0.032855
v 0.017375 0.141075 0.031630
v 0.021025 0.139789 0.037322
v 0.014816 0.143924 0.036258
v 0.007602 0.141047 0.014178
v 0.005277 0.141457 0.008425
v 0.008294 0.141457 0.004335
v 0.013116 0.141457 0.005940
v 0.015557 0.141195 0.010036
v 0.006085 0.143961 0.010972
v 0.006394 0.143250 0.005137
v 0.011301 0.143612 0.005326
v 0.013923 0.143961 0.008486
v 0.011107 0.143613 0.012064
v 0.009600 0.145509 0.008456
v 0.002755 0.140431 -0.004911
v -0.002777 0.140841 -0.007721
v -0.003189 0.140841 -0.012786
v 0.001501 0.140841 -0.014744
v 0.006032 0.140579 -0.013258
v -0.000495 0.143345 -0.006331
v -0.004095 0.142634 -0.010934
v -0.000271 0.142996 -0.014015
v 0.003783 0.143345 -0.013354
v 0.004009 0.142997 -0.008806
v 0.000503 0.144893 -0.010537
v 0.007165 0.140853 -0.049449
v 0.006720 0.144034 -0.057421
v 0.012497 0.144524 -0.060852
v 0.017573 0.143561 -0.056529
v 0.018456 0.142027 -0.050450
v 0.006498 0.146644 -0.053335
v 0.009831 0.146930 -0.060385
v 0.015747 0.146730 -0.057635
v 0.016441 0.145278 -0.051886
v 0.012067 0.145312 -0.049616
v 0.012138 0.148747 -0.054240
v -0.000515 0.138657 -0.050618
v -0.006193 0.143071 -0.053758
v -0.004829 0.146129 -0.058917
v 0.001264 0.145886 -0.059715
v 0.005894 0.143425 -0.057283
v -0.004706 0.141585 -0.048200
v -0.006317 0.147152 -0.056147
v -0.000765 0.148183 -0.058049
v 0.003524 0.145810 -0.055668
v 0.002257 0.143906 -0.051794
v -0.001384 0.146294 -0.052308
v -0.023042 0.135343 0.042861
v -0.025748 0.136973 0.037371
v -0.023064 0.137033 0.032944
v -0.018121 0.135969 0.034055
v -0.015404 0.134702 0.037887
v -0.024273 0.138958 0.040163
v -0.027834 0.136909 0.032821
v -0.019582 0.138512 0.033898
v -0.017108 0.137321 0.037573
v -0.020229 0.136363 0.041734
v -0.020677 0.140246 0.037462
v 0.002864 0.142288 -0.000231
v 0.000793 0.142279 -0.000313
v -0.000745 0.142248 0.000379
v -0.001585 0.142125 0.003938
v -0.001177 0.142039 0.006606
v 0.000295 0.141975 0.008796
v 0.002534 0.141938 0.010281
v 0.002610 0.151695 -0.000776
v 0.000425 0.151631 -0.001017
v -0.001200 0.151548 0.000035
v -0.002088 0.151401 0.004058
v -0.001659 0.151329 0.006993
v -0.000105 0.151311 0.009328
v 0.002257 0.151342 0.010898
v 0.002216 0.168702 -0.000202
v 0.000026 0.168630 -0.000504
v -0.001604 0.168540 0.000520
v -0.002494 0.168391 0.004541
v -0.002063 0.168322 0.007493
v -0.000506 0.168312 0.009851
v 0.001862 0.168355 0.011429
v 0.001753 0.191645 0.001180
v -0.000395 0.191569 0.000795
v -0.001993 0.191476 0.001750
v -0.002865 0.191327 0.005680
v -0.002441 0.191260 0.008589
v -0.000913 0.191255 0.010927
v 0.001410 0.191304 0.012497
v 0.000953 0.218959 0.003446
v 0.000274 0.217994 0.005026
v -0.002881 0.218768 0.003787
v -0.003769 0.218612 0.007726
v -0.003333 0.218547 0.010661
v -0.001767 0.218551 0.013039
v 0.000611 0.218616 0.014643
v -0.001082 0.248108 0.008533
v -0.003159 0.248033 0.007837
v -0.004699 0.247856 0.008537
v -0.005539 0.247432 0.012166
v -0.005131 0.247196 0.014891
v -0.003659 0.247088 0.017123
v -0.001426 0.247110 0.018631
v -0.002363 0.287032 0.016497
v -0.004321 0.286921 0.015833
v -0.005784 0.286669 0.016432
v -0.006565 0.286091 0.019674
v -0.006186 0.285719 0.022107
v -0.004851 0.285513 0.024100
v -0.002824 0.285478 0.025447
v -0.000681 0.330618 0.024563
v -0.002078 0.330838 0.023930
v -0.003227 0.330786 0.024267
v -0.004197 0.330171 0.026579
v -0.004191 0.329622 0.028397
v -0.003397 0.329090 0.029997
v -0.001983 0.328634 0.031207
v -0.002592 0.364399 0.031540
v -0.003792 0.364564 0.030860
v -0.004836 0.364474 0.030954
v -0.005819 0.363879 0.032565
v -0.005936 0.363381 0.033954
v -0.005330 0.362913 0.035318
v -0.004159 0.362525 0.036489
v -0.005069 0.383696 0.038626
v -0.006048 0.383904 0.038043
v -0.007005 0.383790 0.038032
v -0.008046 0.383067 0.039186
v -0.008300 0.382541 0.040210
v -0.007934 0.382084 0.041241
v -0.007062 0.381742 0.042158
v -0.008110 0.396112 0.045281
v -0.008929 0.396506 0.044836
v -0.009804 0.396403 0.044864
v -0.010894 0.395304 0.045722
v -0.011210 0.394462 0.046452
v -0.010935 0.393718 0.047194
v -0.010126 0.393155 0.047859
v -0.011159 0.402291 0.050788
v -0.011968 0.402745 0.050549
v -0.012788 0.402588 0.050601
v -0.013797 0.401080 0.051271
v -0.014070 0.399901 0.051787
v -0.013735 0.398908 0.052231
v -0.012837 0.398127 0.052750
v -0.012875 0.407513 0.058525
v -0.013191 0.408141 0.058009
v -0.014470 0.407950 0.058100
v -0.015807 0.406261 0.058592
v -0.015580 0.403553 0.059063
v -0.013742 0.408629 0.058985
v -0.014609 0.408990 0.058831
v -0.016350 0.407211 0.059735
v -0.016362 0.403854 0.060263
v -0.016526 0.409070 0.065535
v -0.018266 0.408408 0.065326
v -0.018362 0.405834 0.065683
v -0.017529 0.408828 0.071030
v -0.019167 0.408254 0.070911
v -0.018718 0.406044 0.071324
v -0.018279 0.409307 0.077101
v -0.019830 0.408819 0.077023
v -0.019326 0.406794 0.077514
v -0.019564 0.409191 0.083503
v -0.021036 0.408799 0.083436
v -0.020494 0.406934 0.083992
v -0.021352 0.408442 0.090513
v -0.022646 0.408243 0.090433
v -0.022350 0.406754 0.090920
v -0.022812 0.408557 0.098123
v -0.024102 0.408529 0.098009
v -0.023661 0.407283 0.098445
v -0.023700 0.410502 0.106477
v -0.024981 0.410588 0.106303
v -0.024496 0.409486 0.106706
v -0.025158 0.413265 0.115768
v -0.026527 0.413553 0.115605
v -0.025744 0.412507 0.115927
v -0.027719 0.415849 0.125665
v -0.028794 0.416031 0.125398
v -0.028109 0.415143 0.125762
v -0.030712 0.416821 0.134539
v -0.031616 0.417115 0.134265
v -0.031041 0.416169 0.134562
v -0.034105 0.417777 0.141027
v -0.034417 0.417474 0.140883
v -0.033783 0.416737 0.140655
v 0.003376 0.140378 0.001166
v 0.001734 0.140392 0.000623
v 0.000513 0.140371 0.001172
v -0.000153 0.140274 0.004000
v 0.000171 0.140204 0.006118
v 0.001340 0.140148 0.007858
v 0.003118 0.140114 0.009037
v 0.003782 0.129648 0.001329
v 0.002420 0.129639 0.001485
v 0.001447 0.129617 0.002062
v 0.000789 0.129559 0.003731
v 0.001064 0.129500 0.005528
v 0.002056 0.129453 0.007002
v 0.003563 0.129423 0.008002
v -0.015691 0.411965 0.058249
v -0.015914 0.411660 0.058157
v -0.016495 0.411560 0.058519
v -0.015332 0.413412 0.057280
v -0.015394 0.413271 0.057183
v -0.018469 0.415497 0.056636
v -0.017296 0.412041 0.059089
v -0.017554 0.411361 0.059194
v -0.019399 0.412334 0.064928
v -0.019606 0.411955 0.064914
v -0.020557 0.411992 0.070402
v -0.020741 0.411658 0.070407
v -0.021628 0.412542 0.076427
v -0.021799 0.412237 0.076455
v -0.022731 0.412352 0.082519
v -0.022887 0.412082 0.082558
v -0.024784 0.411634 0.089270
v -0.024903 0.411430 0.089311
v -0.026006 0.412384 0.096717
v -0.026105 0.412217 0.096752
v -0.028301 0.414985 0.104815
v -0.028479 0.414564 0.104970
v -0.021659 0.409561 0.083207
v -0.016765 0.408102 0.059586
v -0.024614 0.409424 0.097713
v -0.025746 0.411452 0.105975
v -0.016966 0.410406 0.065371
v -0.015649 0.409832 0.059033
v -0.015853 0.408614 0.058451
v -0.015097 0.409209 0.058264
v -0.014486 0.409786 0.058356
v -0.020410 0.409584 0.076846
v -0.024460 0.411998 0.105982
v -0.020128 0.410479 0.083157
v -0.021948 0.409791 0.090095
v -0.018738 0.409241 0.065199
v -0.018032 0.410135 0.070840
v -0.023339 0.409032 0.090153
v -0.023399 0.410008 0.097669
v -0.019713 0.409045 0.070777
v -0.018813 0.410586 0.076839
v -0.013926 0.409195 0.058625
v -0.014426 0.409768 0.058613
v -0.015435 0.410451 0.058803
v -0.023362 0.416052 0.059687
v -0.023692 0.415637 0.059578
v -0.024214 0.415766 0.064184
v -0.024421 0.415406 0.064182
v -0.026547 0.416670 0.069677
v -0.026748 0.416331 0.069691
v -0.027401 0.416672 0.075777
v -0.027582 0.416372 0.075820
v -0.030429 0.416526 0.081903
v -0.030562 0.416295 0.081939
v -0.031887 0.416010 0.087874
v -0.032159 0.415324 0.088075
v -0.031436 0.416376 0.095206
v -0.031716 0.415667 0.095453
v -0.034386 0.419097 0.102933
v -0.034747 0.418674 0.103056
v -0.016746 0.412583 0.058656
v -0.022218 0.417973 0.057085
v -0.022512 0.416127 0.056834
v -0.017866 0.415465 0.057142
v -0.020737 0.418773 0.054938
v -0.021102 0.417340 0.054631
v -0.014493 0.415371 0.055958
v -0.014550 0.415231 0.055853
v -0.017020 0.417467 0.054582
v -0.016897 0.417777 0.054835
v -0.020049 0.419053 0.052483
v -0.020370 0.418764 0.052203
v -0.013441 0.416919 0.053659
v -0.013506 0.416787 0.053538
v -0.015958 0.418418 0.050756
v -0.015301 0.418339 0.052161
v -0.017994 0.419964 0.049624
v -0.018987 0.419069 0.049049
v -0.012498 0.420039 0.049393
v -0.012626 0.419896 0.049211
v -0.008283 0.424271 0.040456
v -0.008076 0.424473 0.040756
v -0.018897 0.430115 0.027542
v -0.018828 0.429749 0.027061
v -0.052758 0.451144 0.060826
v -0.053012 0.450733 0.060713
v -0.056507 0.451329 0.068452
v -0.056693 0.451120 0.068473
v -0.058842 0.449873 0.072330
v -0.059266 0.449278 0.072449
v -0.059512 0.449239 0.077153
v -0.059890 0.448526 0.077275
v -0.056925 0.448556 0.083759
v -0.057251 0.448019 0.083796
v -0.055583 0.447473 0.088595
v -0.055949 0.447013 0.088622
v -0.056034 0.446385 0.094986
v -0.056400 0.445897 0.095003
v -0.057340 0.443307 0.101097
v -0.057774 0.442753 0.101120
v -0.051272 0.447604 0.052672
v -0.051801 0.446998 0.052127
v -0.047620 0.441508 0.040279
v -0.047912 0.441306 0.040068
v -0.042237 0.435589 0.031099
v -0.042293 0.435486 0.030910
v -0.029399 0.432089 0.026213
v -0.029521 0.432224 0.026469
v -0.023403 0.430292 0.027032
v -0.023202 0.430089 0.026791
v -0.027350 0.414332 0.115373
v -0.029074 0.416383 0.114591
v -0.035403 0.419867 0.112552
v -0.028926 0.416766 0.114436
v -0.035041 0.420283 0.112439
v -0.025861 0.414388 0.115590
v -0.056191 0.442444 0.109212
v -0.056534 0.441888 0.109232
v -0.036652 0.422929 0.122638
v -0.030891 0.418834 0.124600
v -0.029614 0.416917 0.125074
v -0.028127 0.416797 0.125358
v -0.030707 0.419242 0.124472
v -0.036247 0.423392 0.122579
v -0.054156 0.442518 0.122943
v -0.054552 0.442021 0.122965
v -0.037632 0.423228 0.132461
v -0.032949 0.419721 0.133758
v -0.032206 0.418117 0.134020
v -0.031276 0.417516 0.134250
v -0.032843 0.419987 0.133658
v -0.037195 0.423735 0.132462
v -0.053154 0.443458 0.135053
v -0.053613 0.442928 0.134993
v -0.039456 0.423274 0.139943
v -0.035648 0.419690 0.140717
v -0.034990 0.418333 0.140858
v -0.034600 0.418160 0.140946
v -0.035632 0.419869 0.140580
v -0.039052 0.423815 0.139966
v -0.050847 0.441293 0.155958
v -0.051348 0.440778 0.155748
v -0.039439 0.422119 0.146449
v -0.035768 0.418461 0.143639
v -0.036607 0.420078 0.144245
v -0.039161 0.422744 0.146339
v -0.053649 0.431671 0.172892
v -0.054144 0.431051 0.172787
v -0.040142 0.419046 0.155989
v -0.039880 0.420055 0.154711
v -0.045511 0.421068 0.191638
v -0.045756 0.419968 0.191721
v -0.022878 0.424075 0.033255
v -0.030420 0.425160 0.042285
v -0.041354 0.430293 0.063214
v -0.036275 0.427341 0.052568
v -0.038977 0.428913 0.057505
v -0.039985 0.425886 0.092976
v -0.042604 0.425455 0.086433
v -0.044057 0.426838 0.080360
v -0.043212 0.428522 0.074608
v -0.043168 0.430961 0.069008
v -0.042159 0.426712 0.100104
v -0.032831 0.426399 0.047806
v -0.044235 0.428191 0.108666
v -0.045057 0.429340 0.119993
v -0.045598 0.430993 0.131317
v -0.045538 0.430514 0.142763
v -0.045161 0.426247 0.154517
v -0.043733 0.419082 0.164750
v -0.040021 0.427976 0.093951
v -0.041865 0.427715 0.087101
v -0.042467 0.431912 0.063753
v -0.037135 0.429863 0.056499
v -0.043241 0.430501 0.074399
v -0.043510 0.428966 0.080703
v -0.033780 0.428252 0.051641
v -0.043370 0.432584 0.069076
v -0.042177 0.427766 0.101033
v -0.019389 0.424035 0.034802
v -0.024558 0.424489 0.037194
v -0.030173 0.426596 0.045867
v -0.043175 0.429062 0.109589
v -0.044202 0.430598 0.122276
v -0.044068 0.431786 0.132993
v -0.044241 0.431216 0.144014
v -0.044100 0.427196 0.154425
v -0.043033 0.420847 0.164619
v -0.016993 0.424091 0.035111
v -0.015288 0.424753 0.035655
v -0.010181 0.424718 0.040553
v -0.019113 0.423984 0.032903
v -0.015925 0.424282 0.034163
v -0.010185 0.423731 0.039522
v -0.034499 0.416952 0.143110
v -0.049621 0.441374 0.087889
v -0.049345 0.445828 0.059640
v -0.018003 0.428024 0.029841
v -0.054611 0.443961 0.076115
v -0.047277 0.440169 0.050168
v -0.027956 0.428867 0.029371
v -0.043891 0.436305 0.041099
v -0.022799 0.427664 0.027350
v -0.050190 0.441031 0.094135
v -0.053029 0.446173 0.067310
v -0.051883 0.441283 0.083045
v -0.054279 0.445253 0.071423
v -0.051769 0.438226 0.100689
v -0.035603 0.430516 0.032962
v -0.050640 0.438306 0.109456
v -0.049369 0.438637 0.123049
v -0.047895 0.440750 0.134735
v -0.046987 0.437836 0.153539
v -0.049435 0.429898 0.168212
v -0.044354 0.423263 0.181654
v -0.040308 0.432042 0.032736
v -0.053970 0.446921 0.067509
v -0.050586 0.445977 0.060089
v -0.052053 0.441242 0.094057
v -0.053737 0.441786 0.083101
v -0.055730 0.445326 0.071766
v -0.053721 0.438506 0.100548
v -0.022554 0.428328 0.026782
v -0.053123 0.438288 0.109071
v -0.052002 0.438501 0.122398
v -0.050614 0.440784 0.133975
v -0.049347 0.438323 0.153141
v -0.051443 0.429398 0.169019
v -0.044526 0.422224 0.183981
v -0.028466 0.429602 0.028289
v -0.049160 0.440764 0.050741
v -0.051583 0.441738 0.087915
v -0.056000 0.443893 0.076548
v -0.045589 0.437062 0.041184
v -0.016979 0.428389 0.029663
v -0.034466 0.138584 -0.008267
v -0.031783 0.138624 -0.009967
v -0.027150 0.139778 -0.013394
v -0.026393 0.140853 -0.014347
v -0.026298 0.141310 -0.014645
v -0.026225 0.141734 -0.014855
v -0.035081 0.138778 -0.008533
v -0.032057 0.138937 -0.010465
v -0.027576 0.139860 -0.013658
v -0.026815 0.140955 -0.014498
v -0.026564 0.141325 -0.014773
v -0.026437 0.141729 -0.014978
v -0.035565 0.138765 -0.008864
v -0.032352 0.138885 -0.010999
v -0.028010 0.139470 -0.013993
v -0.027158 0.140720 -0.014945
v -0.026919 0.141220 -0.015172
v -0.026848 0.141572 -0.015416
v -0.035834 0.138596 -0.009093
v -0.032638 0.138531 -0.011524
v -0.028121 0.139095 -0.014403
v -0.027514 0.140146 -0.015172
v -0.027063 0.140911 -0.015318
v -0.026974 0.141284 -0.015459
v -0.035888 0.138389 -0.009503
v -0.032753 0.138267 -0.011685
v -0.028161 0.138857 -0.014648
v -0.027586 0.139926 -0.015369
v -0.027278 0.140366 -0.015583
v -0.027080 0.140773 -0.015606
v -0.034329 0.138342 -0.008036
v -0.031637 0.138372 -0.009727
v -0.026822 0.139679 -0.013282
v -0.026027 0.140846 -0.014298
v -0.025895 0.141166 -0.014609
v -0.025825 0.141593 -0.014817
v -0.035065 0.138674 -0.008505
v -0.032036 0.138827 -0.010433
v -0.027551 0.139672 -0.013613
v -0.026564 0.140828 -0.014488
v -0.026270 0.141209 -0.014766
v -0.026124 0.141610 -0.014963
v -0.035549 0.138662 -0.008836
v -0.032337 0.138756 -0.010972
v -0.027918 0.139314 -0.013977
v -0.027085 0.140536 -0.014920
v -0.026894 0.141133 -0.015217
v -0.026796 0.141520 -0.015461
v -0.035819 0.138493 -0.009064
v -0.032622 0.138399 -0.011495
v -0.027994 0.138986 -0.014415
v -0.027445 0.140057 -0.015183
v -0.027003 0.140817 -0.015356
v -0.026891 0.141223 -0.015504
v -0.035872 0.138286 -0.009474
v -0.032734 0.138161 -0.011657
v -0.028081 0.138789 -0.014659
v -0.027497 0.139900 -0.015409
v -0.027173 0.140291 -0.015642
v -0.026975 0.140699 -0.015666
v -0.039498 0.420503 0.150770
v -0.037094 0.419398 0.147433
v -0.035568 0.416986 0.146388
v -0.039760 0.419973 0.150872
v -0.053818 0.424901 0.181590
v -0.053461 0.425352 0.181625
v -0.044520 0.421509 0.159889
v -0.043739 0.422624 0.160274
v -0.048629 0.424885 0.174496
v -0.050088 0.424560 0.175675
v -0.036972 0.417904 0.149146
v -0.013744 0.429268 0.030692
v -0.013479 0.429646 0.031221
v 0.004467 0.141931 0.010830
v 0.004526 0.142287 0.000082
v 0.006192 0.142306 -0.000212
v 0.008264 0.142319 -0.000270
v 0.009794 0.142304 0.000439
v 0.010594 0.142191 0.004008
v 0.010157 0.142100 0.006671
v 0.008661 0.142020 0.008844
v 0.006406 0.141959 0.010303
v 0.004198 0.151388 0.011478
v 0.004264 0.151739 -0.000440
v 0.005922 0.151802 -0.000754
v 0.008110 0.151879 -0.000967
v 0.009723 0.151900 0.000106
v 0.010566 0.151809 0.004141
v 0.010103 0.151708 0.007070
v 0.008524 0.151589 0.009384
v 0.006145 0.151467 0.010923
v 0.003596 0.168402 0.012008
v 0.003662 0.168745 0.000169
v 0.005111 0.168809 -0.000183
v 0.007305 0.168899 -0.000455
v 0.008923 0.168929 0.000590
v 0.009768 0.168844 0.004622
v 0.009304 0.168742 0.007568
v 0.007721 0.168616 0.009906
v 0.005335 0.168483 0.011452
v 0.002804 0.191344 0.013072
v 0.002864 0.191679 0.001595
v 0.003979 0.191736 0.001192
v 0.006131 0.191835 0.000834
v 0.007719 0.191871 0.001808
v 0.008549 0.191791 0.005746
v 0.008094 0.191689 0.008654
v 0.006542 0.191558 0.010976
v 0.004203 0.191418 0.012516
v 0.001864 0.218658 0.015230
v 0.001915 0.218989 0.003948
v 0.002880 0.219050 0.003458
v 0.005084 0.219169 0.002945
v 0.006711 0.219219 0.003846
v 0.007563 0.219144 0.007795
v 0.007100 0.219037 0.010725
v 0.005513 0.218893 0.013085
v 0.003121 0.218734 0.014660
v -0.000304 0.247142 0.019176
v -0.000224 0.248111 0.009099
v 0.000636 0.248229 0.008531
v 0.002708 0.248447 0.007838
v 0.004232 0.248490 0.008550
v 0.005039 0.248199 0.012173
v 0.004599 0.247908 0.014894
v 0.003092 0.247583 0.017123
v 0.000833 0.247276 0.018632
v -0.001640 0.285501 0.025936
v -0.001392 0.287048 0.017026
v -0.000432 0.287208 0.016529
v 0.001478 0.287464 0.015930
v 0.002870 0.287489 0.016572
v 0.003578 0.287030 0.019824
v 0.003120 0.286589 0.022230
v 0.001694 0.286127 0.024182
v -0.000413 0.285702 0.025476
v -0.000988 0.328403 0.031723
v 0.000123 0.330439 0.025051
v 0.001038 0.330441 0.024787
v 0.002582 0.330391 0.024514
v 0.003606 0.330144 0.025122
v 0.003812 0.329407 0.027628
v 0.003209 0.328897 0.029410
v 0.001907 0.328560 0.030754
v 0.000133 0.328409 0.031519
v -0.003144 0.362327 0.037112
v -0.001736 0.364251 0.032103
v -0.000755 0.364278 0.032119
v 0.000588 0.364276 0.032172
v 0.001439 0.364070 0.032800
v 0.001476 0.363349 0.034756
v 0.000838 0.362870 0.036015
v -0.000372 0.362529 0.036862
v -0.001966 0.362346 0.037198
v -0.006115 0.381594 0.042683
v -0.004272 0.383521 0.039129
v -0.003295 0.383606 0.039207
v -0.002183 0.383695 0.039310
v -0.001596 0.383509 0.039803
v -0.001860 0.382711 0.041234
v -0.002553 0.382200 0.042106
v -0.003674 0.381820 0.042652
v -0.005013 0.381604 0.042835
v -0.009051 0.392831 0.048260
v -0.007225 0.395694 0.045730
v -0.006070 0.395750 0.045765
v -0.004948 0.395828 0.045785
v -0.004364 0.395546 0.046141
v -0.004722 0.394418 0.047261
v -0.005453 0.393681 0.047884
v -0.006561 0.393151 0.048295
v -0.007852 0.392838 0.048390
v -0.011625 0.397602 0.053101
v -0.010134 0.401814 0.051156
v -0.008908 0.401744 0.051337
v -0.007812 0.401754 0.051315
v -0.007162 0.401326 0.051569
v -0.007371 0.399731 0.052450
v -0.008079 0.398647 0.052955
v -0.009145 0.397970 0.053250
v -0.010410 0.397567 0.053230
v -0.013363 0.401774 0.059696
v -0.011818 0.406866 0.058769
v -0.010626 0.406797 0.058943
v -0.009649 0.406997 0.058652
v -0.008802 0.406159 0.059046
v -0.008863 0.404102 0.059830
v -0.010638 0.402065 0.060098
v -0.014016 0.402328 0.060796
v -0.012799 0.407357 0.060101
v -0.010367 0.407535 0.059617
v -0.009370 0.407259 0.059749
v -0.009754 0.405046 0.061008
v -0.011428 0.402337 0.061365
v -0.016453 0.404466 0.066157
v -0.015272 0.408404 0.065843
v -0.013872 0.408177 0.066173
v -0.012610 0.406676 0.066518
v -0.014040 0.404574 0.066643
v -0.017395 0.404797 0.071733
v -0.016350 0.408288 0.071282
v -0.015066 0.408095 0.071544
v -0.013918 0.406766 0.071928
v -0.015590 0.405128 0.072008
v -0.018054 0.405718 0.077923
v -0.017147 0.408841 0.077329
v -0.015907 0.408703 0.077533
v -0.014789 0.407522 0.077941
v -0.016353 0.406035 0.078079
v -0.019309 0.406023 0.084358
v -0.018516 0.408774 0.083741
v -0.017380 0.408648 0.083927
v -0.016312 0.407599 0.084343
v -0.017804 0.406246 0.084511
v -0.021156 0.405880 0.091282
v -0.020499 0.408078 0.090715
v -0.019572 0.407952 0.090868
v -0.018589 0.407111 0.091243
v -0.019675 0.405993 0.091452
v -0.022659 0.406498 0.098770
v -0.022156 0.408221 0.098291
v -0.021450 0.408072 0.098415
v -0.020438 0.407227 0.098800
v -0.021443 0.406489 0.098927
v -0.023449 0.408758 0.107025
v -0.023117 0.410191 0.106636
v -0.022510 0.410043 0.106751
v -0.021496 0.409207 0.107123
v -0.022314 0.408614 0.107238
v -0.024830 0.411973 0.116191
v -0.024679 0.413027 0.115907
v -0.024189 0.412905 0.116013
v -0.023015 0.412233 0.116493
v -0.023901 0.411820 0.116410
v -0.027430 0.414691 0.125972
v -0.027272 0.415538 0.125831
v -0.026781 0.415459 0.125946
v -0.025804 0.414800 0.126298
v -0.026709 0.414562 0.126187
v -0.030595 0.415755 0.134722
v -0.030420 0.416553 0.134680
v -0.030059 0.416532 0.134771
v -0.029257 0.416075 0.135104
v -0.030085 0.415751 0.134899
v -0.033240 0.416246 0.140227
v -0.033385 0.417134 0.141120
v -0.032723 0.417069 0.141563
v -0.032544 0.416524 0.141607
v -0.032996 0.416342 0.140958
v 0.004523 0.140103 0.009472
v 0.004567 0.140367 0.001614
v 0.005762 0.140384 0.001179
v 0.007410 0.140407 0.000655
v 0.008625 0.140391 0.001218
v 0.009260 0.140298 0.004052
v 0.008913 0.140226 0.006167
v 0.007724 0.140164 0.007893
v 0.005934 0.140121 0.009053
v 0.004810 0.129414 0.008371
v 0.004847 0.129638 0.001709
v 0.005916 0.129653 0.001341
v 0.007275 0.129651 0.001513
v 0.008242 0.129634 0.002100
v 0.008881 0.129580 0.003777
v 0.008587 0.129519 0.005570
v 0.007579 0.129467 0.007033
v 0.006061 0.129430 0.008016
v -0.007410 0.409139 0.059482
v -0.007154 0.408688 0.059453
v -0.007145 0.408382 0.059929
v -0.006796 0.410463 0.058430
v -0.006665 0.410263 0.058348
v -0.004061 0.410588 0.058463
v -0.007156 0.408566 0.060655
v -0.007239 0.407851 0.060819
v -0.009351 0.409218 0.066788
v -0.009360 0.408796 0.066821
v -0.010518 0.409205 0.072051
v -0.010530 0.408824 0.072096
v -0.011139 0.409842 0.078124
v -0.011149 0.409489 0.078189
v -0.012835 0.409950 0.084216
v -0.012845 0.409628 0.084289
v -0.014958 0.409275 0.091100
v -0.014967 0.409016 0.091167
v -0.017020 0.409231 0.098579
v -0.017026 0.409023 0.098638
v -0.017726 0.410962 0.107055
v -0.017772 0.410469 0.107273
v -0.015351 0.407963 0.084391
v -0.008960 0.405578 0.060988
v -0.019589 0.407637 0.098790
v -0.020613 0.409434 0.107151
v -0.012735 0.409009 0.066287
v -0.008631 0.407501 0.060211
v -0.008012 0.406098 0.059732
v -0.008158 0.406974 0.059382
v -0.008632 0.407854 0.059309
v -0.013854 0.407893 0.078012
v -0.021346 0.410825 0.106668
v -0.016193 0.409501 0.083899
v -0.018334 0.408812 0.090816
v -0.011697 0.407090 0.066623
v -0.013919 0.408942 0.071624
v -0.017579 0.407442 0.091299
v -0.020244 0.408899 0.098338
v -0.012970 0.407171 0.072001
v -0.014749 0.409546 0.077551
v -0.009570 0.407750 0.059396
v -0.009027 0.407971 0.059518
v -0.008379 0.408091 0.059950
v -0.001484 0.409431 0.063052
v -0.002255 0.407541 0.062813
v -0.002475 0.409371 0.067571
v -0.003319 0.407712 0.067421
v -0.001844 0.410274 0.073001
v -0.001851 0.409640 0.073068
v -0.003338 0.411104 0.078550
v -0.003344 0.410493 0.078637
v -0.003727 0.412051 0.084903
v -0.003734 0.411710 0.084997
v -0.006992 0.412286 0.091219
v -0.006793 0.410605 0.091929
v -0.011022 0.410897 0.098874
v -0.011028 0.409507 0.099376
v -0.012869 0.411996 0.107439
v -0.012804 0.411370 0.107706
v -0.007003 0.409223 0.060087
v -0.001164 0.410037 0.060008
v -0.000976 0.409480 0.059793
v -0.004749 0.410993 0.058807
v -0.001145 0.411824 0.057834
v -0.001251 0.410682 0.057445
v -0.006840 0.412707 0.056942
v -0.006711 0.412501 0.056840
v -0.004130 0.413279 0.056556
v -0.004319 0.413716 0.056743
v -0.000243 0.413998 0.056319
v -0.000617 0.412640 0.055828
v -0.006817 0.414786 0.054811
v -0.006701 0.414576 0.054685
v -0.003437 0.414985 0.053753
v -0.004549 0.415142 0.054478
v -0.000417 0.416238 0.054305
v 0.000278 0.415142 0.054095
v -0.006317 0.417159 0.051267
v -0.006221 0.416949 0.051130
v -0.003053 0.422628 0.044079
v -0.003284 0.422605 0.044514
v 0.007071 0.433456 0.038383
v 0.007211 0.433056 0.038439
v 0.038573 0.422751 0.069922
v 0.038882 0.422096 0.070080
v 0.037979 0.425136 0.077709
v 0.038082 0.424728 0.077910
v 0.035546 0.427447 0.083964
v 0.035498 0.427023 0.084415
v 0.032017 0.429542 0.089482
v 0.031995 0.428974 0.089775
v 0.029107 0.431945 0.097181
v 0.029105 0.431413 0.097297
v 0.025429 0.432212 0.104504
v 0.025408 0.431652 0.104581
v 0.020570 0.432369 0.112160
v 0.020498 0.431633 0.112159
v 0.015666 0.431006 0.119520
v 0.015685 0.430156 0.119563
v 0.035969 0.422478 0.063575
v 0.036250 0.422011 0.063465
v 0.032184 0.427090 0.056533
v 0.032239 0.426660 0.056442
v 0.028072 0.430596 0.047867
v 0.028093 0.430206 0.047678
v 0.022194 0.431059 0.043865
v 0.022138 0.431465 0.043981
v 0.013707 0.432237 0.041816
v 0.013549 0.432157 0.041973
v -0.022204 0.412398 0.116663
v -0.020345 0.413098 0.116671
v -0.015578 0.413329 0.117446
v -0.020320 0.413540 0.116441
v -0.015680 0.413925 0.117170
v -0.023403 0.413463 0.116190
v 0.007042 0.427539 0.127387
v 0.006965 0.426878 0.127481
v -0.017450 0.416495 0.128898
v -0.023196 0.415780 0.126884
v -0.024833 0.414973 0.126502
v -0.026099 0.415959 0.125956
v -0.023170 0.416261 0.126695
v -0.017549 0.417117 0.128661
v -0.002707 0.423818 0.139460
v -0.002795 0.423203 0.139588
v -0.023576 0.417706 0.137856
v -0.027496 0.417318 0.135734
v -0.028483 0.416484 0.135353
v -0.029314 0.416646 0.134950
v -0.027401 0.417586 0.135629
v -0.023651 0.418386 0.137668
v -0.010798 0.425710 0.151148
v -0.010786 0.425126 0.151303
v -0.028367 0.418028 0.144547
v -0.031316 0.417552 0.142417
v -0.032009 0.416844 0.142016
v -0.032306 0.417005 0.141837
v -0.031219 0.417697 0.142314
v -0.028434 0.418756 0.144390
v -0.021575 0.424369 0.166563
v -0.021535 0.423653 0.166625
v -0.032182 0.418076 0.149316
v -0.032839 0.416929 0.144778
v -0.034063 0.416561 0.142995
v -0.032425 0.417891 0.145881
v -0.032173 0.418859 0.149096
v -0.032729 0.421832 0.176815
v -0.032644 0.421244 0.176929
v -0.038384 0.417925 0.156663
v -0.035596 0.416616 0.147385
v -0.036958 0.417217 0.149957
v -0.037777 0.418754 0.155505
v -0.038144 0.420666 0.186513
v -0.038337 0.419910 0.186943
v -0.039770 0.417543 0.158052
v -0.039471 0.418578 0.157851
v -0.041504 0.420394 0.191636
v -0.041633 0.419970 0.191711
v 0.010144 0.420912 0.051069
v 0.015068 0.421098 0.055638
v 0.012764 0.417167 0.070359
v 0.017913 0.417729 0.061774
v 0.015794 0.415047 0.065742
v 0.001002 0.419729 0.099375
v 0.005579 0.419438 0.092028
v 0.009606 0.421748 0.086206
v 0.011812 0.421174 0.080866
v 0.012309 0.420137 0.075490
v -0.003395 0.419895 0.107718
v 0.016997 0.421455 0.057456
v -0.006495 0.420307 0.119156
v -0.010767 0.418583 0.130992
v -0.017481 0.419296 0.141749
v -0.024046 0.419678 0.151718
v -0.032056 0.417489 0.159434
v -0.039014 0.417026 0.166141
v -0.041569 0.418871 0.167964
v -0.000300 0.421610 0.100372
v 0.004643 0.421025 0.092166
v 0.013596 0.419944 0.071098
v 0.016076 0.417491 0.064708
v 0.013239 0.423703 0.080998
v 0.009744 0.423709 0.086420
v 0.016917 0.420093 0.060358
v 0.013194 0.422120 0.075604
v -0.003920 0.421285 0.109084
v 0.009103 0.422968 0.049825
v 0.011870 0.422445 0.052276
v 0.015540 0.422244 0.056241
v -0.006778 0.422061 0.119877
v -0.011459 0.421080 0.131975
v -0.019006 0.420784 0.142601
v -0.025145 0.421067 0.151947
v -0.032345 0.419092 0.158780
v -0.039333 0.418474 0.165659
v -0.041509 0.419710 0.168792
v 0.006511 0.424332 0.047483
v 0.004692 0.425297 0.046435
v -0.000867 0.423662 0.046439
v 0.007650 0.423773 0.047584
v 0.005764 0.426680 0.045378
v -0.000757 0.423289 0.045931
v -0.033715 0.416532 0.143412
v 0.017092 0.430881 0.098594
v 0.031094 0.424786 0.068625
v 0.007481 0.432256 0.041046
v 0.023600 0.429454 0.084625
v 0.030777 0.424501 0.064076
v 0.017446 0.427780 0.048712
v 0.028367 0.426624 0.057195
v 0.012766 0.430576 0.044807
v 0.012612 0.431359 0.107166
v 0.028467 0.423849 0.074642
v 0.021269 0.431693 0.093209
v 0.026885 0.426194 0.079176
v 0.008120 0.430674 0.115865
v 0.024363 0.428716 0.053548
v 0.001539 0.427325 0.124426
v -0.007682 0.422655 0.135909
v -0.015796 0.424310 0.147437
v -0.024715 0.423646 0.160936
v -0.034304 0.420814 0.171369
v -0.039744 0.420577 0.180793
v -0.041267 0.421903 0.185337
v 0.026597 0.428916 0.052200
v 0.029612 0.422408 0.074499
v 0.032180 0.422119 0.068291
v 0.014119 0.430126 0.107636
v 0.023184 0.430621 0.094071
v 0.028753 0.425741 0.080686
v 0.009958 0.429762 0.116484
v 0.012857 0.430401 0.044292
v 0.003071 0.426054 0.125110
v -0.005801 0.421598 0.136795
v -0.013849 0.423281 0.148573
v -0.023013 0.422591 0.162336
v -0.033730 0.419728 0.172750
v -0.039327 0.419855 0.180552
v -0.041339 0.420776 0.184370
v 0.019976 0.427654 0.048275
v 0.032411 0.423196 0.064072
v 0.019105 0.429837 0.099856
v 0.024896 0.428287 0.085902
v 0.029685 0.425481 0.057488
v 0.007949 0.432060 0.040742
v -0.035589 0.418159 0.152231
v -0.034165 0.417743 0.148553
v -0.034765 0.416518 0.146696
v -0.035687 0.417547 0.152397
v -0.035038 0.421614 0.181887
v -0.035176 0.422033 0.181843
v -0.036020 0.416680 0.163204
v -0.036520 0.418010 0.163125
v -0.036980 0.421553 0.176109
v -0.036003 0.420956 0.177891
v -0.035966 0.417303 0.149524
v 0.005202 0.432487 0.038760
v 0.004904 0.432619 0.038692
v 0.029686 0.140653 -0.023723
v 0.024249 0.141727 -0.008325
v 0.032353 0.142610 -0.025158
v 0.024409 0.142116 -0.006515
v 0.034382 0.142941 -0.024678
v 0.025055 0.142560 -0.004587
v 0.034226 0.142265 -0.022760
v 0.025827 0.141878 -0.004359
v 0.034398 0.142026 -0.021111
v 0.027376 0.141558 -0.005426
v 0.029727 0.139562 -0.022721
v 0.032328 0.142256 -0.025151
v 0.034360 0.142589 -0.024673
v 0.034205 0.141913 -0.022755
v 0.034375 0.141673 -0.021105
v -0.005899 0.142383 -0.001402
v -0.003706 0.142383 -0.002436
v -0.002484 0.142358 -0.003985
v -0.003535 0.142238 -0.008132
v -0.005399 0.142148 -0.010681
v -0.008110 0.142077 -0.012158
v -0.011234 0.142029 -0.012490
v -0.005533 0.153230 -0.000373
v -0.003135 0.153262 -0.001305
v -0.002018 0.153309 -0.003277
v -0.003271 0.153401 -0.007933
v -0.005303 0.153451 -0.010746
v -0.008177 0.153471 -0.012328
v -0.011477 0.153463 -0.012679
v -0.005859 0.173134 0.000107
v -0.003423 0.173158 -0.000767
v -0.002286 0.173202 -0.002712
v -0.003536 0.173300 -0.007366
v -0.005578 0.173356 -0.010196
v -0.008469 0.173384 -0.011800
v -0.011779 0.173384 -0.012154
v -0.006408 0.200185 0.000416
v -0.003970 0.200194 -0.000347
v -0.002827 0.200217 -0.002204
v -0.004043 0.200275 -0.006751
v -0.006054 0.200312 -0.009539
v -0.008903 0.200334 -0.011137
v -0.012161 0.200341 -0.011507
v -0.006779 0.232627 0.000041
v -0.004205 0.232607 -0.000591
v -0.002981 0.232583 -0.002390
v -0.004180 0.232547 -0.006955
v -0.006214 0.232531 -0.009762
v -0.009123 0.232532 -0.011381
v -0.012456 0.232547 -0.011754
v -0.007275 0.268727 -0.003311
v -0.004790 0.268655 -0.003709
v -0.003584 0.268464 -0.005231
v -0.004630 0.267997 -0.009304
v -0.006476 0.267723 -0.011804
v -0.009153 0.267580 -0.013250
v -0.012235 0.267574 -0.013571
v -0.007260 0.306050 -0.010265
v -0.005099 0.305974 -0.010611
v -0.004051 0.305700 -0.011917
v -0.004963 0.304973 -0.015408
v -0.006570 0.304529 -0.017548
v -0.008899 0.304275 -0.018783
v -0.011579 0.304223 -0.019054
v -0.007857 0.342932 -0.019033
v -0.006083 0.342913 -0.019328
v -0.005223 0.342696 -0.020402
v -0.005972 0.342037 -0.023254
v -0.007290 0.341611 -0.024997
v -0.009202 0.341335 -0.025998
v -0.011403 0.341229 -0.026207
v -0.009261 0.378218 -0.026221
v -0.007841 0.378194 -0.026456
v -0.007155 0.378054 -0.027322
v -0.007759 0.377656 -0.029628
v -0.008817 0.377406 -0.031040
v -0.010349 0.377252 -0.031852
v -0.012111 0.377204 -0.032025
v -0.008784 0.410217 -0.033614
v -0.007558 0.410116 -0.033803
v -0.006968 0.409896 -0.034532
v -0.007497 0.409394 -0.036490
v -0.008416 0.409109 -0.037694
v -0.009742 0.408976 -0.038394
v -0.011266 0.408995 -0.038555
v -0.008313 0.434026 -0.042985
v -0.007140 0.434029 -0.043192
v -0.006568 0.433659 -0.043823
v -0.007054 0.432468 -0.045433
v -0.007920 0.431680 -0.046399
v -0.009181 0.431146 -0.046929
v -0.010637 0.430911 -0.047002
v -0.010053 0.448955 -0.055157
v -0.008804 0.449029 -0.055427
v -0.008180 0.448596 -0.056074
v -0.008644 0.447098 -0.057598
v -0.009525 0.446088 -0.058472
v -0.010834 0.445367 -0.058902
v -0.012364 0.445004 -0.058879
v -0.012340 0.454660 -0.062806
v -0.011073 0.454783 -0.062390
v -0.010091 0.454072 -0.063629
v -0.010362 0.452360 -0.065704
v -0.012684 0.450428 -0.066496
v -0.011623 0.455613 -0.063670
v -0.010401 0.455384 -0.064213
v -0.010894 0.453793 -0.067040
v -0.013348 0.451257 -0.068457
v -0.015879 0.460249 -0.073086
v -0.014481 0.458848 -0.074626
v -0.016378 0.456758 -0.075455
v -0.019036 0.464770 -0.080838
v -0.017689 0.463478 -0.082108
v -0.019734 0.461655 -0.082242
v -0.022368 0.469628 -0.089683
v -0.021054 0.468256 -0.090825
v -0.022956 0.466596 -0.090608
v -0.025849 0.473827 -0.099624
v -0.024519 0.472652 -0.100692
v -0.026370 0.471026 -0.100345
v -0.029982 0.478213 -0.110365
v -0.028714 0.477342 -0.111342
v -0.030069 0.475931 -0.111201
v -0.034444 0.482685 -0.122183
v -0.033063 0.481998 -0.123250
v -0.034478 0.480854 -0.122962
v -0.039917 0.485885 -0.134913
v -0.038519 0.485333 -0.135893
v -0.039837 0.484295 -0.135705
v -0.046908 0.490283 -0.147317
v -0.045554 0.490056 -0.148431
v -0.046840 0.489129 -0.148062
v -0.053908 0.495133 -0.158088
v -0.052927 0.494955 -0.158896
v -0.053960 0.494255 -0.158680
v -0.059384 0.500003 -0.166529
v -0.058526 0.500007 -0.167236
v -0.059487 0.499293 -0.167004
v -0.062120 0.505006 -0.173188
v -0.061961 0.504571 -0.173516
v -0.062528 0.503773 -0.172837
v -0.007150 0.140160 -0.002687
v -0.005153 0.140177 -0.003011
v -0.004182 0.140151 -0.004240
v -0.005018 0.140038 -0.007534
v -0.006498 0.139956 -0.009557
v -0.008651 0.139891 -0.010731
v -0.011132 0.139851 -0.010994
v -0.007454 0.127599 -0.003280
v -0.006126 0.127589 -0.004178
v -0.005428 0.127563 -0.005301
v -0.005647 0.127496 -0.007389
v -0.006902 0.127426 -0.009104
v -0.008727 0.127371 -0.010099
v -0.010830 0.127337 -0.010322
v -0.007379 0.456884 -0.063780
v -0.007159 0.456430 -0.064003
v -0.007069 0.456343 -0.064912
v -0.006207 0.457600 -0.061919
v -0.006089 0.457395 -0.061908
v -0.002098 0.457435 -0.063339
v -0.006797 0.456825 -0.066021
v -0.007001 0.456229 -0.066552
v -0.010176 0.461553 -0.074349
v -0.010236 0.461124 -0.074621
v -0.013454 0.466314 -0.082396
v -0.013493 0.465903 -0.082591
v -0.016578 0.471206 -0.092160
v -0.016605 0.470798 -0.092294
v -0.020168 0.475622 -0.101972
v -0.020180 0.475248 -0.102082
v -0.023984 0.480286 -0.112807
v -0.023996 0.479989 -0.112900
v -0.027820 0.485320 -0.124431
v -0.027842 0.485074 -0.124513
v -0.032214 0.489330 -0.137478
v -0.032394 0.488701 -0.137776
v -0.023330 0.473149 -0.101162
v -0.009829 0.454255 -0.067046
v -0.031837 0.482736 -0.123656
v -0.037135 0.485989 -0.136350
v -0.014400 0.461182 -0.073059
v -0.009242 0.455757 -0.065133
v -0.008918 0.454150 -0.065108
v -0.009055 0.454873 -0.064098
v -0.009497 0.455728 -0.063471
v -0.019922 0.468710 -0.091215
v -0.038088 0.487288 -0.135307
v -0.024389 0.474897 -0.100051
v -0.028432 0.479366 -0.110806
v -0.013333 0.459315 -0.074771
v -0.017600 0.465794 -0.080954
v -0.027437 0.477861 -0.111858
v -0.032734 0.483986 -0.122660
v -0.016553 0.463976 -0.082357
v -0.020957 0.470622 -0.090010
v -0.010681 0.455719 -0.063378
v -0.009898 0.455955 -0.063650
v -0.008875 0.456196 -0.064548
v 0.000714 0.462664 -0.070668
v 0.000754 0.461005 -0.070974
v -0.001530 0.465170 -0.076880
v -0.001602 0.464742 -0.077146
v -0.002481 0.471444 -0.086265
v -0.002522 0.471021 -0.086452
v -0.006453 0.475536 -0.096414
v -0.006479 0.475118 -0.096541
v -0.008170 0.481104 -0.107745
v -0.008195 0.480725 -0.107852
v -0.012230 0.486631 -0.116920
v -0.012496 0.485500 -0.117316
v -0.018418 0.491111 -0.127274
v -0.018765 0.489944 -0.127728
v -0.023467 0.495750 -0.139975
v -0.023455 0.494965 -0.140406
v -0.006593 0.457182 -0.064938
v 0.001423 0.461950 -0.066600
v 0.001600 0.459567 -0.066700
v -0.003066 0.457965 -0.063385
v 0.002047 0.462277 -0.062307
v 0.002382 0.460134 -0.062334
v -0.005356 0.458995 -0.058930
v -0.005238 0.458785 -0.058914
v -0.001328 0.458969 -0.058874
v -0.001502 0.459456 -0.058943
v 0.003546 0.462883 -0.058232
v 0.003779 0.461056 -0.058250
v -0.004528 0.459769 -0.054784
v -0.004417 0.459541 -0.054770
v -0.000054 0.458817 -0.053232
v -0.001380 0.459552 -0.054285
v 0.003494 0.462208 -0.053028
v 0.004023 0.460717 -0.053400
v -0.001823 0.461370 -0.048314
v -0.001711 0.461111 -0.048249
v 0.003666 0.460725 -0.039287
v 0.003566 0.461281 -0.039558
v 0.017178 0.457252 -0.028334
v 0.016967 0.455827 -0.028197
v 0.054061 0.502269 -0.083041
v 0.054221 0.501467 -0.083106
v 0.048387 0.506630 -0.102550
v 0.048421 0.506058 -0.102671
v 0.045476 0.511817 -0.112574
v 0.045440 0.510845 -0.113072
v 0.037920 0.520122 -0.118779
v 0.037680 0.519368 -0.119102
v 0.026602 0.525308 -0.124142
v 0.026541 0.524647 -0.124382
v 0.020806 0.526865 -0.129537
v 0.020798 0.526222 -0.129813
v 0.012995 0.528709 -0.139135
v 0.012985 0.527924 -0.139467
v 0.000078 0.530701 -0.147050
v 0.000141 0.529774 -0.147512
v 0.057686 0.486560 -0.068410
v 0.057881 0.485734 -0.068472
v 0.057966 0.476207 -0.052553
v 0.058761 0.475151 -0.052685
v 0.045601 0.455261 -0.033438
v 0.045824 0.454720 -0.033344
v 0.036711 0.449759 -0.026354
v 0.036576 0.450052 -0.026397
v 0.025087 0.451677 -0.024451
v 0.024919 0.451272 -0.024293
v -0.044452 0.490679 -0.148902
v -0.041766 0.492609 -0.149370
v -0.034410 0.498248 -0.151977
v -0.041604 0.493171 -0.149024
v -0.034418 0.498983 -0.151545
v -0.045812 0.491371 -0.147748
v -0.014710 0.535984 -0.157874
v -0.014824 0.535251 -0.158267
v -0.044402 0.504511 -0.162583
v -0.050105 0.497496 -0.159697
v -0.051869 0.495654 -0.159252
v -0.053078 0.496010 -0.158061
v -0.049980 0.498017 -0.159336
v -0.044491 0.506146 -0.162169
v -0.024904 0.537140 -0.172404
v -0.024908 0.536327 -0.172825
v -0.051911 0.508308 -0.170864
v -0.056356 0.502323 -0.167711
v -0.057599 0.500850 -0.167474
v -0.058534 0.500467 -0.166807
v -0.056219 0.502568 -0.167493
v -0.051947 0.509810 -0.170462
v -0.031334 0.537334 -0.182988
v -0.031342 0.536541 -0.183465
v -0.056388 0.512618 -0.177130
v -0.060227 0.506618 -0.174208
v -0.061242 0.505361 -0.173923
v -0.061605 0.505283 -0.173594
v -0.060078 0.506711 -0.174068
v -0.056345 0.513247 -0.176645
v -0.049980 0.539413 -0.196099
v -0.049951 0.538677 -0.196574
v -0.061377 0.516166 -0.180642
v -0.062439 0.507497 -0.176362
v -0.061816 0.509600 -0.177076
v -0.061220 0.516758 -0.180108
v -0.064943 0.543141 -0.209638
v -0.065025 0.542378 -0.210221
v -0.069667 0.518874 -0.188602
v -0.068618 0.519111 -0.186819
v -0.088885 0.536202 -0.228525
v -0.089009 0.535811 -0.229170
v 0.018137 0.455236 -0.039905
v 0.023337 0.461737 -0.047979
v 0.025371 0.481842 -0.083367
v 0.026077 0.470150 -0.064926
v 0.027446 0.474817 -0.073352
v -0.004609 0.504537 -0.129299
v 0.002916 0.500966 -0.120623
v 0.009824 0.497853 -0.113315
v 0.015511 0.493092 -0.105305
v 0.021177 0.487550 -0.095398
v -0.012392 0.506932 -0.140054
v 0.023826 0.468167 -0.055613
v -0.023487 0.511107 -0.152618
v -0.036899 0.514981 -0.163957
v -0.043500 0.518270 -0.175197
v -0.052417 0.521030 -0.183494
v -0.063614 0.524918 -0.189137
v -0.075974 0.523787 -0.197858
v -0.005061 0.508091 -0.130612
v 0.002955 0.504628 -0.121159
v 0.026885 0.484169 -0.084788
v 0.026808 0.476987 -0.070322
v 0.014996 0.497332 -0.103727
v 0.009182 0.501058 -0.112601
v 0.024189 0.471002 -0.061413
v 0.020667 0.490534 -0.094374
v -0.013917 0.509220 -0.141084
v 0.013556 0.457260 -0.040033
v 0.018922 0.460500 -0.044196
v 0.021615 0.466266 -0.051929
v -0.025655 0.516271 -0.152779
v -0.038967 0.520171 -0.165183
v -0.045100 0.519615 -0.175048
v -0.053561 0.522563 -0.182727
v -0.063640 0.525733 -0.187582
v -0.075253 0.524717 -0.196834
v 0.010940 0.457926 -0.038953
v 0.009532 0.459620 -0.038294
v 0.005497 0.461666 -0.040428
v 0.013844 0.455300 -0.037952
v 0.010200 0.457684 -0.037248
v 0.005345 0.460642 -0.040615
v -0.063506 0.505695 -0.175031
v 0.014309 0.522338 -0.125860
v 0.049460 0.493096 -0.079394
v 0.015124 0.457416 -0.031622
v 0.031637 0.517344 -0.113982
v 0.050764 0.481212 -0.065925
v 0.029351 0.450223 -0.031389
v 0.048342 0.475439 -0.050799
v 0.020498 0.451699 -0.029692
v 0.005449 0.524632 -0.134579
v 0.042671 0.500263 -0.098062
v 0.019828 0.522254 -0.119485
v 0.039187 0.509205 -0.107903
v -0.006279 0.526142 -0.144202
v 0.036814 0.455136 -0.036454
v -0.020622 0.531002 -0.154663
v -0.030458 0.531980 -0.168696
v -0.036758 0.532758 -0.179237
v -0.052758 0.534434 -0.191002
v -0.066459 0.538063 -0.202106
v -0.084705 0.531433 -0.218055
v 0.041023 0.455098 -0.036591
v 0.043849 0.500790 -0.099017
v 0.050505 0.494772 -0.081088
v 0.007174 0.524065 -0.135528
v 0.021354 0.521172 -0.120564
v 0.040154 0.505827 -0.109467
v -0.004344 0.525688 -0.145018
v 0.022340 0.450531 -0.027793
v -0.018817 0.530853 -0.156059
v -0.028388 0.531869 -0.170354
v -0.034500 0.532588 -0.181312
v -0.051019 0.534421 -0.193390
v -0.066079 0.538226 -0.205087
v -0.085450 0.531705 -0.220699
v 0.032519 0.449259 -0.029800
v 0.052728 0.481098 -0.067602
v 0.015718 0.522133 -0.126777
v 0.032372 0.515959 -0.115450
v 0.052200 0.473658 -0.052734
v 0.015214 0.455364 -0.030494
v -0.005823 0.147980 -0.010923
v -0.005865 0.169431 -0.010583
v -0.006154 0.199850 -0.009915
v -0.005982 0.237874 -0.009782
v -0.005275 0.269962 -0.011566
v -0.005131 0.273158 -0.011868
v -0.002905 0.145375 -0.008295
v -0.002142 0.169709 -0.008258
v -0.002426 0.200138 -0.007581
v -0.003038 0.238059 -0.007643
v -0.003951 0.270143 -0.010114
v -0.004154 0.273305 -0.010558
v -0.001261 0.143842 -0.005091
v -0.000525 0.169893 -0.004495
v -0.000516 0.200348 -0.003775
v -0.001682 0.238192 -0.003546
v -0.003050 0.270445 -0.006474
v -0.003058 0.273610 -0.006556
v -0.001191 0.143192 -0.002576
v -0.000746 0.170035 0.000147
v -0.000433 0.200344 0.000932
v -0.001907 0.237624 0.001006
v -0.003386 0.269129 -0.004334
v -0.003260 0.272063 -0.005076
v -0.001244 0.144422 0.000305
v -0.001686 0.169893 0.002149
v -0.000576 0.199933 0.003378
v -0.002581 0.236500 0.002613
v -0.004226 0.267139 -0.000891
v -0.004430 0.269770 -0.002470
v -0.008103 0.147907 -0.011749
v -0.008244 0.169381 -0.011448
v -0.008704 0.199788 -0.010849
v -0.008710 0.237757 -0.010813
v -0.007942 0.269687 -0.012601
v -0.007768 0.272861 -0.012900
v -0.003623 0.145365 -0.008159
v -0.002926 0.169696 -0.008135
v -0.003383 0.200115 -0.007530
v -0.004461 0.237997 -0.007864
v -0.005961 0.269954 -0.010737
v -0.006271 0.273086 -0.011261
v -0.001976 0.143832 -0.004955
v -0.001395 0.169858 -0.004270
v -0.001672 0.200267 -0.003358
v -0.002411 0.238168 -0.003319
v -0.003611 0.270424 -0.006176
v -0.003589 0.273585 -0.006337
v -0.001904 0.143182 -0.002440
v -0.001635 0.169998 0.000375
v -0.001656 0.200261 0.001349
v -0.002731 0.237618 0.001161
v -0.004148 0.269130 -0.004191
v -0.004004 0.272063 -0.004936
v -0.001959 0.144412 0.000441
v -0.002428 0.169883 0.002289
v -0.001319 0.199927 0.003517
v -0.003334 0.236503 0.002750
v -0.005165 0.267163 -0.000714
v -0.005370 0.269796 -0.002293
v -0.065285 0.518182 -0.182906
v -0.064014 0.511597 -0.179276
v -0.064934 0.508320 -0.177976
v -0.065432 0.517629 -0.183487
v -0.077426 0.538045 -0.221631
v -0.077313 0.538632 -0.221034
v -0.069409 0.525061 -0.192873
v -0.069563 0.526030 -0.192156
v -0.075821 0.534338 -0.210323
v -0.075947 0.534222 -0.213017
v -0.066014 0.511703 -0.180195
v 0.014361 0.455814 -0.030143
v 0.014450 0.457126 -0.030470
v -0.013537 0.142013 -0.012015
v -0.007793 0.142375 -0.000829
v -0.009363 0.142387 0.000376
v -0.011481 0.142391 0.001556
v -0.013452 0.142369 0.001646
v -0.016210 0.142250 -0.001625
v -0.017195 0.142160 -0.004625
v -0.016816 0.142085 -0.007689
v -0.015265 0.142034 -0.010421
v -0.013804 0.153442 -0.012230
v -0.007431 0.153210 0.000174
v -0.008981 0.153177 0.001397
v -0.011135 0.153137 0.002803
v -0.013389 0.153131 0.002562
v -0.016445 0.153196 -0.001168
v -0.017548 0.153260 -0.004458
v -0.017161 0.153331 -0.007715
v -0.015524 0.153400 -0.010600
v -0.013890 0.173372 -0.011817
v -0.007559 0.173121 0.000504
v -0.008873 0.173094 0.001655
v -0.011002 0.173057 0.003126
v -0.013246 0.173057 0.002917
v -0.016303 0.173130 -0.000809
v -0.017414 0.173199 -0.004117
v -0.017034 0.173270 -0.007400
v -0.015395 0.173336 -0.010297
v -0.013918 0.200340 -0.011348
v -0.007787 0.200184 0.000586
v -0.008727 0.200172 0.001607
v -0.010768 0.200153 0.003145
v -0.012943 0.200157 0.002993
v -0.015931 0.200205 -0.000644
v -0.017027 0.200247 -0.003902
v -0.016667 0.200288 -0.007148
v -0.015070 0.200323 -0.010012
v -0.014072 0.232557 -0.011683
v -0.008048 0.232634 0.000041
v -0.008787 0.232648 0.001073
v -0.010800 0.232676 0.002797
v -0.012976 0.232688 0.002744
v -0.015988 0.232670 -0.000888
v -0.017086 0.232645 -0.004176
v -0.016709 0.232611 -0.007483
v -0.015071 0.232574 -0.010411
v -0.013680 0.267594 -0.013523
v -0.008449 0.268725 -0.003430
v -0.009035 0.268850 -0.002413
v -0.010807 0.269076 -0.000638
v -0.012756 0.269106 -0.000550
v -0.015486 0.268757 -0.003764
v -0.016461 0.268422 -0.006707
v -0.016089 0.268066 -0.009710
v -0.014560 0.267736 -0.012385
v -0.012997 0.304252 -0.018928
v -0.008442 0.306049 -0.010285
v -0.009111 0.306249 -0.009331
v -0.010653 0.306570 -0.007808
v -0.012348 0.306589 -0.007730
v -0.014724 0.306019 -0.010482
v -0.015574 0.305494 -0.013003
v -0.015252 0.304956 -0.015577
v -0.013924 0.304474 -0.017871
v -0.012743 0.341237 -0.026009
v -0.009002 0.342919 -0.018953
v -0.009727 0.343095 -0.018081
v -0.010993 0.343342 -0.016826
v -0.012384 0.343321 -0.016754
v -0.014334 0.342766 -0.018994
v -0.015032 0.342286 -0.021053
v -0.014769 0.341821 -0.023162
v -0.013679 0.341428 -0.025047
v -0.013405 0.377236 -0.031755
v -0.010399 0.378236 -0.026044
v -0.011199 0.378367 -0.025226
v -0.012210 0.378527 -0.024214
v -0.013322 0.378525 -0.024158
v -0.014887 0.378201 -0.025971
v -0.015449 0.377913 -0.027637
v -0.015242 0.377626 -0.029341
v -0.014373 0.377377 -0.030865
v -0.012488 0.409159 -0.038127
v -0.009973 0.410308 -0.033453
v -0.010798 0.410566 -0.032617
v -0.011668 0.410829 -0.031767
v -0.012629 0.410879 -0.031727
v -0.013987 0.410520 -0.033275
v -0.014478 0.410161 -0.034691
v -0.014305 0.409768 -0.036134
v -0.013559 0.409393 -0.037419
v -0.011983 0.430993 -0.046646
v -0.009581 0.434010 -0.042782
v -0.010470 0.434475 -0.041967
v -0.011310 0.434899 -0.041223
v -0.012229 0.434840 -0.041150
v -0.013511 0.433813 -0.042385
v -0.013967 0.432938 -0.043545
v -0.013786 0.432104 -0.044755
v -0.013061 0.431414 -0.045858
v -0.013907 0.445061 -0.058393
v -0.011464 0.448973 -0.054748
v -0.012601 0.449452 -0.053921
v -0.013523 0.449951 -0.053137
v -0.014505 0.449840 -0.053003
v -0.015816 0.448503 -0.054115
v -0.016249 0.447399 -0.055209
v -0.016004 0.446374 -0.056392
v -0.015189 0.445554 -0.057507
v -0.016309 0.450076 -0.065602
v -0.013953 0.454641 -0.062274
v -0.015293 0.455158 -0.061353
v -0.015686 0.455559 -0.060122
v -0.017384 0.455292 -0.060046
v -0.019249 0.453866 -0.061335
v -0.019003 0.451561 -0.063378
v -0.016879 0.451140 -0.067185
v -0.014646 0.455686 -0.064088
v -0.016112 0.456341 -0.061464
v -0.017293 0.456489 -0.060829
v -0.019566 0.455198 -0.062775
v -0.019870 0.452401 -0.065233
v -0.019397 0.456444 -0.074405
v -0.017751 0.460298 -0.072309
v -0.019453 0.460725 -0.071324
v -0.021807 0.459871 -0.071005
v -0.021867 0.457601 -0.072730
v -0.021972 0.461115 -0.081548
v -0.020669 0.464799 -0.080123
v -0.022175 0.465190 -0.079271
v -0.024272 0.464388 -0.078817
v -0.023647 0.462256 -0.080278
v -0.024965 0.466325 -0.089761
v -0.023861 0.469820 -0.088922
v -0.025239 0.470399 -0.088083
v -0.027152 0.469901 -0.087433
v -0.026514 0.467596 -0.088624
v -0.028220 0.470734 -0.099499
v -0.027280 0.473963 -0.098876
v -0.028637 0.474479 -0.098062
v -0.030516 0.474065 -0.097329
v -0.029717 0.471832 -0.098459
v -0.031920 0.475646 -0.110315
v -0.031171 0.478286 -0.109739
v -0.032299 0.478647 -0.109057
v -0.033973 0.478318 -0.108374
v -0.033487 0.476598 -0.109264
v -0.036111 0.480514 -0.122160
v -0.035408 0.482635 -0.121659
v -0.036298 0.482808 -0.121090
v -0.038027 0.482391 -0.120334
v -0.037447 0.481119 -0.121212
v -0.041452 0.483993 -0.134945
v -0.040769 0.485813 -0.134487
v -0.041550 0.485923 -0.134010
v -0.043282 0.485487 -0.133218
v -0.042832 0.484418 -0.134068
v -0.048039 0.488898 -0.147449
v -0.047527 0.490199 -0.146997
v -0.048094 0.490248 -0.146620
v -0.049854 0.489949 -0.145908
v -0.049111 0.489118 -0.146740
v -0.054733 0.494013 -0.158259
v -0.054446 0.494961 -0.157834
v -0.054899 0.495049 -0.157447
v -0.056093 0.494711 -0.156856
v -0.055451 0.494155 -0.157727
v -0.060050 0.499035 -0.166721
v -0.059784 0.499859 -0.166358
v -0.060080 0.499941 -0.166042
v -0.061038 0.499783 -0.165481
v -0.060502 0.499218 -0.166295
v -0.062816 0.503053 -0.172087
v -0.062916 0.504543 -0.172569
v -0.063701 0.504897 -0.172054
v -0.064098 0.504425 -0.171986
v -0.063422 0.503708 -0.172198
v -0.012826 0.139838 -0.010687
v -0.008627 0.140147 -0.002509
v -0.009633 0.140167 -0.001413
v -0.011060 0.140193 0.000022
v -0.012625 0.140175 0.000094
v -0.014814 0.140066 -0.002505
v -0.015596 0.139982 -0.004887
v -0.015295 0.139910 -0.007320
v -0.014063 0.139859 -0.009490
v -0.012324 0.127326 -0.010032
v -0.008765 0.127588 -0.003099
v -0.009675 0.127606 -0.002140
v -0.011179 0.127603 -0.001584
v -0.012499 0.127583 -0.001671
v -0.014068 0.127519 -0.003066
v -0.014730 0.127448 -0.005086
v -0.014475 0.127388 -0.007148
v -0.013431 0.127344 -0.008987
v -0.018325 0.458532 -0.058402
v -0.018744 0.458187 -0.058311
v -0.019507 0.458203 -0.058798
v -0.017401 0.459286 -0.056426
v -0.017517 0.459125 -0.056301
v -0.021057 0.460040 -0.054077
v -0.020382 0.458777 -0.059338
v -0.020824 0.458242 -0.059750
v -0.023546 0.463018 -0.067730
v -0.023821 0.462650 -0.067894
v -0.026393 0.467585 -0.075922
v -0.026619 0.467237 -0.076022
v -0.029779 0.473983 -0.084854
v -0.029975 0.473650 -0.084894
v -0.033333 0.478506 -0.094643
v -0.033497 0.478183 -0.094666
v -0.037190 0.482314 -0.105485
v -0.037324 0.482055 -0.105508
v -0.040643 0.486495 -0.117487
v -0.040764 0.486282 -0.117505
v -0.046716 0.489480 -0.129653
v -0.047056 0.488935 -0.129842
v -0.031420 0.475033 -0.096637
v -0.020070 0.455875 -0.062007
v -0.038712 0.483278 -0.119644
v -0.044113 0.486195 -0.132388
v -0.020063 0.461894 -0.070271
v -0.018565 0.457196 -0.060551
v -0.019165 0.455799 -0.060071
v -0.018127 0.456329 -0.059641
v -0.017165 0.456946 -0.059705
v -0.027909 0.470792 -0.086784
v -0.042314 0.487342 -0.132890
v -0.029495 0.476065 -0.097201
v -0.033216 0.480186 -0.108121
v -0.022482 0.460543 -0.070251
v -0.022859 0.466434 -0.078334
v -0.034970 0.479192 -0.107623
v -0.037110 0.484263 -0.120096
v -0.025023 0.465086 -0.078128
v -0.025921 0.471904 -0.087252
v -0.016409 0.456641 -0.060566
v -0.017007 0.457078 -0.060160
v -0.018219 0.457629 -0.059956
v -0.028369 0.464600 -0.056419
v -0.028801 0.464088 -0.056468
v -0.030711 0.467815 -0.062408
v -0.030984 0.467440 -0.062577
v -0.035158 0.473574 -0.069817
v -0.035400 0.473214 -0.069915
v -0.037673 0.479986 -0.079618
v -0.037874 0.479639 -0.079662
v -0.044864 0.487461 -0.088098
v -0.045029 0.486331 -0.088162
v -0.045549 0.493157 -0.098877
v -0.046745 0.491097 -0.099123
v -0.047132 0.494298 -0.112868
v -0.047928 0.493012 -0.113193
v -0.051869 0.496735 -0.126064
v -0.052414 0.496078 -0.126147
v -0.019581 0.459058 -0.058554
v -0.026116 0.464328 -0.053201
v -0.026396 0.462881 -0.053054
v -0.020339 0.460334 -0.054932
v -0.022998 0.464782 -0.050185
v -0.023351 0.463462 -0.049869
v -0.015265 0.460506 -0.054080
v -0.015378 0.460340 -0.053951
v -0.017707 0.461367 -0.050924
v -0.017525 0.461771 -0.051164
v -0.020425 0.464936 -0.046665
v -0.020787 0.464473 -0.046420
v -0.012418 0.461087 -0.050939
v -0.012537 0.460903 -0.050814
v -0.014162 0.461197 -0.046415
v -0.013967 0.461646 -0.048194
v -0.015904 0.465423 -0.043628
v -0.017146 0.464153 -0.043206
v -0.007566 0.462585 -0.045326
v -0.007677 0.462374 -0.045147
v -0.002428 0.464307 -0.035251
v -0.002336 0.464719 -0.035666
v 0.002635 0.471610 -0.014217
v 0.002551 0.470619 -0.013833
v -0.069228 0.492149 -0.022115
v -0.069645 0.491580 -0.022002
v -0.079396 0.498838 -0.040733
v -0.079600 0.498435 -0.040848
v -0.082718 0.502704 -0.053113
v -0.083396 0.501985 -0.053379
v -0.084835 0.506025 -0.062016
v -0.085309 0.505367 -0.062267
v -0.088359 0.513528 -0.074811
v -0.088737 0.513184 -0.074923
v -0.088768 0.515896 -0.084292
v -0.089074 0.515474 -0.084433
v -0.089293 0.517057 -0.094338
v -0.089612 0.516446 -0.094514
v -0.087907 0.520368 -0.105301
v -0.088283 0.519560 -0.105465
v -0.062118 0.489010 -0.012197
v -0.062678 0.488548 -0.011968
v -0.052562 0.484653 -0.006231
v -0.052815 0.483527 -0.006145
v -0.029242 0.474304 0.002808
v -0.029397 0.472980 0.002937
v -0.013113 0.463054 0.005188
v -0.012895 0.463539 0.005140
v -0.000248 0.469516 -0.003025
v -0.000328 0.469019 -0.002975
v -0.050722 0.490423 -0.145214
v -0.052300 0.491680 -0.143194
v -0.058008 0.496559 -0.138996
v -0.051950 0.492137 -0.142952
v -0.057755 0.498575 -0.139431
v -0.048784 0.491202 -0.145986
v -0.087789 0.526794 -0.118164
v -0.088159 0.526163 -0.118365
v -0.063912 0.501758 -0.150009
v -0.058104 0.496530 -0.154404
v -0.056901 0.495208 -0.155986
v -0.055207 0.495800 -0.156670
v -0.057779 0.496977 -0.154151
v -0.063399 0.502674 -0.149919
v -0.088025 0.528128 -0.137566
v -0.088464 0.527526 -0.137731
v -0.066624 0.506940 -0.160436
v -0.062130 0.501706 -0.163647
v -0.061552 0.500464 -0.164707
v -0.060625 0.500265 -0.165343
v -0.061975 0.501932 -0.163438
v -0.066079 0.507487 -0.160266
v -0.087938 0.530973 -0.149257
v -0.088462 0.530471 -0.149386
v -0.069834 0.511898 -0.167771
v -0.065238 0.506208 -0.170646
v -0.064657 0.505110 -0.171485
v -0.064229 0.505096 -0.171716
v -0.065181 0.506286 -0.170438
v -0.069321 0.512462 -0.167590
v -0.090767 0.531937 -0.164205
v -0.091245 0.531319 -0.164318
v -0.070438 0.515275 -0.174346
v -0.065872 0.507258 -0.173940
v -0.063903 0.505294 -0.174540
v -0.066748 0.509220 -0.173628
v -0.069994 0.515749 -0.173974
v -0.091423 0.537414 -0.190037
v -0.091869 0.536292 -0.190322
v -0.071786 0.518712 -0.187100
v -0.065854 0.508897 -0.178476
v -0.067037 0.511818 -0.180585
v -0.071202 0.518774 -0.184973
v -0.095939 0.536029 -0.222849
v -0.096411 0.535645 -0.223382
v -0.071716 0.519425 -0.189997
v -0.071343 0.520237 -0.189122
v -0.093277 0.536595 -0.227291
v -0.093571 0.536196 -0.227886
v -0.018578 0.469759 -0.018957
v -0.033050 0.471178 -0.020999
v -0.049907 0.480130 -0.048771
v -0.047739 0.474541 -0.030682
v -0.050525 0.477648 -0.037408
v -0.060510 0.505581 -0.105007
v -0.061507 0.502649 -0.091086
v -0.063427 0.496053 -0.079488
v -0.056624 0.489231 -0.071427
v -0.053177 0.483015 -0.060843
v -0.062479 0.506594 -0.119704
v -0.040213 0.473229 -0.025631
v -0.068165 0.508637 -0.132143
v -0.074447 0.508610 -0.142762
v -0.078915 0.515235 -0.152949
v -0.080833 0.518674 -0.162569
v -0.081285 0.520938 -0.175228
v -0.080590 0.522667 -0.194400
v -0.080935 0.523927 -0.200014
v -0.059618 0.507106 -0.107527
v -0.059019 0.504663 -0.092912
v -0.050269 0.481655 -0.049376
v -0.047961 0.478146 -0.035939
v -0.057936 0.491630 -0.070667
v -0.063511 0.498014 -0.079689
v -0.043238 0.475165 -0.030099
v -0.054325 0.484744 -0.060223
v -0.062658 0.509353 -0.121969
v -0.013038 0.470764 -0.020515
v -0.022471 0.471969 -0.018706
v -0.034687 0.473224 -0.025080
v -0.067134 0.509717 -0.133248
v -0.072519 0.510082 -0.143715
v -0.077557 0.516754 -0.154355
v -0.079527 0.519470 -0.163235
v -0.079749 0.521360 -0.174724
v -0.079966 0.523302 -0.193217
v -0.081073 0.525381 -0.200135
v -0.008460 0.471062 -0.021628
v -0.007029 0.471044 -0.027691
v -0.004600 0.467960 -0.034064
v -0.011343 0.468859 -0.021231
v -0.006702 0.469281 -0.025689
v -0.005178 0.466933 -0.034018
v -0.064423 0.505636 -0.174378
v -0.080407 0.510142 -0.087402
v -0.063620 0.487990 -0.024541
v 0.000441 0.470340 -0.018238
v -0.075711 0.501350 -0.064613
v -0.059369 0.483255 -0.015876
v -0.012719 0.466812 -0.003548
v -0.047990 0.478539 -0.012613
v -0.001204 0.468930 -0.009742
v -0.081197 0.514790 -0.098670
v -0.071633 0.493544 -0.042458
v -0.081315 0.508031 -0.077389
v -0.072085 0.496845 -0.055487
v -0.079714 0.518299 -0.110762
v -0.026696 0.472757 -0.004507
v -0.080989 0.522713 -0.123630
v -0.081226 0.522032 -0.140687
v -0.082886 0.527261 -0.151193
v -0.084838 0.526748 -0.164774
v -0.086602 0.530233 -0.185642
v -0.089962 0.534013 -0.212689
v -0.089632 0.532318 -0.219304
v -0.030306 0.472509 -0.002421
v -0.073639 0.491743 -0.042038
v -0.066003 0.488005 -0.024174
v -0.083174 0.511993 -0.097276
v -0.083670 0.508431 -0.076693
v -0.075147 0.497205 -0.055411
v -0.082300 0.517013 -0.109121
v -0.001632 0.467649 -0.007075
v -0.084217 0.522880 -0.121868
v -0.084774 0.522421 -0.139330
v -0.085992 0.527113 -0.150540
v -0.087668 0.526933 -0.163884
v -0.089011 0.529512 -0.186775
v -0.091760 0.532086 -0.214369
v -0.091265 0.532580 -0.222398
v -0.013966 0.464382 -0.000118
v -0.061381 0.484133 -0.014917
v -0.083270 0.510136 -0.086619
v -0.078210 0.501095 -0.064450
v -0.051412 0.478823 -0.010620
v 0.000866 0.469276 -0.016728
v -0.017263 0.147861 -0.005048
v -0.017478 0.169267 -0.004619
v -0.017270 0.199782 -0.004205
v -0.017131 0.238063 -0.004055
v -0.016697 0.270800 -0.005740
v -0.016632 0.274057 -0.006009
v -0.016774 0.145302 -0.001173
v -0.017762 0.169490 -0.000236
v -0.017546 0.200048 0.000187
v -0.017103 0.238301 -0.000418
v -0.016274 0.271047 -0.003829
v -0.016127 0.274240 -0.004459
v -0.015095 0.143814 0.002012
v -0.015650 0.169682 0.003272
v -0.015567 0.200259 0.003957
v -0.014560 0.238414 0.003069
v -0.013829 0.271233 -0.000977
v -0.013503 0.274423 -0.001235
v -0.013077 0.143185 0.003527
v -0.011752 0.169882 0.005799
v -0.011790 0.200277 0.006766
v -0.010740 0.237770 0.005543
v -0.012071 0.269744 0.000098
v -0.012383 0.272750 -0.000425
v -0.010731 0.144393 0.005176
v -0.009575 0.169783 0.006200
v -0.009714 0.199878 0.008072
v -0.009064 0.236598 0.005943
v -0.009009 0.267459 0.001552
v -0.009886 0.270160 0.000314
v -0.016605 0.147819 -0.007383
v -0.016795 0.169261 -0.007057
v -0.016543 0.199740 -0.006822
v -0.016384 0.237886 -0.006871
v -0.016016 0.270278 -0.008483
v -0.015970 0.273500 -0.008722
v -0.016245 0.145298 -0.001678
v -0.017206 0.169495 -0.000801
v -0.016947 0.200034 -0.000562
v -0.016455 0.238202 -0.001703
v -0.015632 0.270661 -0.005805
v -0.015491 0.273804 -0.006564
v -0.014568 0.143806 0.001511
v -0.014960 0.169668 0.002696
v -0.014555 0.200191 0.003260
v -0.013951 0.238366 0.002609
v -0.013266 0.271130 -0.001252
v -0.013022 0.274319 -0.001531
v -0.012552 0.143176 0.003027
v -0.011048 0.169866 0.005209
v -0.010737 0.200207 0.006014
v -0.010134 0.237740 0.004964
v -0.011514 0.269651 -0.000432
v -0.011839 0.272652 -0.000942
v -0.010203 0.144386 0.004674
v -0.009029 0.169791 0.005679
v -0.009168 0.199880 0.007549
v -0.008514 0.236581 0.005411
v -0.008319 0.267374 0.000896
v -0.009195 0.270070 -0.000341
v -0.070197 0.517422 -0.179415
v -0.067518 0.511343 -0.176842
v -0.065900 0.508259 -0.177302
v -0.070521 0.516966 -0.179895
v -0.093793 0.538386 -0.207240
v -0.093330 0.539926 -0.207000
v -0.079904 0.522039 -0.184546
v -0.079171 0.522798 -0.184363
v -0.087359 0.535592 -0.200335
v -0.089077 0.534324 -0.201467
v -0.067234 0.511616 -0.179351
v 0.001718 0.468590 -0.017570
v 0.001809 0.469283 -0.018181
v -0.004598 0.142835 0.004011
v -0.005838 0.142837 0.003445
v -0.006947 0.142820 0.003483
v -0.008345 0.142733 0.005440
v -0.008762 0.142668 0.007166
v -0.008412 0.142614 0.008866
v -0.007419 0.142578 0.010328
v -0.004415 0.149196 0.003961
v -0.005687 0.149244 0.003272
v -0.006939 0.149222 0.003509
v -0.008482 0.149047 0.005732
v -0.008951 0.148901 0.007621
v -0.008586 0.148765 0.009424
v -0.007537 0.148651 0.010963
v -0.004342 0.160359 0.004929
v -0.005603 0.160410 0.004203
v -0.006851 0.160390 0.004421
v -0.008395 0.160214 0.006642
v -0.008867 0.160068 0.008542
v -0.008505 0.159930 0.010360
v -0.007454 0.159815 0.011905
v -0.004287 0.175471 0.006321
v -0.005501 0.175517 0.005553
v -0.006713 0.175498 0.005737
v -0.008223 0.175342 0.007905
v -0.008689 0.175212 0.009777
v -0.008340 0.175092 0.011577
v -0.007314 0.174994 0.013106
v -0.004486 0.193562 0.007749
v -0.005693 0.193585 0.006874
v -0.006910 0.193562 0.007001
v -0.008434 0.193442 0.009171
v -0.008900 0.193350 0.011062
v -0.008538 0.193272 0.012897
v -0.007487 0.193216 0.014462
v -0.005706 0.213781 0.010110
v -0.006781 0.213794 0.009188
v -0.007874 0.213696 0.009219
v -0.009243 0.213358 0.011135
v -0.009647 0.213128 0.012827
v -0.009295 0.212967 0.014495
v -0.008312 0.212887 0.015933
v -0.008288 0.234671 0.012999
v -0.009217 0.234634 0.012191
v -0.010162 0.234501 0.012213
v -0.011348 0.234151 0.013873
v -0.011698 0.233938 0.015342
v -0.011394 0.233817 0.016795
v -0.010545 0.233793 0.018050
v -0.011591 0.255508 0.015076
v -0.012346 0.255421 0.014408
v -0.013119 0.255293 0.014424
v -0.014100 0.255055 0.015791
v -0.014396 0.254938 0.017002
v -0.014158 0.254911 0.018202
v -0.013473 0.254965 0.019239
v -0.015339 0.275416 0.015789
v -0.015931 0.275286 0.015253
v -0.016538 0.275133 0.015265
v -0.017313 0.274901 0.016357
v -0.017549 0.274809 0.017326
v -0.017364 0.274822 0.018288
v -0.016828 0.274928 0.019120
v -0.022202 0.292401 0.017826
v -0.022663 0.292195 0.017276
v -0.023112 0.291909 0.017191
v -0.023637 0.291400 0.018002
v -0.023768 0.291160 0.018787
v -0.023585 0.291117 0.019614
v -0.023144 0.291255 0.020373
v -0.032196 0.303549 0.021568
v -0.032616 0.303366 0.021007
v -0.032946 0.303019 0.020859
v -0.033138 0.302230 0.021479
v -0.033080 0.301798 0.022159
v -0.032841 0.301674 0.022941
v -0.032442 0.301798 0.023709
v -0.040870 0.307687 0.025619
v -0.041277 0.307474 0.025095
v -0.041629 0.307149 0.024971
v -0.041837 0.306464 0.025610
v -0.041706 0.306053 0.026275
v -0.041353 0.305875 0.027022
v -0.040855 0.305934 0.027750
v -0.046990 0.309436 0.028978
v -0.047048 0.309401 0.028250
v -0.047466 0.308728 0.028106
v -0.047529 0.307562 0.028763
v -0.046561 0.306874 0.030034
v -0.048000 0.309596 0.028922
v -0.048341 0.309232 0.028480
v -0.048729 0.307948 0.029465
v -0.047691 0.306865 0.030930
v -0.053841 0.308816 0.034428
v -0.053870 0.307551 0.034068
v -0.052889 0.306753 0.035129
v -0.059159 0.307244 0.038797
v -0.059110 0.306120 0.038352
v -0.058161 0.305651 0.039489
v -0.065793 0.304668 0.043290
v -0.065675 0.303634 0.042783
v -0.064808 0.303177 0.043928
v -0.073298 0.301166 0.047718
v -0.073150 0.300229 0.047168
v -0.072353 0.299809 0.048315
v -0.081224 0.297043 0.052202
v -0.081115 0.296261 0.051648
v -0.080480 0.295852 0.052528
v -0.089078 0.291949 0.056831
v -0.089014 0.291306 0.056179
v -0.088494 0.291023 0.057000
v -0.096206 0.285583 0.061616
v -0.096149 0.285142 0.060966
v -0.095749 0.284833 0.061639
v -0.102630 0.279294 0.066200
v -0.102756 0.279065 0.065487
v -0.102327 0.278821 0.066165
v -0.107949 0.272431 0.070281
v -0.108036 0.272436 0.069617
v -0.107717 0.272127 0.070318
v -0.112347 0.266525 0.073514
v -0.112526 0.266625 0.072814
v -0.112167 0.266305 0.073551
v -0.115838 0.262414 0.075279
v -0.115758 0.262377 0.075100
v -0.115262 0.262420 0.075598
v -0.004671 0.141564 0.004926
v -0.005536 0.141573 0.004186
v -0.006416 0.141558 0.004216
v -0.007527 0.141495 0.005771
v -0.007858 0.141449 0.007142
v -0.007579 0.141412 0.008492
v -0.006791 0.141389 0.009653
v -0.004681 0.134516 0.004767
v -0.005548 0.134510 0.004523
v -0.006284 0.134496 0.004631
v -0.007101 0.134457 0.005484
v -0.007382 0.134418 0.006646
v -0.007146 0.134388 0.007790
v -0.006478 0.134368 0.008775
v -0.049295 0.309499 0.026956
v -0.049210 0.309218 0.026895
v -0.049626 0.308982 0.027118
v -0.048699 0.309869 0.025833
v -0.048611 0.309760 0.025763
v -0.049954 0.308725 0.024257
v -0.050412 0.308859 0.027353
v -0.050309 0.308486 0.027579
v -0.055658 0.308045 0.031974
v -0.055537 0.307800 0.032055
v -0.060823 0.306560 0.036110
v -0.060703 0.306342 0.036175
v -0.067502 0.303877 0.040269
v -0.067382 0.303676 0.040326
v -0.074676 0.300583 0.044548
v -0.074562 0.300402 0.044598
v -0.082619 0.296436 0.048830
v -0.082522 0.296290 0.048871
v -0.090328 0.291518 0.053399
v -0.090251 0.291405 0.053428
v -0.097503 0.285362 0.057934
v -0.097366 0.285072 0.058059
v -0.073500 0.300168 0.046498
v -0.049120 0.307978 0.028978
v -0.089367 0.291361 0.055509
v -0.096426 0.285200 0.060291
v -0.054474 0.308949 0.033733
v -0.049130 0.309031 0.028206
v -0.048364 0.308271 0.027971
v -0.048237 0.308832 0.027775
v -0.048292 0.309399 0.027842
v -0.066046 0.303583 0.042169
v -0.096777 0.285950 0.060685
v -0.073876 0.301330 0.046846
v -0.081825 0.297204 0.051268
v -0.054301 0.307508 0.033558
v -0.059778 0.307396 0.038044
v -0.081465 0.296169 0.050922
v -0.089696 0.292207 0.055863
v -0.059515 0.306071 0.037791
v -0.066383 0.304829 0.042481
v -0.048067 0.309581 0.028388
v -0.048435 0.309524 0.028100
v -0.049134 0.309295 0.027880
v -0.054342 0.306681 0.025334
v -0.054157 0.306324 0.025340
v -0.057962 0.306067 0.028470
v -0.057842 0.305823 0.028551
v -0.063564 0.304135 0.031177
v -0.063445 0.303920 0.031243
v -0.069442 0.301598 0.035122
v -0.069324 0.301400 0.035181
v -0.077097 0.297786 0.038165
v -0.076984 0.297609 0.038219
v -0.084219 0.294000 0.042477
v -0.083921 0.293500 0.042769
v -0.090780 0.288924 0.048907
v -0.090500 0.288442 0.049191
v -0.097558 0.282747 0.053642
v -0.097355 0.282335 0.053705
v -0.050126 0.309268 0.026934
v -0.052186 0.307305 0.023601
v -0.051929 0.306927 0.023498
v -0.050114 0.309179 0.024765
v -0.051055 0.308562 0.022121
v -0.050151 0.307796 0.021812
v -0.047356 0.310500 0.024493
v -0.047272 0.310393 0.024423
v -0.047954 0.309708 0.022502
v -0.048179 0.309946 0.022621
v -0.048873 0.309262 0.020146
v -0.048267 0.307572 0.019962
v -0.044590 0.310592 0.022800
v -0.044525 0.310481 0.022743
v -0.044159 0.309448 0.020168
v -0.044789 0.309928 0.021140
v -0.045639 0.309230 0.018285
v -0.045373 0.307950 0.018152
v -0.040485 0.310488 0.019696
v -0.040417 0.310390 0.019613
v -0.036284 0.309312 0.014337
v -0.036644 0.309792 0.014475
v -0.034512 0.302357 0.002349
v -0.034348 0.302138 0.002681
v -0.074890 0.292082 -0.002099
v -0.074696 0.291716 -0.002051
v -0.078170 0.287798 0.002096
v -0.078102 0.287677 0.002274
v -0.078868 0.283834 0.005261
v -0.078604 0.283310 0.005472
v -0.080239 0.280993 0.008217
v -0.080016 0.280528 0.008419
v -0.088018 0.277775 0.012708
v -0.087782 0.277398 0.012790
v -0.091752 0.274157 0.018474
v -0.091539 0.273819 0.018549
v -0.096227 0.267421 0.026346
v -0.095986 0.267046 0.026377
v -0.100549 0.263726 0.033564
v -0.100324 0.263251 0.033525
v -0.070965 0.296646 -0.004174
v -0.070747 0.296218 -0.004270
v -0.063541 0.301347 -0.009781
v -0.063448 0.301085 -0.009826
v -0.052585 0.300380 -0.011702
v -0.052476 0.300203 -0.011729
v -0.045222 0.298806 -0.009390
v -0.045200 0.298887 -0.009421
v -0.038653 0.298949 -0.002002
v -0.038438 0.298876 -0.001746
v -0.103078 0.279146 0.064907
v -0.103752 0.279556 0.063436
v -0.104029 0.278039 0.059424
v -0.103878 0.279826 0.063326
v -0.104215 0.278416 0.059378
v -0.103162 0.279502 0.065621
v -0.107125 0.262689 0.040021
v -0.106952 0.262292 0.040022
v -0.110428 0.272626 0.063084
v -0.109143 0.273114 0.067555
v -0.108376 0.272675 0.068875
v -0.108294 0.272790 0.069710
v -0.109267 0.273352 0.067455
v -0.110599 0.272956 0.063049
v -0.117005 0.261066 0.047768
v -0.116825 0.260672 0.047769
v -0.114982 0.267408 0.067086
v -0.113556 0.267343 0.071053
v -0.112923 0.266922 0.072079
v -0.112616 0.266792 0.072847
v -0.113603 0.267498 0.070953
v -0.115136 0.267697 0.067060
v -0.123634 0.259717 0.051853
v -0.123450 0.259320 0.051856
v -0.118284 0.262978 0.069669
v -0.116732 0.262805 0.073595
v -0.116176 0.262507 0.074481
v -0.116062 0.262480 0.074814
v -0.116740 0.262929 0.073481
v -0.118431 0.263250 0.069642
v -0.132698 0.254906 0.060384
v -0.132530 0.254573 0.060390
v -0.120529 0.259721 0.072924
v -0.117444 0.260911 0.075252
v -0.118410 0.260867 0.074487
v -0.120639 0.260029 0.072834
v -0.140040 0.251404 0.069464
v -0.139891 0.251066 0.069547
v -0.122502 0.254381 0.079046
v -0.122382 0.255275 0.078261
v -0.141938 0.243720 0.086152
v -0.141842 0.243384 0.086336
v -0.043537 0.305399 0.009717
v -0.048506 0.306800 0.008456
v -0.068326 0.301700 0.017596
v -0.062451 0.305927 0.012679
v -0.065939 0.304268 0.015155
v -0.090121 0.280289 0.040032
v -0.084484 0.285792 0.033599
v -0.080010 0.291293 0.027320
v -0.075663 0.296153 0.023129
v -0.071449 0.298390 0.019644
v -0.096067 0.274505 0.045204
v -0.056996 0.307052 0.008914
v -0.103059 0.270035 0.050291
v -0.110717 0.266761 0.055611
v -0.117179 0.263676 0.059374
v -0.121941 0.259132 0.063489
v -0.126375 0.255371 0.069578
v -0.127321 0.250861 0.079394
v -0.091399 0.278780 0.040131
v -0.085626 0.285093 0.033622
v -0.069532 0.301995 0.017194
v -0.065780 0.305358 0.015406
v -0.077437 0.296531 0.021727
v -0.082314 0.291887 0.026833
v -0.061993 0.306975 0.012823
v -0.072476 0.298172 0.018453
v -0.097570 0.274384 0.045866
v -0.042749 0.305945 0.009724
v -0.048425 0.307474 0.007835
v -0.057898 0.307732 0.009687
v -0.104283 0.270926 0.051054
v -0.112537 0.267212 0.056542
v -0.118226 0.264177 0.060222
v -0.122613 0.259550 0.064075
v -0.126446 0.256151 0.069774
v -0.127600 0.251390 0.078852
v -0.041186 0.306205 0.010673
v -0.040202 0.306667 0.011034
v -0.039027 0.309334 0.013258
v -0.041425 0.304842 0.009800
v -0.039764 0.305796 0.010981
v -0.038855 0.308798 0.013501
v -0.116409 0.261016 0.076314
v -0.088452 0.276581 0.023854
v -0.071966 0.295308 0.002456
v -0.037734 0.304383 0.006779
v -0.079592 0.284632 0.011501
v -0.067609 0.301170 -0.000069
v -0.043529 0.302133 -0.000718
v -0.060682 0.303083 -0.004496
v -0.038603 0.302142 0.003104
v -0.093485 0.270069 0.031376
v -0.074833 0.290151 0.006000
v -0.085935 0.281919 0.016312
v -0.076349 0.287435 0.009647
v -0.098879 0.266372 0.037807
v -0.050646 0.301489 -0.005753
v -0.106065 0.265192 0.043865
v -0.115629 0.263439 0.051038
v -0.122056 0.261731 0.054981
v -0.129610 0.256248 0.062282
v -0.135702 0.252438 0.069929
v -0.137215 0.246719 0.083124
v -0.052396 0.300622 -0.008130
v -0.075353 0.289356 0.005383
v -0.072280 0.293338 0.001314
v -0.093282 0.268989 0.030218
v -0.085245 0.280232 0.015952
v -0.076392 0.285754 0.009134
v -0.098540 0.265020 0.036578
v -0.038915 0.301177 0.002841
v -0.105631 0.263512 0.042500
v -0.115167 0.261676 0.049690
v -0.121860 0.260141 0.053682
v -0.129935 0.255234 0.061242
v -0.136531 0.251525 0.069642
v -0.138056 0.246059 0.083447
v -0.044773 0.299646 -0.004727
v -0.068335 0.299347 -0.001244
v -0.088506 0.275411 0.022554
v -0.077938 0.282853 0.012415
v -0.061655 0.301177 -0.006331
v -0.037358 0.303685 0.006689
v -0.008773 0.145853 0.007664
v -0.008882 0.157841 0.008609
v -0.008810 0.174937 0.009936
v -0.009004 0.196364 0.011093
v -0.009954 0.214424 0.012274
v -0.010120 0.216227 0.012404
v -0.008678 0.144512 0.005355
v -0.009240 0.158208 0.006189
v -0.009165 0.175282 0.007507
v -0.009156 0.196551 0.009058
v -0.009811 0.214573 0.011184
v -0.009912 0.216344 0.011512
v -0.007883 0.143689 0.003422
v -0.008216 0.158518 0.004147
v -0.008228 0.175581 0.005321
v -0.007890 0.196713 0.006992
v -0.008576 0.214807 0.009484
v -0.008590 0.216578 0.009595
v -0.006821 0.143326 0.002449
v -0.006146 0.158784 0.002571
v -0.006239 0.175741 0.003582
v -0.005852 0.196461 0.005424
v -0.007555 0.214085 0.008825
v -0.007888 0.215724 0.009105
v -0.005579 0.144096 0.001477
v -0.004944 0.158759 0.002244
v -0.005133 0.175592 0.002740
v -0.004914 0.195842 0.005105
v -0.005779 0.212998 0.007875
v -0.006369 0.214444 0.008609
v -0.008299 0.145744 0.008937
v -0.008388 0.157705 0.009937
v -0.008283 0.174800 0.011364
v -0.008455 0.196235 0.012635
v -0.009432 0.214195 0.013787
v -0.009607 0.215992 0.013901
v -0.008359 0.144499 0.005613
v -0.008903 0.158182 0.006479
v -0.008795 0.175244 0.007898
v -0.008733 0.196489 0.009747
v -0.009350 0.214413 0.012268
v -0.009446 0.216167 0.012669
v -0.007565 0.143679 0.003679
v -0.007803 0.158481 0.004436
v -0.007629 0.175519 0.005662
v -0.007528 0.196690 0.007222
v -0.008245 0.214786 0.009616
v -0.008303 0.216554 0.009742
v -0.006504 0.143317 0.002706
v -0.005724 0.158745 0.002868
v -0.005614 0.175676 0.003951
v -0.005486 0.196446 0.005721
v -0.007217 0.214069 0.009099
v -0.007558 0.215709 0.009372
v -0.005261 0.144085 0.001735
v -0.004614 0.158737 0.002510
v -0.004804 0.175573 0.003009
v -0.004581 0.195833 0.005378
v -0.005361 0.212992 0.008214
v -0.005951 0.214439 0.008948
v -0.121597 0.257634 0.075807
v -0.119489 0.259147 0.075927
v -0.117886 0.259228 0.077209
v -0.121485 0.257339 0.075926
v -0.141468 0.247603 0.077458
v -0.141595 0.247885 0.077338
v -0.127265 0.253447 0.074141
v -0.127556 0.253801 0.074288
v -0.136255 0.249256 0.076474
v -0.137089 0.248567 0.076478
v -0.119503 0.258048 0.077613
v -0.033546 0.303149 0.005143
v -0.033764 0.303722 0.005028
v -0.006379 0.142564 0.011143
v -0.003664 0.142827 0.004616
v -0.002576 0.142834 0.004852
v -0.001300 0.142836 0.005333
v -0.000546 0.142819 0.006146
v -0.000948 0.142731 0.008518
v -0.001878 0.142666 0.010030
v -0.003331 0.142613 0.010980
v -0.005067 0.142577 0.011306
v -0.006499 0.148591 0.011797
v -0.003491 0.149152 0.004575
v -0.002402 0.149139 0.004795
v -0.001016 0.149112 0.005208
v -0.000300 0.149034 0.006260
v -0.000791 0.148829 0.008919
v -0.001802 0.148699 0.010583
v -0.003341 0.148616 0.011598
v -0.005174 0.148584 0.011942
v -0.006542 0.159758 0.012687
v -0.003554 0.160317 0.005513
v -0.002582 0.160309 0.005658
v -0.001177 0.160284 0.006037
v -0.000451 0.160208 0.007073
v -0.000940 0.160002 0.009731
v -0.001956 0.159871 0.011405
v -0.003504 0.159787 0.012432
v -0.005343 0.159755 0.012780
v -0.006608 0.174950 0.013801
v -0.003713 0.175439 0.006850
v -0.002933 0.175441 0.006883
v -0.001532 0.175427 0.007200
v -0.000807 0.175364 0.008187
v -0.001282 0.175184 0.010784
v -0.002282 0.175067 0.012435
v -0.003806 0.174989 0.013457
v -0.005616 0.174955 0.013811
v -0.006869 0.193194 0.015130
v -0.004025 0.193544 0.008294
v -0.003314 0.193557 0.008237
v -0.001842 0.193567 0.008475
v -0.001075 0.193534 0.009427
v -0.001540 0.193409 0.012037
v -0.002552 0.193320 0.013701
v -0.004109 0.193251 0.014738
v -0.005960 0.193208 0.015097
v -0.007766 0.212865 0.016535
v -0.005331 0.213751 0.010656
v -0.004681 0.213821 0.010540
v -0.003274 0.213929 0.010661
v -0.002528 0.213901 0.011465
v -0.002916 0.213600 0.013793
v -0.003826 0.213352 0.015272
v -0.005252 0.213122 0.016194
v -0.006957 0.212939 0.016502
v -0.009979 0.233808 0.018616
v -0.007870 0.234671 0.013516
v -0.007215 0.234768 0.013459
v -0.005998 0.234923 0.013572
v -0.005353 0.234933 0.014275
v -0.005691 0.234659 0.016298
v -0.006478 0.234407 0.017580
v -0.007712 0.234148 0.018374
v -0.009186 0.233915 0.018633
v -0.012913 0.255029 0.019752
v -0.011152 0.255554 0.015547
v -0.010515 0.255659 0.015546
v -0.009521 0.255817 0.015641
v -0.008998 0.255871 0.016222
v -0.009288 0.255730 0.017890
v -0.009941 0.255563 0.018946
v -0.010955 0.255360 0.019599
v -0.012163 0.255149 0.019811
v -0.016264 0.275054 0.019589
v -0.014869 0.275519 0.016223
v -0.014243 0.275674 0.016279
v -0.013461 0.275868 0.016357
v -0.013051 0.275955 0.016824
v -0.013283 0.275851 0.018159
v -0.013799 0.275693 0.019003
v -0.014598 0.275474 0.019525
v -0.015549 0.275230 0.019692
v -0.022596 0.291529 0.020829
v -0.021768 0.292593 0.018378
v -0.021223 0.292938 0.018595
v -0.020667 0.293291 0.018854
v -0.020362 0.293418 0.019353
v -0.020466 0.293127 0.020398
v -0.020789 0.292772 0.020962
v -0.021330 0.292330 0.021206
v -0.022005 0.291865 0.021156
v -0.031973 0.302106 0.024328
v -0.031764 0.303740 0.022207
v -0.031314 0.304177 0.022550
v -0.030901 0.304569 0.022904
v -0.030630 0.304664 0.023426
v -0.030557 0.304183 0.024366
v -0.030691 0.303692 0.024812
v -0.031015 0.303137 0.024918
v -0.031479 0.302574 0.024734
v -0.040294 0.306234 0.028358
v -0.040376 0.307951 0.026185
v -0.039816 0.308336 0.026512
v -0.039308 0.308663 0.026754
v -0.039009 0.308754 0.027195
v -0.038987 0.308372 0.028118
v -0.039094 0.307894 0.028615
v -0.039349 0.307306 0.028817
v -0.039763 0.306725 0.028731
v -0.045354 0.307404 0.031516
v -0.046435 0.309705 0.029604
v -0.045964 0.310197 0.030013
v -0.045386 0.310555 0.029869
v -0.044913 0.310606 0.030665
v -0.044557 0.309994 0.031881
v -0.044503 0.308711 0.032250
v -0.046496 0.307604 0.032257
v -0.047734 0.309882 0.030515
v -0.046466 0.310753 0.030493
v -0.045979 0.311007 0.030892
v -0.045940 0.310345 0.032494
v -0.045676 0.308809 0.033213
v -0.051961 0.307424 0.036320
v -0.053347 0.309349 0.035151
v -0.052941 0.309981 0.035745
v -0.052026 0.309909 0.036762
v -0.051572 0.308596 0.037146
v -0.057483 0.305952 0.040538
v -0.058802 0.307657 0.039541
v -0.058569 0.308148 0.040202
v -0.057865 0.308027 0.041267
v -0.057431 0.306846 0.041207
v -0.064270 0.303485 0.044947
v -0.065536 0.305112 0.044016
v -0.065415 0.305673 0.044667
v -0.064871 0.305730 0.045722
v -0.064340 0.304467 0.045598
v -0.071922 0.300096 0.049289
v -0.073106 0.301564 0.048427
v -0.073040 0.302117 0.049039
v -0.072588 0.302252 0.050030
v -0.072036 0.300970 0.049923
v -0.080088 0.296182 0.053508
v -0.081081 0.297370 0.052801
v -0.081043 0.297820 0.053321
v -0.080703 0.298031 0.054195
v -0.080210 0.297010 0.054194
v -0.088150 0.291177 0.057863
v -0.088943 0.292113 0.057334
v -0.088886 0.292364 0.057781
v -0.088519 0.292432 0.058712
v -0.088189 0.291685 0.058512
v -0.095480 0.284891 0.062434
v -0.096103 0.285641 0.062038
v -0.096058 0.285766 0.062422
v -0.095726 0.285688 0.063328
v -0.095473 0.285164 0.063113
v -0.102111 0.278768 0.066800
v -0.102540 0.279269 0.066533
v -0.102491 0.279288 0.066840
v -0.102250 0.279039 0.067807
v -0.102059 0.278812 0.067383
v -0.107522 0.272006 0.070833
v -0.107824 0.272323 0.070645
v -0.107773 0.272304 0.070956
v -0.107477 0.272038 0.071761
v -0.107458 0.271946 0.071308
v -0.111977 0.266171 0.073986
v -0.112235 0.266410 0.073829
v -0.112181 0.266392 0.074084
v -0.111930 0.266153 0.074864
v -0.111931 0.266122 0.074360
v -0.114789 0.262617 0.075859
v -0.115456 0.262296 0.075992
v -0.115378 0.262088 0.076733
v -0.115147 0.261951 0.077040
v -0.115010 0.262245 0.076397
v -0.006044 0.141382 0.010269
v -0.004058 0.141556 0.005496
v -0.003222 0.141568 0.005529
v -0.002088 0.141582 0.005621
v -0.001489 0.141572 0.006266
v -0.001809 0.141510 0.008150
v -0.002548 0.141463 0.009351
v -0.003702 0.141423 0.010106
v -0.005081 0.141394 0.010365
v -0.005811 0.134362 0.009311
v -0.004127 0.134509 0.005264
v -0.003385 0.134519 0.005307
v -0.002600 0.134518 0.005750
v -0.002158 0.134507 0.006349
v -0.002187 0.134471 0.007529
v -0.002813 0.134431 0.008547
v -0.003791 0.134397 0.009186
v -0.004960 0.134372 0.009406
v -0.045269 0.312115 0.030792
v -0.044975 0.312008 0.030957
v -0.045185 0.312023 0.031478
v -0.044292 0.312391 0.029764
v -0.044111 0.312341 0.029779
v -0.042444 0.312952 0.030945
v -0.045690 0.312250 0.032097
v -0.045592 0.312002 0.032411
v -0.052022 0.311930 0.036842
v -0.051856 0.311755 0.037003
v -0.058242 0.309991 0.041746
v -0.058090 0.309816 0.041899
v -0.065758 0.307918 0.046725
v -0.065613 0.307771 0.046864
v -0.073402 0.304212 0.050872
v -0.073270 0.304079 0.051000
v -0.081565 0.300153 0.055231
v -0.081457 0.300054 0.055334
v -0.089275 0.294628 0.059835
v -0.089187 0.294536 0.059916
v -0.096345 0.287182 0.065310
v -0.096183 0.286885 0.065505
v -0.072736 0.302768 0.050368
v -0.045786 0.310755 0.032558
v -0.088710 0.292947 0.059014
v -0.095827 0.286027 0.063772
v -0.053012 0.310755 0.035820
v -0.045952 0.311419 0.031470
v -0.044853 0.310936 0.031564
v -0.045046 0.311130 0.030955
v -0.045550 0.311301 0.030528
v -0.064991 0.306244 0.046047
v -0.096414 0.286450 0.062795
v -0.073403 0.303015 0.049263
v -0.081454 0.298796 0.053563
v -0.051953 0.310380 0.036917
v -0.058780 0.308906 0.040378
v -0.080874 0.298648 0.054564
v -0.089267 0.293207 0.058099
v -0.057897 0.308465 0.041534
v -0.065729 0.306513 0.044896
v -0.046048 0.311020 0.030392
v -0.045921 0.311298 0.030586
v -0.045865 0.311632 0.031150
v -0.044226 0.313233 0.035473
v -0.043885 0.313014 0.035665
v -0.049153 0.314211 0.038942
v -0.048994 0.312875 0.039102
v -0.056172 0.312788 0.045077
v -0.056024 0.311535 0.045219
v -0.064917 0.310337 0.050249
v -0.065082 0.309076 0.050808
v -0.073321 0.305949 0.055704
v -0.073191 0.305807 0.055823
v -0.081553 0.302475 0.059865
v -0.081254 0.302005 0.060161
v -0.088826 0.296605 0.063597
v -0.088526 0.296061 0.063892
v -0.095137 0.287124 0.070084
v -0.095052 0.286443 0.070132
v -0.045440 0.312387 0.031485
v -0.041705 0.313237 0.033234
v -0.041233 0.313031 0.033354
v -0.043319 0.313030 0.030843
v -0.039894 0.315073 0.030874
v -0.039385 0.313258 0.030996
v -0.043062 0.312515 0.027981
v -0.042881 0.312464 0.027996
v -0.040648 0.313024 0.028339
v -0.041021 0.313161 0.028322
v -0.037643 0.314868 0.028802
v -0.037290 0.313220 0.028957
v -0.040786 0.311988 0.025639
v -0.040616 0.311932 0.025665
v -0.037151 0.311988 0.025524
v -0.038632 0.312213 0.025740
v -0.035611 0.312661 0.026156
v -0.035015 0.312381 0.026817
v -0.037149 0.311406 0.022243
v -0.036969 0.311339 0.022289
v -0.031294 0.310591 0.020951
v -0.031589 0.310689 0.020827
v -0.021045 0.312416 0.024748
v -0.021202 0.311911 0.025328
v -0.022368 0.315042 0.057553
v -0.022100 0.315025 0.057738
v -0.030976 0.313181 0.068319
v -0.030888 0.313071 0.068495
v -0.041732 0.311235 0.075077
v -0.041715 0.310892 0.075558
v -0.050594 0.309318 0.080605
v -0.050505 0.308959 0.081142
v -0.064687 0.307113 0.091107
v -0.064567 0.307033 0.091334
v -0.073856 0.302460 0.094552
v -0.073753 0.302374 0.094735
v -0.086047 0.294906 0.098768
v -0.085834 0.294746 0.098996
v -0.092729 0.285565 0.100257
v -0.092459 0.285421 0.100618
v -0.018445 0.315915 0.052881
v -0.017982 0.315852 0.053018
v -0.017490 0.316839 0.047309
v -0.017111 0.316403 0.047556
v -0.017937 0.316037 0.038835
v -0.017102 0.315867 0.039468
v -0.016202 0.313917 0.034141
v -0.016554 0.314163 0.033582
v -0.018829 0.312345 0.028069
v -0.018864 0.311979 0.028549
v -0.102337 0.279099 0.068306
v -0.102515 0.279495 0.069264
v -0.100924 0.277868 0.074485
v -0.102667 0.279776 0.069076
v -0.101098 0.279186 0.074122
v -0.102811 0.279475 0.067238
v -0.098522 0.276134 0.098843
v -0.098330 0.276049 0.099162
v -0.106487 0.270160 0.078608
v -0.107637 0.271993 0.073363
v -0.107472 0.272022 0.072349
v -0.107908 0.272503 0.071197
v -0.107784 0.272232 0.073192
v -0.106727 0.270452 0.078296
v -0.107354 0.267655 0.099060
v -0.107161 0.267611 0.099383
v -0.111093 0.264558 0.080698
v -0.112086 0.266128 0.076123
v -0.111960 0.266145 0.075395
v -0.112111 0.266383 0.074586
v -0.112127 0.266265 0.076051
v -0.111321 0.264813 0.080396
v -0.113112 0.263477 0.099486
v -0.112907 0.263420 0.099816
v -0.114323 0.260493 0.082722
v -0.115262 0.261752 0.078310
v -0.115193 0.261816 0.077620
v -0.115302 0.261942 0.077231
v -0.115240 0.261847 0.078297
v -0.114540 0.260717 0.082429
v -0.121966 0.257948 0.099203
v -0.121772 0.257831 0.099544
v -0.117330 0.258144 0.082452
v -0.116379 0.260249 0.078521
v -0.116109 0.261039 0.076685
v -0.116786 0.259877 0.079414
v -0.117493 0.258410 0.082177
v -0.130655 0.253320 0.096343
v -0.130472 0.253052 0.096682
v -0.121594 0.254166 0.081506
v -0.118083 0.258664 0.077933
v -0.119461 0.257514 0.078498
v -0.121262 0.254952 0.081270
v -0.139773 0.244687 0.092621
v -0.139708 0.244622 0.092872
v -0.122638 0.253434 0.080762
v -0.122820 0.253844 0.080481
v -0.141468 0.242819 0.089886
v -0.141377 0.242575 0.090109
v -0.024731 0.312952 0.032106
v -0.027989 0.314153 0.034760
v -0.042838 0.313112 0.045803
v -0.034780 0.315983 0.037740
v -0.037657 0.315166 0.040851
v -0.085451 0.297436 0.076241
v -0.076860 0.303252 0.071948
v -0.068602 0.305829 0.066474
v -0.059609 0.309709 0.059577
v -0.049973 0.312828 0.052768
v -0.091973 0.285055 0.080926
v -0.031941 0.316255 0.034879
v -0.098007 0.274425 0.085046
v -0.103686 0.267199 0.089258
v -0.109408 0.262002 0.091090
v -0.114149 0.257830 0.092439
v -0.119714 0.254618 0.090215
v -0.125333 0.250961 0.085112
v -0.127394 0.249611 0.083134
v -0.087727 0.296252 0.076545
v -0.078116 0.303928 0.072208
v -0.042954 0.313468 0.046605
v -0.038163 0.316443 0.039005
v -0.059144 0.309884 0.060408
v -0.069061 0.308908 0.065915
v -0.035357 0.317307 0.035344
v -0.049164 0.313211 0.053320
v -0.093022 0.284945 0.081753
v -0.026313 0.313574 0.028114
v -0.026684 0.314683 0.030878
v -0.032114 0.316883 0.034064
v -0.098566 0.275141 0.085416
v -0.105408 0.266329 0.088804
v -0.110662 0.261752 0.090049
v -0.115022 0.257802 0.091455
v -0.120057 0.255092 0.089106
v -0.125441 0.251447 0.084944
v -0.128140 0.249772 0.083023
v -0.026813 0.313249 0.026208
v -0.027223 0.313205 0.024559
v -0.030460 0.312001 0.022444
v -0.024829 0.312217 0.029583
v -0.026350 0.313079 0.025210
v -0.030390 0.311805 0.022838
v -0.116135 0.260840 0.077158
v -0.074167 0.303525 0.090306
v -0.024228 0.314584 0.054889
v -0.023371 0.313079 0.022745
v -0.050505 0.310023 0.074235
v -0.023534 0.315569 0.049358
v -0.019906 0.313380 0.033810
v -0.021632 0.315391 0.045398
v -0.021292 0.312575 0.028168
v -0.085518 0.295908 0.093547
v -0.031367 0.312847 0.060882
v -0.064422 0.305099 0.086363
v -0.041029 0.313296 0.068512
v -0.092364 0.285281 0.094413
v -0.019810 0.315259 0.038428
v -0.098396 0.274664 0.094603
v -0.106706 0.266248 0.095464
v -0.112394 0.262020 0.096101
v -0.119939 0.256916 0.096204
v -0.127429 0.253264 0.093528
v -0.134797 0.247392 0.090149
v -0.137441 0.245164 0.087720
v -0.019742 0.314976 0.039060
v -0.031101 0.311305 0.062042
v -0.023014 0.314211 0.055977
v -0.084494 0.295831 0.094091
v -0.063530 0.304218 0.085772
v -0.040885 0.312998 0.070633
v -0.091619 0.284998 0.096570
v -0.020347 0.312176 0.029125
v -0.097594 0.274850 0.096729
v -0.106006 0.266755 0.097513
v -0.111823 0.262432 0.098173
v -0.119797 0.257110 0.098165
v -0.127747 0.252718 0.095201
v -0.135441 0.246900 0.091159
v -0.138251 0.243830 0.088708
v -0.019056 0.313171 0.034289
v -0.021476 0.315513 0.050986
v -0.073340 0.302981 0.089460
v -0.050110 0.309235 0.076389
v -0.020327 0.314592 0.046547
v -0.022918 0.312563 0.023057
v -0.119604 0.256821 0.081342
v -0.118207 0.258488 0.079613
v -0.117561 0.259055 0.078148
v -0.119457 0.256550 0.081588
v -0.135355 0.250221 0.095046
v -0.135509 0.250452 0.094752
v -0.122609 0.253104 0.087458
v -0.123086 0.253397 0.086829
v -0.130951 0.250390 0.091474
v -0.131426 0.249938 0.092776
v -0.119033 0.257827 0.078907
v -0.023073 0.312710 0.021717
v -0.023141 0.312901 0.021219
v 0.003447 0.141482 0.014302
v 0.004837 0.141446 0.014033
v 0.005754 0.141473 0.013334
v 0.005764 0.141718 0.010845
v 0.005083 0.141916 0.009142
v 0.003766 0.142096 0.007922
v 0.002049 0.142236 0.007288
v 0.003856 0.147843 0.015483
v 0.005347 0.147794 0.015300
v 0.006266 0.147846 0.014348
v 0.006238 0.148124 0.011544
v 0.005501 0.148342 0.009668
v 0.004108 0.148533 0.008366
v 0.002294 0.148681 0.007697
v 0.004228 0.159424 0.016601
v 0.005732 0.159370 0.016457
v 0.006659 0.159420 0.015523
v 0.006632 0.159697 0.012721
v 0.005892 0.159917 0.010834
v 0.004492 0.160110 0.009517
v 0.002673 0.160258 0.008844
v 0.004664 0.175151 0.017977
v 0.006154 0.175092 0.017895
v 0.007071 0.175138 0.017012
v 0.007048 0.175408 0.014276
v 0.006319 0.175625 0.012416
v 0.004942 0.175816 0.011108
v 0.003155 0.175963 0.010434
v 0.004670 0.193981 0.019516
v 0.006213 0.193861 0.019507
v 0.007179 0.193874 0.018655
v 0.007217 0.194154 0.015913
v 0.006678 0.194413 0.014042
v 0.005423 0.194640 0.012717
v 0.003705 0.194809 0.012029
v 0.004874 0.213384 0.021433
v 0.006057 0.212510 0.021405
v 0.006900 0.212261 0.020679
v 0.007260 0.213190 0.018417
v 0.006948 0.214209 0.016938
v 0.006053 0.215398 0.015963
v 0.004751 0.216590 0.015560
v 0.002858 0.140335 0.013288
v 0.004034 0.140272 0.013391
v 0.004762 0.140294 0.012837
v 0.004770 0.140488 0.010860
v 0.004228 0.140646 0.009507
v 0.003183 0.140789 0.008538
v 0.001819 0.140900 0.008035
v 0.002378 0.133206 0.012280
v 0.003259 0.133197 0.011964
v 0.003818 0.133224 0.011430
v 0.003999 0.133335 0.010221
v 0.003539 0.133469 0.009074
v 0.002653 0.133590 0.008253
v 0.001497 0.133684 0.007826
v 0.005060 0.145239 0.009236
v 0.005665 0.157656 0.010396
v 0.006304 0.175375 0.012167
v 0.007351 0.197260 0.014414
v 0.008971 0.207988 0.017091
v 0.009113 0.209713 0.017369
v 0.006243 0.143498 0.011002
v 0.007439 0.157581 0.012254
v 0.008078 0.175300 0.014032
v 0.008717 0.196970 0.016060
v 0.009505 0.207870 0.018106
v 0.009472 0.209599 0.018251
v 0.006654 0.142354 0.012962
v 0.007811 0.157486 0.014618
v 0.008609 0.175189 0.016462
v 0.008908 0.196460 0.018584
v 0.009482 0.207487 0.020288
v 0.009498 0.209233 0.020654
v 0.006305 0.141816 0.014354
v 0.007016 0.157411 0.017214
v 0.007970 0.174987 0.019130
v 0.008114 0.195691 0.021086
v 0.008973 0.206501 0.021251
v 0.009163 0.208176 0.021242
v 0.005893 0.142382 0.016032
v 0.006189 0.157295 0.018204
v 0.007522 0.174653 0.020469
v 0.007458 0.195201 0.021810
v 0.007976 0.205071 0.022804
v 0.008114 0.206605 0.022216
v 0.003890 0.145335 0.008442
v 0.004445 0.157756 0.009565
v 0.004997 0.175477 0.011272
v 0.005958 0.197356 0.013435
v 0.007616 0.208043 0.016099
v 0.007776 0.209762 0.016381
v 0.005818 0.143517 0.010976
v 0.006978 0.157601 0.012210
v 0.007529 0.175321 0.013922
v 0.007944 0.196999 0.015728
v 0.008460 0.207903 0.017448
v 0.008379 0.209634 0.017530
v 0.006230 0.142373 0.012936
v 0.007286 0.157493 0.014619
v 0.007893 0.175170 0.016528
v 0.008460 0.196484 0.018604
v 0.009121 0.207455 0.020369
v 0.009166 0.209209 0.020695
v 0.005882 0.141835 0.014328
v 0.006479 0.157417 0.017214
v 0.007216 0.174970 0.019186
v 0.007625 0.195712 0.021055
v 0.008521 0.206519 0.021220
v 0.008722 0.208184 0.021212
v 0.005469 0.142401 0.016006
v 0.005750 0.157314 0.018176
v 0.007081 0.174673 0.020441
v 0.007012 0.195216 0.021779
v 0.007419 0.205097 0.022769
v 0.007557 0.206631 0.022182
v 0.000679 0.142304 0.007227
v 0.002293 0.141529 0.014355
v 0.001230 0.141532 0.014810
v -0.000139 0.141558 0.015172
v -0.001266 0.141632 0.014941
v -0.002347 0.141901 0.012703
v -0.002466 0.142087 0.010871
v -0.001806 0.142222 0.009197
v -0.000530 0.142294 0.007879
v 0.000914 0.148751 0.007617
v 0.002704 0.147892 0.015520
v 0.001649 0.147893 0.015988
v 0.000226 0.147910 0.016472
v -0.001012 0.148011 0.016015
v -0.002194 0.148315 0.013475
v -0.002337 0.148519 0.011463
v -0.001643 0.148663 0.009682
v -0.000296 0.148740 0.008290
v 0.001431 0.160325 0.008732
v 0.003209 0.159472 0.016582
v 0.002299 0.159467 0.017043
v 0.000880 0.159480 0.017568
v -0.000357 0.159579 0.017129
v -0.001540 0.159882 0.014592
v -0.001685 0.160088 0.012568
v -0.000991 0.160234 0.010772
v 0.000359 0.160311 0.009374
v 0.002139 0.176025 0.010273
v 0.003861 0.175198 0.017875
v 0.003180 0.175185 0.018316
v 0.001802 0.175191 0.018891
v 0.000595 0.175284 0.018494
v -0.000562 0.175581 0.016018
v -0.000706 0.175783 0.014025
v -0.000028 0.175928 0.012246
v 0.001293 0.176005 0.010861
v 0.002836 0.194872 0.011835
v 0.004026 0.194056 0.019336
v 0.003488 0.194051 0.019814
v 0.002101 0.194085 0.020516
v 0.000878 0.194209 0.020189
v -0.000204 0.194514 0.017708
v -0.000150 0.194678 0.015666
v 0.000658 0.194794 0.013836
v 0.002078 0.194854 0.012409
v 0.004100 0.217123 0.015478
v 0.004377 0.213838 0.021282
v 0.003912 0.213922 0.021783
v 0.002767 0.214348 0.022603
v 0.001885 0.215063 0.022505
v 0.001325 0.216506 0.020577
v 0.001488 0.217259 0.018926
v 0.002260 0.217517 0.017343
v 0.003480 0.217301 0.016023
v 0.000817 0.140952 0.007966
v 0.001998 0.140385 0.013177
v 0.001269 0.140371 0.013652
v 0.000254 0.140358 0.014257
v -0.000641 0.140416 0.014074
v -0.001500 0.140630 0.012295
v -0.001594 0.140778 0.010840
v -0.001069 0.140885 0.009511
v -0.000056 0.140942 0.008464
v 0.000610 0.133729 0.007776
v 0.001611 0.133249 0.012195
v 0.000957 0.133238 0.012605
v 0.000026 0.133270 0.012704
v -0.000707 0.133327 0.012466
v -0.001391 0.133457 0.011455
v -0.001471 0.133582 0.010222
v -0.001026 0.133673 0.009095
v -0.000167 0.133722 0.008207
v 0.005548 0.142261 0.001329
v 0.006551 0.142253 0.003043
v 0.007904 0.142223 0.003927
v 0.011210 0.142105 0.002767
v 0.013152 0.142023 0.001060
v 0.014160 0.141961 -0.001259
v 0.014203 0.141926 -0.003832
v 0.005239 0.151274 0.001815
v 0.006172 0.151213 0.003704
v 0.007860 0.151133 0.004472
v 0.011566 0.150993 0.003112
v 0.013713 0.150924 0.001250
v 0.014796 0.150907 -0.001210
v 0.014843 0.150936 -0.003927
v 0.005905 0.167571 0.001838
v 0.006793 0.167501 0.003761
v 0.008460 0.167415 0.004548
v 0.012165 0.167272 0.003190
v 0.014325 0.167207 0.001319
v 0.015424 0.167197 -0.001156
v 0.015475 0.167238 -0.003882
v 0.007001 0.189681 0.001778
v 0.007798 0.189608 0.003711
v 0.009394 0.189520 0.004509
v 0.013013 0.189378 0.003187
v 0.015141 0.189315 0.001344
v 0.016239 0.189311 -0.001096
v 0.016306 0.189358 -0.003781
v 0.008634 0.216147 0.001924
v 0.009334 0.216063 0.003978
v 0.010888 0.215965 0.004846
v 0.014522 0.215815 0.003536
v 0.016664 0.215754 0.001673
v 0.017775 0.215758 -0.000817
v 0.017841 0.215821 -0.003563
v 0.011605 0.245571 0.001933
v 0.012109 0.245472 0.003931
v 0.013439 0.245316 0.004803
v 0.016694 0.245015 0.003650
v 0.018605 0.244863 0.001962
v 0.019596 0.244819 -0.000328
v 0.019638 0.244876 -0.002865
v 0.017336 0.276216 0.002193
v 0.017770 0.276096 0.003930
v 0.018895 0.275790 0.004686
v 0.021638 0.275052 0.003676
v 0.023245 0.274621 0.002203
v 0.024072 0.274401 0.000210
v 0.024098 0.274398 -0.001997
v 0.027163 0.305686 0.001211
v 0.027538 0.305644 0.002636
v 0.028468 0.305408 0.003254
v 0.030699 0.304736 0.002422
v 0.031997 0.304312 0.001211
v 0.032651 0.304052 -0.000426
v 0.032647 0.303970 -0.002236
v 0.038452 0.331612 -0.001294
v 0.038752 0.331584 -0.000155
v 0.039453 0.331285 0.000349
v 0.041098 0.330386 -0.000287
v 0.042043 0.329807 -0.001236
v 0.042504 0.329433 -0.002532
v 0.042474 0.329292 -0.003975
v 0.052942 0.355862 -0.004292
v 0.053199 0.355832 -0.003306
v 0.053749 0.355486 -0.002859
v 0.055000 0.354436 -0.003371
v 0.055706 0.353757 -0.004167
v 0.056032 0.353318 -0.005272
v 0.055977 0.353149 -0.006515
v 0.066563 0.372657 -0.007296
v 0.066806 0.372625 -0.006351
v 0.067273 0.372228 -0.005908
v 0.068288 0.371020 -0.006358
v 0.068844 0.370238 -0.007094
v 0.069078 0.369730 -0.008136
v 0.068993 0.369532 -0.009320
v 0.079559 0.382847 -0.010087
v 0.079809 0.382811 -0.009098
v 0.080213 0.382331 -0.008616
v 0.081008 0.380866 -0.009024
v 0.081417 0.379916 -0.009754
v 0.081547 0.379299 -0.010816
v 0.081412 0.379056 -0.012043
v 0.087326 0.386984 -0.011676
v 0.086983 0.387067 -0.010715
v 0.087685 0.386250 -0.009997
v 0.088773 0.384513 -0.010275
v 0.088893 0.382849 -0.012134
v 0.088299 0.387552 -0.011093
v 0.088585 0.387237 -0.010180
v 0.090349 0.385334 -0.010642
v 0.090779 0.383064 -0.012623
v 0.097838 0.388726 -0.014023
v 0.098512 0.387235 -0.013077
v 0.098767 0.385493 -0.014663
v 0.105764 0.390071 -0.016037
v 0.106463 0.388761 -0.015159
v 0.106623 0.387530 -0.016940
v 0.114400 0.392533 -0.018061
v 0.115152 0.391352 -0.017233
v 0.115433 0.390266 -0.018971
v 0.123881 0.394458 -0.020224
v 0.124601 0.393405 -0.019422
v 0.124907 0.392409 -0.021092
v 0.134103 0.396007 -0.022548
v 0.134684 0.395188 -0.021760
v 0.134970 0.394310 -0.023006
v 0.144237 0.398929 -0.024613
v 0.144759 0.398219 -0.023724
v 0.144844 0.397565 -0.024901
v 0.154423 0.403558 -0.026304
v 0.154869 0.402907 -0.025343
v 0.154847 0.402378 -0.026442
v 0.165094 0.407628 -0.027974
v 0.165628 0.407080 -0.026787
v 0.165343 0.406749 -0.028036
v 0.175664 0.409376 -0.029567
v 0.175971 0.408832 -0.028591
v 0.175746 0.408636 -0.029708
v 0.184618 0.408717 -0.031512
v 0.184904 0.408326 -0.030557
v 0.184617 0.408061 -0.031637
v 0.191714 0.407165 -0.031956
v 0.191670 0.406756 -0.031790
v 0.190970 0.406699 -0.032586
v 0.006410 0.140432 0.000194
v 0.006820 0.140445 0.001800
v 0.007894 0.140424 0.002502
v 0.010520 0.140331 0.001580
v 0.012063 0.140264 0.000224
v 0.012863 0.140211 -0.001617
v 0.012897 0.140178 -0.003661
v 0.006333 0.130150 -0.000217
v 0.007162 0.130141 0.000801
v 0.008129 0.130120 0.001289
v 0.009817 0.130065 0.000958
v 0.011125 0.130008 -0.000192
v 0.011803 0.129963 -0.001753
v 0.011832 0.129935 -0.003485
v 0.088562 0.388434 -0.007835
v 0.088575 0.388027 -0.007685
v 0.089264 0.387746 -0.007628
v 0.087276 0.389307 -0.006914
v 0.087201 0.389125 -0.006833
v 0.088136 0.388719 -0.003806
v 0.090288 0.387847 -0.007417
v 0.090522 0.387256 -0.007598
v 0.098598 0.389170 -0.009655
v 0.098698 0.388785 -0.009732
v 0.106421 0.390448 -0.011615
v 0.106536 0.390115 -0.011691
v 0.115214 0.392844 -0.013396
v 0.115351 0.392546 -0.013473
v 0.124348 0.394827 -0.015711
v 0.124481 0.394561 -0.015783
v 0.134616 0.396331 -0.017870
v 0.134717 0.396130 -0.017927
v 0.144733 0.399889 -0.019744
v 0.144803 0.399717 -0.019788
v 0.155654 0.404224 -0.020092
v 0.155832 0.403848 -0.020275
v 0.124670 0.393589 -0.018451
v 0.090440 0.385664 -0.009817
v 0.144803 0.398582 -0.022758
v 0.155046 0.403102 -0.024227
v 0.097931 0.389379 -0.012843
v 0.089380 0.387281 -0.009298
v 0.088798 0.386041 -0.009106
v 0.088244 0.386830 -0.009177
v 0.088049 0.387657 -0.009477
v 0.115227 0.391550 -0.016287
v 0.154542 0.404223 -0.024769
v 0.123795 0.395045 -0.018946
v 0.134030 0.396639 -0.021209
v 0.098641 0.387512 -0.012181
v 0.105790 0.390694 -0.014818
v 0.134780 0.395370 -0.020732
v 0.144220 0.399659 -0.023216
v 0.106568 0.388995 -0.014231
v 0.114348 0.393117 -0.016815
v 0.088041 0.387691 -0.010373
v 0.088294 0.387798 -0.009774
v 0.089036 0.387750 -0.008999
v 0.094089 0.387412 -0.001812
v 0.094121 0.386884 -0.001774
v 0.099938 0.388204 -0.003373
v 0.100036 0.387841 -0.003447
v 0.108239 0.389522 -0.003595
v 0.108355 0.389190 -0.003670
v 0.116740 0.391798 -0.005972
v 0.116874 0.391514 -0.006051
v 0.126808 0.392893 -0.006974
v 0.126932 0.392680 -0.007047
v 0.136047 0.394903 -0.009367
v 0.136451 0.394365 -0.009717
v 0.145825 0.399454 -0.013038
v 0.146195 0.398864 -0.013387
v 0.157317 0.403756 -0.012571
v 0.157546 0.403264 -0.012636
v 0.089536 0.388385 -0.007239
v 0.090533 0.387574 -0.001217
v 0.090396 0.387043 -0.001064
v 0.088365 0.389243 -0.004524
v 0.087439 0.388761 -0.000684
v 0.087288 0.388196 -0.000424
v 0.085355 0.390800 -0.006221
v 0.085274 0.390615 -0.006139
v 0.085167 0.390565 -0.003174
v 0.085368 0.390988 -0.003294
v 0.084503 0.389941 0.000468
v 0.084367 0.389450 0.000668
v 0.082300 0.391925 -0.005554
v 0.082214 0.391736 -0.005472
v 0.080630 0.391201 -0.002145
v 0.081733 0.391732 -0.003166
v 0.080559 0.391525 0.000527
v 0.080459 0.390090 0.000961
v 0.077492 0.394212 -0.003465
v 0.077376 0.393989 -0.003381
v 0.070948 0.397731 0.002630
v 0.071287 0.398090 0.002503
v 0.067945 0.400753 0.017106
v 0.067590 0.399966 0.017105
v 0.110263 0.394549 0.039972
v 0.110284 0.394085 0.039940
v 0.120954 0.393315 0.040269
v 0.121084 0.393078 0.040263
v 0.127409 0.392892 0.039488
v 0.127820 0.392355 0.039369
v 0.134937 0.394798 0.037510
v 0.135343 0.394201 0.037289
v 0.145160 0.399290 0.031989
v 0.145370 0.398771 0.031877
v 0.151848 0.404153 0.027312
v 0.152038 0.403656 0.027284
v 0.161795 0.409071 0.022303
v 0.161930 0.408525 0.022270
v 0.170074 0.411735 0.017266
v 0.170228 0.411052 0.017259
v 0.101425 0.394519 0.038975
v 0.101209 0.393898 0.039027
v 0.085814 0.394375 0.035625
v 0.085755 0.394109 0.035669
v 0.071148 0.391671 0.030543
v 0.070972 0.391380 0.030662
v 0.064718 0.398054 0.026108
v 0.064940 0.398352 0.026061
v 0.066055 0.400192 0.020859
v 0.065912 0.399866 0.020732
v 0.165961 0.407203 -0.025698
v 0.166464 0.407693 -0.023035
v 0.168473 0.406492 -0.015554
v 0.166333 0.408047 -0.022848
v 0.168303 0.407006 -0.015491
v 0.165497 0.408092 -0.026805
v 0.179218 0.414992 0.012240
v 0.179310 0.414353 0.012165
v 0.179577 0.408703 -0.017567
v 0.177035 0.409482 -0.025196
v 0.176300 0.408938 -0.027396
v 0.175828 0.409789 -0.028635
v 0.176955 0.409882 -0.025030
v 0.179480 0.409287 -0.017527
v 0.193290 0.414410 0.005010
v 0.193349 0.413798 0.004967
v 0.188221 0.408384 -0.021952
v 0.185865 0.409194 -0.027922
v 0.185263 0.408614 -0.029464
v 0.184841 0.408818 -0.030572
v 0.185810 0.409437 -0.027791
v 0.188173 0.409009 -0.021945
v 0.203073 0.415221 -0.001375
v 0.203082 0.414565 -0.001354
v 0.194977 0.407580 -0.024959
v 0.192731 0.407501 -0.029737
v 0.192161 0.406969 -0.030915
v 0.191995 0.407102 -0.031340
v 0.192661 0.407645 -0.029609
v 0.194961 0.408202 -0.024971
v 0.217364 0.414851 -0.015645
v 0.217297 0.414134 -0.015496
v 0.199807 0.406957 -0.028820
v 0.194878 0.406396 -0.031373
v 0.196192 0.407041 -0.030384
v 0.199736 0.407586 -0.028740
v 0.229022 0.409387 -0.027332
v 0.229004 0.408622 -0.027279
v 0.206897 0.402736 -0.035697
v 0.205948 0.403844 -0.034754
v 0.235104 0.387873 -0.045625
v 0.235184 0.387312 -0.045700
v 0.071684 0.393093 0.013781
v 0.079094 0.387993 0.016283
v 0.108302 0.386661 0.018723
v 0.093181 0.386490 0.017329
v 0.100514 0.386633 0.018187
v 0.149617 0.400487 0.000772
v 0.141289 0.393996 0.005796
v 0.132969 0.389953 0.011080
v 0.124211 0.388278 0.014445
v 0.116522 0.387374 0.018278
v 0.160536 0.404488 -0.000281
v 0.085635 0.387399 0.016406
v 0.171679 0.407761 -0.001661
v 0.183602 0.408776 -0.006173
v 0.193668 0.408965 -0.011394
v 0.202366 0.408572 -0.018069
v 0.209694 0.407343 -0.027358
v 0.215961 0.400915 -0.037728
v 0.151665 0.402729 0.001775
v 0.142345 0.396409 0.006494
v 0.109582 0.387238 0.020255
v 0.098369 0.387676 0.017194
v 0.124007 0.389336 0.015783
v 0.133406 0.391773 0.011922
v 0.090695 0.387863 0.015891
v 0.116765 0.388318 0.019344
v 0.162013 0.405876 -0.000053
v 0.072725 0.395503 0.010771
v 0.074616 0.392254 0.013601
v 0.082403 0.388966 0.014961
v 0.172382 0.409209 -0.002259
v 0.185524 0.410126 -0.007296
v 0.194551 0.410342 -0.012866
v 0.202891 0.409985 -0.019290
v 0.209350 0.408623 -0.027694
v 0.215872 0.403248 -0.037252
v 0.073009 0.397342 0.009083
v 0.073433 0.399198 0.008027
v 0.072922 0.399064 0.004130
v 0.071073 0.395404 0.011321
v 0.072353 0.398209 0.008744
v 0.072557 0.397977 0.004034
v 0.193413 0.406197 -0.032865
v 0.148389 0.402373 0.020226
v 0.108139 0.392752 0.034051
v 0.070131 0.401135 0.013694
v 0.131747 0.392658 0.031488
v 0.096946 0.391184 0.032095
v 0.069544 0.396474 0.021218
v 0.084389 0.391461 0.028873
v 0.068326 0.397532 0.018005
v 0.158023 0.408036 0.015910
v 0.118589 0.391254 0.034990
v 0.141549 0.396804 0.024724
v 0.124640 0.391265 0.033842
v 0.167049 0.410280 0.011444
v 0.071927 0.392450 0.024450
v 0.176803 0.414226 0.006716
v 0.190524 0.413920 -0.000053
v 0.200261 0.414634 -0.006354
v 0.213004 0.414189 -0.018902
v 0.223022 0.409554 -0.029318
v 0.230443 0.394111 -0.042905
v 0.072900 0.390177 0.027053
v 0.119164 0.391273 0.036057
v 0.109078 0.392453 0.035383
v 0.158605 0.407155 0.017299
v 0.142387 0.396252 0.026291
v 0.125727 0.390784 0.034784
v 0.167587 0.409422 0.012861
v 0.067272 0.397518 0.018956
v 0.177306 0.413032 0.008329
v 0.190959 0.412535 0.001819
v 0.200840 0.413164 -0.004216
v 0.213917 0.413026 -0.016787
v 0.224415 0.408230 -0.028449
v 0.231166 0.391348 -0.043738
v 0.067746 0.396242 0.023025
v 0.098649 0.391016 0.033976
v 0.149204 0.401611 0.021780
v 0.132993 0.392234 0.032232
v 0.085421 0.391476 0.031181
v 0.068842 0.399929 0.014650
v 0.013559 0.146562 0.000753
v 0.014375 0.163961 0.000952
v 0.017126 0.198584 0.001336
v 0.018704 0.207246 0.002677
v 0.018457 0.210687 0.006436
v 0.019337 0.212799 0.007728
v 0.011519 0.144573 0.003300
v 0.012720 0.164217 0.004091
v 0.015744 0.198522 0.003753
v 0.017819 0.206816 0.005001
v 0.017599 0.210419 0.007782
v 0.018513 0.212617 0.008774
v 0.008959 0.143404 0.004859
v 0.009779 0.164535 0.005680
v 0.012354 0.197486 0.004786
v 0.014724 0.206884 0.006274
v 0.015138 0.210595 0.009465
v 0.015621 0.212647 0.010578
v 0.006882 0.142907 0.005093
v 0.005992 0.164901 0.005841
v 0.009266 0.197748 0.004573
v 0.011197 0.205199 0.006255
v 0.013230 0.209923 0.009278
v 0.014203 0.211688 0.010257
v 0.004581 0.143956 0.005271
v 0.004293 0.164911 0.005227
v 0.007416 0.197946 0.004287
v 0.009538 0.205166 0.006106
v 0.009893 0.208882 0.008792
v 0.011615 0.210613 0.009269
v 0.014064 0.146501 -0.001168
v 0.014907 0.163917 -0.001050
v 0.017724 0.198886 -0.000523
v 0.019453 0.208136 0.001023
v 0.018726 0.211386 0.004204
v 0.019614 0.213487 0.005518
v 0.011356 0.144573 0.002724
v 0.012568 0.164229 0.003468
v 0.015265 0.197943 0.002992
v 0.017800 0.207205 0.003504
v 0.017681 0.210968 0.006143
v 0.018639 0.213191 0.007035
v 0.008796 0.143401 0.004286
v 0.009536 0.164537 0.004994
v 0.011995 0.197300 0.003872
v 0.014150 0.206159 0.006075
v 0.014694 0.210619 0.009132
v 0.015347 0.212834 0.010244
v 0.006720 0.142903 0.004521
v 0.005746 0.164902 0.005141
v 0.009030 0.197892 0.003698
v 0.010946 0.205220 0.005688
v 0.012840 0.210003 0.008768
v 0.013947 0.211953 0.009763
v 0.004418 0.143953 0.004697
v 0.004130 0.164926 0.004640
v 0.007250 0.198051 0.003744
v 0.009436 0.205516 0.005691
v 0.009569 0.209228 0.008176
v 0.011293 0.210962 0.008653
v 0.202831 0.406008 -0.031961
v 0.198858 0.406290 -0.031856
v 0.196679 0.405422 -0.033387
v 0.202898 0.405386 -0.032083
v 0.236241 0.399289 -0.034865
v 0.236265 0.400092 -0.034930
v 0.212765 0.404815 -0.032427
v 0.212975 0.406122 -0.032704
v 0.227876 0.402946 -0.035846
v 0.229404 0.401316 -0.035415
v 0.199790 0.405430 -0.033602
v 0.068444 0.400374 0.013763
v 0.068918 0.401142 0.013497
v 0.013647 0.141919 -0.005676
v 0.004942 0.142260 -0.000174
v 0.003844 0.142278 -0.001367
v 0.002728 0.142291 -0.003009
v 0.002510 0.142277 -0.004610
v 0.004977 0.142168 -0.007099
v 0.007352 0.142081 -0.008121
v 0.009879 0.142004 -0.008036
v 0.012221 0.141946 -0.006969
v 0.014309 0.150980 -0.005793
v 0.004656 0.151316 0.000307
v 0.003546 0.151377 -0.000869
v 0.002245 0.151450 -0.002525
v 0.002278 0.151470 -0.004381
v 0.005099 0.151384 -0.007144
v 0.007702 0.151287 -0.008284
v 0.010386 0.151173 -0.008204
v 0.012856 0.151056 -0.007078
v 0.015048 0.167283 -0.005580
v 0.005458 0.167612 0.000479
v 0.004425 0.167673 -0.000509
v 0.003073 0.167758 -0.002139
v 0.003082 0.167787 -0.003985
v 0.005900 0.167706 -0.006749
v 0.008517 0.167609 -0.007895
v 0.011221 0.167488 -0.007824
v 0.013700 0.167361 -0.006697
v 0.016051 0.189397 -0.005202
v 0.006764 0.189713 0.000666
v 0.005863 0.189767 -0.000027
v 0.004463 0.189861 -0.001580
v 0.004431 0.189896 -0.003366
v 0.007181 0.189820 -0.006067
v 0.009758 0.189723 -0.007198
v 0.012430 0.189600 -0.007140
v 0.014879 0.189467 -0.006045
v 0.017666 0.215861 -0.004875
v 0.008544 0.216176 0.000889
v 0.007650 0.216233 0.000361
v 0.006100 0.216347 -0.001156
v 0.005987 0.216395 -0.002934
v 0.008732 0.216324 -0.005655
v 0.011333 0.216222 -0.006789
v 0.014055 0.216085 -0.006721
v 0.016558 0.215934 -0.005598
v 0.019495 0.244920 -0.004040
v 0.011619 0.245594 0.000967
v 0.010745 0.245692 0.000564
v 0.009168 0.245884 -0.000751
v 0.008956 0.245944 -0.002334
v 0.011388 0.245758 -0.004796
v 0.013725 0.245547 -0.005808
v 0.016206 0.245294 -0.005725
v 0.018502 0.245036 -0.004674
v 0.023894 0.274455 -0.003144
v 0.017267 0.276236 0.001228
v 0.016452 0.276457 0.000754
v 0.015116 0.276820 -0.000387
v 0.014932 0.276872 -0.001764
v 0.016975 0.276324 -0.003911
v 0.018943 0.275794 -0.004797
v 0.021037 0.275229 -0.004729
v 0.022977 0.274703 -0.003820
v 0.032383 0.303996 -0.003314
v 0.027010 0.305687 0.000283
v 0.026252 0.305878 -0.000240
v 0.025146 0.306150 -0.001175
v 0.024980 0.306146 -0.002304
v 0.026626 0.305598 -0.004068
v 0.028225 0.305110 -0.004797
v 0.029939 0.304625 -0.004745
v 0.031538 0.304205 -0.004003
v 0.042158 0.329338 -0.005011
v 0.038220 0.331630 -0.002208
v 0.037545 0.331905 -0.002808
v 0.036709 0.332244 -0.003566
v 0.036568 0.332218 -0.004467
v 0.037764 0.331464 -0.005853
v 0.038941 0.330809 -0.006414
v 0.040215 0.330173 -0.006353
v 0.041415 0.329634 -0.005742
v 0.055561 0.353303 -0.007487
v 0.052708 0.355879 -0.005249
v 0.052062 0.356268 -0.005883
v 0.051402 0.356662 -0.006552
v 0.051273 0.356629 -0.007330
v 0.052162 0.355746 -0.008496
v 0.053055 0.354981 -0.008955
v 0.054037 0.354239 -0.008876
v 0.054974 0.353611 -0.008325
v 0.068637 0.369654 -0.010400
v 0.066314 0.372677 -0.008318
v 0.065698 0.373174 -0.009011
v 0.065133 0.373625 -0.009668
v 0.065002 0.373584 -0.010412
v 0.065697 0.372567 -0.011495
v 0.066418 0.371686 -0.011904
v 0.067230 0.370833 -0.011799
v 0.068021 0.370113 -0.011248
v 0.081024 0.379231 -0.013266
v 0.079223 0.382978 -0.011200
v 0.078685 0.383528 -0.012080
v 0.078190 0.384073 -0.012789
v 0.078042 0.384022 -0.013564
v 0.078544 0.382788 -0.014644
v 0.079106 0.381721 -0.015027
v 0.079770 0.380688 -0.014875
v 0.080440 0.379816 -0.014262
v 0.088236 0.382866 -0.014930
v 0.086977 0.387136 -0.012898
v 0.086481 0.387785 -0.013883
v 0.085652 0.388317 -0.014166
v 0.085585 0.388229 -0.015456
v 0.086228 0.386939 -0.016946
v 0.087073 0.384590 -0.016912
v 0.089930 0.383356 -0.015313
v 0.088871 0.387576 -0.013369
v 0.087043 0.388766 -0.014423
v 0.086654 0.389100 -0.015294
v 0.087958 0.387692 -0.017084
v 0.088975 0.384857 -0.017509
v 0.098121 0.385581 -0.016967
v 0.097424 0.389029 -0.015425
v 0.096927 0.389686 -0.016670
v 0.096642 0.389218 -0.018506
v 0.097361 0.386979 -0.018744
v 0.106259 0.387390 -0.018718
v 0.105391 0.390367 -0.017282
v 0.104922 0.390962 -0.018380
v 0.104687 0.390600 -0.020064
v 0.105562 0.388605 -0.019867
v 0.115125 0.390194 -0.020605
v 0.114046 0.392820 -0.019209
v 0.113576 0.393374 -0.020216
v 0.113390 0.393112 -0.021807
v 0.114402 0.391278 -0.021648
v 0.124632 0.392377 -0.022557
v 0.123562 0.394717 -0.021267
v 0.123126 0.395221 -0.022179
v 0.122959 0.395037 -0.023663
v 0.123969 0.393321 -0.023503
v 0.134665 0.394303 -0.024450
v 0.133846 0.396197 -0.023410
v 0.133504 0.396592 -0.024166
v 0.133317 0.396507 -0.025455
v 0.134064 0.395163 -0.025446
v 0.144575 0.397520 -0.026143
v 0.144040 0.399036 -0.025307
v 0.143790 0.399300 -0.025914
v 0.143559 0.399216 -0.027228
v 0.144119 0.398162 -0.027018
v 0.154527 0.402408 -0.027670
v 0.154245 0.403649 -0.026934
v 0.154037 0.403866 -0.027479
v 0.153753 0.403786 -0.028799
v 0.154159 0.402925 -0.028601
v 0.165051 0.406868 -0.029083
v 0.164949 0.407724 -0.028505
v 0.164794 0.407907 -0.028970
v 0.164552 0.408099 -0.030395
v 0.164790 0.407283 -0.029929
v 0.175511 0.408734 -0.030516
v 0.175527 0.409433 -0.030124
v 0.175385 0.409680 -0.030567
v 0.175093 0.409806 -0.031769
v 0.175342 0.409087 -0.031194
v 0.184429 0.408066 -0.032263
v 0.184523 0.408725 -0.031945
v 0.184421 0.408944 -0.032269
v 0.184195 0.409147 -0.033286
v 0.184333 0.408393 -0.032733
v 0.190219 0.406767 -0.033115
v 0.191261 0.407210 -0.032913
v 0.191272 0.407601 -0.033716
v 0.191076 0.407355 -0.034173
v 0.190723 0.406956 -0.033587
v 0.012522 0.140167 -0.005020
v 0.006157 0.140420 -0.000998
v 0.005189 0.140437 -0.001738
v 0.003915 0.140458 -0.002798
v 0.003742 0.140443 -0.004069
v 0.005702 0.140354 -0.006045
v 0.007589 0.140285 -0.006857
v 0.009595 0.140226 -0.006789
v 0.011456 0.140185 -0.005942
v 0.011486 0.129926 -0.004683
v 0.006089 0.130140 -0.001273
v 0.005240 0.130155 -0.001946
v 0.004677 0.130153 -0.003132
v 0.004652 0.130137 -0.004215
v 0.005675 0.130084 -0.005597
v 0.007275 0.130026 -0.006285
v 0.008976 0.129976 -0.006227
v 0.010553 0.129941 -0.005509
v 0.085498 0.391387 -0.015949
v 0.085318 0.391155 -0.016285
v 0.085790 0.391107 -0.016849
v 0.084149 0.392347 -0.015276
v 0.083992 0.392227 -0.015374
v 0.082878 0.393898 -0.017975
v 0.086557 0.391523 -0.017460
v 0.086725 0.391001 -0.017830
v 0.095237 0.392816 -0.019410
v 0.095279 0.392490 -0.019653
v 0.102993 0.394080 -0.021051
v 0.103052 0.393792 -0.021276
v 0.111454 0.396664 -0.023059
v 0.111535 0.396406 -0.023274
v 0.120810 0.398424 -0.024725
v 0.120894 0.398192 -0.024922
v 0.131245 0.399827 -0.026750
v 0.131309 0.399639 -0.026912
v 0.141756 0.402347 -0.028461
v 0.141796 0.402195 -0.028593
v 0.152097 0.406981 -0.030696
v 0.152258 0.406631 -0.031003
v 0.122461 0.395785 -0.024128
v 0.087616 0.388446 -0.017420
v 0.143154 0.399950 -0.027581
v 0.153387 0.404411 -0.029323
v 0.096491 0.390910 -0.017027
v 0.086791 0.389799 -0.016202
v 0.085892 0.388820 -0.016749
v 0.085665 0.389285 -0.015936
v 0.085881 0.389727 -0.015173
v 0.112923 0.393858 -0.022255
v 0.153517 0.405047 -0.027848
v 0.122425 0.396437 -0.022485
v 0.132817 0.397846 -0.024504
v 0.096312 0.389995 -0.018940
v 0.104383 0.392189 -0.018717
v 0.132839 0.397261 -0.025985
v 0.143183 0.400530 -0.026249
v 0.104292 0.391362 -0.020515
v 0.112920 0.394577 -0.020525
v 0.086428 0.389239 -0.014626
v 0.086298 0.389715 -0.015044
v 0.086433 0.390271 -0.015916
v 0.086568 0.395641 -0.022959
v 0.086438 0.393804 -0.023334
v 0.092757 0.396458 -0.024363
v 0.092799 0.394708 -0.024606
v 0.099690 0.399004 -0.027164
v 0.099749 0.398718 -0.027389
v 0.107868 0.400997 -0.028648
v 0.107947 0.400737 -0.028864
v 0.116821 0.404106 -0.031332
v 0.116901 0.403867 -0.031532
v 0.126831 0.405462 -0.031296
v 0.127355 0.404499 -0.032577
v 0.138823 0.406305 -0.032048
v 0.139234 0.405375 -0.033000
v 0.149998 0.410012 -0.034262
v 0.150122 0.409616 -0.034756
v 0.085940 0.391892 -0.016846
v 0.083085 0.395280 -0.021434
v 0.082701 0.394887 -0.021763
v 0.083626 0.393961 -0.017405
v 0.080819 0.395914 -0.019506
v 0.080344 0.394894 -0.019852
v 0.082658 0.393542 -0.013744
v 0.082482 0.393414 -0.013832
v 0.080953 0.395237 -0.015840
v 0.081265 0.395533 -0.015620
v 0.078841 0.397288 -0.018347
v 0.078407 0.395873 -0.018618
v 0.080402 0.394392 -0.012105
v 0.080211 0.394249 -0.012192
v 0.077612 0.395899 -0.014428
v 0.078934 0.395735 -0.013799
v 0.076922 0.398282 -0.016245
v 0.076378 0.397374 -0.017338
v 0.076427 0.395281 -0.010250
v 0.076239 0.395121 -0.010360
v 0.069046 0.395313 -0.008098
v 0.069459 0.395765 -0.007902
v 0.061125 0.397667 -0.013839
v 0.061164 0.396831 -0.014656
v 0.068756 0.417600 -0.045770
v 0.068670 0.417138 -0.046141
v 0.078525 0.425086 -0.049763
v 0.078723 0.424980 -0.049905
v 0.087265 0.429768 -0.050749
v 0.087840 0.429557 -0.051227
v 0.096708 0.433743 -0.050545
v 0.097086 0.433268 -0.051064
v 0.108824 0.436703 -0.052467
v 0.109000 0.436329 -0.052831
v 0.121114 0.438054 -0.052331
v 0.121247 0.437651 -0.052665
v 0.134998 0.438803 -0.051246
v 0.135060 0.438227 -0.051622
v 0.149638 0.439807 -0.050438
v 0.149656 0.439189 -0.050997
v 0.063831 0.409936 -0.044073
v 0.063612 0.409673 -0.044559
v 0.059204 0.402002 -0.039799
v 0.059110 0.401803 -0.040000
v 0.056087 0.397024 -0.033016
v 0.055938 0.396707 -0.033169
v 0.057622 0.393849 -0.028084
v 0.057747 0.394158 -0.027895
v 0.059269 0.395596 -0.019478
v 0.059477 0.395397 -0.019506
v 0.164367 0.408688 -0.030986
v 0.163631 0.410188 -0.032055
v 0.162029 0.412815 -0.036241
v 0.163504 0.410500 -0.031746
v 0.161949 0.413180 -0.035746
v 0.164723 0.408800 -0.029332
v 0.163474 0.436296 -0.049731
v 0.163512 0.435796 -0.050132
v 0.173925 0.415852 -0.038627
v 0.174664 0.412095 -0.033462
v 0.174879 0.410520 -0.032480
v 0.175209 0.410454 -0.030804
v 0.174605 0.412453 -0.033149
v 0.173908 0.416254 -0.038118
v 0.177891 0.430456 -0.051095
v 0.177883 0.429937 -0.051480
v 0.184180 0.413878 -0.038481
v 0.184190 0.411146 -0.034334
v 0.184138 0.409927 -0.033794
v 0.184245 0.409501 -0.032855
v 0.184129 0.411389 -0.034201
v 0.184218 0.414324 -0.037963
v 0.191122 0.427604 -0.052008
v 0.191102 0.427166 -0.052452
v 0.191669 0.411393 -0.039155
v 0.191367 0.408909 -0.035199
v 0.191221 0.407931 -0.034687
v 0.191268 0.407837 -0.034248
v 0.191270 0.409087 -0.035172
v 0.191745 0.411870 -0.038650
v 0.207705 0.420914 -0.055420
v 0.207575 0.420398 -0.055858
v 0.197482 0.408735 -0.038163
v 0.193947 0.407231 -0.035068
v 0.192995 0.406234 -0.033389
v 0.194866 0.408191 -0.035614
v 0.197477 0.409302 -0.037716
v 0.222224 0.410034 -0.053570
v 0.222202 0.409531 -0.054000
v 0.206382 0.403026 -0.038045
v 0.197403 0.405194 -0.034100
v 0.200236 0.405070 -0.034517
v 0.205306 0.404208 -0.037553
v 0.231612 0.386810 -0.052111
v 0.231625 0.386256 -0.052331
v 0.208163 0.402030 -0.037611
v 0.208097 0.402902 -0.037265
v 0.233865 0.386435 -0.049307
v 0.233919 0.385897 -0.049496
v 0.069299 0.398108 -0.022700
v 0.070021 0.401560 -0.027113
v 0.088471 0.410277 -0.033642
v 0.074657 0.405447 -0.032797
v 0.080810 0.407290 -0.034288
v 0.134333 0.417511 -0.037679
v 0.122017 0.416104 -0.039980
v 0.111010 0.417504 -0.039369
v 0.102479 0.416590 -0.036535
v 0.095232 0.413823 -0.035442
v 0.146976 0.419394 -0.038305
v 0.070648 0.403352 -0.028981
v 0.160566 0.422262 -0.041023
v 0.173109 0.421191 -0.043924
v 0.184948 0.418587 -0.044971
v 0.195745 0.415340 -0.046929
v 0.205339 0.409248 -0.045928
v 0.214858 0.401349 -0.043744
v 0.217969 0.399163 -0.041925
v 0.136580 0.418998 -0.035686
v 0.123374 0.417336 -0.037623
v 0.088903 0.412919 -0.033552
v 0.079497 0.408921 -0.032659
v 0.101830 0.419331 -0.036161
v 0.111157 0.419119 -0.038707
v 0.073875 0.407147 -0.029959
v 0.094812 0.415666 -0.035392
v 0.149038 0.420768 -0.037716
v 0.069254 0.400645 -0.020485
v 0.069353 0.401474 -0.023080
v 0.070368 0.404454 -0.026589
v 0.161799 0.423742 -0.040094
v 0.174790 0.422837 -0.042589
v 0.186628 0.418879 -0.043629
v 0.196699 0.415746 -0.045613
v 0.205310 0.410206 -0.044425
v 0.214778 0.402514 -0.042465
v 0.218935 0.399901 -0.041974
v 0.068990 0.400280 -0.017628
v 0.068998 0.399888 -0.015625
v 0.070482 0.398304 -0.010896
v 0.068384 0.398860 -0.019103
v 0.067767 0.399069 -0.016146
v 0.070117 0.397243 -0.011317
v 0.193159 0.406422 -0.033871
v 0.120741 0.431267 -0.045519
v 0.072307 0.414541 -0.041122
v 0.063705 0.399082 -0.015568
v 0.097766 0.428152 -0.044492
v 0.067542 0.409604 -0.040166
v 0.064111 0.398102 -0.025671
v 0.062700 0.402216 -0.037010
v 0.063432 0.400208 -0.019573
v 0.135394 0.433164 -0.044383
v 0.081851 0.418213 -0.044288
v 0.110255 0.431592 -0.046342
v 0.088474 0.423321 -0.044909
v 0.150204 0.434459 -0.044665
v 0.062822 0.399752 -0.032214
v 0.163482 0.432897 -0.044834
v 0.176804 0.426482 -0.046591
v 0.189899 0.423482 -0.047292
v 0.204248 0.418192 -0.050673
v 0.217450 0.409110 -0.049936
v 0.227542 0.392206 -0.048260
v 0.229932 0.389555 -0.047866
v 0.060194 0.398086 -0.033912
v 0.080901 0.418942 -0.045949
v 0.071141 0.414083 -0.043013
v 0.134721 0.432980 -0.046408
v 0.109776 0.431915 -0.048363
v 0.088674 0.424150 -0.046762
v 0.149529 0.434645 -0.046794
v 0.062871 0.398653 -0.019816
v 0.163139 0.432777 -0.047019
v 0.176485 0.426805 -0.048935
v 0.189740 0.423847 -0.049917
v 0.204428 0.418453 -0.053208
v 0.218319 0.408312 -0.051800
v 0.227576 0.390190 -0.050376
v 0.230517 0.387432 -0.049040
v 0.062283 0.396308 -0.027557
v 0.066408 0.408705 -0.041909
v 0.120714 0.431811 -0.047791
v 0.098210 0.428080 -0.046410
v 0.061874 0.401069 -0.038963
v 0.063084 0.397896 -0.016091
v 0.007939 0.146809 -0.008154
v 0.008708 0.164369 -0.008036
v 0.009965 0.189334 -0.007424
v 0.010582 0.211755 -0.007833
v 0.010694 0.229977 -0.008095
v 0.010727 0.232551 -0.007999
v 0.004703 0.144768 -0.007497
v 0.005131 0.164789 -0.007945
v 0.006381 0.189757 -0.007327
v 0.007587 0.211644 -0.007592
v 0.009155 0.230073 -0.007611
v 0.009491 0.232607 -0.007475
v 0.002158 0.143534 -0.005910
v 0.002437 0.165093 -0.005964
v 0.003458 0.190017 -0.005441
v 0.004874 0.211144 -0.005340
v 0.006991 0.229981 -0.005420
v 0.007043 0.232533 -0.005105
v 0.001038 0.142994 -0.004160
v 0.000671 0.165321 -0.002597
v 0.001441 0.190075 -0.002157
v 0.003083 0.210292 -0.002092
v 0.006331 0.228692 -0.003945
v 0.006556 0.231112 -0.004173
v -0.000082 0.144059 -0.002115
v 0.000496 0.165223 -0.000794
v 0.000509 0.189793 -0.000371
v 0.002882 0.209752 -0.000661
v 0.005462 0.226770 -0.001387
v 0.006280 0.228930 -0.002143
v 0.009888 0.146683 -0.007787
v 0.010742 0.164223 -0.007656
v 0.012147 0.189164 -0.007023
v 0.012929 0.211588 -0.007425
v 0.013003 0.229674 -0.007743
v 0.013012 0.232232 -0.007660
v 0.005153 0.144749 -0.007103
v 0.005632 0.164753 -0.007533
v 0.007033 0.189701 -0.006892
v 0.008679 0.211540 -0.007156
v 0.010829 0.229845 -0.007234
v 0.011273 0.232354 -0.007112
v 0.002605 0.143518 -0.005517
v 0.002955 0.165039 -0.005443
v 0.004096 0.189913 -0.004666
v 0.005296 0.211133 -0.004871
v 0.007261 0.229898 -0.004983
v 0.007324 0.232455 -0.004735
v 0.001485 0.142980 -0.003768
v 0.001201 0.165265 -0.002066
v 0.002126 0.189969 -0.001353
v 0.003599 0.210251 -0.001640
v 0.006807 0.228637 -0.003528
v 0.007020 0.231049 -0.003768
v 0.000366 0.144042 -0.001721
v 0.000960 0.165192 -0.000386
v 0.000975 0.189760 0.000036
v 0.003354 0.209716 -0.000252
v 0.006049 0.226717 -0.000871
v 0.006867 0.228876 -0.001627
v 0.201529 0.406744 -0.037076
v 0.197905 0.406964 -0.035550
v 0.196414 0.405608 -0.034419
v 0.201551 0.406164 -0.037437
v 0.230172 0.399592 -0.054384
v 0.230248 0.400235 -0.054014
v 0.210491 0.405669 -0.044261
v 0.210990 0.406277 -0.043008
v 0.224302 0.402606 -0.049232
v 0.225273 0.401889 -0.051268
v 0.199454 0.405641 -0.034901
v 0.063044 0.397232 -0.014786
v 0.063160 0.397866 -0.014167
vt 0.086111 0.036986
vt 0.086062 0.097548
vt 0.061341 0.097151
vt 0.061148 0.037981
vt 0.085261 0.157173
vt 0.060877 0.155892
vt 0.084127 0.215823
vt 0.060045 0.214138
vt 0.082926 0.273667
vt 0.059076 0.271929
vt 0.081825 0.330915
vt 0.058134 0.329362
vt 0.080928 0.387759
vt 0.057338 0.386547
vt 0.080300 0.444354
vt 0.056764 0.443583
vt 0.079984 0.500828
vt 0.056460 0.500553
vt 0.080000 0.557295
vt 0.056450 0.557539
vt 0.080354 0.613877
vt 0.056733 0.614624
vt 0.081035 0.670719
vt 0.057284 0.671914
vt 0.082007 0.728012
vt 0.058049 0.729545
vt 0.083197 0.786014
vt 0.058931 0.787689
vt 0.084468 0.845061
vt 0.059775 0.846544
vt 0.085563 0.905546
vt 0.060335 0.906281
vt 0.086033 0.967794
vt 0.060231 0.966926
vt 0.086111 0.036986
vt 0.086063 0.097548
vt 0.061341 0.097151
vt 0.061149 0.037981
vt 0.085262 0.157173
vt 0.060877 0.155891
vt 0.084127 0.215823
vt 0.060046 0.214138
vt 0.082927 0.273666
vt 0.059076 0.271928
vt 0.081825 0.330915
vt 0.058135 0.329361
vt 0.080928 0.387759
vt 0.057338 0.386546
vt 0.080301 0.444354
vt 0.056764 0.443582
vt 0.079984 0.500828
vt 0.056461 0.500553
vt 0.080000 0.557295
vt 0.056450 0.557539
vt 0.080354 0.613877
vt 0.056733 0.614624
vt 0.081035 0.670719
vt 0.057285 0.671914
vt 0.082007 0.728012
vt 0.058049 0.729545
vt 0.083197 0.786014
vt 0.058931 0.787688
vt 0.084468 0.845061
vt 0.059775 0.846544
vt 0.085563 0.905546
vt 0.060335 0.906281
vt 0.086033 0.967794
vt 0.060231 0.966926
vt 0.276751 0.180761
vt 0.272414 0.177040
vt 0.284015 0.124993
vt 0.288432 0.128618
vt 0.252552 0.880797
vt 0.248164 0.883454
vt 0.240835 0.830242
vt 0.245288 0.828020
vt 0.234945 0.776228
vt 0.239458 0.774501
vt 0.230585 0.721556
vt 0.235147 0.720342
vt 0.227785 0.666399
vt 0.232381 0.665705
vt 0.226555 0.610938
vt 0.231169 0.610766
vt 0.226898 0.555353
vt 0.231516 0.555703
vt 0.228812 0.499825
vt 0.233418 0.500697
vt 0.232293 0.444535
vt 0.236872 0.445927
vt 0.237331 0.389665
vt 0.241869 0.391572
vt 0.243911 0.335383
vt 0.248395 0.337798
vt 0.252006 0.281834
vt 0.256427 0.284746
vt 0.261560 0.229093
vt 0.265921 0.232465
vt 0.272414 0.177040
vt 0.276751 0.180761
vt 0.284015 0.124993
vt 0.288432 0.128618
vt 0.269941 0.985254
vt 0.265535 0.988013
vt 0.256661 0.935859
vt 0.261013 0.932936
vt 0.248164 0.883454
vt 0.252552 0.880796
vt 0.240834 0.830241
vt 0.245288 0.828020
vt 0.234945 0.776228
vt 0.239458 0.774500
vt 0.230585 0.721556
vt 0.235147 0.720342
vt 0.227785 0.666399
vt 0.232381 0.665705
vt 0.226555 0.610938
vt 0.231169 0.610766
vt 0.226898 0.555353
vt 0.231516 0.555703
vt 0.228812 0.499825
vt 0.233418 0.500697
vt 0.232293 0.444535
vt 0.236872 0.445927
vt 0.237331 0.389665
vt 0.241869 0.391571
vt 0.243911 0.335383
vt 0.248395 0.337798
vt 0.252006 0.281834
vt 0.256427 0.284745
vt 0.261560 0.229093
vt 0.265921 0.232465
vt 0.036189 0.039350
vt 0.036407 0.097143
vt 0.014704 0.097064
vt 0.014647 0.040152
vt 0.133611 0.036473
vt 0.131986 0.100481
vt 0.110681 0.098573
vt 0.111317 0.036274
vt 0.129819 0.161532
vt 0.109285 0.159062
vt 0.127694 0.220438
vt 0.107686 0.217976
vt 0.125813 0.277909
vt 0.106156 0.275721
vt 0.124260 0.334444
vt 0.104833 0.332661
vt 0.123075 0.390378
vt 0.103794 0.389068
vt 0.122283 0.445941
vt 0.103087 0.445149
vt 0.121903 0.501306
vt 0.102742 0.501062
vt 0.121951 0.556619
vt 0.102779 0.556944
vt 0.122446 0.612028
vt 0.103211 0.612940
vt 0.123408 0.667711
vt 0.104041 0.669219
vt 0.124859 0.723916
vt 0.105263 0.726015
vt 0.126818 0.781013
vt 0.106845 0.783659
vt 0.129285 0.839589
vt 0.108704 0.842635
vt 0.132180 0.900585
vt 0.110636 0.903627
vt 0.135136 0.965497
vt 0.112164 0.967464
vt 0.133612 0.036473
vt 0.131986 0.100481
vt 0.110681 0.098573
vt 0.111317 0.036274
vt 0.129820 0.161532
vt 0.109285 0.159061
vt 0.127695 0.220438
vt 0.107686 0.217975
vt 0.125813 0.277909
vt 0.106156 0.275721
vt 0.124260 0.334444
vt 0.104833 0.332660
vt 0.123075 0.390377
vt 0.103794 0.389068
vt 0.122283 0.445940
vt 0.103087 0.445149
vt 0.121903 0.501306
vt 0.102742 0.501062
vt 0.121951 0.556619
vt 0.102779 0.556944
vt 0.122446 0.612028
vt 0.103211 0.612940
vt 0.123408 0.667711
vt 0.104041 0.669219
vt 0.124859 0.723916
vt 0.105263 0.726015
vt 0.126819 0.781013
vt 0.106845 0.783659
vt 0.129285 0.839589
vt 0.108705 0.842635
vt 0.132180 0.900585
vt 0.110636 0.903627
vt 0.135136 0.965497
vt 0.112164 0.967464
vt 0.208567 0.872670
vt 0.221541 0.865244
vt 0.230777 0.916302
vt 0.217574 0.927240
vt 0.204593 0.180674
vt 0.218100 0.185791
vt 0.213663 0.239581
vt 0.200330 0.235788
vt 0.210330 0.292872
vt 0.197124 0.290025
vt 0.207833 0.345785
vt 0.194720 0.343684
vt 0.206026 0.398407
vt 0.192984 0.396943
vt 0.204833 0.450800
vt 0.191845 0.449921
vt 0.204222 0.503011
vt 0.191274 0.502701
vt 0.204190 0.555077
vt 0.191273 0.555347
vt 0.204763 0.607022
vt 0.191868 0.607915
vt 0.206004 0.658866
vt 0.193124 0.660465
vt 0.208026 0.710622
vt 0.195150 0.713072
vt 0.211021 0.762295
vt 0.198139 0.765847
vt 0.215324 0.813870
vt 0.202419 0.818962
vt 0.221541 0.865244
vt 0.208567 0.872670
vt 0.230776 0.916302
vt 0.217574 0.927240
vt 0.218821 0.065640
vt 0.233098 0.075907
vt 0.224164 0.131323
vt 0.210426 0.124192
vt 0.218100 0.185791
vt 0.204593 0.180675
vt 0.213663 0.239581
vt 0.200330 0.235788
vt 0.210330 0.292872
vt 0.197124 0.290025
vt 0.207833 0.345785
vt 0.194721 0.343683
vt 0.206026 0.398407
vt 0.192984 0.396943
vt 0.204834 0.450799
vt 0.191845 0.449921
vt 0.204222 0.503011
vt 0.191275 0.502701
vt 0.204190 0.555077
vt 0.191273 0.555347
vt 0.204763 0.607022
vt 0.191868 0.607915
vt 0.206004 0.658866
vt 0.193124 0.660465
vt 0.208026 0.710623
vt 0.195151 0.713072
vt 0.211021 0.762295
vt 0.198139 0.765847
vt 0.215325 0.813870
vt 0.202419 0.818962
vt 0.218821 0.065640
vt 0.233097 0.075907
vt 0.224164 0.131323
vt 0.210426 0.124192
vt 0.161963 0.167731
vt 0.158847 0.225857
vt 0.146934 0.223500
vt 0.149650 0.164933
vt 0.156346 0.282403
vt 0.144679 0.280482
vt 0.154397 0.337982
vt 0.142885 0.336477
vt 0.152962 0.392952
vt 0.141548 0.391848
vt 0.152021 0.447542
vt 0.140665 0.446835
vt 0.151569 0.501912
vt 0.140242 0.501606
vt 0.151618 0.556193
vt 0.140293 0.556302
vt 0.152193 0.610514
vt 0.140841 0.611064
vt 0.153339 0.665031
vt 0.141921 0.666061
vt 0.155127 0.719959
vt 0.143586 0.721531
vt 0.157666 0.775644
vt 0.145910 0.777844
vt 0.161129 0.832685
vt 0.148997 0.835626
vt 0.165787 0.892184
vt 0.152991 0.895977
vt 0.172053 0.956300
vt 0.157970 0.960945
vt 0.170384 0.041172
vt 0.165768 0.106922
vt 0.152782 0.103776
vt 0.156106 0.038242
vt 0.161963 0.167731
vt 0.149651 0.164933
vt 0.158847 0.225857
vt 0.146935 0.223500
vt 0.156346 0.282403
vt 0.144679 0.280482
vt 0.154398 0.337982
vt 0.142885 0.336476
vt 0.152963 0.392952
vt 0.141548 0.391848
vt 0.152021 0.447542
vt 0.140665 0.446834
vt 0.151569 0.501912
vt 0.140243 0.501605
vt 0.151618 0.556193
vt 0.140294 0.556302
vt 0.152193 0.610515
vt 0.140841 0.611064
vt 0.153339 0.665030
vt 0.141921 0.666061
vt 0.155127 0.719959
vt 0.143586 0.721531
vt 0.157667 0.775644
vt 0.145910 0.777844
vt 0.161129 0.832685
vt 0.148997 0.835626
vt 0.165787 0.892184
vt 0.152991 0.895977
vt 0.172053 0.956300
vt 0.157970 0.960945
vt 0.238484 0.080495
vt 0.229585 0.134306
vt 0.223479 0.187900
vt 0.218998 0.241139
vt 0.215629 0.294038
vt 0.213102 0.346643
vt 0.211271 0.399001
vt 0.210059 0.451153
vt 0.209431 0.503132
vt 0.209385 0.554959
vt 0.209945 0.606650
vt 0.211175 0.658205
vt 0.213183 0.709612
vt 0.216161 0.760831
vt 0.220438 0.811771
vt 0.226585 0.862201
vt 0.235677 0.911701
vt 0.238484 0.080495
vt 0.229586 0.134306
vt 0.223479 0.187900
vt 0.218999 0.241139
vt 0.215630 0.294038
vt 0.213102 0.346643
vt 0.211271 0.399001
vt 0.210059 0.451153
vt 0.209431 0.503132
vt 0.209385 0.554959
vt 0.209946 0.606650
vt 0.211175 0.658205
vt 0.213183 0.709612
vt 0.216161 0.760832
vt 0.220438 0.811771
vt 0.226586 0.862201
vt 0.235677 0.911701
vt 0.243772 0.085189
vt 0.235038 0.137357
vt 0.228930 0.190061
vt 0.224427 0.242735
vt 0.221032 0.295231
vt 0.218480 0.347518
vt 0.216627 0.399604
vt 0.215397 0.451508
vt 0.214752 0.503246
vt 0.214690 0.554830
vt 0.215235 0.606258
vt 0.216447 0.657518
vt 0.218433 0.708568
vt 0.221380 0.759326
vt 0.225605 0.809625
vt 0.231654 0.859096
vt 0.240508 0.907031
vt 0.243772 0.085189
vt 0.235039 0.137357
vt 0.228930 0.190061
vt 0.224427 0.242735
vt 0.221032 0.295231
vt 0.218480 0.347518
vt 0.216628 0.399604
vt 0.215397 0.451508
vt 0.214752 0.503246
vt 0.214690 0.554830
vt 0.215235 0.606259
vt 0.216447 0.657517
vt 0.218433 0.708568
vt 0.221380 0.759326
vt 0.225605 0.809625
vt 0.231654 0.859097
vt 0.240508 0.907031
vt 0.327889 0.933521
vt 0.315228 0.948115
vt 0.304440 0.900862
vt 0.317400 0.890136
vt 0.296052 0.853638
vt 0.309279 0.845187
vt 0.289329 0.805876
vt 0.302801 0.799213
vt 0.284079 0.757445
vt 0.297755 0.752415
vt 0.280247 0.708415
vt 0.294079 0.704973
vt 0.277822 0.658926
vt 0.291761 0.657064
vt 0.276802 0.609145
vt 0.290799 0.608860
vt 0.277188 0.559241
vt 0.291194 0.560532
vt 0.278978 0.509383
vt 0.292944 0.512246
vt 0.282167 0.459740
vt 0.296046 0.464167
vt 0.286749 0.410485
vt 0.300490 0.416466
vt 0.292722 0.361788
vt 0.306271 0.369322
vt 0.300101 0.313816
vt 0.313397 0.322934
vt 0.308955 0.266712
vt 0.321922 0.277552
vt 0.319507 0.220561
vt 0.332033 0.233583
vt 0.332426 0.175404
vt 0.344275 0.192027
vt 0.327889 0.933521
vt 0.315228 0.948115
vt 0.304440 0.900862
vt 0.317400 0.890136
vt 0.296052 0.853638
vt 0.309279 0.845187
vt 0.289329 0.805876
vt 0.302801 0.799213
vt 0.284079 0.757445
vt 0.297755 0.752415
vt 0.280247 0.708414
vt 0.294079 0.704973
vt 0.277822 0.658926
vt 0.291761 0.657064
vt 0.276802 0.609145
vt 0.290799 0.608860
vt 0.277188 0.559241
vt 0.291194 0.560532
vt 0.278978 0.509383
vt 0.292944 0.512246
vt 0.282167 0.459740
vt 0.296046 0.464167
vt 0.286749 0.410485
vt 0.300490 0.416466
vt 0.292722 0.361788
vt 0.306271 0.369322
vt 0.300101 0.313816
vt 0.313397 0.322934
vt 0.308955 0.266712
vt 0.321922 0.277552
vt 0.319507 0.220561
vt 0.332033 0.233583
vt 0.332426 0.175404
vt 0.344275 0.192027
vt 0.301428 0.962103
vt 0.291069 0.911486
vt 0.282608 0.862202
vt 0.275694 0.812723
vt 0.270255 0.762667
vt 0.266271 0.712035
vt 0.263739 0.660950
vt 0.262660 0.609571
vt 0.263034 0.558071
vt 0.264860 0.506620
vt 0.268133 0.455392
vt 0.272849 0.404558
vt 0.279004 0.354286
vt 0.286608 0.304715
vt 0.295716 0.255897
vt 0.306486 0.207601
vt 0.319425 0.158594
vt 0.301428 0.962103
vt 0.291069 0.911486
vt 0.282608 0.862202
vt 0.275694 0.812723
vt 0.270255 0.762667
vt 0.266271 0.712035
vt 0.263739 0.660949
vt 0.262659 0.609571
vt 0.263034 0.558071
vt 0.264860 0.506620
vt 0.268133 0.455392
vt 0.272849 0.404558
vt 0.279004 0.354286
vt 0.286608 0.304715
vt 0.295716 0.255897
vt 0.306486 0.207601
vt 0.319425 0.158594
vt 0.346020 0.912361
vt 0.342019 0.916561
vt 0.332990 0.877259
vt 0.337419 0.873655
vt 0.325455 0.834977
vt 0.330094 0.832025
vt 0.319356 0.791161
vt 0.324127 0.788797
vt 0.314588 0.746352
vt 0.319449 0.744549
vt 0.311114 0.700850
vt 0.316038 0.699601
vt 0.308930 0.654873
vt 0.313896 0.654179
vt 0.308040 0.608604
vt 0.313029 0.608467
vt 0.308446 0.562210
vt 0.313441 0.562631
vt 0.310149 0.515853
vt 0.315133 0.516832
vt 0.313143 0.469693
vt 0.318097 0.471225
vt 0.317415 0.423896
vt 0.322322 0.425975
vt 0.322953 0.378646
vt 0.327789 0.381267
vt 0.329743 0.334179
vt 0.334479 0.337338
vt 0.337793 0.290850
vt 0.342381 0.294560
vt 0.347137 0.249261
vt 0.351509 0.253559
vt 0.357758 0.210891
vt 0.361671 0.215763
vt 0.346020 0.912361
vt 0.342019 0.916561
vt 0.332990 0.877259
vt 0.337419 0.873655
vt 0.325455 0.834977
vt 0.330094 0.832025
vt 0.319356 0.791161
vt 0.324127 0.788797
vt 0.314588 0.746352
vt 0.319449 0.744548
vt 0.311114 0.700850
vt 0.316038 0.699601
vt 0.308930 0.654873
vt 0.313896 0.654179
vt 0.308040 0.608604
vt 0.313029 0.608467
vt 0.308446 0.562210
vt 0.313441 0.562632
vt 0.310149 0.515853
vt 0.315133 0.516832
vt 0.313143 0.469693
vt 0.318097 0.471225
vt 0.317415 0.423896
vt 0.322322 0.425975
vt 0.322952 0.378646
vt 0.327789 0.381267
vt 0.329743 0.334179
vt 0.334479 0.337338
vt 0.337793 0.290850
vt 0.342381 0.294559
vt 0.347137 0.249261
vt 0.351509 0.253559
vt 0.269941 0.985254
vt 0.261013 0.932936
vt 0.270728 0.926298
vt 0.280054 0.978829
vt 0.262315 0.874850
vt 0.255184 0.823072
vt 0.249488 0.770659
vt 0.245283 0.717643
vt 0.242592 0.664162
vt 0.241423 0.610383
vt 0.241777 0.556481
vt 0.243654 0.502633
vt 0.247049 0.449016
vt 0.251954 0.395807
vt 0.258360 0.343167
vt 0.266254 0.291224
vt 0.275620 0.239998
vt 0.286432 0.189181
vt 0.298558 0.137226
vt 0.270728 0.926298
vt 0.280054 0.978829
vt 0.262315 0.874850
vt 0.255184 0.823072
vt 0.249487 0.770658
vt 0.245283 0.717643
vt 0.242592 0.664162
vt 0.241423 0.610383
vt 0.241777 0.556481
vt 0.243654 0.502633
vt 0.247049 0.449016
vt 0.251954 0.395806
vt 0.258360 0.343167
vt 0.266254 0.291224
vt 0.275620 0.239998
vt 0.286432 0.189181
vt 0.298558 0.137226
vt 0.279072 0.920403
vt 0.288854 0.972568
vt 0.270638 0.869715
vt 0.263602 0.818838
vt 0.258012 0.767379
vt 0.253898 0.715338
vt 0.251272 0.662840
vt 0.250139 0.610047
vt 0.250501 0.557131
vt 0.252357 0.504267
vt 0.255702 0.451631
vt 0.260530 0.399396
vt 0.266834 0.347725
vt 0.274611 0.296743
vt 0.283874 0.246464
vt 0.294678 0.196556
vt 0.307208 0.145401
vt 0.279072 0.920403
vt 0.288854 0.972568
vt 0.270638 0.869715
vt 0.263601 0.818837
vt 0.258012 0.767379
vt 0.253898 0.715338
vt 0.251272 0.662840
vt 0.250139 0.610047
vt 0.250501 0.557131
vt 0.252357 0.504267
vt 0.255702 0.451631
vt 0.260530 0.399396
vt 0.266834 0.347725
vt 0.274611 0.296743
vt 0.283874 0.246464
vt 0.294678 0.196556
vt 0.307208 0.145401
vt 0.200563 0.054217
vt 0.193307 0.116470
vt 0.176316 0.110099
vt 0.181734 0.044848
vt 0.188107 0.175116
vt 0.171959 0.170342
vt 0.184201 0.231646
vt 0.168507 0.227966
vt 0.181221 0.286915
vt 0.165803 0.284079
vt 0.178968 0.341401
vt 0.163729 0.339274
vt 0.177337 0.395380
vt 0.162215 0.393889
vt 0.176271 0.449025
vt 0.161225 0.448135
vt 0.175749 0.502458
vt 0.160747 0.502162
vt 0.175776 0.555772
vt 0.160792 0.556088
vt 0.176381 0.609059
vt 0.161384 0.610029
vt 0.177622 0.662421
vt 0.162577 0.664123
vt 0.179602 0.716000
vt 0.164456 0.718562
vt 0.182491 0.770018
vt 0.167160 0.773653
vt 0.186577 0.824863
vt 0.170916 0.829932
vt 0.192339 0.881220
vt 0.176095 0.888440
vt 0.200672 0.940006
vt 0.183115 0.951540
vt 0.200564 0.054217
vt 0.193307 0.116470
vt 0.176317 0.110099
vt 0.181735 0.044849
vt 0.188107 0.175116
vt 0.171959 0.170342
vt 0.184201 0.231646
vt 0.168507 0.227966
vt 0.181221 0.286915
vt 0.165804 0.284079
vt 0.178969 0.341401
vt 0.163729 0.339274
vt 0.177337 0.395380
vt 0.162215 0.393889
vt 0.176271 0.449025
vt 0.161225 0.448135
vt 0.175749 0.502457
vt 0.160748 0.502162
vt 0.175776 0.555772
vt 0.160792 0.556087
vt 0.176381 0.609059
vt 0.161385 0.610029
vt 0.177622 0.662421
vt 0.162578 0.664123
vt 0.179602 0.716000
vt 0.164456 0.718562
vt 0.182492 0.770018
vt 0.167160 0.773653
vt 0.186577 0.824863
vt 0.170916 0.829932
vt 0.192339 0.881220
vt 0.176095 0.888440
vt 0.171498 0.108576
vt 0.176563 0.043011
vt 0.167384 0.169104
vt 0.164085 0.226974
vt 0.161473 0.283295
vt 0.159456 0.338672
vt 0.157977 0.393453
vt 0.157009 0.447859
vt 0.156544 0.502045
vt 0.156591 0.556136
vt 0.157176 0.610254
vt 0.158348 0.664545
vt 0.160187 0.719213
vt 0.162818 0.774586
vt 0.166442 0.831230
vt 0.171385 0.890223
vt 0.178067 0.953872
vt 0.171498 0.108576
vt 0.176564 0.043011
vt 0.167384 0.169103
vt 0.164085 0.226974
vt 0.161473 0.283295
vt 0.159456 0.338672
vt 0.157977 0.393453
vt 0.157010 0.447859
vt 0.156544 0.502045
vt 0.156591 0.556136
vt 0.157176 0.610254
vt 0.158349 0.664545
vt 0.160187 0.719213
vt 0.162818 0.774586
vt 0.166442 0.831230
vt 0.171385 0.890223
vt 0.165767 0.106922
vt 0.152782 0.103776
vt 0.475390 0.527334
vt 0.437259 0.620258
vt 0.437259 0.620258
vt 0.465593 0.514242
vt 0.437259 0.620258
vt 0.454707 0.505224
vt 0.437259 0.620258
vt 0.443151 0.500626
vt 0.437259 0.620258
vt 0.431368 0.500626
vt 0.437259 0.620258
vt 0.419812 0.505224
vt 0.437259 0.620258
vt 0.408926 0.514242
vt 0.437259 0.620258
vt 0.399129 0.527334
vt 0.437259 0.620258
vt 0.390797 0.543997
vt 0.437259 0.620258
vt 0.384251 0.563591
vt 0.437259 0.620258
vt 0.379742 0.585363
vt 0.437259 0.620258
vt 0.377443 0.608475
vt 0.437259 0.620258
vt 0.377443 0.632041
vt 0.437259 0.620258
vt 0.379742 0.655153
vt 0.437259 0.620258
vt 0.384251 0.676925
vt 0.437259 0.620258
vt 0.390797 0.696519
vt 0.437259 0.620258
vt 0.399129 0.713182
vt 0.437259 0.620258
vt 0.408926 0.726274
vt 0.437259 0.620258
vt 0.419812 0.735292
vt 0.437259 0.620258
vt 0.431368 0.739889
vt 0.437259 0.620258
vt 0.443151 0.739889
vt 0.437259 0.620258
vt 0.454707 0.735292
vt 0.437259 0.620258
vt 0.465593 0.726274
vt 0.437259 0.620258
vt 0.475389 0.713182
vt 0.437259 0.620258
vt 0.483721 0.696519
vt 0.437259 0.620258
vt 0.490267 0.676925
vt 0.437259 0.620258
vt 0.494776 0.655153
vt 0.437259 0.620258
vt 0.497075 0.632041
vt 0.437259 0.620258
vt 0.497075 0.608475
vt 0.437259 0.620258
vt 0.494776 0.585363
vt 0.437259 0.620258
vt 0.490267 0.563591
vt 0.437259 0.620258
vt 0.483721 0.543997
vt 0.335047 0.924823
vt 0.325126 0.883664
vt 0.317274 0.840086
vt 0.310975 0.795191
vt 0.306063 0.749380
vt 0.302487 0.702899
vt 0.300235 0.655945
vt 0.299309 0.608697
vt 0.299711 0.561325
vt 0.301438 0.513992
vt 0.304487 0.466861
vt 0.308848 0.420103
vt 0.314510 0.373898
vt 0.321475 0.328467
vt 0.329774 0.284115
vt 0.339517 0.241390
vt 0.351059 0.201783
vt 0.335047 0.924823
vt 0.325125 0.883664
vt 0.317274 0.840086
vt 0.310975 0.795191
vt 0.306063 0.749380
vt 0.302487 0.702899
vt 0.300235 0.655945
vt 0.299309 0.608697
vt 0.299711 0.561325
vt 0.301438 0.513992
vt 0.304487 0.466861
vt 0.308848 0.420103
vt 0.314510 0.373898
vt 0.321475 0.328467
vt 0.329774 0.284115
vt 0.339517 0.241390
vt 0.357758 0.210890
vt 0.351059 0.201783
vt 0.297115 0.966101
vt 0.286862 0.914665
vt 0.278424 0.864831
vt 0.271472 0.814849
vt 0.265981 0.764299
vt 0.261952 0.713174
vt 0.259387 0.661595
vt 0.258289 0.609723
vt 0.258660 0.557729
vt 0.260496 0.505785
vt 0.263795 0.454066
vt 0.268551 0.402743
vt 0.274758 0.351981
vt 0.282424 0.301913
vt 0.291587 0.252569
vt 0.302383 0.203672
vt 0.315299 0.153746
vt 0.297115 0.966101
vt 0.286862 0.914665
vt 0.278424 0.864831
vt 0.271471 0.814849
vt 0.265981 0.764299
vt 0.261952 0.713174
vt 0.259387 0.661595
vt 0.258289 0.609723
vt 0.258660 0.557729
vt 0.260496 0.505785
vt 0.263795 0.454066
vt 0.268551 0.402743
vt 0.274758 0.351981
vt 0.282424 0.301913
vt 0.291587 0.252569
vt 0.302383 0.203672
vt 0.315299 0.153746
vt 0.349170 0.909552
vt 0.340795 0.871005
vt 0.387020 0.840903
vt 0.393381 0.878107
vt 0.333645 0.829826
vt 0.381323 0.803171
vt 0.327783 0.787036
vt 0.376499 0.764888
vt 0.323175 0.743211
vt 0.372656 0.726105
vt 0.319812 0.698685
vt 0.369850 0.686906
vt 0.317702 0.653687
vt 0.368116 0.647396
vt 0.316852 0.608402
vt 0.367475 0.607688
vt 0.317267 0.562993
vt 0.367936 0.567900
vt 0.318949 0.517620
vt 0.369507 0.528151
vt 0.321890 0.472436
vt 0.372185 0.488557
vt 0.326077 0.427604
vt 0.375965 0.449232
vt 0.331490 0.383306
vt 0.380830 0.410275
vt 0.338100 0.339781
vt 0.386748 0.371766
vt 0.345884 0.297408
vt 0.393650 0.333734
vt 0.354841 0.256821
vt 0.401381 0.296108
vt 0.364804 0.219108
vt 0.409586 0.258679
vt 0.349170 0.909552
vt 0.340795 0.871005
vt 0.387020 0.840903
vt 0.393381 0.878107
vt 0.333645 0.829826
vt 0.381323 0.803171
vt 0.327783 0.787036
vt 0.376499 0.764888
vt 0.323175 0.743211
vt 0.372656 0.726105
vt 0.319812 0.698685
vt 0.369850 0.686906
vt 0.317702 0.653687
vt 0.368116 0.647396
vt 0.316852 0.608402
vt 0.367475 0.607688
vt 0.317267 0.562993
vt 0.367936 0.567900
vt 0.318949 0.517620
vt 0.369507 0.528151
vt 0.321890 0.472436
vt 0.372185 0.488557
vt 0.326077 0.427604
vt 0.375965 0.449232
vt 0.331490 0.383306
vt 0.380830 0.410275
vt 0.338100 0.339781
vt 0.386748 0.371766
vt 0.345884 0.297408
vt 0.393650 0.333734
vt 0.354841 0.256821
vt 0.401381 0.296108
vt 0.364803 0.219108
vt 0.409586 0.258679
vt 0.256662 0.935860
vt 0.036085 0.155042
vt 0.014381 0.154344
vt 0.035410 0.212841
vt 0.013725 0.211765
vt 0.034567 0.270494
vt 0.012897 0.269277
vt 0.033714 0.328029
vt 0.012050 0.326875
vt 0.032971 0.385488
vt 0.011304 0.384553
vt 0.032423 0.442912
vt 0.010747 0.442301
vt 0.032121 0.500337
vt 0.010433 0.500106
vt 0.032089 0.557795
vt 0.010384 0.557958
vt 0.032321 0.615327
vt 0.010590 0.615852
vt 0.032784 0.672987
vt 0.011014 0.673793
vt 0.033412 0.730849
vt 0.011581 0.731803
vt 0.034097 0.789006
vt 0.012179 0.789913
vt 0.034691 0.847548
vt 0.012663 0.848158
vt 0.034996 0.906495
vt 0.012877 0.906549
vt 0.034739 0.965529
vt 0.012744 0.964838
vt 0.036189 0.039350
vt 0.036408 0.097143
vt 0.014704 0.097064
vt 0.014648 0.040152
vt 0.036086 0.155042
vt 0.014382 0.154344
vt 0.035410 0.212840
vt 0.013726 0.211764
vt 0.034568 0.270494
vt 0.012898 0.269277
vt 0.033714 0.328028
vt 0.012050 0.326874
vt 0.032972 0.385488
vt 0.011304 0.384552
vt 0.032423 0.442912
vt 0.010747 0.442300
vt 0.032122 0.500337
vt 0.010433 0.500106
vt 0.032089 0.557795
vt 0.010384 0.557958
vt 0.032321 0.615327
vt 0.010590 0.615852
vt 0.032784 0.672987
vt 0.011014 0.673793
vt 0.033412 0.730849
vt 0.011581 0.731803
vt 0.034097 0.789006
vt 0.012180 0.789913
vt 0.034691 0.847548
vt 0.012664 0.848158
vt 0.034996 0.906495
vt 0.012877 0.906549
vt 0.265535 0.988014
vt 0.170384 0.041172
vt 0.156105 0.038242
vt 0.034739 0.965529
vt 0.010249 0.097042
vt 0.010218 0.040173
vt 0.009908 0.154212
vt 0.009242 0.211555
vt 0.008405 0.269037
vt 0.007550 0.326648
vt 0.006797 0.384371
vt 0.006235 0.442187
vt 0.005917 0.500072
vt 0.005864 0.558005
vt 0.006068 0.615973
vt 0.006488 0.673970
vt 0.007049 0.732007
vt 0.007640 0.790103
vt 0.008114 0.848288
vt 0.008316 0.906584
vt 0.008190 0.964843
vt 0.010249 0.097042
vt 0.010218 0.040173
vt 0.009909 0.154211
vt 0.009242 0.211554
vt 0.008406 0.269037
vt 0.007550 0.326647
vt 0.006797 0.384371
vt 0.006235 0.442186
vt 0.005917 0.500071
vt 0.005864 0.558005
vt 0.006068 0.615972
vt 0.006488 0.673970
vt 0.007049 0.732007
vt 0.007640 0.790103
vt 0.008115 0.848288
vt 0.008316 0.906584
vt 0.008190 0.964842
vt 0.012744 0.964837
vt 0.313440 0.842524
vt 0.321427 0.886755
vt 0.307052 0.797114
vt 0.302074 0.750830
vt 0.298450 0.703888
vt 0.296167 0.656476
vt 0.295223 0.608769
vt 0.295622 0.560938
vt 0.297361 0.513148
vt 0.300435 0.465563
vt 0.304836 0.418352
vt 0.310556 0.371698
vt 0.317599 0.325809
vt 0.326010 0.280968
vt 0.335939 0.237663
vt 0.347849 0.197141
vt 0.321427 0.886755
vt 0.331654 0.928984
vt 0.313440 0.842524
vt 0.307052 0.797113
vt 0.302074 0.750830
vt 0.298450 0.703888
vt 0.296166 0.656476
vt 0.295223 0.608769
vt 0.295622 0.560938
vt 0.297360 0.513148
vt 0.300435 0.465563
vt 0.304836 0.418352
vt 0.310556 0.371697
vt 0.317599 0.325809
vt 0.326010 0.280968
vt 0.335939 0.237663
vt 0.331654 0.928985
vt 0.361671 0.215762
vt 0.178067 0.953872
vt 0.183115 0.951540
vt 0.200672 0.940006
vt 0.347849 0.197140
vt 0.490201 0.117106
vt 0.484659 0.116043
vt 0.479402 0.080522
vt 0.484035 0.076740
vt 0.379101 0.139219
vt 0.384364 0.138144
vt 0.391394 0.174471
vt 0.386487 0.179694
vt 0.488060 0.161026
vt 0.483156 0.156695
vt 0.381998 0.095811
vt 0.387033 0.098661
vt 0.478272 0.200274
vt 0.473646 0.191673
vt 0.391235 0.054633
vt 0.395277 0.060114
vt 0.461569 0.229169
vt 0.459491 0.220553
vt 0.409222 0.030222
vt 0.411448 0.038945
vt 0.439683 0.239474
vt 0.438728 0.228913
vt 0.430070 0.017767
vt 0.430344 0.026993
vt 0.418681 0.234013
vt 0.420273 0.223160
vt 0.470687 0.042747
vt 0.466836 0.050684
vt 0.449795 0.033097
vt 0.451543 0.023348
vt 0.399696 0.213271
vt 0.403229 0.204268
vt 0.412372 0.182724
vt 0.424147 0.196589
vt 0.469108 0.086840
vt 0.460210 0.063172
vt 0.403061 0.162567
vt 0.473489 0.109739
vt 0.399812 0.134602
vt 0.472865 0.144034
vt 0.397070 0.106263
vt 0.464482 0.173394
vt 0.404860 0.074778
vt 0.455423 0.204541
vt 0.414481 0.055349
vt 0.435515 0.205337
vt 0.430561 0.044052
vt 0.446240 0.054234
vt 0.421025 0.074922
vt 0.416272 0.090230
vt 0.437366 0.185170
vt 0.446494 0.174905
vt 0.431159 0.072017
vt 0.428325 0.171185
vt 0.446803 0.092330
vt 0.442788 0.082394
vt 0.423109 0.162056
vt 0.446303 0.111125
vt 0.418566 0.147713
vt 0.452189 0.123315
vt 0.411912 0.131709
vt 0.452111 0.140672
vt 0.417217 0.110097
vt 0.449018 0.152413
vt 0.381580 0.184916
vt 0.396162 0.222273
vt 0.488667 0.072957
vt 0.474538 0.034810
vt 0.417088 0.244865
vt 0.453291 0.013599
vt 0.429796 0.008541
vt 0.440638 0.250034
vt 0.406995 0.021499
vt 0.463648 0.237784
vt 0.387193 0.049151
vt 0.482899 0.208875
vt 0.376963 0.092961
vt 0.492963 0.165357
vt 0.373838 0.140293
vt 0.495743 0.118169
vt 0.415164 0.097112
vt 0.422008 0.098687
vt 0.417904 0.109754
vt 0.408383 0.099548
vt 0.412543 0.106894
vt 0.407815 0.127111
vt 0.401937 0.119864
vt 0.408014 0.113306
vt 0.414589 0.129677
vt 0.411960 0.120455
vt 0.420492 0.122557
vt 0.415448 0.119202
vt 0.413191 0.114115
vt 0.415164 0.097112
vt 0.422008 0.098687
vt 0.417904 0.109754
vt 0.408383 0.099548
vt 0.412543 0.106894
vt 0.407815 0.127111
vt 0.401937 0.119864
vt 0.408014 0.113306
vt 0.414589 0.129677
vt 0.411960 0.120455
vt 0.420492 0.122557
vt 0.415448 0.119202
vt 0.413191 0.114115
vt 0.415164 0.097112
vt 0.422008 0.098687
vt 0.417904 0.109754
vt 0.408383 0.099548
vt 0.412543 0.106894
vt 0.407815 0.127111
vt 0.401937 0.119864
vt 0.408014 0.113306
vt 0.414589 0.129677
vt 0.411960 0.120455
vt 0.420492 0.122557
vt 0.415448 0.119202
vt 0.413191 0.114115
vt 0.415164 0.097112
vt 0.422008 0.098687
vt 0.417904 0.109754
vt 0.408383 0.099548
vt 0.412543 0.106894
vt 0.407815 0.127111
vt 0.401937 0.119864
vt 0.408014 0.113306
vt 0.414589 0.129677
vt 0.411960 0.120455
vt 0.420492 0.122557
vt 0.415448 0.119202
vt 0.413191 0.114115
vt 0.415164 0.097112
vt 0.422008 0.098687
vt 0.417904 0.109754
vt 0.408383 0.099548
vt 0.412543 0.106894
vt 0.407815 0.127111
vt 0.401937 0.119864
vt 0.408014 0.113306
vt 0.414589 0.129677
vt 0.411960 0.120455
vt 0.420492 0.122557
vt 0.415448 0.119202
vt 0.413191 0.114115
vt 0.415164 0.097112
vt 0.422008 0.098687
vt 0.417904 0.109754
vt 0.408383 0.099548
vt 0.412543 0.106894
vt 0.407815 0.127111
vt 0.401937 0.119864
vt 0.408014 0.113306
vt 0.414589 0.129677
vt 0.411960 0.120455
vt 0.420492 0.122557
vt 0.415448 0.119202
vt 0.413191 0.114115
vt 0.541249 0.072512
vt 0.554179 0.072512
vt 0.554149 0.078263
vt 0.541090 0.077998
vt 0.538830 0.121022
vt 0.552841 0.126859
vt 0.552516 0.132031
vt 0.538116 0.126215
vt 0.539805 0.115135
vt 0.553239 0.120254
vt 0.540392 0.110504
vt 0.553468 0.114603
vt 0.540560 0.100351
vt 0.553761 0.102612
vt 0.540808 0.092817
vt 0.553937 0.094171
vt 0.540971 0.085472
vt 0.554065 0.086223
vt 0.578902 0.072512
vt 0.578895 0.077973
vt 0.578673 0.129058
vt 0.578669 0.133638
vt 0.578678 0.122303
vt 0.578694 0.116435
vt 0.578777 0.103936
vt 0.578823 0.094959
vt 0.578866 0.086487
vt 0.614069 0.072512
vt 0.614061 0.077145
vt 0.614130 0.128445
vt 0.614173 0.132092
vt 0.614060 0.121722
vt 0.614029 0.115979
vt 0.614021 0.103510
vt 0.614029 0.094433
vt 0.614046 0.085808
vt 0.656377 0.072512
vt 0.656373 0.076708
vt 0.656564 0.127797
vt 0.656640 0.131118
vt 0.656427 0.120882
vt 0.656371 0.115218
vt 0.656352 0.102994
vt 0.656353 0.094009
vt 0.656362 0.085389
vt 0.703045 0.072512
vt 0.703057 0.076286
vt 0.703658 0.123302
vt 0.703771 0.126390
vt 0.703441 0.116707
vt 0.703327 0.111590
vt 0.703202 0.100494
vt 0.703133 0.092335
vt 0.703087 0.084373
vt 0.752327 0.072512
vt 0.752348 0.076231
vt 0.753136 0.117052
vt 0.753253 0.120145
vt 0.752928 0.111327
vt 0.752797 0.106893
vt 0.752605 0.097274
vt 0.752488 0.090184
vt 0.752404 0.083265
vt 0.792370 0.072512
vt 0.792391 0.076098
vt 0.793146 0.111105
vt 0.793261 0.114127
vt 0.792964 0.106203
vt 0.792844 0.102405
vt 0.792654 0.094158
vt 0.792535 0.088078
vt 0.792449 0.082140
vt 0.834356 0.072512
vt 0.834375 0.076023
vt 0.834949 0.105149
vt 0.835044 0.108166
vt 0.834820 0.101075
vt 0.834732 0.097919
vt 0.834584 0.091061
vt 0.834491 0.086002
vt 0.834421 0.081056
vt 0.848049 0.071233
vt 0.848941 0.074107
vt 0.853161 0.101544
vt 0.847499 0.104900
vt 0.849273 0.096015
vt 0.866759 0.095245
vt 0.866660 0.089217
vt 0.849022 0.080974
vt 0.848950 0.077202
vt 0.915127 0.071199
vt 0.915430 0.073541
vt 0.914614 0.100678
vt 0.915040 0.103570
vt 0.913744 0.097297
vt 0.920731 0.094201
vt 0.917974 0.085109
vt 0.915267 0.079997
vt 0.915326 0.076412
vt 0.956247 0.072512
vt 0.956244 0.076695
vt 0.955938 0.100223
vt 0.955809 0.103959
vt 0.956050 0.096950
vt 0.956111 0.094404
vt 0.956190 0.088851
vt 0.956224 0.084761
vt 0.956242 0.080763
vt 0.971614 0.072512
vt 0.971625 0.081545
vt 0.971181 0.102855
vt 0.970977 0.106899
vt 0.970493 0.099787
vt 0.970928 0.095763
vt 0.971791 0.089385
vt 0.626517 0.366301
vt 0.626517 0.373126
vt 0.622065 0.373643
vt 0.621929 0.366408
vt 0.872253 0.372973
vt 0.870197 0.380206
vt 0.870196 0.373027
vt 0.873728 0.371287
vt 0.873581 0.376446
vt 0.613837 0.363751
vt 0.614753 0.366634
vt 0.610516 0.368015
vt 0.610459 0.365318
vt 0.617173 0.373098
vt 0.617952 0.366391
vt 0.626517 0.407388
vt 0.622430 0.407779
vt 0.870196 0.413741
vt 0.875201 0.376792
vt 0.874007 0.413781
vt 0.615669 0.373081
vt 0.616730 0.408205
vt 0.611878 0.408428
vt 0.610703 0.373045
vt 0.618360 0.408006
vt 0.626517 0.442720
vt 0.623347 0.442925
vt 0.873643 0.447094
vt 0.870196 0.447102
vt 0.875218 0.578265
vt 0.875600 0.531331
vt 0.880117 0.531026
vt 0.880027 0.577957
vt 0.619520 0.443055
vt 0.626517 0.484255
vt 0.623650 0.484444
vt 0.873445 0.486876
vt 0.870196 0.486881
vt 0.620047 0.484437
vt 0.626517 0.529460
vt 0.623972 0.529652
vt 0.873170 0.531248
vt 0.870195 0.531253
vt 0.618341 0.484554
vt 0.618849 0.529765
vt 0.613864 0.529662
vt 0.612996 0.485459
vt 0.620577 0.529652
vt 0.626518 0.576707
vt 0.624032 0.576933
vt 0.872632 0.578185
vt 0.870195 0.578189
vt 0.621372 0.576887
vt 0.626518 0.624412
vt 0.624392 0.624557
vt 0.872150 0.625673
vt 0.870194 0.625676
vt 0.620385 0.624649
vt 0.620787 0.670875
vt 0.614562 0.672111
vt 0.615073 0.624529
vt 0.622115 0.624538
vt 0.626518 0.670673
vt 0.624526 0.670823
vt 0.871853 0.671814
vt 0.870194 0.671816
vt 0.876190 0.413857
vt 0.876864 0.378416
vt 0.880435 0.379806
vt 0.880163 0.413504
vt 0.622558 0.670780
vt 0.626518 0.713553
vt 0.624967 0.713688
vt 0.871442 0.714590
vt 0.870193 0.714592
vt 0.606369 0.715345
vt 0.617499 0.714712
vt 0.617905 0.752316
vt 0.605375 0.754628
vt 0.623047 0.714078
vt 0.626518 0.751291
vt 0.625267 0.751402
vt 0.871507 0.752018
vt 0.870193 0.752039
vt 0.575927 0.676101
vt 0.602508 0.673178
vt 0.577466 0.718569
vt 0.623515 0.751348
vt 0.626518 0.781871
vt 0.625470 0.781966
vt 0.871307 0.782401
vt 0.870192 0.782454
vt 0.621476 0.714551
vt 0.623631 0.782013
vt 0.872026 0.804828
vt 0.870191 0.804204
vt 0.621632 0.751521
vt 0.625464 0.802747
vt 0.623913 0.804294
vt 0.626518 0.800801
vt 0.534799 0.120856
vt 0.535962 0.115038
vt 0.537418 0.084993
vt 0.537619 0.077649
vt 0.536891 0.099729
vt 0.537201 0.092262
vt 0.536492 0.110186
vt 0.534019 0.125017
vt 0.537654 0.072512
vt 0.518725 0.089179
vt 0.518946 0.083143
vt 0.519083 0.076980
vt 0.519131 0.072512
vt 0.516175 0.113601
vt 0.516811 0.109794
vt 0.517529 0.105171
vt 0.517962 0.101489
vt 0.518400 0.095379
vt 0.612968 0.360888
vt 0.610036 0.364126
vt 0.603532 0.364026
vt 0.608398 0.359821
vt 0.878463 0.373672
vt 0.880113 0.367417
vt 0.880469 0.367714
vt 0.890870 0.390283
vt 0.890935 0.412858
vt 0.612890 0.443277
vt 0.599470 0.485971
vt 0.598276 0.444802
vt 0.880594 0.376649
vt 0.890810 0.378546
vt 0.880587 0.487623
vt 0.880149 0.446853
vt 0.894306 0.447134
vt 0.893820 0.487407
vt 0.614420 0.576933
vt 0.599666 0.577481
vt 0.597831 0.532612
vt 0.874651 0.671900
vt 0.881037 0.672617
vt 0.878471 0.715183
vt 0.873332 0.715464
vt 0.895993 0.533213
vt 0.895170 0.577459
vt 0.875917 0.447175
vt 0.619574 0.577014
vt 0.874871 0.625757
vt 0.879918 0.625458
vt 0.617824 0.443231
vt 0.875789 0.486961
vt 0.615578 0.358086
vt 0.615565 0.361985
vt 0.941886 0.732513
vt 0.953435 0.736624
vt 0.944515 0.783461
vt 0.934190 0.777819
vt 0.875829 0.374787
vt 0.877363 0.376666
vt 0.874665 0.374755
vt 0.613442 0.357964
vt 0.613425 0.355522
vt 0.879212 0.373848
vt 0.949824 0.695977
vt 0.957738 0.656732
vt 0.971637 0.663019
vt 0.963191 0.701592
vt 0.970934 0.483622
vt 0.968054 0.452442
vt 0.984765 0.460934
vt 0.987108 0.494129
vt 0.519871 0.524987
vt 0.523973 0.576268
vt 0.512231 0.585338
vt 0.507226 0.531563
vt 0.963602 0.410226
vt 0.958563 0.384231
vt 0.973253 0.387068
vt 0.976940 0.416073
vt 0.966374 0.571655
vt 0.969960 0.518861
vt 0.984041 0.528007
vt 0.982226 0.579598
vt 0.529075 0.613857
vt 0.534974 0.659292
vt 0.524071 0.666940
vt 0.517754 0.621272
vt 0.550601 0.296840
vt 0.543688 0.326290
vt 0.537577 0.320966
vt 0.545290 0.290597
vt 0.891348 0.625339
vt 0.600811 0.409246
vt 0.599888 0.385693
vt 0.604031 0.625329
vt 0.892888 0.673338
vt 0.612681 0.359443
vt 0.599171 0.373273
vt 0.524293 0.415726
vt 0.521807 0.457240
vt 0.510353 0.465134
vt 0.513646 0.418942
vt 0.528726 0.389165
vt 0.519043 0.390812
vt 0.597788 0.363073
vt 0.891545 0.368440
vt 0.884974 0.371036
vt 0.602044 0.353108
vt 0.606890 0.352104
vt 0.882089 0.359216
vt 0.887071 0.359492
vt 0.883305 0.348721
vt 0.887441 0.348029
vt 0.595520 0.354008
vt 0.594667 0.343008
vt 0.599644 0.340461
vt 0.893538 0.359051
vt 0.962694 0.610134
vt 0.978270 0.617042
vt 0.881750 0.359005
vt 0.592581 0.304138
vt 0.601642 0.326984
vt 0.882966 0.348481
vt 0.893763 0.346979
vt 0.920933 0.274141
vt 0.920660 0.272606
vt 0.930537 0.273281
vt 0.930364 0.274391
vt 0.605268 0.342205
vt 0.895646 0.310022
vt 0.886605 0.332608
vt 0.886253 0.332217
vt 0.895225 0.308993
vt 0.916356 0.280427
vt 0.915779 0.279037
vt 0.588745 0.308354
vt 0.578909 0.301486
vt 0.569781 0.277677
vt 0.571236 0.276318
vt 0.900337 0.312173
vt 0.977791 0.415757
vt 0.985422 0.461099
vt 0.988429 0.494740
vt 0.985174 0.528823
vt 0.983093 0.580217
vt 0.979091 0.617730
vt 0.972611 0.663764
vt 0.964435 0.702585
vt 0.974226 0.386491
vt 0.963723 0.358200
vt 0.964151 0.357818
vt 0.954928 0.313715
vt 0.955442 0.312789
vt 0.941844 0.288038
vt 0.941422 0.288427
vt 0.942521 0.320402
vt 0.934063 0.297628
vt 0.557085 0.270156
vt 0.560802 0.278591
vt 0.519686 0.489416
vt 0.507630 0.496536
vt 0.543048 0.697196
vt 0.533765 0.703013
vt 0.952636 0.356085
vt 0.889361 0.715580
vt 0.917466 0.283600
vt 0.925036 0.284736
vt 0.533879 0.359429
vt 0.525359 0.358056
vt 0.913890 0.318503
vt 0.910764 0.313277
vt 0.908732 0.308126
vt 0.574083 0.308630
vt 0.954418 0.737510
vt 0.878341 0.752622
vt 0.890596 0.754792
vt 0.888101 0.785386
vt 0.877437 0.782933
vt 0.939651 0.813760
vt 0.930092 0.808265
vt 0.621707 0.782250
vt 0.618820 0.782829
vt 0.580875 0.759337
vt 0.945503 0.784399
vt 0.873037 0.751937
vt 0.940614 0.814734
vt 0.929657 0.869725
vt 0.928688 0.868758
vt 0.582994 0.792601
vt 0.607942 0.785253
vt 0.608746 0.808367
vt 0.586726 0.823068
vt 0.872521 0.782323
vt 0.622185 0.805082
vt 0.622055 0.813840
vt 0.912324 0.921020
vt 0.911585 0.919537
vt 0.619682 0.805769
vt 0.920911 0.856378
vt 0.887311 0.808476
vt 0.876664 0.805725
vt 0.873236 0.805157
vt 0.626518 0.823885
vt 0.625311 0.821061
vt 0.625431 0.810553
vt 0.626518 0.809661
vt 0.907115 0.901371
vt 0.883194 0.826121
vt 0.876787 0.817089
vt 0.613030 0.826336
vt 0.596330 0.855098
vt 0.881158 0.952546
vt 0.880304 0.982515
vt 0.870188 0.985722
vt 0.870189 0.963675
vt 0.606268 0.871245
vt 0.618163 0.839028
vt 0.623102 0.855157
vt 0.617767 0.888180
vt 0.898258 0.954103
vt 0.898745 0.955960
vt 0.880598 0.984583
vt 0.894355 0.926160
vt 0.626519 0.860857
vt 0.626519 0.898763
vt 0.870189 0.987849
vt 0.875250 0.826433
vt 0.871935 0.830783
vt 0.614396 0.959191
vt 0.626519 0.971598
vt 0.599976 0.932998
vt 0.572217 0.856955
vt 0.585949 0.906831
vt 0.558211 0.778104
vt 0.562350 0.808952
vt 0.550224 0.733521
vt 0.565382 0.501126
vt 0.563256 0.462681
vt 0.564733 0.363720
vt 0.565572 0.345640
vt 0.563922 0.382825
vt 0.569428 0.587244
vt 0.566030 0.543593
vt 0.573696 0.631887
vt 0.563512 0.428028
vt 0.562864 0.402482
vt 0.569578 0.318979
vt 0.878158 0.838576
vt 0.889170 0.871620
vt 0.879384 0.886480
vt 0.874270 0.850898
vt 0.870190 0.901167
vt 0.870190 0.859787
vt 0.908040 0.825440
vt 0.898506 0.854096
vt 0.911353 0.796280
vt 0.914132 0.766133
vt 0.919720 0.682648
vt 0.917145 0.721917
vt 0.933046 0.463908
vt 0.932057 0.502145
vt 0.919583 0.331812
vt 0.922957 0.355244
vt 0.925269 0.376719
vt 0.929675 0.545731
vt 0.927326 0.592830
vt 0.927536 0.396291
vt 0.930616 0.431181
vt 0.924285 0.640165
vt 0.567105 0.270473
vt 0.542543 0.737753
vt 0.551788 0.783434
vt 0.556494 0.813649
vt 0.568022 0.866697
vt 0.582940 0.921499
vt 0.597908 0.956437
vt 0.616373 0.983475
vt 0.626520 0.987849
vt 0.514429 0.243858
vt 0.510142 0.242626
vt 0.510595 0.238606
vt 0.514586 0.238614
vt 0.580933 0.248975
vt 0.537043 0.246364
vt 0.537067 0.238813
vt 0.580693 0.238860
vt 0.675846 0.246247
vt 0.648884 0.249512
vt 0.648305 0.238101
vt 0.678283 0.235801
vt 0.580508 0.227827
vt 0.647904 0.227231
vt 0.510553 0.228039
vt 0.514767 0.228886
vt 0.537144 0.228203
vt 0.679694 0.226934
vt 0.580984 0.216772
vt 0.647620 0.214746
vt 0.512870 0.224643
vt 0.516864 0.223629
vt 0.538572 0.219420
vt 0.680340 0.220997
vt 0.582155 0.210241
vt 0.647802 0.208523
vt 0.516290 0.217588
vt 0.520054 0.215029
vt 0.540861 0.212858
vt 0.678994 0.214551
vt 0.689084 0.150878
vt 0.689056 0.158050
vt 0.684829 0.157305
vt 0.684822 0.151454
vt 0.755049 0.148449
vt 0.754706 0.162635
vt 0.711547 0.159853
vt 0.711674 0.149316
vt 0.850127 0.150480
vt 0.853274 0.165760
vt 0.821509 0.165159
vt 0.822099 0.148811
vt 0.821166 0.176006
vt 0.754493 0.175015
vt 0.689095 0.171600
vt 0.684945 0.172048
vt 0.711493 0.173135
vt 0.855322 0.175284
vt 0.820837 0.188170
vt 0.754905 0.185906
vt 0.691043 0.176678
vt 0.687115 0.175424
vt 0.712800 0.181707
vt 0.856264 0.181887
vt 0.820944 0.193600
vt 0.755968 0.192025
vt 0.694032 0.185798
vt 0.690331 0.182756
vt 0.714958 0.188401
vt 0.854694 0.189406
vt 0.507226 0.248014
vt 0.508350 0.242211
vt 0.540692 0.210613
vt 0.582081 0.208142
vt 0.537052 0.254025
vt 0.514398 0.251442
vt 0.679508 0.212855
vt 0.681312 0.220400
vt 0.680640 0.227508
vt 0.678925 0.237065
vt 0.519796 0.212575
vt 0.510060 0.250274
vt 0.510098 0.227125
vt 0.512503 0.222751
vt 0.515859 0.215085
vt 0.676492 0.252312
vt 0.649080 0.256150
vt 0.583372 0.249184
vt 0.647858 0.206599
vt 0.870191 0.832881
vt 0.541090 0.067025
vt 0.554149 0.066760
vt 0.538830 0.024001
vt 0.538116 0.018808
vt 0.552516 0.012992
vt 0.552841 0.018164
vt 0.539805 0.029888
vt 0.553239 0.024769
vt 0.540392 0.034519
vt 0.553468 0.030420
vt 0.540560 0.044672
vt 0.553761 0.042411
vt 0.540808 0.052206
vt 0.553937 0.050852
vt 0.540971 0.059552
vt 0.554065 0.058800
vt 0.578895 0.067050
vt 0.578669 0.011385
vt 0.578673 0.015965
vt 0.578678 0.022721
vt 0.578695 0.028588
vt 0.578777 0.041088
vt 0.578824 0.050064
vt 0.578865 0.058536
vt 0.614061 0.067878
vt 0.614173 0.012932
vt 0.614130 0.016578
vt 0.614060 0.023301
vt 0.614029 0.029044
vt 0.614021 0.041514
vt 0.614030 0.050590
vt 0.614046 0.059215
vt 0.656373 0.068315
vt 0.656640 0.013905
vt 0.656563 0.017227
vt 0.656427 0.024141
vt 0.656371 0.029806
vt 0.656352 0.042029
vt 0.656353 0.051014
vt 0.656362 0.059635
vt 0.703057 0.068737
vt 0.703771 0.018633
vt 0.703659 0.021721
vt 0.703441 0.028317
vt 0.703327 0.033434
vt 0.703202 0.044529
vt 0.703133 0.052689
vt 0.703087 0.060650
vt 0.752348 0.068793
vt 0.753253 0.024880
vt 0.753136 0.027972
vt 0.752928 0.033697
vt 0.752797 0.038132
vt 0.752605 0.047750
vt 0.752488 0.054840
vt 0.752404 0.061759
vt 0.792391 0.068925
vt 0.793261 0.030896
vt 0.793146 0.033919
vt 0.792964 0.038821
vt 0.792843 0.042619
vt 0.792653 0.050865
vt 0.792536 0.056945
vt 0.792449 0.062884
vt 0.834375 0.069000
vt 0.835044 0.036856
vt 0.834950 0.039874
vt 0.834820 0.043947
vt 0.834732 0.047104
vt 0.834584 0.053962
vt 0.834490 0.059021
vt 0.834421 0.063967
vt 0.866515 0.069035
vt 0.866963 0.040345
vt 0.849293 0.042497
vt 0.844507 0.050252
vt 0.845717 0.052531
vt 0.845925 0.056909
vt 0.866596 0.060255
vt 0.866547 0.064605
vt 0.918752 0.068828
vt 0.915176 0.043582
vt 0.913693 0.045960
vt 0.913265 0.051934
vt 0.913683 0.054340
vt 0.914189 0.059011
vt 0.918364 0.061756
vt 0.918519 0.064761
vt 0.956244 0.068329
vt 0.955809 0.041065
vt 0.955939 0.044801
vt 0.956050 0.048074
vt 0.956111 0.050619
vt 0.956190 0.056173
vt 0.956224 0.060263
vt 0.956242 0.064261
vt 0.971625 0.063478
vt 0.970977 0.038125
vt 0.971181 0.042168
vt 0.970493 0.045236
vt 0.970928 0.049260
vt 0.971791 0.055639
vt 0.631105 0.366408
vt 0.630969 0.373643
vt 0.868140 0.372972
vt 0.866665 0.371287
vt 0.866811 0.376446
vt 0.639196 0.363751
vt 0.642575 0.365318
vt 0.642518 0.368014
vt 0.638281 0.366635
vt 0.635082 0.366391
vt 0.635861 0.373098
vt 0.630604 0.407779
vt 0.865192 0.376792
vt 0.866386 0.413781
vt 0.637365 0.373081
vt 0.642331 0.373045
vt 0.641155 0.408428
vt 0.636304 0.408205
vt 0.634674 0.408006
vt 0.629687 0.442925
vt 0.866749 0.447094
vt 0.865171 0.578264
vt 0.860363 0.577956
vt 0.860274 0.531025
vt 0.864791 0.531331
vt 0.633514 0.443055
vt 0.629385 0.484444
vt 0.866947 0.486876
vt 0.632988 0.484436
vt 0.629062 0.529652
vt 0.867220 0.531248
vt 0.634693 0.484554
vt 0.640038 0.485459
vt 0.639170 0.529662
vt 0.634185 0.529765
vt 0.632457 0.529652
vt 0.629002 0.576933
vt 0.867758 0.578184
vt 0.631663 0.576887
vt 0.628644 0.624557
vt 0.868238 0.625673
vt 0.632650 0.624649
vt 0.637962 0.624529
vt 0.638473 0.672110
vt 0.632249 0.670875
vt 0.630920 0.624537
vt 0.628510 0.670823
vt 0.868534 0.671813
vt 0.864202 0.413856
vt 0.860229 0.413503
vt 0.859958 0.379806
vt 0.863529 0.378416
vt 0.630478 0.670779
vt 0.628070 0.713688
vt 0.868944 0.714590
vt 0.646667 0.715344
vt 0.647661 0.754628
vt 0.635131 0.752316
vt 0.635537 0.714712
vt 0.629989 0.714078
vt 0.627769 0.751403
vt 0.868877 0.752018
vt 0.677109 0.676099
vt 0.675570 0.718567
vt 0.650527 0.673178
vt 0.629522 0.751348
vt 0.627567 0.781966
vt 0.869077 0.782402
vt 0.631560 0.714551
vt 0.629405 0.782012
vt 0.868357 0.804827
vt 0.631404 0.751520
vt 0.629124 0.804294
vt 0.627573 0.802746
vt 0.535962 0.029985
vt 0.534798 0.024167
vt 0.537620 0.067374
vt 0.537418 0.060030
vt 0.537201 0.052762
vt 0.536891 0.045293
vt 0.536492 0.034837
vt 0.534019 0.020006
vt 0.518946 0.061880
vt 0.518725 0.055844
vt 0.519083 0.068043
vt 0.516811 0.035228
vt 0.516175 0.031422
vt 0.517529 0.039852
vt 0.517962 0.043534
vt 0.518400 0.049644
vt 0.640066 0.360889
vt 0.642997 0.364126
vt 0.644636 0.359821
vt 0.649502 0.364026
vt 0.861930 0.373672
vt 0.859924 0.367714
vt 0.860280 0.367417
vt 0.849457 0.412857
vt 0.849522 0.390282
vt 0.640144 0.443277
vt 0.654758 0.444802
vt 0.653564 0.485970
vt 0.849583 0.378545
vt 0.859798 0.376649
vt 0.859805 0.487622
vt 0.846571 0.487405
vt 0.846086 0.447132
vt 0.860242 0.446852
vt 0.655204 0.532611
vt 0.653369 0.577480
vt 0.638615 0.576933
vt 0.865736 0.671899
vt 0.867053 0.715464
vt 0.861915 0.715182
vt 0.859350 0.672616
vt 0.845220 0.577456
vt 0.844397 0.533211
vt 0.864476 0.447174
vt 0.633462 0.577014
vt 0.865517 0.625756
vt 0.860471 0.625457
vt 0.635210 0.443231
vt 0.864603 0.486961
vt 0.637456 0.358086
vt 0.637469 0.361985
vt 0.798501 0.732503
vt 0.806194 0.777810
vt 0.795869 0.783450
vt 0.786951 0.736614
vt 0.863030 0.376666
vt 0.864563 0.374787
vt 0.865727 0.374754
vt 0.639592 0.357964
vt 0.639608 0.355522
vt 0.861181 0.373848
vt 0.790564 0.695969
vt 0.777197 0.701582
vt 0.768751 0.663009
vt 0.782651 0.656723
vt 0.769458 0.483615
vt 0.753284 0.494120
vt 0.755628 0.460926
vt 0.772339 0.452436
vt 0.733164 0.524984
vt 0.745808 0.531560
vt 0.740804 0.585335
vt 0.729062 0.576265
vt 0.776791 0.410221
vt 0.763453 0.416067
vt 0.767141 0.387062
vt 0.781831 0.384226
vt 0.774017 0.571647
vt 0.758164 0.579589
vt 0.756351 0.527999
vt 0.770431 0.518854
vt 0.723960 0.613854
vt 0.735280 0.621269
vt 0.728964 0.666936
vt 0.718062 0.659289
vt 0.702432 0.296839
vt 0.707743 0.290596
vt 0.715456 0.320965
vt 0.709344 0.326290
vt 0.849041 0.625337
vt 0.653146 0.385693
vt 0.652223 0.409246
vt 0.649005 0.625328
vt 0.847499 0.673336
vt 0.640353 0.359444
vt 0.653863 0.373273
vt 0.728740 0.415724
vt 0.739387 0.418939
vt 0.742681 0.465131
vt 0.731227 0.457238
vt 0.724307 0.389163
vt 0.733990 0.390810
vt 0.655246 0.363072
vt 0.848848 0.368440
vt 0.855419 0.371035
vt 0.646143 0.352104
vt 0.650990 0.353108
vt 0.853323 0.359492
vt 0.858305 0.359216
vt 0.852952 0.348029
vt 0.857088 0.348721
vt 0.653390 0.340462
vt 0.658367 0.343008
vt 0.657513 0.354008
vt 0.846855 0.359051
vt 0.762121 0.617033
vt 0.777696 0.610127
vt 0.858643 0.359005
vt 0.651392 0.326984
vt 0.660453 0.304138
vt 0.857427 0.348482
vt 0.846629 0.346979
vt 0.819463 0.274134
vt 0.810032 0.274391
vt 0.809859 0.273280
vt 0.819715 0.272598
vt 0.647766 0.342205
vt 0.844748 0.310023
vt 0.845169 0.308994
vt 0.854140 0.332217
vt 0.853788 0.332608
vt 0.824616 0.279038
vt 0.824039 0.280428
vt 0.664289 0.308354
vt 0.681798 0.276318
vt 0.683253 0.277678
vt 0.674125 0.301486
vt 0.840057 0.312173
vt 0.762603 0.415751
vt 0.754971 0.461091
vt 0.751963 0.494731
vt 0.755218 0.528815
vt 0.757298 0.580207
vt 0.761299 0.617721
vt 0.767778 0.663754
vt 0.775952 0.702574
vt 0.766168 0.386485
vt 0.776243 0.357814
vt 0.776671 0.358195
vt 0.784953 0.312786
vt 0.785467 0.313711
vt 0.798552 0.288036
vt 0.798973 0.288425
vt 0.797874 0.320399
vt 0.806332 0.297627
vt 0.692231 0.278591
vt 0.695948 0.270156
vt 0.745404 0.496533
vt 0.733348 0.489413
vt 0.719271 0.703010
vt 0.709988 0.697194
vt 0.787758 0.356081
vt 0.851025 0.715578
vt 0.822929 0.283600
vt 0.815359 0.284735
vt 0.719154 0.359428
vt 0.727674 0.358054
vt 0.826504 0.318502
vt 0.829629 0.313277
vt 0.831663 0.308126
vt 0.678950 0.308629
vt 0.785968 0.737500
vt 0.862044 0.752621
vt 0.862947 0.782931
vt 0.852283 0.785383
vt 0.849789 0.754789
vt 0.810291 0.808256
vt 0.800732 0.813749
vt 0.634217 0.782829
vt 0.631330 0.782250
vt 0.672161 0.759335
vt 0.794881 0.784389
vt 0.867348 0.751936
vt 0.811693 0.868749
vt 0.810724 0.869716
vt 0.799770 0.814723
vt 0.670043 0.792600
vt 0.666311 0.823067
vt 0.644291 0.808366
vt 0.645095 0.785252
vt 0.867863 0.782322
vt 0.630852 0.805082
vt 0.630982 0.813840
vt 0.828794 0.919531
vt 0.828055 0.921014
vt 0.633355 0.805768
vt 0.819471 0.856371
vt 0.863719 0.805724
vt 0.853072 0.808474
vt 0.867147 0.805157
vt 0.627606 0.810552
vt 0.627726 0.821061
vt 0.833266 0.901365
vt 0.863595 0.817088
vt 0.857189 0.826119
vt 0.640007 0.826335
vt 0.656708 0.855096
vt 0.859220 0.952544
vt 0.860073 0.982513
vt 0.646770 0.871244
vt 0.635270 0.888179
vt 0.629935 0.855156
vt 0.634874 0.839028
vt 0.842119 0.954098
vt 0.859779 0.984581
vt 0.841633 0.955956
vt 0.846025 0.926156
vt 0.868447 0.830783
vt 0.865132 0.826433
vt 0.638642 0.959191
vt 0.653062 0.932997
vt 0.680820 0.856953
vt 0.667088 0.906828
vt 0.694825 0.778101
vt 0.690687 0.808949
vt 0.702812 0.733518
vt 0.689778 0.462680
vt 0.687652 0.501124
vt 0.687462 0.345639
vt 0.688300 0.363719
vt 0.689112 0.382824
vt 0.687004 0.543591
vt 0.683606 0.587242
vt 0.679340 0.631886
vt 0.689522 0.428027
vt 0.690170 0.402480
vt 0.683455 0.318979
vt 0.862225 0.838575
vt 0.866112 0.850897
vt 0.860996 0.886479
vt 0.851210 0.871617
vt 0.841875 0.854092
vt 0.832343 0.825435
vt 0.829030 0.796274
vt 0.826252 0.766127
vt 0.823241 0.721912
vt 0.820667 0.682643
vt 0.808334 0.502140
vt 0.807346 0.463904
vt 0.817437 0.355242
vt 0.820811 0.331811
vt 0.815124 0.376716
vt 0.813063 0.592825
vt 0.810715 0.545727
vt 0.809777 0.431177
vt 0.812857 0.396288
vt 0.816103 0.640160
vt 0.685928 0.270474
vt 0.710493 0.737750
vt 0.701248 0.783431
vt 0.696542 0.813646
vt 0.685015 0.866695
vt 0.670098 0.921497
vt 0.655130 0.956435
vt 0.636666 0.983474
vt 0.675846 0.246247
vt 0.648885 0.249513
vt 0.648305 0.238101
vt 0.678283 0.235801
vt 0.647904 0.227231
vt 0.679694 0.226934
vt 0.647620 0.214746
vt 0.680340 0.220997
vt 0.647803 0.208508
vt 0.678994 0.214551
vt 0.850127 0.150480
vt 0.853274 0.165760
vt 0.821509 0.165159
vt 0.822098 0.148811
vt 0.855322 0.175284
vt 0.821166 0.176006
vt 0.856264 0.181887
vt 0.820837 0.188170
vt 0.854694 0.189406
vt 0.820944 0.193600
vt 0.679508 0.212855
vt 0.681312 0.220400
vt 0.680640 0.227508
vt 0.678925 0.237065
vt 0.676492 0.252312
vt 0.540047 0.072512
vt 0.552976 0.072512
vt 0.552947 0.078263
vt 0.539887 0.077998
vt 0.537628 0.121022
vt 0.551638 0.126859
vt 0.551314 0.132031
vt 0.536913 0.126215
vt 0.538603 0.115135
vt 0.552037 0.120254
vt 0.539190 0.110504
vt 0.552265 0.114603
vt 0.539358 0.100351
vt 0.552559 0.102612
vt 0.539606 0.092817
vt 0.552734 0.094171
vt 0.539768 0.085472
vt 0.552863 0.086223
vt 0.577699 0.072512
vt 0.577693 0.077973
vt 0.577470 0.129058
vt 0.577466 0.133638
vt 0.577475 0.122302
vt 0.577492 0.116435
vt 0.577575 0.103935
vt 0.577621 0.094959
vt 0.577663 0.086487
vt 0.612866 0.072512
vt 0.612859 0.077145
vt 0.612927 0.128445
vt 0.612970 0.132092
vt 0.612858 0.121722
vt 0.612827 0.115979
vt 0.612819 0.103510
vt 0.612827 0.094433
vt 0.612844 0.085808
vt 0.655175 0.072512
vt 0.655170 0.076708
vt 0.655361 0.127797
vt 0.655438 0.131118
vt 0.655224 0.120882
vt 0.655169 0.115218
vt 0.655149 0.102994
vt 0.655150 0.094009
vt 0.655160 0.085389
vt 0.701843 0.072512
vt 0.701854 0.076286
vt 0.702456 0.123302
vt 0.702569 0.126390
vt 0.702239 0.116707
vt 0.702125 0.111590
vt 0.701999 0.100494
vt 0.701931 0.092335
vt 0.701884 0.084373
vt 0.751124 0.072512
vt 0.751145 0.076231
vt 0.751934 0.117052
vt 0.752050 0.120145
vt 0.751725 0.111327
vt 0.751595 0.106893
vt 0.751403 0.097274
vt 0.751286 0.090184
vt 0.751201 0.083265
vt 0.800661 0.072512
vt 0.800683 0.076067
vt 0.801430 0.109695
vt 0.801544 0.112700
vt 0.801253 0.104988
vt 0.801136 0.101341
vt 0.800946 0.093420
vt 0.800828 0.087579
vt 0.800741 0.081873
vt 0.848270 0.072511
vt 0.848286 0.076003
vt 0.848781 0.103034
vt 0.848867 0.106057
vt 0.848674 0.099255
vt 0.848599 0.096327
vt 0.848471 0.089963
vt 0.848389 0.085267
vt 0.848328 0.080676
vt 0.891502 0.072512
vt 0.891506 0.075966
vt 0.891713 0.099393
vt 0.891751 0.102556
vt 0.891674 0.096116
vt 0.891645 0.093580
vt 0.891590 0.088069
vt 0.891553 0.084000
vt 0.891525 0.080020
vt 0.927897 0.072512
vt 0.927897 0.076220
vt 0.927822 0.098717
vt 0.927795 0.102093
vt 0.927847 0.095577
vt 0.927863 0.093145
vt 0.927882 0.087855
vt 0.927891 0.083946
vt 0.927895 0.080120
vt 0.955044 0.072512
vt 0.955041 0.076695
vt 0.954736 0.100223
vt 0.954606 0.103959
vt 0.954847 0.096950
vt 0.954908 0.094404
vt 0.954988 0.088851
vt 0.955022 0.084760
vt 0.955040 0.080763
vt 0.970412 0.072512
vt 0.970422 0.081545
vt 0.969979 0.102855
vt 0.969775 0.106899
vt 0.969291 0.099787
vt 0.969726 0.095763
vt 0.970589 0.089385
vt 0.625315 0.366301
vt 0.625315 0.373126
vt 0.620862 0.373643
vt 0.620727 0.366408
vt 0.871050 0.372973
vt 0.868994 0.380206
vt 0.868994 0.373027
vt 0.872526 0.371287
vt 0.872379 0.376446
vt 0.612635 0.363751
vt 0.613550 0.366634
vt 0.609313 0.368015
vt 0.609257 0.365318
vt 0.615971 0.373098
vt 0.616750 0.366391
vt 0.625315 0.407388
vt 0.621227 0.407779
vt 0.868994 0.413741
vt 0.873998 0.376792
vt 0.872804 0.413781
vt 0.614466 0.373081
vt 0.615527 0.408205
vt 0.610676 0.408428
vt 0.609500 0.373045
vt 0.617157 0.408006
vt 0.625315 0.442720
vt 0.622145 0.442925
vt 0.872440 0.447094
vt 0.868994 0.447102
vt 0.874016 0.578265
vt 0.874397 0.531331
vt 0.878914 0.531026
vt 0.878824 0.577957
vt 0.618318 0.443055
vt 0.625315 0.484255
vt 0.622447 0.484444
vt 0.872243 0.486876
vt 0.868993 0.486881
vt 0.618844 0.484437
vt 0.625315 0.529460
vt 0.622770 0.529652
vt 0.871968 0.531248
vt 0.868993 0.531253
vt 0.617139 0.484554
vt 0.617647 0.529765
vt 0.612662 0.529662
vt 0.611794 0.485459
vt 0.619375 0.529652
vt 0.625315 0.576707
vt 0.622830 0.576933
vt 0.871429 0.578185
vt 0.868992 0.578189
vt 0.620169 0.576887
vt 0.625315 0.624412
vt 0.623189 0.624558
vt 0.870948 0.625673
vt 0.868992 0.625676
vt 0.619182 0.624649
vt 0.619584 0.670876
vt 0.613360 0.672111
vt 0.613871 0.624530
vt 0.620913 0.624538
vt 0.625315 0.670673
vt 0.623324 0.670823
vt 0.870650 0.671814
vt 0.868991 0.671815
vt 0.874988 0.413856
vt 0.875662 0.378416
vt 0.879232 0.379806
vt 0.878961 0.413503
vt 0.621355 0.670780
vt 0.625316 0.713553
vt 0.623764 0.713688
vt 0.870240 0.714590
vt 0.868991 0.714592
vt 0.605166 0.715345
vt 0.616297 0.714712
vt 0.616702 0.752316
vt 0.604173 0.754628
vt 0.621845 0.714078
vt 0.625316 0.751291
vt 0.624065 0.751403
vt 0.870306 0.752018
vt 0.868990 0.752039
vt 0.574724 0.676101
vt 0.601306 0.673178
vt 0.576264 0.718569
vt 0.622312 0.751348
vt 0.625316 0.781871
vt 0.624267 0.781966
vt 0.870105 0.782402
vt 0.868990 0.782454
vt 0.620273 0.714552
vt 0.622429 0.782012
vt 0.870824 0.804828
vt 0.868989 0.804204
vt 0.620430 0.751521
vt 0.624261 0.802746
vt 0.622711 0.804294
vt 0.625316 0.800801
vt 0.533596 0.120856
vt 0.534759 0.115038
vt 0.536215 0.084993
vt 0.536417 0.077649
vt 0.535688 0.099729
vt 0.535998 0.092262
vt 0.535290 0.110186
vt 0.532817 0.125017
vt 0.536451 0.072512
vt 0.517522 0.089179
vt 0.517743 0.083143
vt 0.517881 0.076980
vt 0.517929 0.072512
vt 0.514972 0.113601
vt 0.515609 0.109794
vt 0.516327 0.105171
vt 0.516760 0.101489
vt 0.517198 0.095379
vt 0.611766 0.360888
vt 0.608834 0.364126
vt 0.602329 0.364026
vt 0.607196 0.359821
vt 0.877261 0.373672
vt 0.878910 0.367417
vt 0.879266 0.367714
vt 0.889668 0.390283
vt 0.889733 0.412858
vt 0.611688 0.443277
vt 0.598267 0.485971
vt 0.597073 0.444802
vt 0.879392 0.376649
vt 0.889608 0.378546
vt 0.879384 0.487622
vt 0.878947 0.446853
vt 0.893104 0.447134
vt 0.892618 0.487407
vt 0.613217 0.576933
vt 0.598463 0.577481
vt 0.596628 0.532612
vt 0.873449 0.671900
vt 0.879835 0.672617
vt 0.877269 0.715182
vt 0.872130 0.715464
vt 0.894791 0.533213
vt 0.893967 0.577459
vt 0.874714 0.447174
vt 0.618371 0.577014
vt 0.873668 0.625757
vt 0.878716 0.625458
vt 0.616622 0.443231
vt 0.874586 0.486961
vt 0.614376 0.358086
vt 0.614363 0.361985
vt 0.940683 0.732512
vt 0.952233 0.736624
vt 0.943313 0.783461
vt 0.932988 0.777819
vt 0.874627 0.374787
vt 0.876161 0.376666
vt 0.873463 0.374755
vt 0.612240 0.357964
vt 0.612223 0.355522
vt 0.878010 0.373848
vt 0.948622 0.695978
vt 0.956536 0.656732
vt 0.970435 0.663019
vt 0.961989 0.701592
vt 0.969731 0.483622
vt 0.966852 0.452442
vt 0.983562 0.460934
vt 0.985906 0.494129
vt 0.518668 0.524987
vt 0.522770 0.576268
vt 0.511028 0.585338
vt 0.506024 0.531563
vt 0.962400 0.410226
vt 0.957360 0.384231
vt 0.972050 0.387068
vt 0.975738 0.416074
vt 0.965171 0.571655
vt 0.968758 0.518861
vt 0.982838 0.528007
vt 0.981024 0.579598
vt 0.527872 0.613857
vt 0.533771 0.659292
vt 0.522869 0.666940
vt 0.516552 0.621272
vt 0.549399 0.296840
vt 0.542486 0.326291
vt 0.536375 0.320966
vt 0.544087 0.290597
vt 0.890145 0.625339
vt 0.599608 0.409246
vt 0.598685 0.385693
vt 0.602828 0.625329
vt 0.891686 0.673338
vt 0.611478 0.359443
vt 0.597969 0.373273
vt 0.523091 0.415726
vt 0.520604 0.457241
vt 0.509150 0.465134
vt 0.512444 0.418942
vt 0.527524 0.389165
vt 0.517841 0.390812
vt 0.596586 0.363073
vt 0.890342 0.368440
vt 0.883771 0.371035
vt 0.600842 0.353108
vt 0.605688 0.352104
vt 0.880886 0.359216
vt 0.885868 0.359492
vt 0.882103 0.348721
vt 0.886239 0.348029
vt 0.594318 0.354008
vt 0.593464 0.343008
vt 0.598442 0.340461
vt 0.892335 0.359051
vt 0.961491 0.610134
vt 0.977067 0.617042
vt 0.880547 0.359005
vt 0.591378 0.304138
vt 0.600439 0.326984
vt 0.881764 0.348481
vt 0.892562 0.346979
vt 0.919745 0.274248
vt 0.920116 0.272339
vt 0.929334 0.273281
vt 0.929161 0.274391
vt 0.604066 0.342205
vt 0.894444 0.310022
vt 0.885403 0.332608
vt 0.885051 0.332217
vt 0.894022 0.308993
vt 0.919699 0.273897
vt 0.915153 0.280427
vt 0.914576 0.279037
vt 0.918777 0.272881
vt 0.587542 0.308354
vt 0.577706 0.301486
vt 0.568578 0.277677
vt 0.570034 0.276318
vt 0.899134 0.312173
vt 0.976588 0.415757
vt 0.984220 0.461099
vt 0.987226 0.494740
vt 0.983971 0.528824
vt 0.981890 0.580217
vt 0.977889 0.617730
vt 0.971409 0.663764
vt 0.963233 0.702585
vt 0.973023 0.386491
vt 0.962521 0.358200
vt 0.962949 0.357818
vt 0.953726 0.313715
vt 0.954240 0.312789
vt 0.940642 0.288038
vt 0.940220 0.288427
vt 0.941318 0.320402
vt 0.932860 0.297628
vt 0.555882 0.270156
vt 0.559599 0.278591
vt 0.518484 0.489416
vt 0.506428 0.496536
vt 0.541845 0.697197
vt 0.532563 0.703013
vt 0.951434 0.356085
vt 0.888159 0.715580
vt 0.916264 0.283600
vt 0.923833 0.284736
vt 0.532677 0.359429
vt 0.524157 0.358056
vt 0.912687 0.318503
vt 0.909562 0.313277
vt 0.907529 0.308126
vt 0.572881 0.308629
vt 0.953216 0.737510
vt 0.877139 0.752622
vt 0.889394 0.754792
vt 0.886898 0.785386
vt 0.876235 0.782932
vt 0.938449 0.813760
vt 0.928890 0.808265
vt 0.620504 0.782251
vt 0.617618 0.782829
vt 0.579673 0.759337
vt 0.944301 0.784399
vt 0.871835 0.751937
vt 0.939411 0.814734
vt 0.928455 0.869725
vt 0.927485 0.868758
vt 0.581791 0.792601
vt 0.606740 0.785253
vt 0.607543 0.808367
vt 0.585524 0.823068
vt 0.871319 0.782323
vt 0.620983 0.805082
vt 0.620853 0.813840
vt 0.911122 0.921020
vt 0.910383 0.919537
vt 0.618480 0.805769
vt 0.919709 0.856378
vt 0.886109 0.808476
vt 0.875461 0.805725
vt 0.872034 0.805157
vt 0.625316 0.823885
vt 0.624109 0.821062
vt 0.624228 0.810552
vt 0.625316 0.809661
vt 0.905912 0.901371
vt 0.881992 0.826121
vt 0.875585 0.817089
vt 0.611828 0.826336
vt 0.595127 0.855098
vt 0.879956 0.952546
vt 0.879102 0.982515
vt 0.868986 0.985722
vt 0.868986 0.963675
vt 0.605065 0.871245
vt 0.616960 0.839028
vt 0.621899 0.855157
vt 0.616565 0.888180
vt 0.897056 0.954103
vt 0.897542 0.955960
vt 0.879396 0.984583
vt 0.893152 0.926160
vt 0.625316 0.860857
vt 0.625317 0.898763
vt 0.868986 0.987849
vt 0.874048 0.826433
vt 0.870732 0.830783
vt 0.613194 0.959191
vt 0.625317 0.971598
vt 0.598774 0.932998
vt 0.571015 0.856955
vt 0.584747 0.906830
vt 0.557009 0.778104
vt 0.561147 0.808952
vt 0.549021 0.733521
vt 0.564180 0.501125
vt 0.562054 0.462681
vt 0.563531 0.363720
vt 0.564369 0.345639
vt 0.562719 0.382825
vt 0.568226 0.587244
vt 0.564828 0.543593
vt 0.572493 0.631887
vt 0.562310 0.428028
vt 0.561661 0.402481
vt 0.568376 0.318979
vt 0.876955 0.838576
vt 0.887968 0.871620
vt 0.878182 0.886480
vt 0.873067 0.850898
vt 0.868987 0.901167
vt 0.868988 0.859787
vt 0.906837 0.825440
vt 0.897304 0.854096
vt 0.910151 0.796280
vt 0.912930 0.766133
vt 0.918518 0.682648
vt 0.915943 0.721917
vt 0.931844 0.463908
vt 0.930855 0.502145
vt 0.918380 0.331812
vt 0.921754 0.355244
vt 0.924067 0.376719
vt 0.928473 0.545731
vt 0.926124 0.592830
vt 0.926334 0.396291
vt 0.929413 0.431181
vt 0.923083 0.640166
vt 0.565902 0.270473
vt 0.541341 0.737753
vt 0.550586 0.783434
vt 0.555292 0.813649
vt 0.566819 0.866697
vt 0.581737 0.921499
vt 0.596706 0.956436
vt 0.615170 0.983475
vt 0.625317 0.987849
vt 0.513227 0.243858
vt 0.508939 0.242626
vt 0.509392 0.238606
vt 0.513383 0.238614
vt 0.607142 0.250606
vt 0.556226 0.248623
vt 0.556131 0.238991
vt 0.606737 0.238889
vt 0.674643 0.246247
vt 0.647682 0.249512
vt 0.647103 0.238101
vt 0.677081 0.235801
vt 0.606387 0.227591
vt 0.646701 0.227231
vt 0.509350 0.228039
vt 0.513565 0.228886
vt 0.556116 0.227588
vt 0.678492 0.226934
vt 0.606269 0.215119
vt 0.646418 0.214746
vt 0.511668 0.224643
vt 0.515661 0.223629
vt 0.556941 0.215626
vt 0.679137 0.220997
vt 0.606742 0.208606
vt 0.646600 0.208523
vt 0.515088 0.217588
vt 0.518852 0.215029
vt 0.558416 0.210901
vt 0.677792 0.214551
vt 0.687881 0.150878
vt 0.687853 0.158050
vt 0.683626 0.157305
vt 0.683620 0.151454
vt 0.780935 0.147908
vt 0.780458 0.164372
vt 0.730622 0.161478
vt 0.730837 0.147908
vt 0.848924 0.150480
vt 0.852071 0.165760
vt 0.820307 0.165159
vt 0.820896 0.148811
vt 0.819964 0.176006
vt 0.780145 0.176190
vt 0.687892 0.171600
vt 0.683743 0.172048
vt 0.730483 0.174519
vt 0.854120 0.175284
vt 0.819635 0.188170
vt 0.779998 0.188528
vt 0.689841 0.176678
vt 0.685912 0.175424
vt 0.731211 0.186242
vt 0.855061 0.181887
vt 0.819742 0.193600
vt 0.780377 0.194288
vt 0.692829 0.185798
vt 0.689129 0.182756
vt 0.732621 0.190747
vt 0.853492 0.189406
vt 0.506024 0.248014
vt 0.507147 0.242211
vt 0.558328 0.208845
vt 0.606727 0.206599
vt 0.556273 0.256353
vt 0.513196 0.251442
vt 0.678305 0.212855
vt 0.680109 0.220400
vt 0.679438 0.227508
vt 0.677722 0.237065
vt 0.518593 0.212575
vt 0.508857 0.250274
vt 0.509164 0.226513
vt 0.511300 0.222751
vt 0.514656 0.215085
vt 0.675289 0.252312
vt 0.647877 0.256150
vt 0.508568 0.227874
vt 0.607226 0.257845
vt 0.646656 0.206599
vt 0.868989 0.832881
vt 0.539887 0.067025
vt 0.552947 0.066760
vt 0.537628 0.024001
vt 0.536913 0.018808
vt 0.551314 0.012992
vt 0.551638 0.018164
vt 0.538603 0.029888
vt 0.552037 0.024769
vt 0.539190 0.034519
vt 0.552265 0.030420
vt 0.539358 0.044672
vt 0.552559 0.042411
vt 0.539606 0.052206
vt 0.552734 0.050852
vt 0.539768 0.059552
vt 0.552863 0.058800
vt 0.577693 0.067050
vt 0.577466 0.011385
vt 0.577470 0.015965
vt 0.577476 0.022721
vt 0.577492 0.028588
vt 0.577575 0.041088
vt 0.577621 0.050064
vt 0.577663 0.058536
vt 0.612859 0.067878
vt 0.612970 0.012932
vt 0.612927 0.016578
vt 0.612858 0.023301
vt 0.612827 0.029044
vt 0.612819 0.041514
vt 0.612827 0.050590
vt 0.612844 0.059215
vt 0.655170 0.068315
vt 0.655438 0.013905
vt 0.655361 0.017227
vt 0.655224 0.024141
vt 0.655169 0.029806
vt 0.655149 0.042029
vt 0.655150 0.051014
vt 0.655160 0.059635
vt 0.701854 0.068737
vt 0.702569 0.018633
vt 0.702456 0.021721
vt 0.702239 0.028317
vt 0.702125 0.033434
vt 0.702000 0.044529
vt 0.701931 0.052689
vt 0.701884 0.060650
vt 0.751145 0.068793
vt 0.752050 0.024880
vt 0.751934 0.027972
vt 0.751725 0.033697
vt 0.751595 0.038132
vt 0.751403 0.047750
vt 0.751286 0.054840
vt 0.751201 0.061759
vt 0.800683 0.068957
vt 0.801544 0.032323
vt 0.801430 0.035329
vt 0.801253 0.040036
vt 0.801135 0.043683
vt 0.800946 0.051604
vt 0.800828 0.057444
vt 0.800740 0.063151
vt 0.848286 0.069020
vt 0.848867 0.038965
vt 0.848781 0.041988
vt 0.848674 0.045767
vt 0.848599 0.048695
vt 0.848471 0.055059
vt 0.848389 0.059755
vt 0.848328 0.064346
vt 0.891506 0.069058
vt 0.891751 0.042468
vt 0.891713 0.045631
vt 0.891674 0.048907
vt 0.891645 0.051444
vt 0.891590 0.056954
vt 0.891553 0.061024
vt 0.891525 0.065004
vt 0.927897 0.068804
vt 0.927795 0.042931
vt 0.927822 0.046307
vt 0.927847 0.049446
vt 0.927863 0.051879
vt 0.927882 0.057169
vt 0.927891 0.061079
vt 0.927895 0.064904
vt 0.955041 0.068329
vt 0.954606 0.041065
vt 0.954736 0.044801
vt 0.954847 0.048074
vt 0.954908 0.050619
vt 0.954988 0.056173
vt 0.955022 0.060263
vt 0.955040 0.064261
vt 0.970422 0.063478
vt 0.969774 0.038125
vt 0.969979 0.042168
vt 0.969290 0.045236
vt 0.969726 0.049260
vt 0.970589 0.055639
vt 0.629902 0.366408
vt 0.629767 0.373643
vt 0.866938 0.372972
vt 0.865462 0.371287
vt 0.865609 0.376446
vt 0.637994 0.363751
vt 0.641372 0.365318
vt 0.641316 0.368014
vt 0.637079 0.366635
vt 0.633879 0.366391
vt 0.634658 0.373098
vt 0.629402 0.407779
vt 0.863990 0.376792
vt 0.865183 0.413781
vt 0.636163 0.373081
vt 0.641129 0.373045
vt 0.639953 0.408428
vt 0.635102 0.408205
vt 0.633472 0.408006
vt 0.628485 0.442925
vt 0.865547 0.447094
vt 0.863969 0.578264
vt 0.859161 0.577956
vt 0.859071 0.531025
vt 0.863589 0.531331
vt 0.632312 0.443055
vt 0.628182 0.484444
vt 0.865744 0.486876
vt 0.631785 0.484436
vt 0.627860 0.529652
vt 0.866018 0.531248
vt 0.633491 0.484554
vt 0.638835 0.485459
vt 0.637968 0.529662
vt 0.632983 0.529765
vt 0.631255 0.529652
vt 0.627800 0.576933
vt 0.866555 0.578184
vt 0.630461 0.576887
vt 0.627441 0.624557
vt 0.867036 0.625673
vt 0.631448 0.624649
vt 0.636760 0.624529
vt 0.637271 0.672110
vt 0.631046 0.670875
vt 0.629718 0.624538
vt 0.627307 0.670823
vt 0.867332 0.671813
vt 0.862999 0.413856
vt 0.859027 0.413503
vt 0.858755 0.379806
vt 0.862326 0.378416
vt 0.629275 0.670780
vt 0.626867 0.713687
vt 0.867741 0.714590
vt 0.645465 0.715344
vt 0.646459 0.754628
vt 0.633929 0.752316
vt 0.634335 0.714712
vt 0.628787 0.714078
vt 0.626566 0.751403
vt 0.867675 0.752018
vt 0.675907 0.676099
vt 0.674367 0.718567
vt 0.649325 0.673178
vt 0.628319 0.751348
vt 0.626365 0.781966
vt 0.867874 0.782402
vt 0.630358 0.714551
vt 0.628203 0.782013
vt 0.867155 0.804827
vt 0.630202 0.751520
vt 0.627921 0.804294
vt 0.626371 0.802746
vt 0.534759 0.029985
vt 0.533596 0.024167
vt 0.536417 0.067374
vt 0.536215 0.060030
vt 0.535998 0.052762
vt 0.535688 0.045293
vt 0.535290 0.034837
vt 0.532817 0.020006
vt 0.517744 0.061880
vt 0.517522 0.055844
vt 0.517881 0.068043
vt 0.515609 0.035228
vt 0.514972 0.031422
vt 0.516327 0.039852
vt 0.516760 0.043534
vt 0.517197 0.049644
vt 0.638863 0.360889
vt 0.641795 0.364126
vt 0.643433 0.359821
vt 0.648300 0.364025
vt 0.860727 0.373672
vt 0.858722 0.367714
vt 0.859078 0.367417
vt 0.848255 0.412857
vt 0.848320 0.390282
vt 0.638942 0.443277
vt 0.653556 0.444802
vt 0.652362 0.485970
vt 0.848380 0.378545
vt 0.858596 0.376649
vt 0.858602 0.487622
vt 0.845368 0.487405
vt 0.844883 0.447132
vt 0.859040 0.446852
vt 0.654002 0.532611
vt 0.652167 0.577480
vt 0.637413 0.576933
vt 0.864534 0.671899
vt 0.865851 0.715464
vt 0.860713 0.715182
vt 0.858148 0.672616
vt 0.844017 0.577456
vt 0.843195 0.533211
vt 0.863273 0.447174
vt 0.632259 0.577013
vt 0.864315 0.625756
vt 0.859268 0.625457
vt 0.634008 0.443231
vt 0.863400 0.486961
vt 0.636253 0.358086
vt 0.636266 0.361985
vt 0.797298 0.732503
vt 0.804992 0.777810
vt 0.794667 0.783450
vt 0.785749 0.736614
vt 0.861827 0.376666
vt 0.863361 0.374787
vt 0.864525 0.374754
vt 0.638389 0.357964
vt 0.638406 0.355522
vt 0.859978 0.373848
vt 0.789361 0.695969
vt 0.775994 0.701582
vt 0.767549 0.663009
vt 0.781448 0.656723
vt 0.768256 0.483615
vt 0.752082 0.494120
vt 0.754426 0.460926
vt 0.771136 0.452436
vt 0.731961 0.524984
vt 0.744606 0.531560
vt 0.739602 0.585335
vt 0.727860 0.576265
vt 0.775589 0.410221
vt 0.762251 0.416067
vt 0.765939 0.387063
vt 0.780629 0.384226
vt 0.772814 0.571648
vt 0.756962 0.579589
vt 0.755148 0.527999
vt 0.769229 0.518854
vt 0.722758 0.613854
vt 0.734078 0.621269
vt 0.727762 0.666936
vt 0.716859 0.659289
vt 0.701230 0.296839
vt 0.706541 0.290596
vt 0.714253 0.320965
vt 0.708142 0.326290
vt 0.847838 0.625337
vt 0.651944 0.385693
vt 0.651021 0.409246
vt 0.647802 0.625328
vt 0.846297 0.673336
vt 0.639151 0.359444
vt 0.652660 0.373273
vt 0.727538 0.415724
vt 0.738185 0.418939
vt 0.741479 0.465131
vt 0.730025 0.457238
vt 0.723105 0.389163
vt 0.732788 0.390810
vt 0.654043 0.363072
vt 0.847646 0.368440
vt 0.854217 0.371035
vt 0.644941 0.352104
vt 0.649787 0.353108
vt 0.852120 0.359492
vt 0.857102 0.359216
vt 0.851750 0.348029
vt 0.855886 0.348721
vt 0.652187 0.340462
vt 0.657165 0.343008
vt 0.656311 0.354008
vt 0.845653 0.359051
vt 0.760918 0.617033
vt 0.776494 0.610127
vt 0.857441 0.359005
vt 0.650189 0.326984
vt 0.659251 0.304138
vt 0.856224 0.348482
vt 0.845427 0.346979
vt 0.818245 0.274248
vt 0.808829 0.274391
vt 0.808656 0.273280
vt 0.817874 0.272339
vt 0.646563 0.342205
vt 0.843545 0.310023
vt 0.843967 0.308994
vt 0.852938 0.332217
vt 0.852586 0.332608
vt 0.818292 0.273897
vt 0.819213 0.272882
vt 0.823414 0.279038
vt 0.822837 0.280428
vt 0.663086 0.308355
vt 0.680595 0.276318
vt 0.682050 0.277678
vt 0.672922 0.301486
vt 0.838855 0.312173
vt 0.761400 0.415751
vt 0.753768 0.461091
vt 0.750761 0.494731
vt 0.754015 0.528815
vt 0.756096 0.580207
vt 0.760096 0.617721
vt 0.766575 0.663754
vt 0.774750 0.702574
vt 0.764966 0.386485
vt 0.775041 0.357814
vt 0.775469 0.358195
vt 0.783751 0.312786
vt 0.784264 0.313711
vt 0.797349 0.288036
vt 0.797771 0.288425
vt 0.796672 0.320399
vt 0.805130 0.297627
vt 0.691029 0.278591
vt 0.694746 0.270156
vt 0.744202 0.496533
vt 0.732146 0.489413
vt 0.718068 0.703010
vt 0.708786 0.697194
vt 0.786556 0.356081
vt 0.849823 0.715578
vt 0.821726 0.283600
vt 0.814157 0.284735
vt 0.717952 0.359427
vt 0.726472 0.358054
vt 0.825302 0.318502
vt 0.828427 0.313277
vt 0.830460 0.308126
vt 0.677748 0.308629
vt 0.784766 0.737500
vt 0.860842 0.752621
vt 0.861745 0.782931
vt 0.851081 0.785383
vt 0.848586 0.754789
vt 0.809089 0.808256
vt 0.799530 0.813750
vt 0.633014 0.782829
vt 0.630127 0.782250
vt 0.670959 0.759335
vt 0.793679 0.784389
vt 0.866145 0.751936
vt 0.810491 0.868749
vt 0.809522 0.869716
vt 0.798568 0.814723
vt 0.668840 0.792600
vt 0.665108 0.823067
vt 0.643089 0.808366
vt 0.643892 0.785252
vt 0.866661 0.782322
vt 0.629649 0.805082
vt 0.629779 0.813840
vt 0.827592 0.919531
vt 0.826853 0.921014
vt 0.632152 0.805769
vt 0.818268 0.856371
vt 0.862517 0.805724
vt 0.851870 0.808474
vt 0.865945 0.805157
vt 0.626404 0.810552
vt 0.626523 0.821062
vt 0.832063 0.901365
vt 0.862393 0.817088
vt 0.855986 0.826119
vt 0.638804 0.826335
vt 0.655505 0.855096
vt 0.858017 0.952544
vt 0.858870 0.982513
vt 0.645567 0.871244
vt 0.634068 0.888180
vt 0.628733 0.855156
vt 0.633672 0.839028
vt 0.840917 0.954098
vt 0.858576 0.984581
vt 0.840431 0.955955
vt 0.844822 0.926156
vt 0.867245 0.830783
vt 0.863930 0.826433
vt 0.637440 0.959191
vt 0.651860 0.932997
vt 0.679618 0.856953
vt 0.665886 0.906828
vt 0.693623 0.778101
vt 0.689485 0.808949
vt 0.701610 0.733518
vt 0.688576 0.462680
vt 0.686450 0.501124
vt 0.686259 0.345639
vt 0.687098 0.363720
vt 0.687910 0.382824
vt 0.685802 0.543592
vt 0.682404 0.587243
vt 0.678137 0.631885
vt 0.688320 0.428027
vt 0.688968 0.402480
vt 0.682253 0.318979
vt 0.861022 0.838575
vt 0.864909 0.850897
vt 0.859794 0.886479
vt 0.850008 0.871617
vt 0.840673 0.854092
vt 0.831140 0.825435
vt 0.827828 0.796274
vt 0.825050 0.766127
vt 0.822038 0.721912
vt 0.819465 0.682643
vt 0.807132 0.502140
vt 0.806144 0.463904
vt 0.816235 0.355242
vt 0.819609 0.331811
vt 0.813922 0.376716
vt 0.811861 0.592825
vt 0.809513 0.545727
vt 0.808575 0.431177
vt 0.811655 0.396288
vt 0.814901 0.640160
vt 0.684726 0.270474
vt 0.709291 0.737750
vt 0.700046 0.783431
vt 0.695340 0.813646
vt 0.683813 0.866695
vt 0.668896 0.921497
vt 0.653928 0.956435
vt 0.635463 0.983475
vt 0.853146 0.243857
vt 0.852990 0.238614
vt 0.856981 0.238605
vt 0.857434 0.242626
vt 0.759230 0.250606
vt 0.759636 0.238889
vt 0.810241 0.238991
vt 0.810146 0.248623
vt 0.691730 0.246247
vt 0.689292 0.235801
vt 0.719270 0.238101
vt 0.718691 0.249512
vt 0.719672 0.227231
vt 0.759986 0.227591
vt 0.852808 0.228885
vt 0.857023 0.228039
vt 0.810257 0.227588
vt 0.687881 0.226934
vt 0.719955 0.214746
vt 0.760104 0.215119
vt 0.850712 0.223628
vt 0.854706 0.224642
vt 0.809432 0.215626
vt 0.687236 0.220997
vt 0.719773 0.208524
vt 0.759630 0.208606
vt 0.847521 0.215028
vt 0.851285 0.217587
vt 0.807956 0.210900
vt 0.688582 0.214551
vt 0.673204 0.150877
vt 0.677465 0.151454
vt 0.677459 0.157305
vt 0.673232 0.158050
vt 0.580150 0.147908
vt 0.630248 0.147908
vt 0.630463 0.161477
vt 0.580627 0.164372
vt 0.512161 0.150480
vt 0.540189 0.148811
vt 0.540779 0.165159
vt 0.509014 0.165760
vt 0.580940 0.176190
vt 0.541121 0.176006
vt 0.677342 0.172048
vt 0.673193 0.171599
vt 0.630602 0.174518
vt 0.506965 0.175284
vt 0.581087 0.188528
vt 0.541450 0.188170
vt 0.675173 0.175424
vt 0.671244 0.176677
vt 0.629874 0.186241
vt 0.506024 0.181887
vt 0.580708 0.194288
vt 0.541343 0.193600
vt 0.671956 0.182756
vt 0.668256 0.185798
vt 0.628465 0.190747
vt 0.507593 0.189406
vt 0.859226 0.242211
vt 0.860350 0.248014
vt 0.759646 0.206599
vt 0.808045 0.208845
vt 0.853178 0.251442
vt 0.810100 0.256353
vt 0.686264 0.220400
vt 0.688068 0.212855
vt 0.688651 0.237065
vt 0.686936 0.227508
vt 0.847780 0.212573
vt 0.857516 0.250274
vt 0.855073 0.222751
vt 0.857210 0.226513
vt 0.851717 0.215084
vt 0.718496 0.256149
vt 0.691084 0.252311
vt 0.857805 0.227873
vt 0.759147 0.257845
vt 0.719717 0.206599
vt 0.000000 0.000000
vt 0.541171 0.072512
vt 0.554101 0.072512
vt 0.554071 0.078263
vt 0.541012 0.077998
vt 0.538752 0.121022
vt 0.552762 0.126859
vt 0.552438 0.132031
vt 0.538037 0.126215
vt 0.539727 0.115135
vt 0.553161 0.120254
vt 0.540314 0.110504
vt 0.553390 0.114603
vt 0.540482 0.100351
vt 0.553683 0.102612
vt 0.540730 0.092817
vt 0.553859 0.094171
vt 0.540893 0.085472
vt 0.553987 0.086223
vt 0.578823 0.072512
vt 0.578817 0.077973
vt 0.578594 0.129058
vt 0.578591 0.133638
vt 0.578600 0.122302
vt 0.578616 0.116435
vt 0.578699 0.103935
vt 0.578745 0.094959
vt 0.578787 0.086487
vt 0.613990 0.072512
vt 0.613983 0.077145
vt 0.614051 0.128445
vt 0.614095 0.132092
vt 0.613982 0.121722
vt 0.613951 0.115979
vt 0.613943 0.103510
vt 0.613951 0.094433
vt 0.613968 0.085808
vt 0.656299 0.072512
vt 0.656294 0.076708
vt 0.656485 0.127797
vt 0.656562 0.131118
vt 0.656349 0.120882
vt 0.656293 0.115218
vt 0.656273 0.102994
vt 0.656274 0.094009
vt 0.656284 0.085389
vt 0.702967 0.072512
vt 0.702979 0.076286
vt 0.703580 0.123302
vt 0.703693 0.126390
vt 0.703363 0.116707
vt 0.703249 0.111590
vt 0.703124 0.100494
vt 0.703055 0.092335
vt 0.703009 0.084373
vt 0.752249 0.072512
vt 0.752270 0.076231
vt 0.753058 0.117052
vt 0.753175 0.120145
vt 0.752850 0.111327
vt 0.752719 0.106893
vt 0.752527 0.097274
vt 0.752410 0.090184
vt 0.752326 0.083265
vt 0.801785 0.072512
vt 0.801807 0.076067
vt 0.802554 0.109695
vt 0.802669 0.112700
vt 0.802378 0.104988
vt 0.802260 0.101341
vt 0.802070 0.093420
vt 0.801952 0.087579
vt 0.801865 0.081873
vt 0.849394 0.072511
vt 0.849411 0.076003
vt 0.849905 0.103034
vt 0.849991 0.106057
vt 0.849798 0.099255
vt 0.849723 0.096327
vt 0.849595 0.089963
vt 0.849513 0.085267
vt 0.849452 0.080676
vt 0.892626 0.072512
vt 0.892630 0.075966
vt 0.892837 0.099393
vt 0.892875 0.102556
vt 0.892798 0.096116
vt 0.892769 0.093580
vt 0.892714 0.088069
vt 0.892677 0.084000
vt 0.892649 0.080020
vt 0.929022 0.072512
vt 0.929021 0.076220
vt 0.928946 0.098717
vt 0.928919 0.102093
vt 0.928971 0.095577
vt 0.928987 0.093145
vt 0.929006 0.087855
vt 0.929015 0.083946
vt 0.929019 0.080120
vt 0.956169 0.072512
vt 0.956166 0.076695
vt 0.955861 0.100223
vt 0.955731 0.103959
vt 0.955972 0.096950
vt 0.956033 0.094404
vt 0.956112 0.088851
vt 0.956146 0.084760
vt 0.956164 0.080763
vt 0.971536 0.072512
vt 0.971547 0.081545
vt 0.971103 0.102855
vt 0.970899 0.106899
vt 0.970415 0.099787
vt 0.970850 0.095763
vt 0.971713 0.089385
vt 0.626439 0.366301
vt 0.626439 0.373126
vt 0.621987 0.373643
vt 0.621851 0.366408
vt 0.872174 0.372973
vt 0.870118 0.380206
vt 0.870118 0.373027
vt 0.873650 0.371287
vt 0.873503 0.376446
vt 0.613759 0.363751
vt 0.614675 0.366634
vt 0.610438 0.368015
vt 0.610381 0.365318
vt 0.617095 0.373098
vt 0.617874 0.366391
vt 0.626439 0.407388
vt 0.622351 0.407779
vt 0.870118 0.413741
vt 0.875122 0.376792
vt 0.873929 0.413781
vt 0.615590 0.373081
vt 0.616652 0.408205
vt 0.611800 0.408428
vt 0.610625 0.373045
vt 0.618282 0.408006
vt 0.626439 0.442720
vt 0.623269 0.442925
vt 0.873564 0.447094
vt 0.870118 0.447102
vt 0.875140 0.578265
vt 0.875521 0.531331
vt 0.880039 0.531026
vt 0.879948 0.577957
vt 0.619442 0.443055
vt 0.626439 0.484255
vt 0.623572 0.484444
vt 0.873367 0.486876
vt 0.870117 0.486881
vt 0.619968 0.484437
vt 0.626439 0.529460
vt 0.623894 0.529652
vt 0.873092 0.531248
vt 0.870117 0.531253
vt 0.618263 0.484554
vt 0.618771 0.529765
vt 0.613786 0.529662
vt 0.612918 0.485459
vt 0.620499 0.529652
vt 0.626439 0.576707
vt 0.623954 0.576933
vt 0.872554 0.578185
vt 0.870117 0.578189
vt 0.621294 0.576887
vt 0.626440 0.624412
vt 0.624314 0.624558
vt 0.872072 0.625673
vt 0.870116 0.625676
vt 0.620307 0.624649
vt 0.620709 0.670876
vt 0.614484 0.672111
vt 0.614995 0.624530
vt 0.622037 0.624538
vt 0.626440 0.670673
vt 0.624448 0.670823
vt 0.871774 0.671814
vt 0.870116 0.671815
vt 0.876112 0.413856
vt 0.876786 0.378416
vt 0.880357 0.379806
vt 0.880085 0.413503
vt 0.622480 0.670780
vt 0.626440 0.713553
vt 0.624888 0.713688
vt 0.871364 0.714590
vt 0.870115 0.714592
vt 0.606290 0.715345
vt 0.617421 0.714712
vt 0.617827 0.752316
vt 0.605297 0.754628
vt 0.622969 0.714078
vt 0.626440 0.751291
vt 0.625189 0.751403
vt 0.871430 0.752018
vt 0.870114 0.752039
vt 0.575849 0.676101
vt 0.602430 0.673178
vt 0.577388 0.718569
vt 0.623437 0.751348
vt 0.626440 0.781871
vt 0.625391 0.781966
vt 0.871229 0.782402
vt 0.870114 0.782454
vt 0.621398 0.714552
vt 0.623553 0.782012
vt 0.871948 0.804828
vt 0.870113 0.804204
vt 0.621554 0.751521
vt 0.625385 0.802746
vt 0.623835 0.804294
vt 0.626440 0.800801
vt 0.534720 0.120856
vt 0.535884 0.115038
vt 0.537339 0.084993
vt 0.537542 0.077649
vt 0.536812 0.099729
vt 0.537123 0.092262
vt 0.536414 0.110186
vt 0.533941 0.125017
vt 0.537575 0.072512
vt 0.518647 0.089179
vt 0.518868 0.083143
vt 0.519005 0.076980
vt 0.519053 0.072512
vt 0.516097 0.113601
vt 0.516733 0.109794
vt 0.517451 0.105171
vt 0.517884 0.101489
vt 0.518322 0.095379
vt 0.612890 0.360888
vt 0.609958 0.364126
vt 0.603453 0.364026
vt 0.608320 0.359821
vt 0.878385 0.373672
vt 0.880035 0.367417
vt 0.880391 0.367714
vt 0.890792 0.390283
vt 0.890857 0.412858
vt 0.612812 0.443277
vt 0.599392 0.485971
vt 0.598198 0.444802
vt 0.880516 0.376649
vt 0.890732 0.378546
vt 0.880508 0.487622
vt 0.880071 0.446853
vt 0.894228 0.447134
vt 0.893742 0.487407
vt 0.614341 0.576933
vt 0.599588 0.577481
vt 0.597752 0.532612
vt 0.874573 0.671900
vt 0.880959 0.672617
vt 0.878393 0.715182
vt 0.873254 0.715464
vt 0.895915 0.533213
vt 0.895092 0.577459
vt 0.875839 0.447174
vt 0.619495 0.577014
vt 0.874793 0.625757
vt 0.879840 0.625458
vt 0.617746 0.443231
vt 0.875710 0.486961
vt 0.615500 0.358086
vt 0.615487 0.361985
vt 0.941807 0.732512
vt 0.953357 0.736624
vt 0.944437 0.783461
vt 0.934112 0.777819
vt 0.875751 0.374787
vt 0.877285 0.376666
vt 0.874587 0.374755
vt 0.613364 0.357964
vt 0.613347 0.355522
vt 0.879134 0.373848
vt 0.949746 0.695978
vt 0.957660 0.656732
vt 0.971559 0.663019
vt 0.963113 0.701592
vt 0.970855 0.483622
vt 0.967976 0.452442
vt 0.984686 0.460934
vt 0.987030 0.494129
vt 0.519792 0.524987
vt 0.523895 0.576268
vt 0.512152 0.585338
vt 0.507148 0.531563
vt 0.963524 0.410226
vt 0.958484 0.384231
vt 0.973175 0.387068
vt 0.976862 0.416074
vt 0.966296 0.571655
vt 0.969882 0.518861
vt 0.983963 0.528007
vt 0.982148 0.579598
vt 0.528996 0.613857
vt 0.534896 0.659292
vt 0.523993 0.666940
vt 0.517676 0.621272
vt 0.550523 0.296840
vt 0.543611 0.326291
vt 0.537499 0.320966
vt 0.545212 0.290597
vt 0.891270 0.625339
vt 0.600733 0.409246
vt 0.599809 0.385693
vt 0.603953 0.625329
vt 0.892810 0.673338
vt 0.612602 0.359443
vt 0.599093 0.373273
vt 0.524215 0.415726
vt 0.521729 0.457241
vt 0.510274 0.465134
vt 0.513568 0.418942
vt 0.528648 0.389165
vt 0.518965 0.390812
vt 0.597710 0.363073
vt 0.891467 0.368440
vt 0.884895 0.371035
vt 0.601966 0.353108
vt 0.606812 0.352104
vt 0.882010 0.359216
vt 0.886992 0.359492
vt 0.883227 0.348721
vt 0.887363 0.348029
vt 0.595442 0.354008
vt 0.594588 0.343008
vt 0.599566 0.340461
vt 0.893460 0.359051
vt 0.962615 0.610134
vt 0.978191 0.617042
vt 0.881672 0.359005
vt 0.592502 0.304138
vt 0.601564 0.326984
vt 0.882888 0.348481
vt 0.893686 0.346979
vt 0.920869 0.274248
vt 0.921240 0.272339
vt 0.930459 0.273281
vt 0.930286 0.274391
vt 0.605190 0.342205
vt 0.895568 0.310022
vt 0.886527 0.332608
vt 0.886175 0.332217
vt 0.895146 0.308993
vt 0.920823 0.273897
vt 0.916278 0.280427
vt 0.915701 0.279037
vt 0.919902 0.272881
vt 0.588667 0.308354
vt 0.578831 0.301486
vt 0.569703 0.277677
vt 0.571158 0.276318
vt 0.900259 0.312173
vt 0.977713 0.415757
vt 0.985344 0.461099
vt 0.988351 0.494740
vt 0.985096 0.528824
vt 0.983014 0.580217
vt 0.979013 0.617730
vt 0.972533 0.663764
vt 0.964357 0.702585
vt 0.974148 0.386491
vt 0.963645 0.358200
vt 0.964073 0.357818
vt 0.954850 0.313715
vt 0.955364 0.312789
vt 0.941766 0.288038
vt 0.941344 0.288427
vt 0.942442 0.320402
vt 0.933985 0.297628
vt 0.557007 0.270156
vt 0.560724 0.278591
vt 0.519608 0.489416
vt 0.507552 0.496536
vt 0.542970 0.697197
vt 0.533687 0.703013
vt 0.952558 0.356085
vt 0.889283 0.715580
vt 0.917388 0.283600
vt 0.924958 0.284736
vt 0.533801 0.359429
vt 0.525281 0.358056
vt 0.913812 0.318503
vt 0.910686 0.313277
vt 0.908653 0.308126
vt 0.574005 0.308629
vt 0.954340 0.737510
vt 0.878263 0.752622
vt 0.890518 0.754792
vt 0.888023 0.785386
vt 0.877359 0.782932
vt 0.939573 0.813760
vt 0.930014 0.808265
vt 0.621629 0.782251
vt 0.618742 0.782829
vt 0.580797 0.759337
vt 0.945425 0.784399
vt 0.872959 0.751937
vt 0.940535 0.814734
vt 0.929579 0.869725
vt 0.928610 0.868758
vt 0.582916 0.792601
vt 0.607864 0.785253
vt 0.608668 0.808367
vt 0.586648 0.823068
vt 0.872443 0.782323
vt 0.622107 0.805082
vt 0.621977 0.813840
vt 0.912246 0.921020
vt 0.911507 0.919537
vt 0.619604 0.805769
vt 0.920833 0.856378
vt 0.887233 0.808476
vt 0.876586 0.805725
vt 0.873158 0.805157
vt 0.626440 0.823885
vt 0.625233 0.821062
vt 0.625353 0.810552
vt 0.626440 0.809661
vt 0.907036 0.901371
vt 0.883116 0.826121
vt 0.876709 0.817089
vt 0.612952 0.826336
vt 0.596251 0.855098
vt 0.881080 0.952546
vt 0.880226 0.982515
vt 0.870110 0.985722
vt 0.870111 0.963675
vt 0.606189 0.871245
vt 0.618084 0.839028
vt 0.623024 0.855157
vt 0.617689 0.888180
vt 0.898180 0.954103
vt 0.898666 0.955960
vt 0.880520 0.984583
vt 0.894276 0.926160
vt 0.626441 0.860857
vt 0.626441 0.898763
vt 0.870110 0.987849
vt 0.875172 0.826433
vt 0.871857 0.830783
vt 0.614318 0.959191
vt 0.626441 0.971598
vt 0.599898 0.932998
vt 0.572139 0.856955
vt 0.585871 0.906830
vt 0.558133 0.778104
vt 0.562272 0.808952
vt 0.550145 0.733521
vt 0.565304 0.501125
vt 0.563178 0.462681
vt 0.564655 0.363720
vt 0.565494 0.345639
vt 0.563843 0.382825
vt 0.569350 0.587244
vt 0.565952 0.543593
vt 0.573617 0.631887
vt 0.563434 0.428028
vt 0.562785 0.402481
vt 0.569500 0.318979
vt 0.878079 0.838576
vt 0.889092 0.871620
vt 0.879306 0.886480
vt 0.874192 0.850898
vt 0.870112 0.901167
vt 0.870113 0.859787
vt 0.907962 0.825440
vt 0.898428 0.854096
vt 0.911276 0.796280
vt 0.914054 0.766133
vt 0.919642 0.682648
vt 0.917067 0.721917
vt 0.932968 0.463908
vt 0.931979 0.502145
vt 0.919505 0.331812
vt 0.922879 0.355244
vt 0.925191 0.376719
vt 0.929597 0.545731
vt 0.927248 0.592830
vt 0.927458 0.396291
vt 0.930537 0.431181
vt 0.924207 0.640166
vt 0.567026 0.270473
vt 0.542465 0.737753
vt 0.551710 0.783434
vt 0.556416 0.813649
vt 0.567944 0.866697
vt 0.582861 0.921499
vt 0.597830 0.956436
vt 0.616295 0.983475
vt 0.626441 0.987849
vt 0.514351 0.243858
vt 0.510064 0.242626
vt 0.510517 0.238606
vt 0.514508 0.238614
vt 0.608267 0.250606
vt 0.557351 0.248623
vt 0.557256 0.238991
vt 0.607862 0.238889
vt 0.675768 0.246247
vt 0.648806 0.249512
vt 0.648227 0.238101
vt 0.678205 0.235801
vt 0.607511 0.227591
vt 0.647826 0.227231
vt 0.510475 0.228039
vt 0.514689 0.228886
vt 0.557240 0.227588
vt 0.679616 0.226934
vt 0.607393 0.215119
vt 0.647542 0.214746
vt 0.512792 0.224643
vt 0.516785 0.223629
vt 0.558065 0.215626
vt 0.680262 0.220997
vt 0.607867 0.208606
vt 0.647724 0.208523
vt 0.516212 0.217588
vt 0.519976 0.215029
vt 0.559540 0.210901
vt 0.678916 0.214551
vt 0.689006 0.150878
vt 0.688978 0.158050
vt 0.684750 0.157305
vt 0.684744 0.151454
vt 0.782059 0.147908
vt 0.781582 0.164372
vt 0.731746 0.161478
vt 0.731962 0.147908
vt 0.850049 0.150480
vt 0.853195 0.165760
vt 0.821431 0.165159
vt 0.822020 0.148811
vt 0.821088 0.176006
vt 0.781270 0.176190
vt 0.689017 0.171600
vt 0.684867 0.172048
vt 0.731607 0.174519
vt 0.855244 0.175284
vt 0.820759 0.188170
vt 0.781122 0.188528
vt 0.690965 0.176678
vt 0.687037 0.175424
vt 0.732335 0.186242
vt 0.856185 0.181887
vt 0.820866 0.193600
vt 0.781502 0.194288
vt 0.693954 0.185798
vt 0.690253 0.182756
vt 0.733745 0.190747
vt 0.854616 0.189406
vt 0.507148 0.248014
vt 0.508272 0.242211
vt 0.559452 0.208845
vt 0.607851 0.206599
vt 0.557397 0.256353
vt 0.514320 0.251442
vt 0.679430 0.212855
vt 0.681233 0.220400
vt 0.680562 0.227508
vt 0.678846 0.237065
vt 0.519718 0.212575
vt 0.509982 0.250274
vt 0.510288 0.226513
vt 0.512424 0.222751
vt 0.515781 0.215085
vt 0.676414 0.252312
vt 0.649002 0.256150
vt 0.509692 0.227874
vt 0.608350 0.257845
vt 0.647780 0.206599
vt 0.870113 0.832881
vt 0.541012 0.067025
vt 0.554071 0.066760
vt 0.538752 0.024001
vt 0.538038 0.018808
vt 0.552438 0.012992
vt 0.552762 0.018164
vt 0.539727 0.029888
vt 0.553161 0.024769
vt 0.540314 0.034519
vt 0.553390 0.030420
vt 0.540482 0.044672
vt 0.553683 0.042411
vt 0.540730 0.052206
vt 0.553859 0.050852
vt 0.540893 0.059552
vt 0.553987 0.058800
vt 0.578817 0.067050
vt 0.578591 0.011385
vt 0.578595 0.015965
vt 0.578600 0.022721
vt 0.578616 0.028588
vt 0.578699 0.041088
vt 0.578745 0.050064
vt 0.578787 0.058536
vt 0.613983 0.067878
vt 0.614095 0.012932
vt 0.614051 0.016578
vt 0.613982 0.023301
vt 0.613951 0.029044
vt 0.613943 0.041514
vt 0.613951 0.050590
vt 0.613968 0.059215
vt 0.656295 0.068315
vt 0.656562 0.013905
vt 0.656485 0.017227
vt 0.656349 0.024141
vt 0.656293 0.029806
vt 0.656273 0.042029
vt 0.656274 0.051014
vt 0.656284 0.059635
vt 0.702979 0.068737
vt 0.703693 0.018633
vt 0.703581 0.021721
vt 0.703363 0.028317
vt 0.703249 0.033434
vt 0.703124 0.044529
vt 0.703055 0.052689
vt 0.703009 0.060650
vt 0.752270 0.068793
vt 0.753175 0.024880
vt 0.753058 0.027972
vt 0.752850 0.033697
vt 0.752719 0.038132
vt 0.752527 0.047750
vt 0.752410 0.054840
vt 0.752326 0.061759
vt 0.801807 0.068957
vt 0.802668 0.032323
vt 0.802554 0.035329
vt 0.802377 0.040036
vt 0.802260 0.043683
vt 0.802070 0.051604
vt 0.801952 0.057444
vt 0.801865 0.063151
vt 0.849411 0.069020
vt 0.849991 0.038965
vt 0.849905 0.041988
vt 0.849798 0.045767
vt 0.849724 0.048695
vt 0.849595 0.055059
vt 0.849513 0.059755
vt 0.849452 0.064346
vt 0.892630 0.069058
vt 0.892875 0.042468
vt 0.892838 0.045631
vt 0.892799 0.048907
vt 0.892770 0.051444
vt 0.892714 0.056954
vt 0.892678 0.061024
vt 0.892649 0.065004
vt 0.929021 0.068804
vt 0.928919 0.042931
vt 0.928946 0.046307
vt 0.928971 0.049446
vt 0.928987 0.051879
vt 0.929006 0.057169
vt 0.929015 0.061079
vt 0.929019 0.064904
vt 0.956166 0.068329
vt 0.955730 0.041065
vt 0.955860 0.044801
vt 0.955972 0.048074
vt 0.956033 0.050619
vt 0.956112 0.056173
vt 0.956146 0.060263
vt 0.956164 0.064261
vt 0.971547 0.063478
vt 0.970899 0.038125
vt 0.971103 0.042168
vt 0.970415 0.045236
vt 0.970850 0.049260
vt 0.971713 0.055639
vt 0.631026 0.366408
vt 0.630891 0.373643
vt 0.868062 0.372972
vt 0.866587 0.371287
vt 0.866733 0.376446
vt 0.639118 0.363751
vt 0.642497 0.365318
vt 0.642440 0.368014
vt 0.638203 0.366635
vt 0.635004 0.366391
vt 0.635783 0.373098
vt 0.630526 0.407779
vt 0.865114 0.376792
vt 0.866307 0.413781
vt 0.637287 0.373081
vt 0.642253 0.373045
vt 0.641078 0.408428
vt 0.636226 0.408205
vt 0.634596 0.408006
vt 0.629609 0.442925
vt 0.866671 0.447094
vt 0.865093 0.578264
vt 0.860285 0.577956
vt 0.860196 0.531025
vt 0.864713 0.531331
vt 0.633436 0.443055
vt 0.629306 0.484444
vt 0.866868 0.486876
vt 0.632910 0.484436
vt 0.628984 0.529652
vt 0.867142 0.531248
vt 0.634615 0.484554
vt 0.639960 0.485459
vt 0.639092 0.529662
vt 0.634107 0.529765
vt 0.632379 0.529652
vt 0.628924 0.576933
vt 0.867680 0.578184
vt 0.631585 0.576887
vt 0.628565 0.624557
vt 0.868160 0.625673
vt 0.632572 0.624649
vt 0.637884 0.624529
vt 0.638395 0.672110
vt 0.632171 0.670875
vt 0.630842 0.624538
vt 0.628431 0.670823
vt 0.868457 0.671813
vt 0.864124 0.413856
vt 0.860151 0.413503
vt 0.859880 0.379806
vt 0.863451 0.378416
vt 0.630400 0.670780
vt 0.627991 0.713687
vt 0.868866 0.714590
vt 0.646589 0.715344
vt 0.647583 0.754628
vt 0.635053 0.752316
vt 0.635459 0.714712
vt 0.629911 0.714078
vt 0.627691 0.751403
vt 0.868799 0.752018
vt 0.677031 0.676099
vt 0.675492 0.718567
vt 0.650449 0.673178
vt 0.629443 0.751348
vt 0.627489 0.781966
vt 0.868998 0.782402
vt 0.631482 0.714551
vt 0.629327 0.782013
vt 0.868279 0.804827
vt 0.631326 0.751520
vt 0.629045 0.804294
vt 0.627495 0.802746
vt 0.535884 0.029985
vt 0.534720 0.024167
vt 0.537542 0.067374
vt 0.537339 0.060030
vt 0.537123 0.052762
vt 0.536813 0.045293
vt 0.536414 0.034837
vt 0.533941 0.020006
vt 0.518868 0.061880
vt 0.518647 0.055844
vt 0.519005 0.068043
vt 0.516733 0.035228
vt 0.516097 0.031422
vt 0.517451 0.039852
vt 0.517884 0.043534
vt 0.518322 0.049644
vt 0.639988 0.360889
vt 0.642919 0.364126
vt 0.644558 0.359821
vt 0.649424 0.364025
vt 0.861852 0.373672
vt 0.859846 0.367714
vt 0.860202 0.367417
vt 0.849379 0.412857
vt 0.849444 0.390282
vt 0.640066 0.443277
vt 0.654680 0.444802
vt 0.653486 0.485970
vt 0.849504 0.378545
vt 0.859720 0.376649
vt 0.859727 0.487622
vt 0.846493 0.487405
vt 0.846007 0.447132
vt 0.860164 0.446852
vt 0.655126 0.532611
vt 0.653291 0.577480
vt 0.638537 0.576933
vt 0.865658 0.671899
vt 0.866976 0.715464
vt 0.861837 0.715182
vt 0.859272 0.672616
vt 0.845142 0.577456
vt 0.844319 0.533211
vt 0.864397 0.447174
vt 0.633383 0.577013
vt 0.865439 0.625756
vt 0.860392 0.625457
vt 0.635132 0.443231
vt 0.864525 0.486961
vt 0.637378 0.358086
vt 0.637390 0.361985
vt 0.798423 0.732503
vt 0.806116 0.777810
vt 0.795791 0.783450
vt 0.786873 0.736614
vt 0.862952 0.376666
vt 0.864485 0.374787
vt 0.865649 0.374754
vt 0.639513 0.357964
vt 0.639530 0.355522
vt 0.861103 0.373848
vt 0.790485 0.695969
vt 0.777118 0.701582
vt 0.768673 0.663009
vt 0.782572 0.656723
vt 0.769380 0.483615
vt 0.753206 0.494120
vt 0.755550 0.460926
vt 0.772260 0.452436
vt 0.733086 0.524984
vt 0.745730 0.531560
vt 0.740726 0.585335
vt 0.728984 0.576265
vt 0.776713 0.410221
vt 0.763375 0.416067
vt 0.767063 0.387063
vt 0.781753 0.384226
vt 0.773939 0.571648
vt 0.758086 0.579589
vt 0.756272 0.527999
vt 0.770353 0.518854
vt 0.723882 0.613854
vt 0.735202 0.621269
vt 0.728886 0.666936
vt 0.717983 0.659289
vt 0.702354 0.296839
vt 0.707665 0.290596
vt 0.715378 0.320965
vt 0.709266 0.326290
vt 0.848963 0.625337
vt 0.653068 0.385693
vt 0.652145 0.409246
vt 0.648926 0.625328
vt 0.847421 0.673336
vt 0.640275 0.359444
vt 0.653785 0.373273
vt 0.728662 0.415724
vt 0.739309 0.418939
vt 0.742603 0.465131
vt 0.731149 0.457238
vt 0.724229 0.389163
vt 0.733912 0.390810
vt 0.655167 0.363072
vt 0.848770 0.368440
vt 0.855341 0.371035
vt 0.646065 0.352104
vt 0.650912 0.353108
vt 0.853244 0.359492
vt 0.858226 0.359216
vt 0.852874 0.348029
vt 0.857010 0.348721
vt 0.653311 0.340462
vt 0.658289 0.343008
vt 0.657435 0.354008
vt 0.846777 0.359051
vt 0.762042 0.617033
vt 0.777618 0.610127
vt 0.858565 0.359005
vt 0.651314 0.326984
vt 0.660375 0.304138
vt 0.857349 0.348482
vt 0.846551 0.346979
vt 0.819369 0.274248
vt 0.809953 0.274391
vt 0.809780 0.273280
vt 0.818998 0.272339
vt 0.647688 0.342205
vt 0.844670 0.310023
vt 0.845091 0.308994
vt 0.854062 0.332217
vt 0.853710 0.332608
vt 0.819416 0.273897
vt 0.820337 0.272882
vt 0.824538 0.279038
vt 0.823961 0.280428
vt 0.664211 0.308355
vt 0.681719 0.276318
vt 0.683174 0.277678
vt 0.674046 0.301486
vt 0.839979 0.312173
vt 0.762525 0.415751
vt 0.754893 0.461091
vt 0.751885 0.494731
vt 0.755140 0.528815
vt 0.757220 0.580207
vt 0.761221 0.617721
vt 0.767700 0.663754
vt 0.775874 0.702574
vt 0.766090 0.386485
vt 0.776165 0.357814
vt 0.776593 0.358195
vt 0.784875 0.312786
vt 0.785389 0.313711
vt 0.798473 0.288036
vt 0.798895 0.288425
vt 0.797796 0.320399
vt 0.806254 0.297627
vt 0.692153 0.278591
vt 0.695870 0.270156
vt 0.745326 0.496533
vt 0.733270 0.489413
vt 0.719193 0.703010
vt 0.709910 0.697194
vt 0.787680 0.356081
vt 0.850947 0.715578
vt 0.822851 0.283600
vt 0.815281 0.284735
vt 0.719076 0.359427
vt 0.727596 0.358054
vt 0.826426 0.318502
vt 0.829552 0.313277
vt 0.831584 0.308126
vt 0.678872 0.308629
vt 0.785890 0.737500
vt 0.861966 0.752621
vt 0.862869 0.782931
vt 0.852205 0.785383
vt 0.849711 0.754789
vt 0.810213 0.808256
vt 0.800654 0.813750
vt 0.634139 0.782829
vt 0.631252 0.782250
vt 0.672083 0.759335
vt 0.794803 0.784389
vt 0.867269 0.751936
vt 0.811615 0.868749
vt 0.810646 0.869716
vt 0.799692 0.814723
vt 0.669965 0.792600
vt 0.666233 0.823067
vt 0.644213 0.808366
vt 0.645016 0.785252
vt 0.867785 0.782322
vt 0.630774 0.805082
vt 0.630903 0.813840
vt 0.828716 0.919531
vt 0.827977 0.921014
vt 0.633277 0.805769
vt 0.819392 0.856371
vt 0.863641 0.805724
vt 0.852994 0.808474
vt 0.867069 0.805157
vt 0.627528 0.810552
vt 0.627648 0.821062
vt 0.833187 0.901365
vt 0.863518 0.817088
vt 0.857111 0.826119
vt 0.639929 0.826335
vt 0.656630 0.855096
vt 0.859142 0.952544
vt 0.859994 0.982513
vt 0.646692 0.871244
vt 0.635192 0.888180
vt 0.629857 0.855156
vt 0.634796 0.839028
vt 0.842041 0.954098
vt 0.859701 0.984581
vt 0.841555 0.955955
vt 0.845946 0.926156
vt 0.868369 0.830783
vt 0.865054 0.826433
vt 0.638564 0.959191
vt 0.652984 0.932997
vt 0.680742 0.856953
vt 0.667010 0.906828
vt 0.694747 0.778101
vt 0.690609 0.808949
vt 0.702734 0.733518
vt 0.689700 0.462680
vt 0.687574 0.501124
vt 0.687384 0.345639
vt 0.688222 0.363720
vt 0.689034 0.382824
vt 0.686926 0.543592
vt 0.683528 0.587243
vt 0.679262 0.631885
vt 0.689444 0.428027
vt 0.690092 0.402480
vt 0.683377 0.318979
vt 0.862146 0.838575
vt 0.866034 0.850897
vt 0.860918 0.886479
vt 0.851132 0.871617
vt 0.841797 0.854092
vt 0.832265 0.825435
vt 0.828952 0.796274
vt 0.826174 0.766127
vt 0.823162 0.721912
vt 0.820589 0.682643
vt 0.808256 0.502140
vt 0.807268 0.463904
vt 0.817359 0.355242
vt 0.820733 0.331811
vt 0.815046 0.376716
vt 0.812985 0.592825
vt 0.810637 0.545727
vt 0.809699 0.431177
vt 0.812779 0.396288
vt 0.816025 0.640160
vt 0.685850 0.270474
vt 0.710415 0.737750
vt 0.701170 0.783431
vt 0.696464 0.813646
vt 0.684937 0.866695
vt 0.670020 0.921497
vt 0.655052 0.956435
vt 0.636588 0.983475
vt 0.537798 0.072512
vt 0.550728 0.072512
vt 0.550699 0.078263
vt 0.537639 0.077998
vt 0.535379 0.121022
vt 0.549390 0.126859
vt 0.549065 0.132031
vt 0.534665 0.126215
vt 0.536354 0.115135
vt 0.549788 0.120254
vt 0.536942 0.110504
vt 0.550017 0.114603
vt 0.537109 0.100351
vt 0.550310 0.102612
vt 0.537357 0.092817
vt 0.550486 0.094171
vt 0.537520 0.085472
vt 0.550614 0.086223
vt 0.575451 0.072512
vt 0.575445 0.077973
vt 0.575222 0.129058
vt 0.575218 0.133638
vt 0.575227 0.122302
vt 0.575244 0.116435
vt 0.575326 0.103935
vt 0.575372 0.094959
vt 0.575414 0.086487
vt 0.610618 0.072512
vt 0.610611 0.077145
vt 0.610679 0.128445
vt 0.610722 0.132092
vt 0.610609 0.121722
vt 0.610578 0.115979
vt 0.610570 0.103510
vt 0.610578 0.094433
vt 0.610595 0.085808
vt 0.652927 0.072512
vt 0.652922 0.076708
vt 0.653113 0.127797
vt 0.653189 0.131118
vt 0.652976 0.120882
vt 0.652920 0.115218
vt 0.652901 0.102994
vt 0.652902 0.094009
vt 0.652911 0.085389
vt 0.699594 0.072512
vt 0.699606 0.076286
vt 0.700208 0.123302
vt 0.700320 0.126390
vt 0.699990 0.116707
vt 0.699876 0.111590
vt 0.699751 0.100494
vt 0.699682 0.092335
vt 0.699636 0.084373
vt 0.531347 0.120856
vt 0.532511 0.115038
vt 0.533967 0.084993
vt 0.534169 0.077649
vt 0.533440 0.099729
vt 0.533750 0.092262
vt 0.533041 0.110186
vt 0.530568 0.125017
vt 0.534203 0.072512
vt 0.515274 0.089179
vt 0.515495 0.083143
vt 0.515632 0.076980
vt 0.515680 0.072512
vt 0.512724 0.113601
vt 0.513360 0.109794
vt 0.514078 0.105171
vt 0.514511 0.101489
vt 0.514949 0.095379
vt 0.510978 0.243858
vt 0.506691 0.242626
vt 0.507144 0.238606
vt 0.511135 0.238614
vt 0.604894 0.250606
vt 0.553978 0.248623
vt 0.553883 0.238991
vt 0.604489 0.238889
vt 0.672395 0.246247
vt 0.645434 0.249512
vt 0.644854 0.238101
vt 0.674833 0.235801
vt 0.604139 0.227591
vt 0.644453 0.227231
vt 0.507102 0.228039
vt 0.511316 0.228886
vt 0.553867 0.227588
vt 0.676244 0.226934
vt 0.604020 0.215119
vt 0.644169 0.214746
vt 0.509419 0.224643
vt 0.513413 0.223629
vt 0.554692 0.215626
vt 0.676889 0.220997
vt 0.604494 0.208606
vt 0.644352 0.208523
vt 0.512839 0.217588
vt 0.516603 0.215029
vt 0.556167 0.210901
vt 0.675543 0.214551
vt 0.685633 0.150878
vt 0.685605 0.158050
vt 0.681378 0.157305
vt 0.681372 0.151454
vt 0.778686 0.147908
vt 0.778209 0.164372
vt 0.728373 0.161478
vt 0.728589 0.147908
vt 0.846676 0.150480
vt 0.849823 0.165760
vt 0.818058 0.165159
vt 0.818648 0.148811
vt 0.817715 0.176006
vt 0.777897 0.176190
vt 0.685644 0.171600
vt 0.681494 0.172048
vt 0.728234 0.174519
vt 0.851871 0.175284
vt 0.817386 0.188170
vt 0.777749 0.188528
vt 0.687593 0.176678
vt 0.683664 0.175424
vt 0.728962 0.186242
vt 0.852813 0.181887
vt 0.817493 0.193600
vt 0.778129 0.194288
vt 0.690581 0.185798
vt 0.686880 0.182756
vt 0.730372 0.190747
vt 0.851243 0.189406
vt 0.503775 0.248014
vt 0.504899 0.242211
vt 0.556079 0.208845
vt 0.604478 0.206599
vt 0.554024 0.256353
vt 0.510947 0.251442
vt 0.676057 0.212855
vt 0.677861 0.220400
vt 0.677189 0.227508
vt 0.675474 0.237065
vt 0.516345 0.212575
vt 0.506609 0.250274
vt 0.506915 0.226513
vt 0.509052 0.222751
vt 0.512408 0.215085
vt 0.673041 0.252312
vt 0.645629 0.256150
vt 0.506320 0.227874
vt 0.604977 0.257845
vt 0.644407 0.206599
vt 0.537639 0.067025
vt 0.550699 0.066760
vt 0.535379 0.024001
vt 0.534665 0.018808
vt 0.549065 0.012992
vt 0.549390 0.018164
vt 0.536354 0.029888
vt 0.549788 0.024769
vt 0.536942 0.034519
vt 0.550017 0.030420
vt 0.537109 0.044672
vt 0.550311 0.042411
vt 0.537357 0.052206
vt 0.550486 0.050852
vt 0.537520 0.059552
vt 0.550614 0.058800
vt 0.575445 0.067050
vt 0.575218 0.011385
vt 0.575222 0.015965
vt 0.575227 0.022721
vt 0.575244 0.028588
vt 0.575326 0.041088
vt 0.575373 0.050064
vt 0.575414 0.058536
vt 0.610611 0.067878
vt 0.610722 0.012932
vt 0.610679 0.016578
vt 0.610609 0.023301
vt 0.610578 0.029044
vt 0.610570 0.041514
vt 0.610578 0.050590
vt 0.610595 0.059215
vt 0.652922 0.068315
vt 0.653189 0.013905
vt 0.653113 0.017227
vt 0.652976 0.024141
vt 0.652920 0.029806
vt 0.652901 0.042029
vt 0.652902 0.051014
vt 0.652911 0.059635
vt 0.699606 0.068737
vt 0.700320 0.018633
vt 0.700208 0.021721
vt 0.699990 0.028317
vt 0.699876 0.033434
vt 0.699751 0.044529
vt 0.699682 0.052689
vt 0.699636 0.060650
vt 0.532511 0.029985
vt 0.531347 0.024167
vt 0.534169 0.067374
vt 0.533967 0.060030
vt 0.533750 0.052762
vt 0.533440 0.045293
vt 0.533041 0.034837
vt 0.530568 0.020006
vt 0.515495 0.061880
vt 0.515274 0.055844
vt 0.515632 0.068043
vt 0.513360 0.035228
vt 0.512724 0.031422
vt 0.514078 0.039852
vt 0.514511 0.043534
vt 0.514949 0.049644
vt 0.541249 0.072512
vt 0.554179 0.072512
vt 0.554149 0.078263
vt 0.541090 0.077998
vt 0.538830 0.121022
vt 0.552841 0.126859
vt 0.552516 0.132031
vt 0.538116 0.126215
vt 0.539805 0.115135
vt 0.553239 0.120254
vt 0.540392 0.110504
vt 0.553468 0.114603
vt 0.540560 0.100351
vt 0.553761 0.102612
vt 0.540808 0.092817
vt 0.553937 0.094171
vt 0.540971 0.085472
vt 0.554066 0.086223
vt 0.578902 0.072512
vt 0.578895 0.077973
vt 0.578673 0.129058
vt 0.578669 0.133638
vt 0.578678 0.122302
vt 0.578695 0.116435
vt 0.578777 0.103935
vt 0.578823 0.094959
vt 0.578865 0.086487
vt 0.614069 0.072512
vt 0.614061 0.077145
vt 0.614130 0.128445
vt 0.614173 0.132092
vt 0.614060 0.121722
vt 0.614029 0.115979
vt 0.614021 0.103510
vt 0.614029 0.094433
vt 0.614046 0.085808
vt 0.656377 0.072512
vt 0.656373 0.076708
vt 0.656563 0.127797
vt 0.656640 0.131118
vt 0.656427 0.120882
vt 0.656371 0.115218
vt 0.656352 0.102994
vt 0.656353 0.094009
vt 0.656362 0.085389
vt 0.703045 0.072512
vt 0.703057 0.076286
vt 0.703659 0.123302
vt 0.703771 0.126390
vt 0.703441 0.116707
vt 0.703327 0.111590
vt 0.703202 0.100494
vt 0.703133 0.092335
vt 0.703087 0.084373
vt 0.752327 0.072512
vt 0.752348 0.076231
vt 0.753136 0.117052
vt 0.753253 0.120145
vt 0.752928 0.111327
vt 0.752797 0.106893
vt 0.752605 0.097274
vt 0.752488 0.090184
vt 0.752404 0.083265
vt 0.801864 0.072512
vt 0.801885 0.076067
vt 0.802633 0.109695
vt 0.802747 0.112700
vt 0.802456 0.104988
vt 0.802338 0.101341
vt 0.802149 0.093420
vt 0.802030 0.087579
vt 0.801943 0.081873
vt 0.849472 0.072511
vt 0.849489 0.076003
vt 0.849984 0.103034
vt 0.850069 0.106057
vt 0.849876 0.099255
vt 0.849802 0.096327
vt 0.849674 0.089963
vt 0.849592 0.085267
vt 0.849530 0.080676
vt 0.892704 0.072512
vt 0.892708 0.075966
vt 0.892916 0.099393
vt 0.892953 0.102556
vt 0.892877 0.096116
vt 0.892847 0.093580
vt 0.892792 0.088069
vt 0.892756 0.084000
vt 0.892727 0.080020
vt 0.929100 0.072512
vt 0.929099 0.076220
vt 0.929025 0.098717
vt 0.928998 0.102093
vt 0.929049 0.095577
vt 0.929065 0.093145
vt 0.929084 0.087855
vt 0.929093 0.083946
vt 0.929097 0.080120
vt 0.956247 0.072512
vt 0.956244 0.076695
vt 0.955939 0.100223
vt 0.955809 0.103959
vt 0.956050 0.096950
vt 0.956111 0.094404
vt 0.956190 0.088851
vt 0.956224 0.084760
vt 0.956242 0.080763
vt 0.971614 0.072512
vt 0.971625 0.081545
vt 0.971181 0.102855
vt 0.970977 0.106899
vt 0.970493 0.099787
vt 0.970928 0.095763
vt 0.971791 0.089385
vt 0.626517 0.366301
vt 0.626517 0.373126
vt 0.622065 0.373643
vt 0.621929 0.366408
vt 0.872253 0.372973
vt 0.870196 0.380206
vt 0.870196 0.373027
vt 0.873728 0.371287
vt 0.873581 0.376446
vt 0.613837 0.363751
vt 0.614753 0.366635
vt 0.610516 0.368015
vt 0.610459 0.365318
vt 0.617173 0.373098
vt 0.617952 0.366391
vt 0.626517 0.407388
vt 0.622430 0.407779
vt 0.870196 0.413741
vt 0.875201 0.376792
vt 0.874007 0.413781
vt 0.615669 0.373081
vt 0.616730 0.408205
vt 0.611878 0.408428
vt 0.610703 0.373045
vt 0.618360 0.408006
vt 0.626517 0.442720
vt 0.623347 0.442925
vt 0.873643 0.447094
vt 0.870196 0.447102
vt 0.875218 0.578265
vt 0.875600 0.531331
vt 0.880117 0.531026
vt 0.880027 0.577957
vt 0.619520 0.443055
vt 0.626517 0.484255
vt 0.623650 0.484444
vt 0.873445 0.486876
vt 0.870196 0.486881
vt 0.620047 0.484437
vt 0.626517 0.529460
vt 0.623972 0.529652
vt 0.873170 0.531248
vt 0.870195 0.531253
vt 0.618341 0.484554
vt 0.618849 0.529765
vt 0.613864 0.529662
vt 0.612997 0.485459
vt 0.620577 0.529652
vt 0.626517 0.576707
vt 0.624032 0.576933
vt 0.872632 0.578185
vt 0.870195 0.578189
vt 0.621372 0.576887
vt 0.626518 0.624412
vt 0.624392 0.624558
vt 0.872150 0.625673
vt 0.870194 0.625676
vt 0.620385 0.624649
vt 0.620787 0.670875
vt 0.614562 0.672111
vt 0.615073 0.624529
vt 0.622115 0.624538
vt 0.626518 0.670673
vt 0.624526 0.670823
vt 0.871853 0.671814
vt 0.870194 0.671816
vt 0.876191 0.413856
vt 0.876864 0.378416
vt 0.880435 0.379806
vt 0.880163 0.413503
vt 0.622558 0.670780
vt 0.626518 0.713553
vt 0.624967 0.713688
vt 0.871442 0.714590
vt 0.870193 0.714592
vt 0.606369 0.715345
vt 0.617499 0.714712
vt 0.617905 0.752316
vt 0.605375 0.754628
vt 0.623047 0.714078
vt 0.626518 0.751291
vt 0.625267 0.751403
vt 0.871508 0.752018
vt 0.870192 0.752039
vt 0.575927 0.676101
vt 0.602508 0.673178
vt 0.577466 0.718569
vt 0.623515 0.751348
vt 0.626518 0.781871
vt 0.625470 0.781966
vt 0.871308 0.782402
vt 0.870192 0.782454
vt 0.621476 0.714551
vt 0.623631 0.782013
vt 0.872026 0.804828
vt 0.870191 0.804204
vt 0.621632 0.751521
vt 0.625463 0.802747
vt 0.623913 0.804294
vt 0.626518 0.800801
vt 0.534799 0.120856
vt 0.535962 0.115038
vt 0.537418 0.084993
vt 0.537620 0.077649
vt 0.536891 0.099729
vt 0.537201 0.092262
vt 0.536492 0.110186
vt 0.534019 0.125017
vt 0.537654 0.072512
vt 0.518725 0.089179
vt 0.518946 0.083143
vt 0.519083 0.076980
vt 0.519131 0.072512
vt 0.516175 0.113601
vt 0.516811 0.109794
vt 0.517529 0.105171
vt 0.517962 0.101489
vt 0.518400 0.095379
vt 0.612968 0.360888
vt 0.610036 0.364126
vt 0.603532 0.364025
vt 0.608398 0.359821
vt 0.878463 0.373672
vt 0.880113 0.367417
vt 0.880469 0.367714
vt 0.890870 0.390283
vt 0.890935 0.412858
vt 0.612890 0.443277
vt 0.599470 0.485971
vt 0.598276 0.444802
vt 0.880594 0.376649
vt 0.890810 0.378546
vt 0.880587 0.487622
vt 0.880149 0.446853
vt 0.894306 0.447134
vt 0.893820 0.487407
vt 0.614420 0.576933
vt 0.599666 0.577481
vt 0.597830 0.532612
vt 0.874651 0.671900
vt 0.881037 0.672617
vt 0.878471 0.715182
vt 0.873332 0.715464
vt 0.895993 0.533213
vt 0.895170 0.577459
vt 0.875917 0.447175
vt 0.619574 0.577014
vt 0.874871 0.625757
vt 0.879918 0.625458
vt 0.617824 0.443231
vt 0.875789 0.486961
vt 0.615578 0.358086
vt 0.615565 0.361985
vt 0.941886 0.732513
vt 0.953435 0.736624
vt 0.944515 0.783461
vt 0.934190 0.777819
vt 0.875830 0.374787
vt 0.877363 0.376666
vt 0.874665 0.374755
vt 0.613442 0.357964
vt 0.613426 0.355522
vt 0.879212 0.373848
vt 0.949824 0.695978
vt 0.957738 0.656732
vt 0.971637 0.663019
vt 0.963191 0.701592
vt 0.970934 0.483622
vt 0.968054 0.452442
vt 0.984765 0.460934
vt 0.987108 0.494129
vt 0.519871 0.524987
vt 0.523973 0.576268
vt 0.512231 0.585338
vt 0.507226 0.531563
vt 0.963602 0.410226
vt 0.958563 0.384231
vt 0.973253 0.387068
vt 0.976940 0.416074
vt 0.966374 0.571655
vt 0.969960 0.518861
vt 0.984041 0.528007
vt 0.982226 0.579598
vt 0.529074 0.613857
vt 0.534974 0.659292
vt 0.524071 0.666940
vt 0.517755 0.621272
vt 0.550601 0.296840
vt 0.543689 0.326291
vt 0.537577 0.320966
vt 0.545290 0.290597
vt 0.891348 0.625339
vt 0.600811 0.409246
vt 0.599887 0.385693
vt 0.604031 0.625329
vt 0.892888 0.673338
vt 0.612681 0.359443
vt 0.599171 0.373273
vt 0.524293 0.415726
vt 0.521807 0.457240
vt 0.510353 0.465134
vt 0.513646 0.418942
vt 0.528726 0.389165
vt 0.519043 0.390812
vt 0.597788 0.363073
vt 0.891545 0.368440
vt 0.884973 0.371035
vt 0.602044 0.353108
vt 0.606890 0.352104
vt 0.882089 0.359216
vt 0.887071 0.359492
vt 0.883305 0.348721
vt 0.887441 0.348029
vt 0.595520 0.354008
vt 0.594667 0.343008
vt 0.599644 0.340461
vt 0.893538 0.359051
vt 0.962694 0.610134
vt 0.978270 0.617042
vt 0.881750 0.359005
vt 0.592580 0.304138
vt 0.601642 0.326984
vt 0.882966 0.348481
vt 0.893764 0.346979
vt 0.920933 0.274141
vt 0.920660 0.272606
vt 0.930537 0.273281
vt 0.930364 0.274391
vt 0.605268 0.342205
vt 0.895646 0.310022
vt 0.886605 0.332608
vt 0.886253 0.332217
vt 0.895225 0.308993
vt 0.916356 0.280427
vt 0.915779 0.279037
vt 0.588745 0.308354
vt 0.578909 0.301486
vt 0.569781 0.277677
vt 0.571236 0.276318
vt 0.900337 0.312173
vt 0.977791 0.415757
vt 0.985422 0.461099
vt 0.988429 0.494740
vt 0.985174 0.528823
vt 0.983093 0.580217
vt 0.979091 0.617730
vt 0.972611 0.663764
vt 0.964435 0.702585
vt 0.974226 0.386491
vt 0.963723 0.358200
vt 0.964151 0.357818
vt 0.954928 0.313715
vt 0.955442 0.312789
vt 0.941844 0.288038
vt 0.941422 0.288427
vt 0.942521 0.320402
vt 0.934063 0.297628
vt 0.557085 0.270156
vt 0.560802 0.278591
vt 0.519686 0.489416
vt 0.507630 0.496536
vt 0.543048 0.697196
vt 0.533765 0.703013
vt 0.952636 0.356085
vt 0.889361 0.715580
vt 0.917466 0.283600
vt 0.925036 0.284736
vt 0.533879 0.359429
vt 0.525359 0.358056
vt 0.913890 0.318503
vt 0.910765 0.313277
vt 0.908732 0.308126
vt 0.574083 0.308630
vt 0.954418 0.737510
vt 0.878341 0.752622
vt 0.890596 0.754792
vt 0.888101 0.785386
vt 0.877437 0.782932
vt 0.939651 0.813760
vt 0.930092 0.808265
vt 0.621707 0.782251
vt 0.618820 0.782829
vt 0.580875 0.759337
vt 0.945503 0.784399
vt 0.873038 0.751937
vt 0.940613 0.814734
vt 0.929657 0.869725
vt 0.928688 0.868758
vt 0.582994 0.792601
vt 0.607942 0.785253
vt 0.608746 0.808367
vt 0.586726 0.823068
vt 0.872521 0.782323
vt 0.622185 0.805082
vt 0.622055 0.813840
vt 0.912324 0.921020
vt 0.911585 0.919537
vt 0.619682 0.805769
vt 0.920911 0.856378
vt 0.887311 0.808476
vt 0.876664 0.805725
vt 0.873236 0.805157
vt 0.626518 0.823885
vt 0.625311 0.821062
vt 0.625431 0.810552
vt 0.626519 0.809661
vt 0.907114 0.901371
vt 0.883194 0.826121
vt 0.876787 0.817089
vt 0.613030 0.826336
vt 0.596330 0.855098
vt 0.881158 0.952546
vt 0.880304 0.982515
vt 0.870188 0.985722
vt 0.870189 0.963675
vt 0.606268 0.871245
vt 0.618163 0.839028
vt 0.623102 0.855157
vt 0.617767 0.888180
vt 0.898258 0.954103
vt 0.898745 0.955960
vt 0.880598 0.984583
vt 0.894354 0.926160
vt 0.626519 0.860857
vt 0.626519 0.898763
vt 0.870188 0.987849
vt 0.875250 0.826433
vt 0.871935 0.830783
vt 0.614396 0.959191
vt 0.626519 0.971598
vt 0.599976 0.932998
vt 0.572217 0.856955
vt 0.585949 0.906830
vt 0.558211 0.778104
vt 0.562350 0.808952
vt 0.550224 0.733521
vt 0.565382 0.501125
vt 0.563256 0.462681
vt 0.564733 0.363720
vt 0.565572 0.345639
vt 0.563922 0.382825
vt 0.569428 0.587244
vt 0.566030 0.543593
vt 0.573696 0.631887
vt 0.563512 0.428028
vt 0.562864 0.402481
vt 0.569578 0.318979
vt 0.878157 0.838576
vt 0.889170 0.871620
vt 0.879384 0.886480
vt 0.874270 0.850898
vt 0.870190 0.901167
vt 0.870191 0.859787
vt 0.908040 0.825440
vt 0.898506 0.854096
vt 0.911353 0.796280
vt 0.914132 0.766133
vt 0.919720 0.682648
vt 0.917146 0.721917
vt 0.933046 0.463908
vt 0.932057 0.502145
vt 0.919583 0.331812
vt 0.922957 0.355244
vt 0.925269 0.376719
vt 0.929675 0.545731
vt 0.927326 0.592830
vt 0.927536 0.396291
vt 0.930615 0.431181
vt 0.924285 0.640166
vt 0.567105 0.270473
vt 0.542543 0.737753
vt 0.551788 0.783434
vt 0.556495 0.813649
vt 0.568022 0.866697
vt 0.582940 0.921499
vt 0.597908 0.956436
vt 0.616373 0.983475
vt 0.626519 0.987849
vt 0.514429 0.243858
vt 0.510142 0.242626
vt 0.510595 0.238606
vt 0.514586 0.238614
vt 0.580933 0.248975
vt 0.537042 0.246364
vt 0.537067 0.238813
vt 0.580693 0.238860
vt 0.675846 0.246247
vt 0.648885 0.249512
vt 0.648305 0.238101
vt 0.678283 0.235801
vt 0.580508 0.227827
vt 0.647904 0.227231
vt 0.510553 0.228039
vt 0.514767 0.228886
vt 0.537144 0.228203
vt 0.679694 0.226934
vt 0.580984 0.216772
vt 0.647620 0.214746
vt 0.512870 0.224643
vt 0.516864 0.223629
vt 0.538572 0.219420
vt 0.680340 0.220997
vt 0.582155 0.210241
vt 0.647803 0.208523
vt 0.516290 0.217588
vt 0.520054 0.215029
vt 0.540861 0.212858
vt 0.678994 0.214551
vt 0.689084 0.150878
vt 0.689056 0.158050
vt 0.684828 0.157305
vt 0.684822 0.151454
vt 0.755049 0.148449
vt 0.754706 0.162635
vt 0.711547 0.159853
vt 0.711674 0.149316
vt 0.850127 0.150480
vt 0.853274 0.165760
vt 0.821509 0.165159
vt 0.822098 0.148811
vt 0.821166 0.176006
vt 0.754493 0.175015
vt 0.689095 0.171600
vt 0.684945 0.172048
vt 0.711493 0.173135
vt 0.855322 0.175284
vt 0.820837 0.188170
vt 0.754905 0.185906
vt 0.691043 0.176678
vt 0.687115 0.175424
vt 0.712799 0.181707
vt 0.856264 0.181887
vt 0.820944 0.193600
vt 0.755968 0.192025
vt 0.694032 0.185798
vt 0.690331 0.182756
vt 0.714958 0.188401
vt 0.854694 0.189406
vt 0.507226 0.248014
vt 0.508350 0.242211
vt 0.540692 0.210613
vt 0.582081 0.208142
vt 0.537052 0.254025
vt 0.514398 0.251442
vt 0.679508 0.212855
vt 0.681312 0.220400
vt 0.680640 0.227508
vt 0.678925 0.237065
vt 0.519796 0.212575
vt 0.510060 0.250274
vt 0.510098 0.227125
vt 0.512503 0.222751
vt 0.515859 0.215085
vt 0.676492 0.252312
vt 0.649080 0.256150
vt 0.583372 0.249184
vt 0.647858 0.206599
vt 0.870191 0.832881
vt 0.541090 0.067025
vt 0.554149 0.066760
vt 0.538830 0.024001
vt 0.538116 0.018808
vt 0.552516 0.012992
vt 0.552841 0.018164
vt 0.539805 0.029888
vt 0.553239 0.024769
vt 0.540393 0.034519
vt 0.553468 0.030420
vt 0.540560 0.044672
vt 0.553761 0.042411
vt 0.540808 0.052206
vt 0.553937 0.050852
vt 0.540971 0.059552
vt 0.554065 0.058800
vt 0.578895 0.067050
vt 0.578669 0.011385
vt 0.578673 0.015965
vt 0.578678 0.022721
vt 0.578695 0.028588
vt 0.578777 0.041088
vt 0.578823 0.050064
vt 0.578865 0.058536
vt 0.614061 0.067878
vt 0.614173 0.012932
vt 0.614130 0.016578
vt 0.614060 0.023301
vt 0.614029 0.029044
vt 0.614021 0.041514
vt 0.614029 0.050590
vt 0.614046 0.059215
vt 0.656373 0.068315
vt 0.656640 0.013905
vt 0.656563 0.017227
vt 0.656427 0.024141
vt 0.656371 0.029806
vt 0.656352 0.042029
vt 0.656353 0.051014
vt 0.656362 0.059635
vt 0.703057 0.068737
vt 0.703771 0.018633
vt 0.703659 0.021721
vt 0.703441 0.028317
vt 0.703327 0.033434
vt 0.703202 0.044529
vt 0.703133 0.052689
vt 0.703087 0.060650
vt 0.752348 0.068793
vt 0.753253 0.024880
vt 0.753136 0.027972
vt 0.752928 0.033697
vt 0.752797 0.038132
vt 0.752605 0.047750
vt 0.752488 0.054840
vt 0.752404 0.061759
vt 0.801885 0.068957
vt 0.802746 0.032323
vt 0.802632 0.035329
vt 0.802455 0.040036
vt 0.802338 0.043683
vt 0.802148 0.051604
vt 0.802030 0.057444
vt 0.801943 0.063151
vt 0.849489 0.069020
vt 0.850069 0.038965
vt 0.849984 0.041988
vt 0.849876 0.045767
vt 0.849802 0.048695
vt 0.849674 0.055059
vt 0.849591 0.059755
vt 0.849530 0.064346
vt 0.892708 0.069058
vt 0.892954 0.042468
vt 0.892916 0.045631
vt 0.892877 0.048907
vt 0.892848 0.051444
vt 0.892792 0.056954
vt 0.892756 0.061024
vt 0.892727 0.065004
vt 0.929099 0.068804
vt 0.928997 0.042931
vt 0.929024 0.046307
vt 0.929049 0.049446
vt 0.929065 0.051879
vt 0.929084 0.057169
vt 0.929093 0.061079
vt 0.929097 0.064904
vt 0.956244 0.068329
vt 0.955808 0.041065
vt 0.955939 0.044801
vt 0.956050 0.048074
vt 0.956111 0.050619
vt 0.956190 0.056173
vt 0.956224 0.060263
vt 0.956242 0.064261
vt 0.971625 0.063478
vt 0.970977 0.038125
vt 0.971181 0.042168
vt 0.970493 0.045236
vt 0.970928 0.049260
vt 0.971791 0.055639
vt 0.631105 0.366408
vt 0.630969 0.373643
vt 0.868140 0.372972
vt 0.866665 0.371287
vt 0.866812 0.376446
vt 0.639196 0.363751
vt 0.642575 0.365318
vt 0.642518 0.368014
vt 0.638281 0.366635
vt 0.635082 0.366391
vt 0.635861 0.373098
vt 0.630604 0.407779
vt 0.865192 0.376792
vt 0.866386 0.413781
vt 0.637365 0.373081
vt 0.642331 0.373045
vt 0.641156 0.408428
vt 0.636304 0.408205
vt 0.634674 0.408006
vt 0.629687 0.442925
vt 0.866749 0.447094
vt 0.865171 0.578264
vt 0.860363 0.577956
vt 0.860274 0.531025
vt 0.864791 0.531331
vt 0.633514 0.443055
vt 0.629385 0.484444
vt 0.866947 0.486876
vt 0.632988 0.484436
vt 0.629062 0.529652
vt 0.867221 0.531248
vt 0.634693 0.484554
vt 0.640038 0.485459
vt 0.639170 0.529662
vt 0.634185 0.529765
vt 0.632457 0.529652
vt 0.629002 0.576933
vt 0.867758 0.578184
vt 0.631663 0.576887
vt 0.628644 0.624557
vt 0.868238 0.625673
vt 0.632650 0.624649
vt 0.637962 0.624529
vt 0.638473 0.672110
vt 0.632249 0.670875
vt 0.630920 0.624537
vt 0.628509 0.670823
vt 0.868535 0.671813
vt 0.864202 0.413856
vt 0.860229 0.413503
vt 0.859958 0.379806
vt 0.863529 0.378416
vt 0.630478 0.670779
vt 0.628070 0.713688
vt 0.868944 0.714590
vt 0.646667 0.715344
vt 0.647661 0.754628
vt 0.635131 0.752316
vt 0.635537 0.714712
vt 0.629989 0.714078
vt 0.627769 0.751403
vt 0.868877 0.752018
vt 0.677109 0.676099
vt 0.675570 0.718567
vt 0.650527 0.673178
vt 0.629522 0.751348
vt 0.627567 0.781966
vt 0.869076 0.782402
vt 0.631560 0.714551
vt 0.629405 0.782012
vt 0.868357 0.804827
vt 0.631404 0.751520
vt 0.629124 0.804294
vt 0.627573 0.802746
vt 0.535962 0.029985
vt 0.534798 0.024167
vt 0.537620 0.067374
vt 0.537418 0.060030
vt 0.537201 0.052762
vt 0.536891 0.045293
vt 0.536492 0.034837
vt 0.534019 0.020006
vt 0.518946 0.061880
vt 0.518725 0.055844
vt 0.519083 0.068043
vt 0.516811 0.035228
vt 0.516175 0.031422
vt 0.517529 0.039852
vt 0.517962 0.043534
vt 0.518400 0.049644
vt 0.640066 0.360889
vt 0.642998 0.364126
vt 0.644636 0.359821
vt 0.649502 0.364025
vt 0.861930 0.373672
vt 0.859924 0.367714
vt 0.860280 0.367417
vt 0.849457 0.412857
vt 0.849522 0.390282
vt 0.640144 0.443277
vt 0.654758 0.444802
vt 0.653565 0.485970
vt 0.849582 0.378545
vt 0.859798 0.376649
vt 0.859805 0.487622
vt 0.846571 0.487405
vt 0.846086 0.447132
vt 0.860242 0.446852
vt 0.655204 0.532611
vt 0.653369 0.577480
vt 0.638615 0.576933
vt 0.865736 0.671899
vt 0.867054 0.715464
vt 0.861915 0.715182
vt 0.859350 0.672616
vt 0.845220 0.577456
vt 0.844397 0.533211
vt 0.864475 0.447174
vt 0.633461 0.577014
vt 0.865518 0.625756
vt 0.860471 0.625457
vt 0.635210 0.443231
vt 0.864603 0.486961
vt 0.637456 0.358086
vt 0.637469 0.361985
vt 0.798501 0.732503
vt 0.806195 0.777810
vt 0.795869 0.783450
vt 0.786951 0.736614
vt 0.863030 0.376666
vt 0.864563 0.374787
vt 0.865727 0.374754
vt 0.639592 0.357964
vt 0.639608 0.355522
vt 0.861181 0.373848
vt 0.790564 0.695969
vt 0.777197 0.701582
vt 0.768751 0.663009
vt 0.782651 0.656723
vt 0.769459 0.483615
vt 0.753284 0.494120
vt 0.755629 0.460926
vt 0.772339 0.452436
vt 0.733164 0.524984
vt 0.745808 0.531560
vt 0.740804 0.585335
vt 0.729062 0.576265
vt 0.776791 0.410221
vt 0.763453 0.416067
vt 0.767141 0.387063
vt 0.781831 0.384226
vt 0.774017 0.571648
vt 0.758165 0.579589
vt 0.756351 0.527999
vt 0.770431 0.518854
vt 0.723960 0.613854
vt 0.735280 0.621269
vt 0.728964 0.666936
vt 0.718062 0.659289
vt 0.702432 0.296839
vt 0.707743 0.290596
vt 0.715456 0.320965
vt 0.709344 0.326290
vt 0.849041 0.625337
vt 0.653146 0.385693
vt 0.652223 0.409246
vt 0.649005 0.625328
vt 0.847499 0.673336
vt 0.640353 0.359444
vt 0.653863 0.373273
vt 0.728740 0.415724
vt 0.739387 0.418939
vt 0.742681 0.465131
vt 0.731227 0.457238
vt 0.724307 0.389163
vt 0.733990 0.390810
vt 0.655246 0.363072
vt 0.848848 0.368440
vt 0.855420 0.371035
vt 0.646143 0.352104
vt 0.650990 0.353108
vt 0.853323 0.359492
vt 0.858305 0.359216
vt 0.852952 0.348029
vt 0.857088 0.348721
vt 0.653389 0.340462
vt 0.658367 0.343008
vt 0.657513 0.354008
vt 0.846855 0.359051
vt 0.762121 0.617033
vt 0.777696 0.610127
vt 0.858643 0.359005
vt 0.651392 0.326984
vt 0.660453 0.304138
vt 0.857427 0.348482
vt 0.846629 0.346979
vt 0.819463 0.274134
vt 0.810032 0.274391
vt 0.809859 0.273280
vt 0.819715 0.272598
vt 0.647766 0.342205
vt 0.844748 0.310023
vt 0.845169 0.308994
vt 0.854140 0.332217
vt 0.853788 0.332608
vt 0.824616 0.279038
vt 0.824039 0.280428
vt 0.664289 0.308355
vt 0.681797 0.276318
vt 0.683252 0.277678
vt 0.674124 0.301486
vt 0.840057 0.312173
vt 0.762603 0.415751
vt 0.754971 0.461091
vt 0.751964 0.494731
vt 0.755218 0.528815
vt 0.757298 0.580207
vt 0.761299 0.617721
vt 0.767778 0.663754
vt 0.775952 0.702574
vt 0.766168 0.386485
vt 0.776243 0.357814
vt 0.776671 0.358195
vt 0.784953 0.312786
vt 0.785467 0.313711
vt 0.798552 0.288036
vt 0.798973 0.288425
vt 0.797874 0.320399
vt 0.806332 0.297627
vt 0.692231 0.278591
vt 0.695948 0.270156
vt 0.745404 0.496533
vt 0.733348 0.489413
vt 0.719271 0.703010
vt 0.709988 0.697194
vt 0.787758 0.356081
vt 0.851025 0.715578
vt 0.822929 0.283600
vt 0.815359 0.284735
vt 0.719154 0.359427
vt 0.727674 0.358054
vt 0.826504 0.318502
vt 0.829630 0.313277
vt 0.831663 0.308126
vt 0.678950 0.308629
vt 0.785968 0.737500
vt 0.862044 0.752621
vt 0.862947 0.782931
vt 0.852283 0.785383
vt 0.849789 0.754789
vt 0.810291 0.808256
vt 0.800732 0.813749
vt 0.634217 0.782829
vt 0.631330 0.782250
vt 0.672161 0.759335
vt 0.794881 0.784389
vt 0.867347 0.751936
vt 0.811693 0.868749
vt 0.810724 0.869716
vt 0.799770 0.814723
vt 0.670043 0.792600
vt 0.666311 0.823067
vt 0.644291 0.808366
vt 0.645095 0.785252
vt 0.867863 0.782322
vt 0.630852 0.805082
vt 0.630982 0.813839
vt 0.828794 0.919531
vt 0.828055 0.921014
vt 0.633355 0.805769
vt 0.819471 0.856371
vt 0.863720 0.805724
vt 0.853072 0.808474
vt 0.867147 0.805157
vt 0.627606 0.810552
vt 0.627726 0.821062
vt 0.833266 0.901365
vt 0.863596 0.817088
vt 0.857189 0.826119
vt 0.640007 0.826335
vt 0.656708 0.855096
vt 0.859220 0.952544
vt 0.860073 0.982513
vt 0.646770 0.871244
vt 0.635271 0.888180
vt 0.629935 0.855156
vt 0.634874 0.839028
vt 0.842119 0.954098
vt 0.859779 0.984581
vt 0.841633 0.955955
vt 0.846025 0.926156
vt 0.868447 0.830783
vt 0.865132 0.826433
vt 0.638642 0.959191
vt 0.653062 0.932997
vt 0.680820 0.856953
vt 0.667089 0.906829
vt 0.694825 0.778101
vt 0.690687 0.808949
vt 0.702812 0.733518
vt 0.689778 0.462680
vt 0.687652 0.501124
vt 0.687462 0.345639
vt 0.688300 0.363720
vt 0.689112 0.382824
vt 0.687004 0.543592
vt 0.683606 0.587242
vt 0.679340 0.631885
vt 0.689522 0.428027
vt 0.690170 0.402480
vt 0.683455 0.318979
vt 0.862224 0.838575
vt 0.866112 0.850897
vt 0.860996 0.886479
vt 0.851211 0.871617
vt 0.841876 0.854092
vt 0.832343 0.825435
vt 0.829030 0.796274
vt 0.826253 0.766127
vt 0.823241 0.721911
vt 0.820667 0.682643
vt 0.808334 0.502140
vt 0.807346 0.463904
vt 0.817437 0.355242
vt 0.820811 0.331811
vt 0.815124 0.376716
vt 0.813063 0.592825
vt 0.810715 0.545727
vt 0.809777 0.431177
vt 0.812857 0.396288
vt 0.816103 0.640160
vt 0.685929 0.270474
vt 0.710493 0.737750
vt 0.701248 0.783431
vt 0.696542 0.813646
vt 0.685015 0.866695
vt 0.670098 0.921497
vt 0.655130 0.956435
vt 0.636666 0.983475
vt 0.854349 0.243857
vt 0.854192 0.238614
vt 0.858183 0.238605
vt 0.858636 0.242626
vt 0.760433 0.250606
vt 0.760838 0.238889
vt 0.811444 0.238991
vt 0.811348 0.248623
vt 0.692933 0.246247
vt 0.690495 0.235801
vt 0.720473 0.238101
vt 0.719893 0.249512
vt 0.720874 0.227231
vt 0.761188 0.227591
vt 0.854011 0.228885
vt 0.858225 0.228038
vt 0.811459 0.227588
vt 0.689084 0.226934
vt 0.721158 0.214746
vt 0.761306 0.215119
vt 0.851914 0.223628
vt 0.855908 0.224642
vt 0.810634 0.215626
vt 0.688439 0.220997
vt 0.720975 0.208524
vt 0.760833 0.208606
vt 0.848723 0.215028
vt 0.852488 0.217587
vt 0.809159 0.210900
vt 0.689784 0.214551
vt 0.674406 0.150877
vt 0.678667 0.151454
vt 0.678661 0.157305
vt 0.674434 0.158050
vt 0.581353 0.147908
vt 0.631450 0.147908
vt 0.631666 0.161478
vt 0.581830 0.164372
vt 0.513363 0.150480
vt 0.541391 0.148811
vt 0.541981 0.165159
vt 0.510216 0.165760
vt 0.582142 0.176190
vt 0.542324 0.176006
vt 0.678544 0.172048
vt 0.674395 0.171599
vt 0.631805 0.174518
vt 0.508168 0.175284
vt 0.582290 0.188528
vt 0.542653 0.188170
vt 0.676375 0.175424
vt 0.672446 0.176677
vt 0.631077 0.186241
vt 0.507226 0.181887
vt 0.581910 0.194288
vt 0.542546 0.193600
vt 0.673159 0.182756
vt 0.669458 0.185798
vt 0.629667 0.190747
vt 0.508795 0.189406
vt 0.860428 0.242211
vt 0.861552 0.248014
vt 0.760848 0.206599
vt 0.809247 0.208845
vt 0.854380 0.251442
vt 0.811302 0.256353
vt 0.687467 0.220400
vt 0.689271 0.212855
vt 0.689854 0.237065
vt 0.688138 0.227508
vt 0.848982 0.212573
vt 0.858718 0.250274
vt 0.856276 0.222751
vt 0.858680 0.227125
vt 0.852919 0.215084
vt 0.719698 0.256149
vt 0.692287 0.252311
vt 0.760349 0.257845
vt 0.720920 0.206599
vn 0.9707 0.2401 0.0017
vn 0.9524 0.2403 -0.1877
vn 0.9604 0.2048 -0.1891
vn 0.9789 0.2045 0.0019
vn 0.8975 0.2402 -0.3699
vn 0.9050 0.2049 -0.3728
vn 0.8081 0.2401 -0.5379
vn 0.8150 0.2045 -0.5422
vn 0.6875 0.2405 -0.6852
vn 0.6934 0.2051 -0.6907
vn 0.5407 0.2403 -0.8062
vn 0.5454 0.2048 -0.8128
vn 0.3730 0.2401 -0.8962
vn 0.3763 0.2049 -0.9035
vn 0.1910 0.2401 -0.9518
vn 0.1928 0.2045 -0.9597
vn 0.0017 0.2403 -0.9707
vn 0.0019 0.2048 -0.9788
vn -0.1877 0.2402 -0.9524
vn -0.1891 0.2050 -0.9603
vn -0.3699 0.2404 -0.8974
vn -0.3728 0.2049 -0.9050
vn -0.5379 0.2404 -0.8080
vn -0.5422 0.2048 -0.8149
vn -0.6852 0.2404 -0.6876
vn -0.6908 0.2048 -0.6935
vn -0.8061 0.2405 -0.5407
vn -0.8128 0.2045 -0.5454
vn -0.8961 0.2404 -0.3730
vn -0.9036 0.2045 -0.3764
vn -0.9517 0.2403 -0.1910
vn -0.9597 0.2045 -0.1928
vn -0.9707 0.2401 -0.0017
vn -0.9789 0.2045 -0.0019
vn -0.9524 0.2404 0.1877
vn -0.9604 0.2045 0.1891
vn -0.8975 0.2401 0.3699
vn -0.9050 0.2048 0.3728
vn -0.8081 0.2402 0.5379
vn -0.8149 0.2048 0.5422
vn -0.6876 0.2402 0.6852
vn -0.6934 0.2049 0.6907
vn -0.5407 0.2404 0.8061
vn -0.5454 0.2045 0.8128
vn -0.3730 0.2404 0.8961
vn -0.3764 0.2045 0.9036
vn -0.1910 0.2404 0.9517
vn -0.1928 0.2050 0.9596
vn -0.0017 0.2404 0.9707
vn -0.0019 0.2045 0.9789
vn 0.1877 0.2404 0.9523
vn 0.1891 0.2050 0.9603
vn 0.3699 0.2404 0.8974
vn 0.3728 0.2045 0.9051
vn 0.5379 0.2404 0.8080
vn 0.5422 0.2045 0.8150
vn 0.6852 0.2405 0.6875
vn 0.6908 0.2045 0.6935
vn 0.8062 0.2403 0.5407
vn 0.8128 0.2049 0.5454
vn 0.8962 0.2403 0.3730
vn 0.9036 0.2048 0.3763
vn 0.9517 0.2403 0.1910
vn 0.9597 0.2045 0.1928
vn 0.9438 -0.2712 0.1887
vn 0.9681 -0.1589 0.1937
vn 0.9873 -0.1590 0.0011
vn 0.9625 -0.2712 0.0010
vn 0.8896 -0.2712 -0.3674
vn 0.9125 -0.1590 -0.3768
vn 0.8215 -0.1590 -0.5476
vn 0.8009 -0.2711 -0.5340
vn 0.6989 -0.1589 -0.6973
vn 0.6813 -0.2712 -0.6799
vn 0.5494 -0.1590 -0.8203
vn 0.5356 -0.2712 -0.7998
vn 0.3788 -0.1590 -0.9117
vn 0.3692 -0.2712 -0.8889
vn 0.1937 -0.1590 -0.9681
vn 0.1887 -0.2712 -0.9438
vn 0.0011 -0.1590 -0.9873
vn 0.0010 -0.2712 -0.9625
vn -0.1915 -0.1590 -0.9685
vn -0.1868 -0.2712 -0.9442
vn -0.3768 -0.1590 -0.9125
vn -0.3674 -0.2712 -0.8896
vn -0.5476 -0.1590 -0.8215
vn -0.5339 -0.2712 -0.8008
vn -0.6973 -0.1590 -0.6989
vn -0.6799 -0.2712 -0.6813
vn -0.8203 -0.1590 -0.5494
vn -0.7998 -0.2712 -0.5356
vn -0.9117 -0.1589 -0.3788
vn -0.8889 -0.2712 -0.3692
vn -0.9681 -0.1590 -0.1937
vn -0.9439 -0.2712 -0.1887
vn -0.9873 -0.1590 -0.0011
vn -0.9625 -0.2712 -0.0010
vn -0.9685 -0.1589 0.1915
vn -0.9442 -0.2712 0.1868
vn -0.9126 -0.1589 0.3768
vn -0.8896 -0.2712 0.3674
vn -0.8215 -0.1590 0.5476
vn -0.8008 -0.2712 0.5339
vn -0.6989 -0.1590 0.6973
vn -0.6813 -0.2712 0.6799
vn -0.5494 -0.1590 0.8203
vn -0.5356 -0.2712 0.7998
vn -0.3788 -0.1590 0.9117
vn -0.3692 -0.2712 0.8889
vn -0.1937 -0.1590 0.9681
vn -0.1887 -0.2711 0.9439
vn -0.0011 -0.1589 0.9873
vn -0.0010 -0.2712 0.9625
vn 0.1915 -0.1590 0.9685
vn 0.1868 -0.2712 0.9442
vn 0.3768 -0.1589 0.9126
vn 0.3674 -0.2712 0.8896
vn 0.5476 -0.1590 0.8215
vn 0.5339 -0.2713 0.8008
vn 0.6974 -0.1589 0.6989
vn 0.6799 -0.2712 0.6813
vn 0.8203 -0.1590 0.5494
vn 0.7998 -0.2712 0.5356
vn 0.9117 -0.1590 0.3788
vn 0.8889 -0.2712 0.3692
vn 0.9870 0.1608 0.0016
vn 0.9683 0.1609 -0.1910
vn 0.9769 0.0918 -0.1931
vn 0.9958 0.0918 0.0012
vn 0.9411 0.3381 0.0011
vn 0.9235 0.3375 -0.1825
vn 0.9372 0.2957 -0.1850
vn 0.9553 0.2957 0.0014
vn 0.8701 0.3375 -0.3592
vn 0.8832 0.2955 -0.3643
vn 0.7832 0.3378 -0.5220
vn 0.7951 0.2956 -0.5295
vn 0.6663 0.3380 -0.6647
vn 0.6766 0.2955 -0.6745
vn 0.5239 0.3375 -0.7821
vn 0.5320 0.2954 -0.7936
vn 0.3612 0.3379 -0.8691
vn 0.3669 0.2953 -0.8821
vn 0.1847 0.3380 -0.9228
vn 0.1878 0.2957 -0.9367
vn 0.0011 0.3378 -0.9412
vn 0.0014 0.2957 -0.9553
vn -0.1825 0.3375 -0.9235
vn -0.1850 0.2957 -0.9372
vn -0.3592 0.3375 -0.8701
vn -0.3643 0.2956 -0.8831
vn -0.5220 0.3375 -0.7833
vn -0.5295 0.2957 -0.7951
vn -0.6648 0.3375 -0.6664
vn -0.6745 0.2955 -0.6766
vn -0.7820 0.3378 -0.5238
vn -0.7935 0.2956 -0.5319
vn -0.8691 0.3379 -0.3612
vn -0.8820 0.2956 -0.3669
vn -0.9230 0.3375 -0.1847
vn -0.9367 0.2956 -0.1878
vn -0.9412 0.3379 -0.0011
vn -0.9553 0.2957 -0.0014
vn -0.9235 0.3375 0.1825
vn -0.9373 0.2955 0.1850
vn -0.8699 0.3381 0.3591
vn -0.8832 0.2956 0.3643
vn -0.7832 0.3379 0.5220
vn -0.7951 0.2955 0.5296
vn -0.6663 0.3379 0.6647
vn -0.6765 0.2956 0.6745
vn -0.5238 0.3378 0.7820
vn -0.5319 0.2957 0.7935
vn -0.3613 0.3375 0.8693
vn -0.3669 0.2956 0.8820
vn -0.1847 0.3378 0.9229
vn -0.1878 0.2955 0.9367
vn -0.0011 0.3379 0.9412
vn -0.0014 0.2957 0.9553
vn 0.1825 0.3379 0.9233
vn 0.1850 0.2957 0.9372
vn 0.3592 0.3378 0.8700
vn 0.3643 0.2955 0.8832
vn 0.5220 0.3375 0.7833
vn 0.5296 0.2956 0.7951
vn 0.6647 0.3379 0.6663
vn 0.6745 0.2956 0.6765
vn 0.7821 0.3375 0.5239
vn 0.7935 0.2956 0.5319
vn 0.8693 0.3375 0.3613
vn 0.8820 0.2956 0.3669
vn 0.9230 0.3375 0.1847
vn 0.9367 0.2956 0.1878
vn 0.8073 -0.5678 0.1606
vn 0.7473 -0.6476 0.1486
vn 0.7620 -0.6476 0.0000
vn 0.8232 -0.5678 0.0000
vn 0.7606 -0.5677 -0.3150
vn 0.7040 -0.6476 -0.2916
vn 0.6336 -0.6476 -0.4233
vn 0.6845 -0.5678 -0.4573
vn 0.5388 -0.6476 -0.5388
vn 0.5821 -0.5678 -0.5821
vn 0.4233 -0.6476 -0.6336
vn 0.4573 -0.5678 -0.6845
vn 0.2916 -0.6476 -0.7040
vn 0.3150 -0.5678 -0.7605
vn 0.1487 -0.6476 -0.7473
vn 0.1606 -0.5678 -0.8074
vn 0.0000 -0.6476 -0.7620
vn 0.0000 -0.5678 -0.8232
vn -0.1486 -0.6476 -0.7473
vn -0.1606 -0.5678 -0.8074
vn -0.2916 -0.6476 -0.7040
vn -0.3150 -0.5678 -0.7605
vn -0.4233 -0.6476 -0.6336
vn -0.4574 -0.5677 -0.6845
vn -0.5388 -0.6476 -0.5388
vn -0.5821 -0.5678 -0.5821
vn -0.6336 -0.6476 -0.4233
vn -0.6845 -0.5678 -0.4573
vn -0.7040 -0.6476 -0.2916
vn -0.7605 -0.5678 -0.3150
vn -0.7473 -0.6476 -0.1487
vn -0.8074 -0.5677 -0.1606
vn -0.7620 -0.6476 -0.0000
vn -0.8232 -0.5678 -0.0000
vn -0.7473 -0.6476 0.1486
vn -0.8074 -0.5677 0.1606
vn -0.7040 -0.6476 0.2916
vn -0.7606 -0.5677 0.3150
vn -0.6336 -0.6476 0.4233
vn -0.6845 -0.5678 0.4573
vn -0.5388 -0.6476 0.5388
vn -0.5821 -0.5677 0.5821
vn -0.4233 -0.6476 0.6336
vn -0.4573 -0.5678 0.6845
vn -0.2916 -0.6476 0.7040
vn -0.3150 -0.5678 0.7605
vn -0.1487 -0.6476 0.7473
vn -0.1606 -0.5677 0.8074
vn -0.0000 -0.6476 0.7620
vn -0.0000 -0.5678 0.8232
vn 0.1486 -0.6476 0.7473
vn 0.1606 -0.5678 0.8074
vn 0.2916 -0.6476 0.7040
vn 0.3150 -0.5678 0.7605
vn 0.4233 -0.6476 0.6336
vn 0.4574 -0.5677 0.6845
vn 0.5388 -0.6476 0.5388
vn 0.5821 -0.5678 0.5821
vn 0.6336 -0.6476 0.4233
vn 0.6845 -0.5677 0.4574
vn 0.7040 -0.6476 0.2916
vn 0.7606 -0.5677 0.3150
vn 0.7473 -0.6476 -0.1486
vn 0.8074 -0.5678 -0.1606
vn 0.9138 0.1484 -0.3780
vn 0.8227 0.1484 -0.5488
vn 0.7954 0.2933 -0.5304
vn 0.8836 0.2933 -0.3650
vn 0.6998 0.1484 -0.6988
vn 0.6766 0.2933 -0.6754
vn 0.5500 0.1484 -0.8219
vn 0.5319 0.2933 -0.7944
vn 0.3791 0.1484 -0.9134
vn 0.3667 0.2933 -0.8829
vn 0.1937 0.1484 -0.9698
vn 0.1874 0.2933 -0.9375
vn 0.0007 0.1484 -0.9889
vn 0.0009 0.2933 -0.9560
vn -0.1922 0.1484 -0.9701
vn -0.1856 0.2933 -0.9378
vn -0.3778 0.1484 -0.9139
vn -0.3650 0.2933 -0.8836
vn -0.5488 0.1484 -0.8227
vn -0.5304 0.2933 -0.7954
vn -0.6988 0.1484 -0.6998
vn -0.6754 0.2933 -0.6766
vn -0.8219 0.1484 -0.5500
vn -0.7944 0.2933 -0.5319
vn -0.9134 0.1484 -0.3791
vn -0.8829 0.2933 -0.3667
vn -0.9698 0.1484 -0.1937
vn -0.9375 0.2933 -0.1874
vn -0.9889 0.1484 -0.0007
vn -0.9560 0.2933 -0.0009
vn -0.9701 0.1484 0.1922
vn -0.9378 0.2933 0.1856
vn -0.9139 0.1484 0.3778
vn -0.8836 0.2933 0.3650
vn -0.8227 0.1484 0.5488
vn -0.7954 0.2933 0.5304
vn -0.6998 0.1484 0.6988
vn -0.6766 0.2933 0.6754
vn -0.5500 0.1484 0.8219
vn -0.5319 0.2933 0.7944
vn -0.3791 0.1484 0.9134
vn -0.3667 0.2933 0.8829
vn -0.1937 0.1484 0.9698
vn -0.1874 0.2933 0.9375
vn -0.0007 0.1484 0.9889
vn -0.0009 0.2933 0.9560
vn 0.1922 0.1484 0.9701
vn 0.1856 0.2933 0.9378
vn 0.3778 0.1484 0.9139
vn 0.3650 0.2933 0.8836
vn 0.5488 0.1484 0.8227
vn 0.5304 0.2933 0.7954
vn 0.6988 0.1484 0.6998
vn 0.6754 0.2933 0.6766
vn 0.8219 0.1484 0.5500
vn 0.7944 0.2933 0.5319
vn 0.9134 0.1484 0.3791
vn 0.8829 0.2933 0.3667
vn 0.9698 0.1484 0.1937
vn 0.9375 0.2933 0.1874
vn 0.9889 0.1484 0.0007
vn 0.9560 0.2933 0.0009
vn 0.3422 -0.9396 0.0000
vn 0.3356 -0.9396 -0.0668
vn 0.3161 -0.9397 -0.1309
vn 0.2845 -0.9396 -0.1901
vn 0.2420 -0.9396 -0.2420
vn 0.1901 -0.9396 -0.2845
vn 0.1310 -0.9396 -0.3162
vn 0.0668 -0.9396 -0.3356
vn -0.0000 -0.9396 -0.3422
vn -0.0668 -0.9396 -0.3356
vn -0.1309 -0.9397 -0.3161
vn -0.1901 -0.9396 -0.2845
vn -0.2420 -0.9396 -0.2420
vn -0.2845 -0.9397 -0.1901
vn -0.3161 -0.9397 -0.1309
vn -0.3356 -0.9396 -0.0668
vn -0.3422 -0.9396 0.0000
vn -0.3356 -0.9397 0.0667
vn -0.3161 -0.9397 0.1309
vn -0.2845 -0.9397 0.1901
vn -0.2420 -0.9396 0.2420
vn -0.1901 -0.9396 0.2845
vn -0.1310 -0.9396 0.3162
vn -0.0668 -0.9396 0.3356
vn -0.0000 -0.9396 0.3422
vn 0.0667 -0.9397 0.3356
vn 0.1309 -0.9397 0.3161
vn 0.1901 -0.9396 0.2845
vn 0.2420 -0.9396 0.2420
vn 0.2845 -0.9396 0.1901
vn 0.3161 -0.9397 0.1309
vn 0.3356 -0.9396 0.0668
vn 0.0168 -0.9999 -0.0000
vn 0.0165 -0.9999 -0.0033
vn 0.0155 -0.9999 -0.0064
vn 0.0140 -0.9999 -0.0093
vn 0.0119 -0.9999 -0.0119
vn 0.0093 -0.9999 -0.0140
vn 0.0064 -0.9999 -0.0155
vn 0.0033 -0.9999 -0.0165
vn -0.0000 -0.9999 -0.0168
vn -0.0033 -0.9999 -0.0165
vn -0.0064 -0.9999 -0.0155
vn -0.0094 -0.9999 -0.0139
vn -0.0119 -0.9999 -0.0119
vn -0.0140 -0.9999 -0.0093
vn -0.0155 -0.9999 -0.0064
vn -0.0165 -0.9999 -0.0033
vn -0.0168 -0.9999 0.0000
vn -0.0165 -0.9999 0.0033
vn -0.0155 -0.9999 0.0064
vn -0.0140 -0.9999 0.0093
vn -0.0119 -0.9999 0.0119
vn -0.0093 -0.9999 0.0140
vn -0.0064 -0.9999 0.0155
vn -0.0033 -0.9999 0.0165
vn 0.0000 -0.9999 0.0168
vn 0.0033 -0.9999 0.0165
vn 0.0064 -0.9999 0.0155
vn 0.0094 -0.9999 0.0139
vn 0.0118 -0.9999 0.0119
vn 0.0140 -0.9999 0.0093
vn 0.0155 -0.9999 0.0064
vn 0.0165 -0.9999 0.0033
vn 0.5080 0.8613 0.0000
vn 0.6433 0.7656 0.0001
vn 0.6309 0.7657 -0.1254
vn 0.4983 0.8613 -0.0991
vn 0.5943 0.7656 -0.2461
vn 0.4693 0.8613 -0.1944
vn 0.5349 0.7657 -0.3573
vn 0.4224 0.8613 -0.2822
vn 0.4549 0.7657 -0.4548
vn 0.3592 0.8613 -0.3592
vn 0.3574 0.7657 -0.5348
vn 0.2822 0.8613 -0.4224
vn 0.2462 0.7657 -0.5943
vn 0.1944 0.8613 -0.4694
vn 0.1256 0.7656 -0.6309
vn 0.0991 0.8613 -0.4983
vn 0.0001 0.7657 -0.6432
vn -0.0000 0.8613 -0.5080
vn -0.1254 0.7656 -0.6309
vn -0.0991 0.8613 -0.4983
vn -0.2461 0.7657 -0.5943
vn -0.1944 0.8613 -0.4694
vn -0.3573 0.7656 -0.5349
vn -0.2822 0.8613 -0.4224
vn -0.4548 0.7656 -0.4549
vn -0.3592 0.8613 -0.3592
vn -0.5348 0.7656 -0.3574
vn -0.4224 0.8613 -0.2822
vn -0.5943 0.7657 -0.2462
vn -0.4694 0.8613 -0.1944
vn -0.6309 0.7657 -0.1256
vn -0.4983 0.8613 -0.0991
vn -0.6432 0.7657 -0.0001
vn -0.5080 0.8613 0.0000
vn -0.6309 0.7657 0.1254
vn -0.4983 0.8613 0.0991
vn -0.5943 0.7656 0.2461
vn -0.4693 0.8613 0.1944
vn -0.5349 0.7657 0.3573
vn -0.4224 0.8613 0.2822
vn -0.4549 0.7656 0.4548
vn -0.3592 0.8613 0.3592
vn -0.3574 0.7657 0.5348
vn -0.2822 0.8613 0.4224
vn -0.2462 0.7657 0.5943
vn -0.1944 0.8613 0.4694
vn -0.1256 0.7656 0.6309
vn -0.0991 0.8613 0.4983
vn -0.0001 0.7656 0.6433
vn 0.0000 0.8613 0.5080
vn 0.1254 0.7657 0.6309
vn 0.0991 0.8613 0.4983
vn 0.2461 0.7657 0.5943
vn 0.1944 0.8613 0.4693
vn 0.3573 0.7657 0.5349
vn 0.2822 0.8613 0.4224
vn 0.4548 0.7656 0.4549
vn 0.3592 0.8613 0.3592
vn 0.5348 0.7657 0.3574
vn 0.4224 0.8613 0.2822
vn 0.5943 0.7657 0.2462
vn 0.4694 0.8613 0.1944
vn 0.6309 0.7657 0.1256
vn 0.4983 0.8613 0.0991
vn 0.7602 0.6497 0.0002
vn 0.7456 0.6497 -0.1482
vn 0.7024 0.6497 -0.2908
vn 0.6321 0.6497 -0.4223
vn 0.5376 0.6497 -0.5375
vn 0.4224 0.6497 -0.6320
vn 0.2910 0.6497 -0.7023
vn 0.1484 0.6497 -0.7456
vn 0.0001 0.6497 -0.7602
vn -0.1482 0.6497 -0.7456
vn -0.2908 0.6497 -0.7024
vn -0.4223 0.6497 -0.6321
vn -0.5375 0.6497 -0.5376
vn -0.6320 0.6497 -0.4224
vn -0.7023 0.6497 -0.2910
vn -0.7456 0.6497 -0.1484
vn -0.7602 0.6497 -0.0001
vn -0.7456 0.6497 0.1482
vn -0.7024 0.6497 0.2908
vn -0.6321 0.6497 0.4223
vn -0.5376 0.6497 0.5375
vn -0.4224 0.6497 0.6320
vn -0.2910 0.6497 0.7023
vn -0.1484 0.6497 0.7456
vn -0.0001 0.6497 0.7602
vn 0.1482 0.6497 0.7456
vn 0.2908 0.6497 0.7024
vn 0.4223 0.6497 0.6321
vn 0.5375 0.6497 0.5376
vn 0.6320 0.6497 0.4224
vn 0.7023 0.6497 0.2910
vn 0.7456 0.6497 0.1484
vn -0.9295 0.3688 0.0000
vn -0.6153 0.7883 -0.0000
vn -0.6035 0.7883 0.1200
vn -0.9116 0.3688 0.1813
vn -0.5685 0.7883 0.2354
vn -0.8587 0.3688 0.3557
vn -0.5116 0.7883 0.3418
vn -0.7729 0.3688 0.5164
vn -0.4351 0.7883 0.4351
vn -0.6573 0.3688 0.6573
vn -0.3419 0.7883 0.5116
vn -0.5164 0.3688 0.7729
vn -0.2355 0.7883 0.5685
vn -0.3557 0.3688 0.8587
vn -0.1201 0.7883 0.6035
vn -0.1813 0.3688 0.9116
vn -0.0000 0.7883 0.6153
vn 0.0000 0.3688 0.9295
vn 0.1200 0.7883 0.6035
vn 0.1813 0.3688 0.9116
vn 0.2355 0.7883 0.5685
vn 0.3557 0.3688 0.8587
vn 0.3418 0.7883 0.5116
vn 0.5164 0.3688 0.7729
vn 0.4351 0.7883 0.4351
vn 0.6573 0.3688 0.6573
vn 0.5116 0.7883 0.3419
vn 0.7729 0.3688 0.5164
vn 0.5685 0.7883 0.2355
vn 0.8587 0.3688 0.3557
vn 0.6035 0.7883 0.1200
vn 0.9116 0.3688 0.1813
vn 0.6153 0.7883 0.0000
vn 0.9295 0.3688 -0.0000
vn 0.6035 0.7883 -0.1200
vn 0.9116 0.3688 -0.1813
vn 0.5685 0.7883 -0.2355
vn 0.8587 0.3688 -0.3557
vn 0.5116 0.7883 -0.3418
vn 0.7729 0.3688 -0.5164
vn 0.4351 0.7883 -0.4351
vn 0.6573 0.3688 -0.6573
vn 0.3419 0.7883 -0.5116
vn 0.5164 0.3688 -0.7729
vn 0.2355 0.7883 -0.5685
vn 0.3557 0.3688 -0.8587
vn 0.1201 0.7883 -0.6035
vn 0.1813 0.3688 -0.9116
vn 0.0000 0.7883 -0.6153
vn -0.0000 0.3688 -0.9295
vn -0.1200 0.7883 -0.6035
vn -0.1813 0.3688 -0.9116
vn -0.2355 0.7883 -0.5685
vn -0.3557 0.3688 -0.8587
vn -0.3418 0.7883 -0.5116
vn -0.5164 0.3688 -0.7729
vn -0.4351 0.7883 -0.4351
vn -0.6573 0.3688 -0.6573
vn -0.5116 0.7883 -0.3419
vn -0.7729 0.3688 -0.5164
vn -0.5685 0.7883 -0.2355
vn -0.8587 0.3688 -0.3557
vn -0.6035 0.7883 -0.1200
vn -0.9116 0.3688 -0.1813
vn 0.9442 -0.2712 -0.1868
vn 0.9667 -0.1700 -0.1915
vn 0.9854 -0.1700 0.0008
vn 0.9107 -0.1700 -0.3764
vn 0.8198 -0.1700 -0.5468
vn 0.6974 -0.1700 -0.6963
vn 0.5481 -0.1700 -0.8189
vn 0.3778 -0.1700 -0.9101
vn 0.1930 -0.1700 -0.9664
vn 0.0008 -0.1700 -0.9854
vn -0.1915 -0.1700 -0.9667
vn -0.3764 -0.1700 -0.9107
vn -0.5468 -0.1700 -0.8198
vn -0.6963 -0.1700 -0.6974
vn -0.8189 -0.1700 -0.5481
vn -0.9101 -0.1700 -0.3778
vn -0.9663 -0.1701 -0.1930
vn -0.9854 -0.1700 -0.0008
vn -0.9667 -0.1700 0.1915
vn -0.9107 -0.1700 0.3764
vn -0.8198 -0.1700 0.5468
vn -0.6974 -0.1700 0.6963
vn -0.5481 -0.1700 0.8189
vn -0.3778 -0.1700 0.9101
vn -0.1930 -0.1700 0.9664
vn -0.0008 -0.1700 0.9854
vn 0.1915 -0.1700 0.9667
vn 0.3764 -0.1701 0.9107
vn 0.5468 -0.1700 0.8198
vn 0.6963 -0.1700 0.6974
vn 0.8189 -0.1700 0.5481
vn 0.9101 -0.1700 0.3778
vn 0.9664 -0.1700 0.1930
vn 0.9809 0.0049 -0.1945
vn 1.0000 0.0051 0.0006
vn 0.9241 0.0050 -0.3821
vn 0.8318 0.0049 -0.5551
vn 0.7075 0.0049 -0.7067
vn 0.5561 0.0050 -0.8311
vn 0.3832 0.0051 -0.9236
vn 0.1957 0.0051 -0.9807
vn 0.0006 0.0049 -1.0000
vn -0.1945 0.0049 -0.9809
vn -0.3821 0.0049 -0.9241
vn -0.5551 0.0049 -0.8318
vn -0.7067 0.0049 -0.7075
vn -0.8311 0.0051 -0.5561
vn -0.9236 0.0050 -0.3832
vn -0.9807 0.0049 -0.1957
vn -1.0000 0.0050 -0.0006
vn -0.9809 0.0050 0.1945
vn -0.9241 0.0049 0.3821
vn -0.8318 0.0051 0.5551
vn -0.7075 0.0050 0.7067
vn -0.5561 0.0050 0.8311
vn -0.3832 0.0049 0.9236
vn -0.1957 0.0050 0.9807
vn -0.0006 0.0050 1.0000
vn 0.1945 0.0049 0.9809
vn 0.3821 0.0049 0.9241
vn 0.5551 0.0049 0.8318
vn 0.7067 0.0050 0.7075
vn 0.8311 0.0050 0.5561
vn 0.9236 0.0049 0.3832
vn 0.9807 0.0049 0.1957
vn 0.7892 -0.6141 0.0001
vn 0.7741 -0.6141 -0.1539
vn 0.8245 -0.5417 -0.1638
vn 0.8406 -0.5417 -0.0001
vn 0.7291 -0.6142 -0.3020
vn 0.7767 -0.5417 -0.3215
vn 0.6562 -0.6141 -0.4384
vn 0.6990 -0.5417 -0.4669
vn 0.5581 -0.6141 -0.5580
vn 0.5945 -0.5417 -0.5943
vn 0.4385 -0.6141 -0.6562
vn 0.4671 -0.5417 -0.6988
vn 0.3021 -0.6141 -0.7291
vn 0.3218 -0.5417 -0.7765
vn 0.1540 -0.6141 -0.7740
vn 0.1641 -0.5417 -0.8244
vn 0.0001 -0.6141 -0.7892
vn 0.0001 -0.5417 -0.8406
vn -0.1539 -0.6141 -0.7741
vn -0.1638 -0.5417 -0.8245
vn -0.3020 -0.6142 -0.7291
vn -0.3215 -0.5417 -0.7767
vn -0.4384 -0.6141 -0.6563
vn -0.4669 -0.5417 -0.6990
vn -0.5580 -0.6141 -0.5581
vn -0.5943 -0.5417 -0.5945
vn -0.6562 -0.6141 -0.4385
vn -0.6988 -0.5417 -0.4671
vn -0.7291 -0.6141 -0.3021
vn -0.7765 -0.5417 -0.3218
vn -0.7740 -0.6142 -0.1540
vn -0.8244 -0.5417 -0.1641
vn -0.7892 -0.6142 -0.0001
vn -0.8406 -0.5417 -0.0001
vn -0.7742 -0.6140 0.1539
vn -0.8245 -0.5417 0.1638
vn -0.7292 -0.6141 0.3020
vn -0.7767 -0.5417 0.3215
vn -0.6563 -0.6141 0.4384
vn -0.6990 -0.5417 0.4669
vn -0.5581 -0.6142 0.5580
vn -0.5945 -0.5417 0.5943
vn -0.4385 -0.6141 0.6562
vn -0.4671 -0.5417 0.6988
vn -0.3021 -0.6142 0.7291
vn -0.3218 -0.5417 0.7765
vn -0.1540 -0.6141 0.7741
vn -0.1641 -0.5417 0.8244
vn -0.0001 -0.6141 0.7892
vn -0.0001 -0.5417 0.8406
vn 0.1539 -0.6141 0.7741
vn 0.1638 -0.5417 0.8245
vn 0.3020 -0.6141 0.7292
vn 0.3215 -0.5417 0.7767
vn 0.4384 -0.6141 0.6563
vn 0.4669 -0.5417 0.6990
vn 0.5580 -0.6141 0.5581
vn 0.5943 -0.5417 0.5945
vn 0.6562 -0.6141 0.4385
vn 0.6988 -0.5417 0.4671
vn 0.7291 -0.6141 0.3021
vn 0.7765 -0.5417 0.3218
vn 0.7740 -0.6142 0.1540
vn 0.8244 -0.5417 0.1641
vn 0.9784 -0.0708 -0.1943
vn 0.9975 -0.0708 0.0003
vn 0.9217 -0.0708 -0.3814
vn 0.8296 -0.0708 -0.5539
vn 0.7056 -0.0708 -0.7051
vn 0.5544 -0.0708 -0.8292
vn 0.3820 -0.0708 -0.9214
vn 0.1949 -0.0708 -0.9783
vn 0.0003 -0.0708 -0.9975
vn -0.1943 -0.0708 -0.9784
vn -0.3814 -0.0708 -0.9217
vn -0.5539 -0.0708 -0.8296
vn -0.7051 -0.0708 -0.7056
vn -0.8292 -0.0708 -0.5544
vn -0.9214 -0.0708 -0.3820
vn -0.9783 -0.0708 -0.1949
vn -0.9975 -0.0708 -0.0003
vn -0.9784 -0.0708 0.1943
vn -0.9217 -0.0708 0.3814
vn -0.8296 -0.0708 0.5539
vn -0.7056 -0.0708 0.7051
vn -0.5544 -0.0708 0.8292
vn -0.3820 -0.0708 0.9214
vn -0.1949 -0.0708 0.9783
vn -0.0003 -0.0708 0.9975
vn 0.1943 -0.0708 0.9784
vn 0.3814 -0.0708 0.9217
vn 0.5539 -0.0708 0.8296
vn 0.7051 -0.0708 0.7056
vn 0.8292 -0.0708 0.5544
vn 0.9214 -0.0708 0.3820
vn 0.9783 -0.0708 0.1949
vn 0.9700 0.1484 -0.1924
vn 0.9378 0.2933 -0.1856
vn 0.0000 -1.0000 0.0000
vn -0.3803 0.9249 0.0000
vn -0.3730 0.9249 0.0742
vn -0.3513 0.9249 0.1455
vn -0.3162 0.9249 0.2113
vn -0.2689 0.9249 0.2689
vn -0.2113 0.9249 0.3162
vn -0.1455 0.9249 0.3513
vn -0.0742 0.9249 0.3730
vn 0.0000 0.9249 0.3803
vn 0.0742 0.9249 0.3730
vn 0.1455 0.9249 0.3513
vn 0.2113 0.9249 0.3162
vn 0.2689 0.9249 0.2689
vn 0.3162 0.9249 0.2113
vn 0.3513 0.9249 0.1455
vn 0.3730 0.9249 0.0742
vn 0.3803 0.9249 -0.0000
vn 0.3730 0.9249 -0.0742
vn 0.3513 0.9249 -0.1455
vn 0.3162 0.9249 -0.2113
vn 0.2689 0.9249 -0.2689
vn 0.2113 0.9249 -0.3162
vn 0.1455 0.9249 -0.3513
vn 0.0742 0.9249 -0.3730
vn 0.0000 0.9249 -0.3803
vn -0.0742 0.9249 -0.3730
vn -0.1455 0.9249 -0.3513
vn -0.2113 0.9249 -0.3162
vn -0.2689 0.9249 -0.2689
vn -0.3162 0.9249 -0.2113
vn -0.3513 0.9249 -0.1455
vn -0.3730 0.9249 -0.0742
vn 0.9729 0.2311 0.0004
vn 0.9543 0.2311 -0.1894
vn 0.8990 0.2311 -0.3720
vn 0.8092 0.2311 -0.5402
vn 0.6882 0.2311 -0.6877
vn 0.5408 0.2311 -0.8087
vn 0.3727 0.2311 -0.8987
vn 0.1902 0.2311 -0.9542
vn 0.0004 0.2311 -0.9729
vn -0.1894 0.2311 -0.9543
vn -0.3720 0.2311 -0.8990
vn -0.5402 0.2311 -0.8092
vn -0.6877 0.2311 -0.6882
vn -0.8087 0.2311 -0.5408
vn -0.8987 0.2311 -0.3727
vn -0.9542 0.2311 -0.1902
vn -0.9729 0.2311 -0.0004
vn -0.9543 0.2311 0.1894
vn -0.8990 0.2311 0.3720
vn -0.8092 0.2311 0.5402
vn -0.6882 0.2311 0.6877
vn -0.5408 0.2311 0.8087
vn -0.3727 0.2311 0.8987
vn -0.1902 0.2311 0.9542
vn -0.0004 0.2311 0.9729
vn 0.1894 0.2311 0.9543
vn 0.3720 0.2311 0.8990
vn 0.5402 0.2311 0.8092
vn 0.6877 0.2311 0.6882
vn 0.8087 0.2311 0.5408
vn 0.8987 0.2311 0.3727
vn 0.9542 0.2311 0.1902
vn -0.9996 0.0290 0.0000
vn -0.9804 0.0290 0.1950
vn -0.9235 0.0290 0.3825
vn -0.8311 0.0290 0.5553
vn -0.7068 0.0290 0.7068
vn -0.5553 0.0290 0.8311
vn -0.3825 0.0290 0.9235
vn -0.1950 0.0290 0.9804
vn 0.0000 0.0290 0.9996
vn 0.1950 0.0290 0.9804
vn 0.3825 0.0290 0.9235
vn 0.5553 0.0290 0.8311
vn 0.7068 0.0290 0.7068
vn 0.8311 0.0290 0.5553
vn 0.9235 0.0290 0.3825
vn 0.9804 0.0290 0.1950
vn 0.9996 0.0290 -0.0000
vn 0.9804 0.0290 -0.1950
vn 0.9235 0.0290 -0.3825
vn 0.8311 0.0290 -0.5553
vn 0.7068 0.0290 -0.7068
vn 0.5553 0.0290 -0.8311
vn 0.3825 0.0290 -0.9235
vn 0.1950 0.0290 -0.9804
vn -0.0000 0.0290 -0.9996
vn -0.1950 0.0290 -0.9804
vn -0.3825 0.0290 -0.9235
vn -0.5553 0.0290 -0.8311
vn -0.7068 0.0290 -0.7068
vn -0.8311 0.0290 -0.5553
vn -0.9235 0.0290 -0.3825
vn -0.9804 0.0290 -0.1950
vn 0.9685 -0.1589 -0.1915
vn 0.9124 0.1608 -0.3763
vn 0.9205 0.0918 -0.3799
vn 0.8215 0.1608 -0.5470
vn 0.8286 0.0918 -0.5522
vn 0.6990 0.1608 -0.6968
vn 0.7050 0.0918 -0.7033
vn 0.5496 0.1608 -0.8198
vn 0.5543 0.0918 -0.8273
vn 0.3791 0.1608 -0.9113
vn 0.3822 0.0918 -0.9195
vn 0.1941 0.1608 -0.9677
vn 0.1955 0.0918 -0.9764
vn 0.0016 0.1609 -0.9870
vn 0.0012 0.0918 -0.9958
vn -0.1910 0.1609 -0.9683
vn -0.1931 0.0918 -0.9769
vn -0.3763 0.1608 -0.9125
vn -0.3799 0.0918 -0.9205
vn -0.5470 0.1608 -0.8215
vn -0.5522 0.0918 -0.8286
vn -0.6968 0.1608 -0.6990
vn -0.7033 0.0918 -0.7050
vn -0.8198 0.1608 -0.5496
vn -0.8273 0.0918 -0.5542
vn -0.9112 0.1609 -0.3791
vn -0.9195 0.0918 -0.3822
vn -0.9677 0.1608 -0.1941
vn -0.9764 0.0918 -0.1955
vn -0.9870 0.1608 -0.0016
vn -0.9958 0.0918 -0.0012
vn -0.9683 0.1608 0.1910
vn -0.9769 0.0918 0.1931
vn -0.9124 0.1608 0.3763
vn -0.9205 0.0918 0.3799
vn -0.8215 0.1608 0.5470
vn -0.8286 0.0918 0.5522
vn -0.6990 0.1609 0.6968
vn -0.7050 0.0918 0.7032
vn -0.5496 0.1608 0.8198
vn -0.5543 0.0918 0.8273
vn -0.3791 0.1608 0.9113
vn -0.3822 0.0918 0.9195
vn -0.1941 0.1608 0.9677
vn -0.1955 0.0918 0.9764
vn -0.0016 0.1608 0.9870
vn -0.0012 0.0918 0.9958
vn 0.1910 0.1609 0.9683
vn 0.1931 0.0918 0.9769
vn 0.3763 0.1608 0.9125
vn 0.3799 0.0918 0.9205
vn 0.5470 0.1608 0.8215
vn 0.5522 0.0918 0.8286
vn 0.6968 0.1608 0.6990
vn 0.7032 0.0918 0.7050
vn 0.8198 0.1608 0.5496
vn 0.8273 0.0918 0.5542
vn 0.9113 0.1608 0.3791
vn 0.9195 0.0918 0.3822
vn 0.9677 0.1608 0.1941
vn 0.9764 0.0918 0.1955
vn 0.1598 0.9849 -0.0662
vn 0.1697 0.9849 -0.0338
vn 0.1439 0.9849 -0.0961
vn 0.1223 0.9849 -0.1223
vn 0.0961 0.9849 -0.1439
vn 0.0662 0.9849 -0.1598
vn 0.0338 0.9849 -0.1697
vn -0.0000 0.9849 -0.1730
vn -0.0338 0.9849 -0.1697
vn -0.0662 0.9849 -0.1598
vn -0.0961 0.9849 -0.1439
vn -0.1223 0.9849 -0.1223
vn -0.1439 0.9849 -0.0961
vn -0.1598 0.9849 -0.0662
vn -0.1697 0.9849 -0.0338
vn -0.1730 0.9849 0.0000
vn -0.1697 0.9849 0.0338
vn -0.1598 0.9849 0.0662
vn -0.1439 0.9849 0.0961
vn -0.1223 0.9849 0.1223
vn -0.0961 0.9849 0.1439
vn -0.0662 0.9849 0.1598
vn -0.0338 0.9849 0.1697
vn 0.0000 0.9849 0.1730
vn 0.0338 0.9849 0.1697
vn 0.0662 0.9849 0.1598
vn 0.0961 0.9849 0.1439
vn 0.1223 0.9849 0.1223
vn 0.1439 0.9849 0.0961
vn 0.1598 0.9849 0.0662
vn 0.1697 0.9849 0.0338
vn 0.1730 0.9849 0.0000
vn 0.0480 0.9885 -0.1434
vn 0.1939 0.8605 -0.4710
vn 0.3805 0.8315 -0.4047
vn 0.1252 0.9797 -0.1566
vn -0.0744 0.9856 0.1516
vn -0.2432 0.8683 0.4324
vn -0.3637 0.8911 0.2715
vn -0.0893 0.9954 0.0356
vn 0.0022 0.9875 -0.1573
vn 0.0064 0.8931 -0.4498
vn 0.0010 0.9791 0.2034
vn -0.0104 0.8396 0.5431
vn -0.0224 0.9871 -0.1583
vn -0.1391 0.9156 -0.3772
vn 0.0373 0.9904 0.1328
vn 0.1996 0.8428 0.4999
vn -0.0865 0.9958 -0.0303
vn -0.3168 0.9118 -0.2611
vn 0.1188 0.9896 0.0809
vn 0.4278 0.8034 0.4142
vn -0.0053 0.9991 0.0430
vn -0.3748 0.9233 -0.0835
vn 0.0873 0.9953 0.0421
vn 0.5370 0.8152 0.2170
vn 0.0194 0.9998 -0.0086
vn -0.3240 0.9460 -0.0053
vn 0.1709 0.9816 -0.0857
vn 0.5027 0.8393 -0.2070
vn 0.5818 0.8121 0.0451
vn 0.1512 0.9878 0.0377
vn -0.0299 0.9996 -0.0026
vn -0.3155 0.9447 0.0892
vn -0.1357 0.9905 -0.0206
vn -0.1110 0.9931 -0.0379
vn 0.0635 0.9835 -0.1696
vn 0.2285 0.9622 -0.1479
vn -0.2154 0.9765 0.0074
vn 0.1399 0.9757 -0.1687
vn -0.0430 0.9951 0.0894
vn -0.0478 0.9761 -0.2121
vn 0.0521 0.9644 0.2594
vn -0.0329 0.9991 -0.0254
vn 0.0492 0.9766 0.2094
vn -0.1408 0.9886 -0.0539
vn 0.2294 0.9440 0.2371
vn -0.1349 0.9908 0.0137
vn 0.3818 0.9122 0.1487
vn 0.2445 0.9685 0.0475
vn -0.1797 0.9775 -0.1100
vn -0.1564 0.9805 -0.1187
vn 0.0431 0.9990 0.0135
vn -0.0063 0.9969 0.0779
vn -0.1659 0.9820 -0.0904
vn -0.0226 0.9957 -0.0897
vn -0.2253 0.9715 -0.0731
vn -0.1695 0.9855 -0.0018
vn -0.0021 0.9967 -0.0813
vn -0.0120 0.9986 0.0518
vn 0.0834 0.9872 -0.1358
vn -0.0130 0.9881 0.1532
vn 0.1361 0.9716 -0.1936
vn -0.0715 0.9954 0.0635
vn -0.0215 0.9838 -0.1782
vn -0.0507 0.9984 0.0239
vn 0.1430 0.9790 -0.1452
vn 0.2372 0.9652 -0.1103
vn -0.0728 0.9951 0.0666
vn -0.1165 0.9929 0.0235
vn 0.3162 0.9487 0.0071
vn -0.2083 0.9779 0.0204
vn -0.2188 0.9726 -0.0782
vn 0.3109 0.9356 0.1676
vn -0.1439 0.9772 -0.1560
vn 0.1909 0.9623 0.1939
vn -0.0860 0.9842 -0.1545
vn 0.0906 0.9893 0.1144
vn 0.0072 0.9961 -0.0882
vn 0.0170 0.9934 0.1135
vn 0.0547 0.9925 -0.1093
vn -0.0660 0.9890 0.1326
vn 0.7259 0.4454 0.5241
vn 0.4232 0.6462 -0.6350
vn 0.9115 0.4077 -0.0549
vn -0.3522 0.1257 0.9274
vn 0.1702 0.6292 0.7584
vn -0.9843 0.0965 -0.1478
vn -0.8394 0.3479 0.4176
vn -0.3671 0.4144 -0.8328
vn -0.5770 0.5713 -0.5836
vn 0.2726 0.7705 -0.5762
vn 0.0245 0.9982 -0.0545
vn -0.2495 0.4651 0.8494
vn 0.8345 0.4747 0.2797
vn 0.3065 0.6163 0.7254
vn -0.9905 0.1258 -0.0553
vn -0.6865 0.6180 0.3832
vn -0.1567 0.0965 -0.9829
vn -0.6518 0.3479 -0.6739
vn 0.6591 0.2523 -0.7085
vn 0.3177 0.5464 -0.7749
vn 0.6958 0.7122 -0.0929
vn -0.0132 0.9993 -0.0347
vn 0.3698 0.4651 0.8043
vn 0.8129 0.4747 -0.3372
vn 0.7076 0.6163 0.3457
vn -0.7832 0.1258 0.6089
vn -0.2659 0.6180 0.7398
vn -0.7638 0.0965 -0.6382
vn -0.9341 0.3479 -0.0800
vn 0.0316 0.2523 -0.9671
vn -0.2694 0.5464 -0.7930
vn 0.4637 0.7122 -0.5271
vn -0.0328 0.9993 -0.0175
vn -0.5376 0.2195 0.8141
vn 0.6245 0.4778 0.6178
vn 0.0232 0.4752 0.8795
vn -0.9058 0.1996 -0.3737
vn -0.7800 0.5784 0.2388
vn 0.2369 0.2689 -0.9336
vn -0.3319 0.5139 -0.7911
vn 0.8731 0.4381 -0.2139
vn 0.6479 0.6416 -0.4106
vn 0.6229 0.6804 0.3860
vn 0.0808 0.9828 0.1661
vn 0.3526 -0.4660 0.8115
vn 0.8523 0.4809 0.2057
vn 0.6400 0.2653 0.7211
vn -0.9817 -0.1397 0.1295
vn -0.4829 -0.1940 0.8539
vn -0.5232 0.5727 -0.6311
vn -0.7971 0.6017 -0.0506
vn 0.4266 0.7527 -0.5014
vn 0.1169 0.9456 -0.3036
vn 0.6241 0.7602 0.1807
vn 0.0730 0.8071 0.5859
vn -0.1266 0.3632 0.9231
vn 0.8530 0.4761 0.2136
vn 0.4627 0.2228 0.8581
vn -0.8845 -0.2069 0.4182
vn -0.5005 0.6862 0.5278
vn 0.0648 0.1462 -0.9871
vn -0.7973 -0.1678 -0.5797
vn 0.6974 0.3722 -0.6124
vn 0.3793 0.6227 -0.6844
vn 0.7661 0.6323 0.1152
vn 0.1986 0.9763 0.0860
vn -0.0008 -0.1546 0.9880
vn -0.0044 -0.0433 0.9991
vn -0.4500 -0.0508 0.8916
vn -0.4369 -0.1629 0.8846
vn 0.1383 -0.1377 -0.9808
vn 0.1509 0.0031 -0.9885
vn 0.0054 -0.0001 -1.0000
vn 0.0050 -0.1616 -0.9869
vn -0.1776 -0.1434 -0.9736
vn -0.1938 -0.0072 -0.9810
vn -0.8750 -0.1486 -0.4608
vn -0.8901 -0.0267 -0.4549
vn -0.9861 -0.1507 -0.0705
vn -0.9971 -0.0333 -0.0678
vn -0.9233 -0.1574 0.3502
vn -0.9350 -0.0431 0.3521
vn -0.6967 -0.1628 0.6986
vn -0.7054 -0.0494 0.7070
vn -0.0054 -0.0372 0.9993
vn -0.4698 -0.0457 0.8816
vn 0.1873 0.0515 -0.9809
vn 0.0047 0.0469 -0.9989
vn -0.1827 0.0413 -0.9823
vn -0.8936 0.0017 -0.4489
vn -0.9976 -0.0167 -0.0675
vn -0.9369 -0.0324 0.3482
vn -0.7089 -0.0426 0.7040
vn -0.0043 -0.0607 0.9981
vn -0.4937 -0.0680 0.8670
vn 0.0753 0.0852 -0.9935
vn 0.0034 0.0709 -0.9975
vn -0.1412 0.0868 -0.9862
vn -0.8278 0.0270 -0.5604
vn -0.9975 -0.0210 -0.0679
vn -0.9365 -0.0456 0.3476
vn -0.7098 -0.0625 0.7016
vn 0.0059 -0.1065 0.9943
vn -0.5077 -0.1195 0.8532
vn -0.0257 0.1255 -0.9918
vn -0.0080 0.1271 -0.9919
vn -0.1002 0.1197 -0.9877
vn -0.7364 0.0483 -0.6748
vn -0.9966 -0.0383 -0.0731
vn -0.9350 -0.0833 0.3448
vn -0.7073 -0.1122 0.6980
vn 0.0012 -0.1586 0.9873
vn -0.5067 -0.1626 0.8467
vn 0.2469 0.1819 -0.9518
vn -0.0007 0.1888 -0.9820
vn -0.0307 0.1662 -0.9856
vn -0.8183 0.0632 -0.5714
vn -0.9969 -0.0285 -0.0740
vn -0.9340 -0.0984 0.3436
vn -0.7064 -0.1467 0.6924
vn -0.0399 -0.1527 0.9875
vn -0.5231 -0.1338 0.8417
vn 0.3929 0.1729 -0.9032
vn 0.0417 0.1887 -0.9811
vn 0.0125 0.1916 -0.9814
vn -0.8606 0.1041 -0.4985
vn -0.9952 0.0287 -0.0936
vn -0.9433 -0.0476 0.3286
vn -0.7256 -0.1079 0.6796
vn -0.1432 -0.1478 0.9786
vn -0.5763 -0.1225 0.8080
vn 0.4494 0.1704 -0.8769
vn 0.1351 0.1942 -0.9716
vn 0.1149 0.1905 -0.9749
vn -0.7921 0.1246 -0.5976
vn -0.9814 0.0492 -0.1856
vn -0.9670 -0.0293 0.2530
vn -0.7770 -0.0916 0.6228
vn -0.2730 -0.2203 0.9364
vn -0.6383 -0.2074 0.7414
vn 0.5128 0.2550 -0.8198
vn 0.2624 0.2707 -0.9262
vn 0.2165 0.2629 -0.9402
vn -0.6837 0.1378 -0.7166
vn -0.9430 0.0180 -0.3323
vn -0.9871 -0.0977 0.1266
vn -0.8329 -0.1758 0.5248
vn -0.3081 -0.3800 0.8722
vn -0.6384 -0.3673 0.6765
vn 0.5409 0.4070 -0.7360
vn 0.2974 0.4232 -0.8558
vn 0.2746 0.4196 -0.8652
vn -0.5750 0.2490 -0.7793
vn -0.8820 0.0626 -0.4670
vn -0.9885 -0.1505 -0.0149
vn -0.8550 -0.3053 0.4193
vn -0.2872 -0.5908 0.7540
vn -0.6164 -0.5699 0.5434
vn 0.5525 0.5731 -0.6053
vn 0.3038 0.5937 -0.7451
vn 0.2638 0.5890 -0.7639
vn -0.5473 0.3446 -0.7627
vn -0.8192 0.1191 -0.5611
vn -0.9616 -0.1686 -0.2167
vn -0.8644 -0.4449 0.2342
vn -0.2998 -0.8050 0.5119
vn -0.6157 -0.7101 0.3416
vn 0.5832 0.7008 -0.4109
vn 0.3355 0.7734 -0.5379
vn 0.2493 0.7646 -0.5944
vn -0.6067 0.4934 -0.6233
vn -0.8737 0.1732 -0.4546
vn -0.9600 -0.1274 -0.2492
vn -0.8510 -0.5189 0.0811
vn -0.3375 -0.8474 0.4099
vn -0.9208 -0.3851 -0.0615
vn 0.6629 0.6954 -0.2775
vn 0.3482 0.8258 -0.4436
vn 0.3190 0.7903 -0.5231
vn -0.5641 0.4990 -0.6579
vn -0.8856 0.1762 -0.4297
vn -0.2985 -0.9280 0.2229
vn -0.8529 -0.4954 -0.1650
vn 0.2987 0.9517 -0.0706
vn 0.5652 0.8107 0.1527
vn -0.1775 -0.0035 -0.9841
vn -0.5339 -0.1335 -0.8350
vn -0.4382 -0.5658 -0.6985
vn -0.1352 -0.1004 -0.9857
vn -0.9306 -0.1317 -0.3414
vn -0.3407 -0.9306 0.1336
vn -0.9055 -0.3988 -0.1449
vn 0.3074 0.9491 0.0694
vn 0.6005 0.7705 0.2137
vn 0.6892 0.7073 0.1574
vn -0.8836 -0.3120 -0.3492
vn -0.9053 -0.3579 -0.2286
vn -0.7042 -0.6894 -0.1698
vn -0.6857 -0.6490 -0.3295
vn -0.9545 -0.1936 -0.2269
vn -0.2911 -0.9541 0.0697
vn -0.8762 -0.4789 -0.0540
vn 0.7222 0.6850 0.0961
vn 0.2829 0.9591 0.0138
vn 0.6748 0.7195 0.1642
vn 0.6496 0.7331 0.2014
vn 0.4989 0.8442 0.1958
vn 0.5300 0.8411 0.1076
vn -0.9550 -0.2806 -0.0956
vn -0.2581 -0.9648 0.0506
vn -0.8562 -0.5096 -0.0845
vn 0.7102 0.6973 0.0968
vn 0.2529 0.9675 0.0046
vn -0.9169 -0.3828 -0.1127
vn -0.2397 -0.9695 -0.0507
vn -0.8102 -0.5574 -0.1814
vn 0.6852 0.6988 0.2054
vn 0.2251 0.9681 0.1097
vn -0.8614 -0.4930 -0.1220
vn -0.8085 -0.5483 -0.2138
vn -0.5870 -0.7804 -0.2155
vn -0.6562 -0.7442 -0.1248
vn -0.8771 -0.4366 -0.2003
vn -0.2801 -0.9593 -0.0366
vn -0.7984 -0.5796 -0.1630
vn 0.7219 0.6662 0.1871
vn 0.2539 0.9615 0.1053
vn -0.8767 -0.4399 -0.1948
vn -0.3526 -0.9291 0.1116
vn -0.8025 -0.5966 -0.0108
vn 0.7903 0.6116 0.0381
vn 0.3334 0.9408 -0.0606
vn -0.8194 -0.5715 -0.0446
vn -0.7855 -0.6179 0.0363
vn -0.6253 -0.7767 0.0755
vn -0.6453 -0.7635 0.0242
vn -0.8924 -0.4472 -0.0601
vn -0.3900 -0.8929 0.2248
vn -0.7696 -0.6313 0.0952
vn 0.8005 0.5973 -0.0499
vn 0.3802 0.9051 -0.1902
vn 0.7205 0.6734 0.1653
vn 0.7412 0.6318 0.2268
vn 0.5856 0.7363 0.3391
vn 0.5906 0.7924 0.1526
vn -0.8470 -0.5301 0.0396
vn -0.3967 -0.8954 0.2022
vn -0.7204 -0.6901 0.0689
vn 0.7864 0.6175 -0.0160
vn 0.3891 0.9051 -0.1713
vn -0.6315 -0.7717 0.0751
vn -0.6256 -0.7743 0.0952
vn -0.6373 -0.7702 0.0265
vn -0.6312 -0.7736 0.0561
vn -0.7806 -0.6245 0.0258
vn -0.3910 -0.9166 0.0834
vn -0.7062 -0.7057 -0.0565
vn 0.7684 0.6311 0.1061
vn 0.3879 0.9196 -0.0624
vn -0.7338 -0.6687 -0.1197
vn -0.6695 -0.7428 0.0025
vn -0.7233 -0.6901 0.0254
vn -0.7660 -0.6378 -0.0804
vn -0.3804 -0.9238 -0.0426
vn -0.7257 -0.6571 -0.2042
vn 0.6959 0.6876 0.2074
vn 0.3885 0.9192 0.0642
vn -0.7641 -0.6439 0.0394
vn -0.7780 -0.5884 -0.2202
vn 0.7427 0.6231 0.2452
vn 0.4269 0.8962 0.1206
vn -0.7946 -0.6032 -0.0684
vn -0.7532 -0.6048 -0.2589
vn -0.7841 -0.5546 -0.2786
vn -0.4053 -0.9092 -0.0952
vn 0.2187 -0.1306 -0.9670
vn -0.1237 -0.1805 -0.9758
vn -0.6896 -0.2208 0.6897
vn -0.4401 -0.2174 0.8712
vn -0.9709 -0.2229 -0.0879
vn -0.9130 -0.2197 0.3438
vn -0.8181 -0.2478 -0.5189
vn 0.0097 -0.1245 -0.9922
vn -0.0079 -0.2233 0.9747
vn -0.9288 -0.0973 0.3577
vn -0.7004 -0.1034 0.7063
vn -0.4471 -0.1050 0.8883
vn -0.0010 -0.1017 0.9948
vn 0.0001 -0.0099 -1.0000
vn 0.2275 -0.0226 -0.9735
vn -0.1359 -0.0731 -0.9880
vn -0.8454 -0.1040 -0.5239
vn -0.9917 -0.0933 -0.0888
vn 0.1950 0.1674 -0.9664
vn 0.8500 0.3863 0.3583
vn -0.1232 -0.6497 -0.7501
vn -0.1729 -0.5596 -0.8105
vn 0.3827 0.5124 0.7687
vn 0.6093 0.7391 0.2873
vn 0.6385 0.7505 0.1708
vn -0.7061 -0.6995 -0.1102
vn -0.5839 -0.7851 -0.2064
vn -0.6296 -0.7630 -0.1465
vn 0.4081 0.5603 0.7208
vn 0.5370 0.7559 0.3744
vn 0.5549 0.8244 0.1120
vn 0.5861 0.8046 0.0952
vn 0.6496 0.7506 0.1211
vn 0.6179 0.7624 0.1921
vn -0.5892 -0.7975 -0.1295
vn -0.6298 -0.7766 -0.0174
vn -0.5597 -0.7957 -0.2315
vn 0.7200 0.6909 -0.0660
vn 0.5936 0.8001 -0.0865
vn 0.5952 0.7971 -0.1020
vn 0.7108 0.7018 -0.0471
vn 0.6195 0.7594 0.1991
vn 0.6844 0.7290 0.0092
vn 0.7101 0.6960 0.1067
vn -0.8094 -0.5632 -0.1664
vn 0.7318 0.6815 0.0085
vn 0.5974 0.8008 -0.0423
vn -0.8891 -0.4401 -0.1255
vn 0.6892 0.7181 0.0962
vn 0.7273 0.6836 -0.0608
vn 0.5445 0.8369 -0.0557
vn 0.4984 0.8598 -0.1110
vn 0.7507 0.6526 -0.1026
vn 0.4583 0.3541 0.8152
vn 0.3795 0.2884 0.8791
vn 0.6202 0.6146 0.4875
vn 0.7211 0.6731 0.1639
vn 0.7548 0.6292 0.1854
vn 0.6223 0.7224 0.3014
vn 0.5801 0.7834 0.2231
vn 0.7629 0.5972 0.2479
vn 0.7876 0.5187 0.3328
vn 0.7397 0.5330 0.4108
vn 0.6779 0.6654 0.3126
vn -0.7913 -0.6010 -0.1122
vn -0.8199 -0.5678 0.0740
vn -0.8411 -0.4913 0.2263
vn -0.8550 -0.5155 0.0576
vn 0.8111 0.5518 0.1938
vn 0.7527 0.6579 -0.0228
vn 0.7963 0.5960 -0.1032
vn 0.8152 0.5471 0.1899
vn 0.7962 0.5972 -0.0966
vn 0.7766 0.6253 0.0767
vn 0.6874 0.7262 0.0085
vn 0.7139 0.6848 -0.1459
vn -0.8174 -0.5598 0.1361
vn -0.7811 -0.6091 -0.1374
vn -0.7960 -0.5384 -0.2764
vn -0.8349 -0.5480 0.0517
vn -0.3691 -0.8179 -0.4413
vn -0.5651 -0.7887 -0.2422
vn -0.7177 -0.5616 -0.4118
vn -0.3643 -0.5743 -0.7331
vn 0.6962 0.7169 -0.0363
vn -0.6308 -0.7658 -0.1247
vn -0.6164 -0.7708 -0.1611
vn -0.6548 -0.7529 0.0654
vn 0.6964 0.7174 0.0169
vn -0.5218 -0.7845 -0.3352
vn -0.8371 -0.5328 -0.1240
vn -0.7932 -0.5106 -0.3319
vn -0.8116 -0.3574 -0.4621
vn -0.9169 -0.3323 -0.2213
vn -0.7944 -0.6072 -0.0152
vn -0.9460 -0.3201 -0.0501
vn -0.4102 -0.8301 -0.3776
vn 0.4991 0.8241 0.2677
vn 0.3250 0.6463 0.6904
vn -0.1612 -0.8401 -0.5180
vn -0.1981 -0.7174 -0.6679
vn 0.3653 0.6136 0.7000
vn 0.2547 0.8129 0.5238
vn 0.4171 0.7311 0.5399
vn -0.0119 0.9150 0.4032
vn -0.3770 -0.8985 -0.2247
vn -0.1810 -0.9490 -0.2583
vn 0.0714 -0.9372 -0.3415
vn 0.4265 0.8798 0.2100
vn 0.7998 0.5899 -0.1111
vn 0.6902 0.7232 -0.0241
vn 0.6215 -0.6760 -0.3960
vn 0.3270 -0.8868 -0.3265
vn -0.1310 -0.8711 -0.4734
vn 0.0055 0.9474 0.3199
vn -0.2217 0.6913 0.6877
vn 0.3311 -0.2499 -0.9099
vn -0.0594 -0.3664 -0.9286
vn 0.1227 0.5968 0.7930
vn 0.4128 0.8025 0.4309
vn 0.1399 0.8580 0.4943
vn -0.3539 0.7770 0.5207
vn 0.5342 -0.5216 -0.6652
vn 0.2391 -0.8914 -0.3851
vn 0.2986 -0.8232 -0.4828
vn 0.3914 -0.6454 -0.6559
vn -0.1417 0.8974 0.4179
vn -0.8031 -0.4752 -0.3594
vn -0.7877 -0.5837 -0.1970
vn 0.7609 0.6489 0.0007
vn -0.9007 -0.3898 -0.1918
vn 0.6307 0.7649 0.1307
vn 0.3834 0.7377 0.5556
vn 0.5152 0.8343 0.1961
vn 0.3274 0.8159 0.4765
vn -0.0562 -0.7398 -0.6705
vn -0.7607 -0.5719 -0.3069
vn -0.7356 -0.6556 -0.1706
vn 0.6563 0.7538 0.0309
vn 0.6636 0.7441 -0.0770
vn -0.4185 0.6551 0.6291
vn 0.0704 0.7925 0.6058
vn -0.7232 -0.6858 -0.0813
vn 0.1928 0.9273 0.3209
vn -0.1881 0.8847 0.4266
vn -0.3611 0.8022 0.4754
vn 0.0879 -0.8611 -0.5008
vn -0.8158 -0.5723 0.0828
vn 0.6302 0.7762 -0.0202
vn 0.6749 0.7359 -0.0545
vn 0.7128 0.6989 0.0587
vn 0.6744 0.7227 0.1516
vn 0.4554 0.8902 -0.0107
vn 0.7774 0.6281 -0.0346
vn -0.8210 -0.5269 -0.2197
vn -0.6584 -0.7414 -0.1293
vn -0.7330 -0.6771 0.0650
vn -0.8139 -0.5658 0.1321
vn 0.7326 0.6778 0.0628
vn -0.8119 -0.5811 0.0568
vn -0.9199 -0.3450 -0.1864
vn 0.5755 0.7658 0.2868
vn -0.8005 -0.5987 0.0288
vn -0.6585 -0.7509 -0.0501
vn -0.7210 -0.6800 -0.1337
vn -0.8636 -0.4959 -0.0912
vn 0.7472 0.6266 0.2214
vn -0.8251 -0.4770 -0.3029
vn -0.7411 -0.6295 -0.2334
vn -0.8713 -0.3978 -0.2872
vn 0.5742 0.6773 0.4600
vn -0.6821 -0.7017 -0.2059
vn 0.8325 0.5202 0.1904
vn 0.7826 0.6065 0.1401
vn 0.7161 0.6627 0.2191
vn 0.7650 0.5843 0.2708
vn -0.4876 -0.8664 -0.1073
vn -0.7588 -0.5885 -0.2790
vn -0.7542 -0.6234 -0.2061
vn -0.4462 -0.8906 -0.0875
vn 0.8170 0.4715 0.3320
vn 0.8225 0.5339 0.1962
vn 0.7631 0.6210 0.1793
vn -0.7656 -0.6067 -0.2141
vn -0.8766 -0.4212 -0.2328
vn 0.3793 0.9219 0.0792
vn 0.0594 0.9377 0.3423
vn 0.2658 0.9091 0.3207
vn 0.3293 0.9395 0.0938
vn -0.7836 -0.5873 -0.2027
vn -0.7713 -0.5642 -0.2945
vn -0.6502 -0.7292 -0.2133
vn -0.5856 -0.8106 0.0059
vn 0.2263 0.9182 0.3250
vn -0.4594 -0.8708 -0.1754
vn -0.3159 -0.9460 -0.0727
vn 0.6253 0.7529 0.2055
vn -0.4441 -0.8937 -0.0638
vn -0.3800 -0.9187 0.1074
vn -0.1333 -0.9904 -0.0362
vn 0.7753 0.5679 0.2765
vn 0.8022 0.5423 0.2498
vn -0.3366 -0.9368 -0.0954
vn -0.2948 -0.9555 -0.0005
vn -0.6516 -0.7427 -0.1543
vn -0.8724 -0.4620 -0.1595
vn -0.8527 -0.4414 -0.2794
vn -0.7810 -0.6171 0.0964
vn -0.8226 -0.5665 0.0496
vn -0.7499 -0.6607 0.0326
vn -0.6922 -0.6920 -0.2049
vn -0.7120 -0.6616 -0.2352
vn -0.5890 -0.7984 -0.1250
vn -0.4758 -0.8629 -0.1705
vn -0.6639 -0.7394 -0.1122
vn -0.7670 -0.6369 0.0782
vn -0.7369 -0.6707 -0.0846
vn -0.7747 -0.6324 0.0001
vn -0.7359 -0.6442 -0.2082
vn -0.7363 -0.6725 -0.0758
vn -0.3200 -0.8850 -0.3383
vn 0.8299 0.4866 0.2729
vn 0.8233 0.5279 0.2088
vn 0.6037 0.7971 0.0153
vn 0.7299 0.6634 0.1650
vn 0.5198 0.8499 -0.0863
vn 0.5320 0.8442 0.0653
vn 0.9004 0.4237 0.0983
vn 0.9062 0.3570 0.2267
vn 0.8475 0.5305 -0.0161
vn 0.7783 0.6244 -0.0661
vn 0.7525 0.6493 0.1100
vn 0.7550 0.6537 -0.0518
vn 0.7195 0.6735 0.1693
vn 0.7097 0.6828 0.1734
vn 0.3994 0.8957 0.1956
vn 0.5515 0.8298 0.0856
vn 0.6301 0.7692 0.1060
vn 0.7497 0.6586 0.0648
vn 0.7872 0.6123 -0.0727
vn 0.7079 0.6877 0.1612
vn 0.7360 0.6268 0.2558
vn 0.7864 0.6152 0.0558
vn -0.0972 0.5478 0.8309
vn -0.0519 0.6293 0.7754
vn -0.4631 0.8239 0.3267
vn -0.5736 0.5812 0.5772
vn 0.0857 0.8419 0.5328
vn -0.1163 0.6784 0.7254
vn -0.5218 0.7067 0.4778
vn -0.2043 0.9510 0.2320
vn 0.2290 0.8613 0.4535
vn 0.1825 0.8690 0.4598
vn -0.0382 0.9894 0.1403
vn 0.0137 0.9900 0.1403
vn -0.4573 0.8458 -0.2749
vn -0.2924 0.9109 -0.2911
vn -0.6758 0.7210 0.1531
vn -0.7813 0.5186 0.3474
vn -0.7950 0.5932 0.1272
vn -0.2160 0.9476 -0.2352
vn -0.5454 0.7046 -0.4538
vn -0.3886 0.7801 -0.4904
vn -0.8872 0.3781 -0.2643
vn -0.9017 0.4315 -0.0283
vn -0.8759 0.4662 -0.1244
vn -0.3403 0.8378 -0.4269
vn -0.6148 0.3367 -0.7132
vn -0.4982 0.5053 -0.7046
vn -0.7706 0.3238 -0.5489
vn -0.8476 0.3307 -0.4149
vn -0.8823 0.2704 -0.3853
vn -0.4638 0.6255 -0.6274
vn 0.6298 -0.6908 -0.3552
vn 0.4702 -0.5978 -0.6493
vn 0.5309 -0.2790 -0.8002
vn 0.8858 0.4423 0.1401
vn 0.1817 -0.9388 -0.2927
vn 0.1730 -0.9565 -0.2351
vn 0.4659 -0.7191 -0.5156
vn 0.4975 -0.7418 -0.4498
vn -0.1618 -0.9419 -0.2944
vn -0.0832 -0.9882 -0.1287
vn 0.0175 -0.9848 -0.1727
vn -0.0204 -0.9730 -0.2297
vn 0.2837 -0.9137 0.2910
vn 0.4447 -0.8559 0.2642
vn 0.6856 -0.5445 -0.4833
vn 0.6724 -0.2947 -0.6790
vn 0.7602 -0.6193 -0.1964
vn 0.1839 -0.9408 0.2846
vn 0.3707 -0.8036 0.4657
vn 0.5361 -0.7422 0.4021
vn 0.9092 -0.4159 0.0212
vn 0.9421 -0.2400 -0.2340
vn 0.8752 -0.4792 0.0668
vn 0.2791 -0.8465 0.4533
vn 0.2612 -0.9138 0.3110
vn 0.4799 -0.8223 0.3059
vn 0.8763 -0.4779 -0.0604
vn 0.7728 -0.1517 -0.6162
vn 0.4367 -0.8869 -0.1506
vn 0.2034 -0.9131 0.3535
vn 0.5058 0.8616 0.0418
vn 0.4333 -0.1372 0.8908
vn 0.4412 -0.0216 0.8971
vn -0.1221 -0.1432 -0.9821
vn -0.1383 -0.0063 -0.9904
vn 0.1997 -0.1302 -0.9712
vn 0.2077 0.0062 -0.9782
vn 0.8895 -0.0963 -0.4467
vn 0.8963 0.0320 -0.4423
vn 0.9940 -0.0932 -0.0578
vn 0.9980 0.0321 -0.0547
vn 0.9269 -0.1038 0.3608
vn 0.9313 0.0180 0.3639
vn 0.6961 -0.1224 0.7074
vn 0.6985 -0.0034 0.7156
vn 0.4603 -0.0135 0.8876
vn -0.1781 0.0387 -0.9832
vn 0.1916 0.0541 -0.9800
vn 0.8970 0.0637 -0.4374
vn 0.9971 0.0525 -0.0545
vn 0.9323 0.0325 0.3603
vn 0.7011 0.0064 0.7131
vn 0.4867 -0.0345 0.8729
vn -0.2350 0.0591 -0.9702
vn 0.1493 0.0741 -0.9860
vn 0.8927 0.0686 -0.4454
vn 0.9973 0.0474 -0.0557
vn 0.9332 0.0183 0.3588
vn 0.7042 -0.0141 0.7099
vn 0.5089 -0.0630 0.8585
vn -0.3105 0.1013 -0.9452
vn 0.0893 0.1264 -0.9880
vn 0.8833 0.1074 -0.4563
vn 0.9960 0.0688 -0.0576
vn 0.9338 0.0186 0.3572
vn 0.7087 -0.0337 0.7047
vn 0.5091 -0.1104 0.8536
vn -0.3754 0.1559 -0.9136
vn 0.0101 0.1874 -0.9822
vn 0.8729 0.1383 -0.4679
vn 0.9963 0.0688 -0.0524
vn 0.9296 -0.0071 0.3684
vn 0.7027 -0.0761 0.7074
vn 0.4577 -0.1353 0.8788
vn -0.3471 0.1822 -0.9199
vn 0.0213 0.1987 -0.9798
vn 0.8903 0.1005 -0.4441
vn 0.9997 0.0195 -0.0170
vn 0.9119 -0.0554 0.4067
vn 0.6690 -0.1122 0.7347
vn 0.3374 -0.1409 0.9307
vn -0.2161 0.1981 -0.9560
vn 0.1310 0.2076 -0.9694
vn 0.9211 0.0955 -0.3774
vn 0.9983 0.0094 0.0577
vn 0.8730 -0.0668 0.4831
vn 0.5927 -0.1204 0.7964
vn 0.1715 -0.1910 0.9665
vn -0.0469 0.2592 -0.9647
vn 0.2534 0.2739 -0.9278
vn 0.9466 0.1624 -0.2787
vn 0.9825 0.0481 0.1799
vn 0.7958 -0.0638 0.6021
vn 0.4672 -0.1479 0.8717
vn 0.0652 -0.3315 0.9412
vn 0.0280 0.4009 -0.9157
vn 0.2999 0.4175 -0.8578
vn 0.9651 0.2286 -0.1280
vn 0.9404 0.0411 0.3375
vn 0.6921 -0.1356 0.7089
vn 0.3615 -0.2602 0.8953
vn 0.0585 -0.5300 0.8460
vn 0.0145 0.5590 -0.8291
vn 0.2599 0.5873 -0.7665
vn 0.9598 0.2800 0.0177
vn 0.8968 -0.0103 0.4422
vn 0.6492 -0.2564 0.7161
vn 0.3485 -0.4279 0.8339
vn 0.0471 -0.7790 0.6252
vn 0.0044 0.7634 -0.6460
vn 0.2636 0.7726 -0.5776
vn 0.9530 0.2978 0.0562
vn 0.9027 -0.1491 0.4036
vn 0.6872 -0.4427 0.5760
vn 0.3724 -0.6405 0.6717
vn 0.4482 -0.6971 0.5597
vn -0.0193 0.8199 -0.5722
vn 0.1871 0.7972 -0.5740
vn 0.9573 0.2658 -0.1141
vn 0.8943 -0.2465 0.3735
vn 0.4343 -0.7346 0.5213
vn 0.0798 0.9875 -0.1362
vn 0.5529 -0.1296 -0.8231
vn 0.3565 -0.1884 -0.9151
vn 0.2408 -0.8206 -0.5182
vn 0.8794 -0.4667 -0.0946
vn 0.6641 -0.5179 0.5392
vn 0.4448 -0.8132 0.3754
vn -0.1501 0.9695 -0.1939
vn -0.1225 0.9872 -0.1021
vn 0.6265 -0.6534 0.4249
vn 0.2024 -0.9789 0.0268
vn 0.1590 -0.9671 0.1987
vn 0.5595 -0.7798 0.2808
vn 0.6822 -0.6183 0.3902
vn 0.4570 -0.8704 0.1831
vn -0.2342 0.9685 -0.0848
vn -0.2725 0.9615 -0.0366
vn -0.2500 0.9676 -0.0352
vn -0.2090 0.9756 -0.0669
vn -0.2578 0.9660 -0.0196
vn 0.6378 -0.7445 0.1973
vn 0.4826 -0.8605 0.1628
vn -0.2819 0.9547 -0.0951
vn 0.5848 -0.7939 0.1667
vn 0.4660 -0.8767 0.1193
vn -0.3085 0.9507 -0.0325
vn 0.4851 -0.8617 0.1490
vn 0.2350 -0.9611 0.1454
vn 0.2801 -0.9585 0.0534
vn 0.4874 -0.8665 0.1075
vn 0.5708 -0.8100 0.1345
vn 0.4043 -0.9071 0.1171
vn -0.3078 0.9502 -0.0482
vn 0.5708 -0.8082 0.1446
vn 0.2953 -0.9332 0.2047
vn -0.3051 0.9356 -0.1778
vn 0.4171 -0.8902 0.1834
vn 0.2411 -0.9624 0.1249
vn 0.1791 -0.9527 0.2454
vn 0.3349 -0.9007 0.2765
vn 0.5283 -0.8228 0.2096
vn 0.2001 -0.9300 0.3082
vn -0.3066 0.9059 -0.2920
vn -0.2420 0.9541 -0.1766
vn -0.0889 0.9908 -0.1021
vn -0.1364 0.9895 -0.0473
vn -0.2689 0.9225 -0.2770
vn 0.4121 -0.8601 0.3007
vn 0.1074 -0.9431 0.3146
vn -0.2871 0.9031 -0.3192
vn 0.3943 -0.8867 0.2414
vn 0.2450 -0.9478 0.2041
vn 0.1037 -0.9631 0.2485
vn 0.1269 -0.9508 0.2826
vn 0.2690 -0.9069 0.3242
vn 0.0773 -0.9693 0.2334
vn -0.2363 0.9398 -0.2470
vn 0.5550 -0.7990 0.2315
vn 0.5222 -0.8409 0.1419
vn 0.4921 -0.8250 0.2778
vn 0.2311 -0.9327 0.2769
vn 0.1219 -0.9782 0.1684
vn -0.0800 0.9897 -0.1190
vn 0.2808 -0.9039 0.3227
vn 0.2789 -0.9310 0.2355
vn -0.1053 0.9898 -0.0959
vn 0.3174 -0.8956 0.3117
vn 0.3176 -0.9233 0.2160
vn 0.1591 -0.9737 0.1628
vn 0.1305 -0.1727 -0.9763
vn -0.2088 -0.1412 -0.9677
vn 0.4310 -0.1958 0.8809
vn 0.6853 -0.1851 0.7044
vn 0.9162 -0.1721 0.3620
vn 0.9821 -0.1720 -0.0762
vn 0.8313 -0.2058 -0.5164
vn 0.6973 -0.0669 0.7137
vn 0.9284 -0.0488 0.3683
vn 0.4416 -0.0817 0.8935
vn -0.2131 -0.0346 -0.9764
vn 0.1556 -0.0662 -0.9856
vn 0.8585 -0.0594 -0.5094
vn 0.9963 -0.0415 -0.0757
vn 0.1497 0.1631 -0.9752
vn -0.6832 0.4846 -0.5462
vn 0.0505 -0.5942 -0.8027
vn -0.0299 -0.6699 -0.7418
vn -0.3614 0.6260 0.6910
vn -0.3481 0.9092 -0.2283
vn -0.3804 0.9219 -0.0733
vn 0.1918 -0.9680 0.1616
vn 0.4035 -0.8766 0.2623
vn 0.4084 -0.8883 0.2100
vn -0.3985 0.8150 0.4208
vn -0.2053 0.8818 0.4247
vn -0.1393 0.9838 -0.1128
vn -0.4484 0.8671 -0.2171
vn -0.4442 0.8694 -0.2163
vn -0.0896 0.9908 -0.1014
vn 0.4681 -0.8724 0.1406
vn 0.4693 -0.8690 0.1568
vn 0.2745 -0.9615 0.0144
vn -0.1675 0.9494 -0.2657
vn -0.1363 0.9481 -0.2872
vn -0.0501 0.9630 -0.2649
vn -0.1160 0.9655 -0.2332
vn -0.5151 0.8274 -0.2236
vn -0.4998 0.8385 -0.2170
vn -0.2296 0.9691 -0.0906
vn 0.4696 -0.8755 0.1140
vn -0.2405 0.9565 -0.1652
vn -0.2013 0.9721 -0.1206
vn 0.4978 -0.8546 0.1477
vn -0.2265 0.9696 -0.0929
vn -0.3902 0.9207 0.0106
vn -0.2919 0.9514 -0.0981
vn -0.0818 0.9955 0.0474
vn -0.1223 0.9542 0.2729
vn -0.5515 0.5985 0.5810
vn -0.5383 0.7309 0.4196
vn -0.2829 0.9586 -0.0317
vn -0.3946 0.9174 -0.0510
vn -0.0643 0.9786 0.1957
vn -0.0419 0.9990 0.0182
vn -0.3695 0.9116 -0.1803
vn -0.0510 0.9044 -0.4235
vn 0.1451 0.9260 -0.3484
vn 0.1225 0.9638 -0.2370
vn -0.1274 0.9458 -0.2986
vn 0.2147 -0.9153 0.3408
vn 0.0160 -0.9393 0.3427
vn 0.1492 -0.9676 0.2035
vn 0.3094 -0.9293 0.2017
vn -0.1373 0.9868 -0.0865
vn 0.2261 0.9672 -0.1162
vn 0.3730 0.9278 0.0034
vn -0.1748 0.9502 0.2581
vn -0.2466 0.9497 -0.1929
vn 0.0681 0.9920 -0.1068
vn 0.1687 0.9474 -0.2720
vn -0.1477 0.9252 -0.3497
vn 0.4002 -0.8946 0.1986
vn 0.2354 -0.9620 0.1385
vn 0.2435 -0.9642 0.1055
vn 0.3962 -0.8916 0.2194
vn 0.3051 -0.7917 -0.5293
vn 0.1705 -0.8259 -0.5374
vn 0.2857 -0.8513 -0.4400
vn 0.2488 -0.8498 -0.4647
vn -0.5324 0.8183 -0.2168
vn 0.3030 -0.9511 0.0600
vn 0.2545 -0.9228 0.2892
vn 0.4574 -0.8565 0.2393
vn -0.5426 0.8001 -0.2557
vn 0.3749 -0.7923 -0.4813
vn 0.2248 -0.9703 0.0892
vn 0.1279 -0.9802 0.1512
vn 0.1172 -0.9316 0.3440
vn 0.1574 -0.9078 0.3887
vn 0.2297 -0.8991 -0.3726
vn 0.0136 -0.9667 -0.2555
vn 0.3232 -0.7202 -0.6138
vn -0.3421 0.7311 0.5903
vn -0.0701 0.6593 0.7486
vn -0.0055 -0.6756 -0.7373
vn -0.0618 -0.6877 -0.7234
vn -0.0645 0.6810 0.7294
vn -0.2888 0.6430 0.7094
vn -0.1759 0.7415 0.6475
vn -0.2709 0.7749 0.5711
vn 0.1449 -0.7175 -0.6813
vn 0.2715 -0.7329 -0.6238
vn 0.3013 -0.7624 -0.5727
vn -0.3187 0.7499 0.5797
vn -0.0310 0.9992 -0.0256
vn -0.3683 0.9095 -0.1927
vn -0.0976 -0.7676 -0.6334
vn 0.3843 -0.6804 -0.6239
vn -0.1058 -0.7973 -0.5942
vn -0.2100 0.7224 0.6588
vn -0.0756 0.9293 0.3614
vn -0.0197 0.8804 0.4739
vn 0.0766 -0.7957 -0.6008
vn 0.1833 -0.7755 -0.6041
vn -0.6968 0.6554 0.2914
vn -0.2924 0.8001 0.5238
vn 0.2776 -0.6826 -0.6761
vn -0.3815 0.7325 0.5638
vn 0.3353 -0.6918 -0.6395
vn 0.2464 -0.7226 -0.6459
vn 0.2413 -0.6652 -0.7066
vn -0.3470 0.7193 0.6018
vn 0.0446 -0.9094 0.4135
vn 0.2865 -0.9581 0.0014
vn 0.0804 -0.8744 -0.4784
vn 0.2217 0.9189 0.3262
vn -0.0718 0.9531 0.2939
vn -0.1368 0.9249 0.3547
vn -0.2399 0.8505 0.4680
vn -0.2721 0.8077 0.5230
vn 0.1671 -0.6901 -0.7042
vn 0.1063 -0.8989 0.4251
vn 0.4162 -0.9046 0.0925
vn -0.1790 0.8734 0.4528
vn -0.4542 0.8498 -0.2673
vn -0.2282 0.7428 0.6295
vn -0.1674 0.7373 0.6545
vn 0.2175 -0.8267 -0.5189
vn -0.2939 0.7017 0.6490
vn -0.2360 0.6487 0.7236
vn -0.2456 0.6785 0.6923
vn 0.1826 -0.6238 -0.7600
vn 0.3748 -0.9265 -0.0344
vn -0.0734 0.9696 -0.2335
vn -0.1645 0.9687 -0.1858
vn -0.2374 0.9451 -0.2247
vn -0.3635 0.8979 -0.2482
vn -0.2566 0.9460 -0.1983
vn -0.0651 0.9952 -0.0725
vn 0.1419 -0.9720 0.1873
vn 0.4113 -0.8583 0.3067
vn 0.4018 -0.9028 0.1532
vn 0.3840 -0.9023 0.1961
vn -0.1775 0.9532 -0.2448
vn -0.1456 0.9886 0.0371
vn 0.4657 -0.8441 0.2657
vn 0.4156 -0.8569 0.3048
vn 0.2639 -0.9350 0.2370
vn 0.3282 -0.9277 0.1779
vn 0.1557 -0.9830 0.0969
vn 0.1250 -0.9780 0.1670
vn -0.2607 0.9452 -0.1964
vn 0.4948 -0.8196 0.2886
vn 0.2777 -0.9516 0.1313
vn -0.0969 0.9947 0.0336
vn 0.4043 -0.8703 0.2813
vn 0.2037 -0.9698 0.1344
vn -0.3291 0.9355 -0.1287
vn -0.2618 0.9480 -0.1812
vn -0.2398 0.9559 -0.1694
vn -0.3009 0.9346 -0.1896
vn 0.0704 -0.9959 0.0575
vn 0.2921 -0.9395 0.1791
vn -0.3206 0.9388 -0.1257
vn -0.2842 0.9381 -0.1979
vn -0.2758 0.9559 -0.1012
vn 0.2035 -0.9786 0.0305
vn 0.3379 -0.9319 0.1319
vn 0.0660 0.9954 -0.0696
vn 0.2521 0.9553 0.1547
vn 0.1149 -0.9880 0.1031
vn 0.0192 -0.9893 0.1444
vn -0.1483 -0.9887 -0.0219
vn 0.1031 -0.9945 -0.0159
vn -0.1521 0.9862 0.0660
vn 0.0446 -0.9976 0.0530
vn 0.4721 -0.8743 0.1126
vn -0.2592 0.9538 -0.1518
vn -0.2279 0.9546 -0.1916
vn -0.2994 0.9354 -0.1883
vn -0.0490 -0.9911 0.1240
vn 0.2864 -0.9383 0.1940
vn 0.3938 -0.8989 0.1923
vn 0.3492 -0.9155 0.1998
vn 0.3756 -0.9144 0.1510
vn 0.3336 -0.9080 0.2534
vn 0.4487 -0.8931 0.0329
vn 0.3427 -0.8588 0.3807
vn 0.4199 -0.8547 0.3052
vn 0.3928 -0.7814 -0.4849
vn 0.3414 -0.7585 -0.5551
vn 0.3801 -0.8057 -0.4542
vn 0.5009 -0.8402 0.2076
vn 0.5322 -0.8176 0.2195
vn 0.5289 -0.7965 0.2929
vn 0.3268 -0.8642 0.3825
vn 0.3702 -0.9269 0.0609
vn 0.3204 -0.7310 -0.6024
vn -0.2041 0.9773 -0.0564
vn 0.1191 0.9922 -0.0358
vn -0.0578 0.9909 -0.1218
vn -0.1740 0.9769 -0.1243
vn -0.3817 0.9118 -0.1517
vn -0.3731 0.9040 -0.2088
vn -0.3238 0.9106 -0.2567
vn -0.4391 0.8782 -0.1894
vn -0.5490 0.8167 -0.1775
vn -0.5911 0.7773 -0.2157
vn -0.4401 0.8378 -0.3231
vn -0.4002 0.8488 -0.3455
vn -0.3756 0.7618 0.5278
vn -0.3737 0.7519 0.5432
vn -0.4024 0.8311 0.3838
vn -0.5459 0.7920 -0.2733
vn -0.5273 0.8142 -0.2430
vn -0.3760 0.8762 -0.3016
vn -0.4043 0.9133 -0.0497
vn -0.5617 0.7824 -0.2690
vn -0.6875 0.6469 -0.3300
vn 0.7029 0.5707 0.4246
vn 0.4675 0.5715 0.6745
vn -0.3403 0.9258 -0.1645
vn -0.7382 0.3796 0.5576
vn -0.0697 0.9971 -0.0315
vn 0.5828 0.2554 -0.7714
vn 0.5846 0.7652 0.2699
vn 0.9589 -0.2792 0.0500
vn 0.3612 0.9161 0.1742
vn 0.5630 -0.7799 0.2733
vn 0.3652 -0.9253 0.1024
vn 0.1000 -0.9950 0.0059
vn -0.5539 -0.7876 -0.2700
vn -0.1573 -0.9838 -0.0862
vn -0.4519 -0.1131 -0.8848
vn -0.4567 0.0018 -0.8896
vn -0.0126 0.0099 -0.9999
vn -0.0196 -0.1071 -0.9941
vn 0.3305 -0.1831 0.9259
vn 0.3231 -0.0485 0.9451
vn 0.4566 -0.0455 0.8885
vn 0.4463 -0.2039 0.8714
vn 0.6116 -0.1745 0.7717
vn 0.6262 -0.0425 0.7785
vn 0.9918 -0.1278 -0.0085
vn 0.9999 -0.0060 -0.0106
vn 0.9093 -0.1122 -0.4007
vn 0.9155 0.0097 -0.4021
vn 0.6596 -0.1036 -0.7445
vn 0.6662 0.0158 -0.7456
vn 0.2970 -0.1040 -0.9492
vn 0.2990 0.0149 -0.9541
vn -0.4574 0.0180 -0.8891
vn 0.0089 0.0245 -0.9997
vn 0.2863 -0.0110 0.9581
vn 0.4573 -0.0076 0.8893
vn 0.6152 -0.0046 0.7884
vn 0.9997 0.0178 -0.0150
vn 0.9154 0.0250 -0.4017
vn 0.6689 0.0297 -0.7427
vn 0.3027 0.0290 -0.9526
vn -0.4580 0.0039 -0.8890
vn 0.0374 0.0069 -0.9993
vn 0.2314 0.0042 0.9729
vn 0.4579 0.0068 0.8890
vn 0.5813 0.0059 0.8137
vn 0.9999 0.0122 -0.0052
vn 0.9160 0.0130 -0.4009
vn 0.6696 0.0126 -0.7426
vn 0.3049 0.0100 -0.9523
vn -0.4611 -0.0254 -0.8870
vn 0.0555 -0.0305 -0.9980
vn 0.1593 0.0540 0.9858
vn 0.4618 0.0519 0.8854
vn 0.5297 0.0485 0.8468
vn 0.9998 0.0124 0.0147
vn 0.9173 -0.0065 -0.3981
vn 0.6680 -0.0204 -0.7439
vn 0.3028 -0.0286 -0.9526
vn -0.4637 -0.0813 -0.8822
vn 0.0542 -0.0994 -0.9936
vn 0.1045 0.1367 0.9851
vn 0.4646 0.1250 0.8766
vn 0.4792 0.1230 0.8691
vn 0.9993 0.0195 0.0325
vn 0.9184 -0.0345 -0.3941
vn 0.6650 -0.0748 -0.7431
vn 0.2982 -0.0963 -0.9496
vn -0.4595 -0.1438 -0.8765
vn 0.0366 -0.1678 -0.9851
vn 0.0994 0.2053 0.9736
vn 0.4597 0.1869 0.8682
vn 0.4639 0.1879 0.8657
vn 0.9992 0.0271 0.0291
vn 0.9172 -0.0573 -0.3944
vn 0.6612 -0.1239 -0.7399
vn 0.2952 -0.1610 -0.9418
vn -0.4558 -0.1580 -0.8759
vn 0.0089 -0.1759 -0.9844
vn 0.1250 0.2181 0.9679
vn 0.4547 0.2027 0.8673
vn 0.4691 0.2066 0.8586
vn 0.9989 0.0448 0.0144
vn 0.9148 -0.0452 -0.4014
vn 0.6581 -0.1194 -0.7434
vn 0.2937 -0.1648 -0.9416
vn -0.4637 -0.1558 -0.8722
vn -0.0378 -0.1763 -0.9836
vn 0.1483 0.2105 0.9663
vn 0.4657 0.1931 0.8636
vn 0.4609 0.1967 0.8654
vn 0.9992 0.0342 0.0229
vn 0.9147 -0.0549 -0.4003
vn 0.6559 -0.1260 -0.7442
vn 0.2894 -0.1679 -0.9424
vn -0.4663 -0.2269 -0.8550
vn -0.0799 -0.2641 -0.9612
vn 0.1577 0.2809 0.9467
vn 0.4689 0.2499 0.8472
vn 0.4600 0.2460 0.8532
vn 0.9990 0.0038 0.0453
vn 0.9187 -0.1181 -0.3768
vn 0.6630 -0.2107 -0.7184
vn 0.2941 -0.2598 -0.9198
vn -0.4595 -0.4553 -0.7626
vn -0.0686 -0.4949 -0.8663
vn 0.1573 0.4873 0.8590
vn 0.4608 0.4484 0.7659
vn 0.4563 0.4483 0.7687
vn 0.9973 0.0577 0.0457
vn 0.9278 -0.1606 -0.3366
vn 0.6889 -0.3401 -0.6401
vn 0.3252 -0.4568 -0.8280
vn -0.4098 -0.7104 -0.5721
vn -0.0436 -0.7194 -0.6932
vn 0.1186 0.6974 0.7068
vn 0.4161 0.6793 0.6045
vn 0.4339 0.6629 0.6102
vn 0.9857 0.1680 -0.0150
vn 0.9214 -0.1869 -0.3407
vn 0.6918 -0.4532 -0.5622
vn 0.3505 -0.6142 -0.7070
vn -0.3591 -0.8274 -0.4318
vn 0.3338 -0.7380 -0.5865
vn 0.0418 0.7972 0.6022
vn 0.3682 0.8056 0.4642
vn 0.3334 0.7600 0.5580
vn 0.9938 0.1090 0.0215
vn 0.8457 -0.3372 -0.4135
vn -0.3599 -0.8183 -0.4482
vn 0.3287 -0.6918 -0.6430
vn 0.3273 0.8674 0.3748
vn 0.1173 0.8986 0.4228
vn 0.6021 -0.5507 0.5782
vn 0.6980 -0.7155 0.0276
vn 0.4061 -0.9043 -0.1316
vn 0.4781 -0.6643 0.5745
vn 0.6102 -0.5054 -0.6101
vn -0.3584 -0.8125 -0.4599
vn 0.3246 -0.6905 -0.6464
vn 0.2984 0.8865 0.3537
vn 0.0113 0.8988 0.4382
vn -0.0293 0.8645 0.5019
vn 0.4659 -0.6690 -0.5792
vn 0.3949 -0.6944 -0.6016
vn 0.2498 -0.7785 -0.5759
vn 0.3199 -0.8132 -0.4862
vn 0.5715 -0.5368 -0.6206
vn -0.3646 -0.8328 -0.4165
vn 0.3045 -0.7402 -0.5995
vn -0.1034 0.8471 0.5212
vn 0.3344 0.8653 0.3735
vn -0.1512 0.8931 0.4237
vn -0.1044 0.9000 0.4231
vn -0.1356 0.8787 0.4578
vn -0.1904 0.8596 0.4741
vn 0.4757 -0.6527 -0.5897
vn -0.3895 -0.8606 -0.3281
vn 0.2892 -0.8019 -0.5228
vn -0.1016 0.8804 0.4633
vn 0.3646 0.8801 0.3041
vn 0.4265 -0.7374 -0.5239
vn -0.3665 -0.8887 -0.2755
vn 0.2800 -0.8334 -0.4766
vn -0.1331 0.8974 0.4207
vn 0.3475 0.9048 0.2462
vn 0.3263 -0.7996 -0.5042
vn 0.3197 -0.8174 -0.4792
vn 0.2274 -0.8508 -0.4737
vn 0.2337 -0.8493 -0.4733
vn 0.4173 -0.7644 -0.4915
vn -0.3214 -0.9055 -0.2770
vn 0.2845 -0.8381 -0.4654
vn -0.1940 0.8858 0.4215
vn 0.3004 0.9218 0.2449
vn 0.4246 -0.7665 -0.4819
vn -0.2269 -0.9455 -0.2334
vn 0.2954 -0.8640 -0.4076
vn -0.2936 0.8717 0.3924
vn 0.2086 0.9539 0.2158
vn 0.3627 -0.8353 -0.4132
vn 0.3570 -0.8244 -0.4393
vn 0.3744 -0.7966 -0.4747
vn 0.3285 -0.8361 -0.4394
vn 0.4321 -0.7905 -0.4340
vn -0.1655 -0.9581 -0.2337
vn 0.2669 -0.8696 -0.4155
vn -0.3350 0.8435 0.4198
vn 0.1437 0.9657 0.2165
vn -0.0735 0.8373 0.5417
vn -0.0926 0.8471 0.5234
vn -0.2442 0.8627 0.4428
vn -0.1437 0.8351 0.5310
vn 0.3980 -0.7995 -0.4498
vn -0.1705 -0.9382 -0.3012
vn 0.2210 -0.8415 -0.4929
vn -0.3379 0.7893 0.5127
vn 0.1438 0.9474 0.2858
vn 0.4661 -0.5759 -0.6716
vn 0.3672 -0.7145 -0.5956
vn 0.3881 -0.6396 -0.6636
vn 0.4679 -0.5610 -0.6829
vn 0.3369 -0.7750 -0.5346
vn -0.1847 -0.9148 -0.3593
vn 0.2094 -0.7999 -0.5625
vn -0.3290 0.7430 0.5828
vn 0.1647 0.9210 0.3530
vn 0.5831 -0.4846 -0.6520
vn 0.5216 -0.6352 -0.5697
vn 0.5727 -0.4197 -0.7042
vn 0.3259 -0.7246 -0.6073
vn -0.2373 -0.8710 -0.4302
vn 0.2231 -0.7453 -0.6282
vn -0.2024 0.7645 0.6121
vn 0.2467 0.8634 0.4401
vn 0.3512 -0.7549 -0.5539
vn 0.3343 -0.6775 -0.6552
vn -0.1225 0.7094 0.6940
vn 0.3361 0.7891 0.5142
vn 0.3912 -0.6629 -0.6383
vn 0.2135 -0.7123 -0.6686
vn 0.3269 -0.6615 -0.6750
vn -0.2864 -0.8225 -0.4914
vn 0.2500 -0.1743 0.9524
vn 0.5529 -0.2117 0.8059
vn 0.2954 -0.1681 -0.9405
vn -0.0135 -0.1680 -0.9857
vn 0.9091 -0.1888 -0.3712
vn 0.6559 -0.1715 -0.7351
vn 0.9669 -0.2391 0.0888
vn 0.4524 -0.1603 0.8773
vn -0.4508 -0.1856 -0.8731
vn 0.6577 -0.0484 -0.7517
vn 0.2954 -0.0499 -0.9541
vn -0.0126 -0.0543 -0.9984
vn -0.4536 -0.0639 -0.8889
vn 0.4534 -0.0478 0.8900
vn 0.2496 -0.0682 0.9659
vn 0.5820 -0.1055 0.8063
vn 0.9939 -0.0907 0.0627
vn 0.9205 -0.0587 -0.3863
vn 0.4304 -0.1836 0.8838
vn -0.4105 0.6613 0.6278
vn 0.3404 -0.9395 0.0390
vn 0.0624 -0.9369 0.3441
vn -0.2323 0.9426 -0.2400
vn -0.4097 0.8141 0.4116
vn -0.3502 0.7842 0.5122
vn 0.2409 -0.8151 -0.5268
vn 0.3244 -0.7899 -0.5204
vn 0.3249 -0.7874 -0.5239
vn -0.4968 0.8589 0.1243
vn -0.4268 0.8523 0.3023
vn -0.1302 0.8836 0.4498
vn -0.1211 0.8571 0.5007
vn -0.3374 0.7398 0.5821
vn -0.3870 0.7491 0.5377
vn 0.2550 -0.8399 -0.4792
vn 0.3961 -0.7156 -0.5753
vn 0.3658 -0.7532 -0.5467
vn -0.2592 0.8769 0.4048
vn -0.3379 0.8191 0.4636
vn -0.3288 0.7437 0.5821
vn -0.2800 0.8153 0.5068
vn -0.4419 0.7180 0.5379
vn -0.4458 0.6783 0.5841
vn -0.0725 0.8607 0.5039
vn 0.3305 -0.8181 -0.4706
vn -0.2186 0.8963 0.3857
vn -0.2857 0.8550 0.4328
vn 0.3485 -0.7534 -0.5577
vn -0.0763 0.8886 0.4523
vn -0.5160 0.5318 0.6715
vn -0.2865 0.8195 0.4963
vn -0.4091 0.8538 0.3219
vn -0.6044 0.6209 0.4991
vn -0.3790 0.9186 -0.1119
vn -0.4326 0.8710 -0.2330
vn -0.1418 0.9633 0.2277
vn -0.4679 0.5250 0.7109
vn -0.4756 0.6222 0.6218
vn -0.1906 0.8958 0.4016
vn -0.1768 0.8441 0.5062
vn -0.1287 0.6901 0.7122
vn -0.3758 0.7464 0.5493
vn -0.3350 0.7872 0.5178
vn 0.2003 0.7758 0.5983
vn 0.1815 -0.5903 -0.7865
vn 0.3742 -0.5720 -0.7300
vn 0.1488 -0.7173 -0.6807
vn 0.0321 -0.5882 -0.8081
vn -0.4167 0.7455 0.5202
vn -0.2736 0.8194 0.5037
vn -0.2454 0.7454 0.6199
vn -0.5537 0.6849 0.4737
vn -0.3806 0.6341 0.6731
vn -0.1514 0.6544 0.7408
vn 0.2143 0.7897 0.5748
vn 0.0036 0.8756 0.4830
vn 0.5014 -0.5955 -0.6277
vn 0.4986 -0.5984 -0.6272
vn 0.3652 -0.7423 -0.5618
vn 0.3742 -0.7791 -0.5030
vn 0.0546 -0.9069 -0.4177
vn 0.1828 -0.7663 -0.6160
vn 0.3426 -0.7901 -0.5083
vn 0.2312 -0.9622 -0.1442
vn -0.5077 0.6709 0.5405
vn 0.3022 -0.7725 -0.5585
vn 0.3302 -0.7945 -0.5097
vn 0.4687 -0.7078 -0.5285
vn -0.5516 0.5764 0.6029
vn 0.3920 -0.8863 -0.2466
vn 0.4457 -0.7079 -0.5480
vn 0.4505 -0.7511 -0.4827
vn 0.6074 -0.6544 -0.4504
vn 0.6960 -0.5558 -0.4546
vn 0.3338 -0.7884 -0.5166
vn 0.5666 -0.5836 -0.5817
vn 0.3865 -0.9137 -0.1255
vn -0.3895 0.8899 0.2377
vn -0.4920 0.8673 0.0751
vn 0.2362 -0.9659 0.1063
vn -0.0352 -0.9711 0.2361
vn -0.1648 0.9651 -0.2034
vn -0.4415 0.8967 -0.0331
vn -0.0962 0.9896 -0.1066
vn -0.1980 0.9799 -0.0238
vn 0.3089 -0.8747 -0.3736
vn 0.1149 -0.9447 -0.3071
vn -0.0232 -0.9985 0.0504
vn -0.3015 0.9012 0.3114
vn -0.5028 0.6303 0.5915
vn -0.2144 0.9028 0.3727
vn -0.5421 -0.6973 0.4690
vn -0.5268 -0.7921 0.3084
vn -0.1934 -0.9674 0.1637
vn -0.1283 0.9632 0.2362
vn 0.6575 0.6489 -0.3830
vn -0.5907 -0.3754 0.7142
vn -0.1974 -0.8698 0.4522
vn 0.1911 0.9807 -0.0412
vn -0.3111 0.8878 0.3392
vn 0.2728 0.9441 -0.1851
vn -0.2663 0.7281 0.6316
vn -0.6920 -0.5633 0.4514
vn -0.1233 -0.9923 -0.0078
vn -0.4833 -0.8726 0.0711
vn -0.5755 -0.7975 0.1811
vn -0.0808 0.9919 0.0979
vn 0.1770 -0.6326 -0.7540
vn 0.3362 -0.6557 -0.6760
vn -0.0408 0.7773 0.6278
vn 0.4912 -0.7416 -0.4568
vn -0.0336 0.6839 0.7288
vn -0.1097 0.9175 0.3824
vn -0.1476 0.7301 0.6673
vn -0.0030 0.9096 0.4154
vn -0.2794 -0.9588 -0.0512
vn 0.2490 -0.6913 -0.6784
vn 0.5113 -0.4962 -0.7016
vn -0.2100 0.8005 0.5613
vn -0.5071 0.4965 0.7045
vn 0.6488 0.6943 -0.3116
vn 0.3956 0.9184 -0.0080
vn 0.2592 -0.8146 -0.5190
vn 0.0554 0.8873 0.4579
vn 0.5169 0.8560 -0.0065
vn 0.4574 0.8827 -0.1081
vn -0.3335 -0.9327 -0.1372
vn 0.4843 -0.6048 -0.6322
vn -0.3784 0.6505 0.6586
vn -0.5398 0.4685 0.6994
vn -0.5415 0.5520 0.6341
vn -0.4527 0.5974 0.6620
vn -0.3085 0.8654 0.3948
vn -0.4993 0.6747 0.5435
vn 0.4310 -0.5995 -0.6744
vn 0.4171 -0.6099 -0.6739
vn 0.5944 -0.4862 -0.6405
vn 0.6441 -0.6190 -0.4495
vn -0.3212 0.7431 0.5871
vn 0.5574 -0.5507 -0.6214
vn 0.4396 -0.5659 -0.6975
vn -0.2172 0.8532 0.4741
vn 0.5355 -0.5885 -0.6057
vn 0.4513 -0.6158 -0.6458
vn 0.3235 -0.6290 -0.7069
vn 0.3529 -0.6188 -0.7018
vn -0.3400 0.7033 0.6243
vn 0.4568 -0.5801 -0.6745
vn 0.3416 -0.4966 -0.7979
vn 0.5776 -0.5866 -0.5677
vn -0.4251 0.8231 0.3766
vn 0.3911 -0.5808 -0.7140
vn -0.3370 0.6805 0.6507
vn -0.3917 0.5735 0.7195
vn -0.4601 0.5582 0.6904
vn -0.2877 0.6689 0.6854
vn -0.3383 -0.7661 -0.5466
vn 0.3730 -0.4955 -0.7845
vn 0.0820 -0.7188 -0.6904
vn -0.3297 -0.7734 -0.5414
vn -0.4490 0.7061 0.5476
vn -0.2678 0.5437 0.7954
vn -0.3356 0.4752 0.8134
vn 0.2157 -0.6079 -0.7641
vn 0.3248 -0.6609 -0.6765
vn -0.3337 0.8392 0.4295
vn -0.2090 0.9174 0.3388
vn 0.2217 0.9548 0.1980
vn 0.3187 0.9232 0.2146
vn 0.5511 -0.6246 -0.5533
vn 0.4761 -0.5271 -0.7039
vn 0.5279 -0.5216 -0.6702
vn 0.4491 -0.7472 -0.4900
vn -0.5148 0.7776 0.3611
vn 0.5682 -0.6421 -0.5147
vn 0.2640 -0.7871 -0.5575
vn -0.5891 0.6716 0.4494
vn -0.0816 -0.9132 -0.3993
vn -0.2178 -0.9407 -0.2601
vn -0.2986 -0.8571 -0.4198
vn -0.4111 0.4560 0.7893
vn -0.4481 0.4935 0.7455
vn 0.3124 -0.8370 -0.4493
vn -0.2351 -0.9205 -0.3120
vn 0.5588 -0.6822 -0.4716
vn 0.3526 -0.6394 -0.6833
vn 0.4576 -0.6748 -0.5790
vn 0.6432 -0.5360 -0.5468
vn 0.5381 -0.6028 -0.5892
vn 0.5693 -0.4634 -0.6791
vn 0.3206 -0.6610 -0.6785
vn 0.3345 -0.7473 -0.5741
vn 0.2731 -0.8498 -0.4509
vn 0.1824 -0.7814 -0.5968
vn 0.3300 -0.8636 -0.3812
vn 0.5161 -0.5686 -0.6406
vn 0.4310 -0.5923 -0.6808
vn 0.5565 -0.5518 -0.6212
vn 0.3895 -0.7633 -0.5153
vn 0.3595 -0.7498 -0.5555
vn 0.0267 -0.8811 -0.4722
vn -0.4961 0.4755 0.7265
vn -0.5915 0.5769 0.5632
vn -0.4962 0.7075 0.5032
vn -0.5646 0.4634 0.6830
vn 0.3660 0.9125 0.1829
vn 0.0574 0.9038 0.4241
vn -0.3804 0.5754 0.7240
vn -0.3624 0.6214 0.6946
vn -0.5655 0.5595 0.6060
vn -0.6304 0.4695 0.6182
vn -0.5860 0.4429 0.6785
vn -0.5667 0.3799 0.7311
vn -0.3000 0.6967 0.6516
vn -0.3703 0.6447 0.6687
vn -0.1575 0.7738 0.6135
vn -0.2684 0.8223 0.5018
vn -0.3315 0.8639 0.3793
vn -0.4942 0.5927 0.6360
vn -0.5514 0.5535 0.6242
vn -0.3582 0.7948 0.4899
vn -0.3716 0.7729 0.5143
vn -0.5765 0.5270 0.6244
vn 0.5169 -0.0579 -0.8541
vn 0.5197 0.1921 -0.8325
vn 0.8163 0.4309 -0.3847
vn 0.8733 -0.0139 -0.4870
vn 0.4677 0.0126 -0.8838
vn 0.4888 -0.0209 -0.8722
vn 0.8217 0.0027 -0.5699
vn 0.7638 0.0164 -0.6453
vn 0.5176 -0.0251 -0.8553
vn 0.4823 0.0153 -0.8759
vn 0.7559 0.0059 -0.6546
vn 0.8126 -0.0442 -0.5812
vn 0.9824 0.0181 -0.1857
vn 0.9789 -0.0073 -0.2043
vn 0.8908 0.4287 -0.1505
vn 0.9872 0.0242 -0.1574
vn 0.9885 0.0314 -0.1478
vn 0.9838 -0.0442 -0.1735
vn 0.9964 0.0162 0.0827
vn 0.9957 -0.0169 0.0913
vn 0.8919 0.2326 0.3878
vn 0.9831 0.0718 0.1686
vn 0.9885 0.0569 0.1400
vn 0.9952 -0.0510 0.0832
vn 0.8784 0.0043 0.4780
vn 0.8874 -0.0366 0.4596
vn 0.6878 0.3907 0.6118
vn 0.8434 0.1217 0.5233
vn 0.8572 0.0742 0.5096
vn 0.9189 -0.0543 0.3907
vn -0.9776 0.0089 0.2104
vn -0.7997 0.0238 0.6000
vn -0.8101 0.2936 0.5074
vn -0.5644 0.0718 -0.8223
vn -0.6764 -0.0165 0.7363
vn -0.7389 -0.0175 0.6736
vn -0.7718 0.0025 0.6358
vn -0.7935 -0.0003 0.6086
vn -0.6665 -0.0013 0.7455
vn -0.7972 -0.0216 0.6033
vn -0.7309 -0.0105 0.6824
vn -0.6705 -0.0084 0.7418
vn -0.9826 -0.0001 0.1858
vn -0.9834 -0.0183 0.1807
vn -0.9574 -0.0140 0.2884
vn -0.8423 0.3556 0.4050
vn -0.9800 -0.0240 0.1977
vn -0.9888 -0.0096 0.1491
vn -0.9978 0.0085 -0.0655
vn -0.9986 -0.0152 -0.0499
vn -0.9737 -0.0761 -0.2145
vn -0.9640 0.2636 -0.0357
vn -0.9874 -0.0533 -0.1489
vn -0.9975 -0.0149 -0.0691
vn -0.9809 -0.0020 0.1946
vn -0.9506 -0.0113 0.3101
vn -0.9901 -0.0672 -0.1236
vn -0.9806 0.0486 -0.1898
vn -0.9746 -0.0337 0.2215
vn -0.9973 -0.0279 0.0677
vn 0.3371 0.7477 0.5722
vn -0.7942 -0.1184 -0.5960
vn -0.8053 -0.0016 -0.5928
vn 0.5614 -0.1811 0.8075
vn 0.5807 -0.0448 0.8129
vn 0.2754 -0.1809 0.9442
vn 0.2687 -0.0479 0.9620
vn -0.5799 -0.1516 0.8005
vn -0.5906 -0.0294 0.8064
vn -0.8525 -0.1378 0.5042
vn -0.8601 -0.0163 0.5099
vn -0.9867 -0.1273 0.1010
vn -0.9942 -0.0084 0.1071
vn -0.9419 -0.1217 -0.3130
vn -0.9498 -0.0033 -0.3129
vn -0.8183 0.0145 -0.5746
vn 0.6119 -0.0072 0.7909
vn 0.2815 -0.0087 0.9595
vn -0.5953 -0.0016 0.8035
vn -0.8601 0.0037 0.5102
vn -0.9937 0.0096 0.1116
vn -0.9512 0.0134 -0.3084
vn -0.8345 0.0033 -0.5510
vn 0.6557 0.0057 0.7550
vn 0.3206 0.0048 0.9472
vn -0.5878 0.0053 0.8090
vn -0.8595 0.0054 0.5111
vn -0.9936 0.0056 0.1126
vn -0.9521 0.0048 -0.3057
vn -0.8448 -0.0126 -0.5349
vn 0.7087 0.0418 0.7043
vn 0.3737 0.0502 0.9262
vn -0.5736 0.0426 0.8180
vn -0.8575 0.0288 0.5136
vn -0.9937 0.0127 0.1118
vn -0.9522 -0.0035 -0.3054
vn -0.8451 -0.0409 -0.5330
vn 0.7466 0.0938 0.6586
vn 0.4249 0.1252 0.8965
vn -0.5589 0.1184 0.8207
vn -0.8554 0.0801 0.5118
vn -0.9937 0.0330 0.1072
vn -0.9515 -0.0147 -0.3074
vn -0.8356 -0.0821 -0.5431
vn 0.7525 0.1412 0.6432
vn 0.4501 0.1891 0.8727
vn -0.5531 0.1789 0.8137
vn -0.8559 0.1162 0.5040
vn -0.9943 0.0387 0.0996
vn -0.9499 -0.0386 -0.3102
vn -0.8195 -0.1046 -0.5634
vn 0.7369 0.1651 0.6555
vn 0.4552 0.2082 0.8657
vn -0.5553 0.1801 0.8119
vn -0.8580 0.1080 0.5022
vn -0.9950 0.0230 0.0971
vn -0.9486 -0.0579 -0.3110
vn -0.7982 -0.1067 -0.5929
vn 0.7219 0.1570 0.6739
vn 0.4474 0.1978 0.8722
vn -0.5589 0.1750 0.8106
vn -0.8568 0.1082 0.5042
vn -0.9945 0.0264 0.1015
vn -0.9506 -0.0531 -0.3057
vn -0.7763 -0.1507 -0.6121
vn 0.7183 0.1898 0.6694
vn 0.4487 0.2479 0.8586
vn -0.5481 0.2479 0.7989
vn -0.8522 0.1660 0.4962
vn -0.9931 0.0564 0.1030
vn -0.9530 -0.0576 -0.2975
vn -0.7719 -0.3387 -0.5380
vn 0.7117 0.3669 0.5991
vn 0.4544 0.4485 0.7697
vn -0.5359 0.3856 0.7511
vn -0.8496 0.2187 0.4800
vn -0.9911 0.0212 0.1315
vn -0.9556 -0.1771 -0.2353
vn -0.7194 -0.5741 -0.3910
vn 0.6810 0.5774 0.4504
vn 0.4274 0.6658 0.6116
vn -0.5377 0.5000 0.6789
vn -0.8663 0.1889 0.4625
vn -0.9780 -0.1062 0.1796
vn -0.9312 -0.3357 -0.1418
vn -0.8463 -0.5314 -0.0373
vn 0.6591 0.6871 0.3057
vn 0.4597 0.7427 0.4869
vn -0.5356 0.4056 0.7407
vn -0.9132 -0.0241 0.4068
vn -0.8689 -0.4900 -0.0702
vn 0.4711 0.8461 0.2493
vn -0.0317 -0.4617 0.8865
vn 0.0191 -0.6068 0.7946
vn -0.4503 -0.8374 0.3100
vn -0.5549 -0.5315 0.6400
vn -0.9578 -0.2560 0.1309
vn -0.8626 -0.4981 -0.0882
vn 0.5405 0.8216 0.1811
vn 0.6001 0.7734 0.2041
vn -0.8745 -0.4818 0.0564
vn -0.6741 -0.7384 -0.0180
vn -0.7046 -0.6950 -0.1431
vn -0.8432 -0.5367 -0.0308
vn -0.9516 -0.2923 0.0944
vn -0.8490 -0.5245 -0.0641
vn 0.6942 0.7011 0.1627
vn 0.6482 0.7594 0.0568
vn 0.7130 0.6975 0.0721
vn 0.6658 0.7356 0.1251
vn 0.6571 0.7507 0.0687
vn -0.9155 -0.4004 0.0391
vn -0.8458 -0.5335 0.0022
vn 0.7240 0.6840 0.0891
vn -0.8848 -0.4625 0.0564
vn -0.8169 -0.5764 0.0217
vn 0.7083 0.7049 0.0376
vn -0.8111 -0.5838 -0.0353
vn -0.6952 -0.7029 -0.1502
vn -0.6880 -0.7212 -0.0808
vn -0.7847 -0.6196 0.0200
vn -0.8635 -0.4976 0.0827
vn -0.7834 -0.6215 0.0094
vn 0.6977 0.7159 0.0288
vn -0.8454 -0.5279 0.0813
vn -0.6987 -0.7147 0.0310
vn 0.6744 0.7377 -0.0308
vn -0.7238 -0.6844 0.0877
vn -0.7127 -0.6995 0.0522
vn -0.6719 -0.7258 0.1475
vn -0.6436 -0.7585 0.1017
vn -0.8021 -0.5840 0.1250
vn -0.5977 -0.8015 0.0213
vn 0.6330 0.7710 -0.0702
vn 0.6184 0.7553 0.2171
vn 0.6041 0.7703 0.2042
vn 0.5838 0.8089 0.0699
vn 0.6261 0.7607 0.1713
vn -0.7256 -0.6757 0.1301
vn -0.5525 -0.8323 -0.0441
vn 0.6295 0.7748 -0.0583
vn -0.6472 -0.7464 0.1548
vn -0.6532 -0.7567 -0.0287
vn -0.6997 -0.7141 -0.0215
vn -0.6528 -0.7526 0.0865
vn -0.6510 -0.7574 0.0508
vn -0.5596 -0.8235 -0.0932
vn 0.6315 0.7753 -0.0113
vn -0.6052 -0.7960 -0.0045
vn -0.6382 -0.7626 0.1058
vn -0.6791 -0.7194 0.1457
vn -0.6525 -0.7577 -0.0102
vn -0.6508 -0.7486 -0.1268
vn 0.6104 0.7779 0.1489
vn -0.6132 -0.7893 0.0306
vn -0.7336 -0.6782 -0.0443
vn 0.6809 0.6845 0.2606
vn -0.6845 -0.7290 0.0034
vn -0.7867 -0.6113 -0.0859
vn -0.7282 -0.6647 -0.1673
vn 0.3283 -0.2153 0.9197
vn 0.6272 -0.1697 0.7602
vn -0.7930 -0.1777 -0.5827
vn -0.9344 -0.1844 -0.3049
vn -0.9754 -0.1930 0.1061
vn -0.8272 -0.2115 0.5205
vn -0.4910 -0.2574 0.8323
vn -0.9459 -0.0663 -0.3176
vn -0.9929 -0.0701 0.0957
vn -0.8024 -0.0645 -0.5933
vn 0.6409 -0.0628 0.7651
vn 0.3200 -0.1085 0.9412
vn -0.5235 -0.1108 0.8448
vn -0.8484 -0.0819 0.5230
vn 0.3918 -0.1798 0.9023
vn 0.8849 0.4655 0.0184
vn 0.0506 -0.9313 0.3608
vn -0.2656 -0.8819 0.3896
vn 0.1223 0.8960 -0.4269
vn 0.6191 0.7741 0.1325
vn 0.5930 0.8032 0.0567
vn -0.7077 -0.6796 -0.1929
vn -0.5971 -0.7712 -0.2210
vn -0.5895 -0.7720 -0.2374
vn 0.3990 0.9023 -0.1634
vn 0.4148 0.8346 -0.3625
vn 0.6378 0.7446 0.1969
vn 0.6089 0.7558 0.2407
vn 0.6081 0.7640 0.2157
vn 0.6201 0.7428 0.2524
vn -0.6031 -0.7634 -0.2314
vn -0.6764 -0.7149 -0.1772
vn -0.7138 -0.6982 -0.0553
vn 0.5475 0.8361 -0.0354
vn 0.5287 0.8487 0.0137
vn 0.6188 0.7830 -0.0633
vn 0.6449 0.7556 -0.1149
vn 0.7101 0.6819 0.1751
vn 0.6340 0.7280 0.2609
vn 0.6387 0.7355 0.2262
vn -0.7731 -0.6339 0.0190
vn 0.6104 0.7921 -0.0028
vn 0.6926 0.7200 -0.0440
vn -0.8189 -0.5684 -0.0799
vn 0.6617 0.7331 0.1571
vn 0.6154 0.7881 0.0160
vn 0.7299 0.6830 -0.0263
vn 0.5538 0.8288 0.0794
vn 0.4954 0.8452 0.2007
vn 0.2613 0.7757 -0.5745
vn 0.3448 0.8142 -0.4671
vn 0.4935 0.8655 -0.0856
vn 0.5099 0.8445 0.1639
vn 0.3809 0.8683 0.3177
vn 0.3984 0.8854 0.2394
vn 0.4121 0.8842 0.2198
vn 0.5454 0.8182 0.1820
vn 0.4565 0.8656 0.2058
vn 0.4944 0.8610 0.1189
vn 0.5458 0.8341 0.0792
vn -0.5468 -0.8042 -0.2329
vn -0.6572 -0.7332 -0.1746
vn -0.7264 -0.6696 -0.1549
vn -0.5434 -0.7924 -0.2772
vn 0.5672 0.8227 0.0378
vn 0.5541 0.8325 0.0034
vn 0.5776 0.7902 -0.2050
vn 0.5371 0.8348 -0.1214
vn 0.5104 0.8106 0.2872
vn 0.5372 0.8081 0.2414
vn 0.4831 0.8384 0.2524
vn 0.5329 0.8134 0.2332
vn -0.4646 -0.8494 -0.2504
vn -0.7276 -0.6776 -0.1070
vn -0.6841 -0.7056 -0.1848
vn -0.4337 -0.8788 -0.1989
vn -0.1591 -0.9836 -0.0847
vn -0.1730 -0.9755 0.1357
vn -0.4940 -0.7751 0.3939
vn -0.3650 -0.9254 0.1022
vn 0.7302 0.6815 -0.0485
vn -0.6059 -0.7839 -0.1356
vn -0.6175 -0.7677 -0.1713
vn -0.6998 -0.7143 -0.0013
vn 0.7153 0.6807 -0.1582
vn -0.4164 -0.9034 0.1025
vn -0.6041 -0.7969 0.0020
vn -0.7608 -0.6145 0.2086
vn -0.7263 -0.6871 0.0200
vn -0.5681 -0.8192 -0.0786
vn -0.5827 -0.8000 0.1428
vn -0.7122 -0.5114 0.4809
vn -0.2512 -0.9381 0.2383
vn 0.2673 0.9328 -0.2419
vn 0.3546 0.8442 -0.4019
vn 0.0115 -0.9704 0.2414
vn -0.2064 -0.9125 0.3533
vn 0.2729 0.8664 -0.4181
vn 0.1235 0.9217 -0.3678
vn 0.2059 0.8852 -0.4171
vn 0.1646 0.9453 -0.2815
vn -0.1320 -0.9359 0.3265
vn -0.1411 -0.9575 0.2514
vn -0.2172 -0.9540 0.2066
vn 0.1980 0.9480 -0.2492
vn 0.5220 0.8287 0.2019
vn 0.4254 0.8568 0.2914
vn 0.2434 -0.9683 0.0557
vn -0.1473 -0.9054 0.3981
vn 0.0314 -0.9956 0.0885
vn 0.1180 0.9391 -0.3228
vn -0.4009 0.9156 0.0301
vn -0.1563 0.9642 0.2143
vn 0.4603 -0.8866 0.0462
vn 0.7581 -0.6481 0.0723
vn 0.6820 0.5401 -0.4932
vn 0.0549 0.9652 -0.2558
vn -0.1251 -0.9687 0.2145
vn 0.7304 0.6132 -0.3009
vn -0.2271 -0.8866 0.4029
vn 0.0331 -0.9994 -0.0081
vn -0.0047 -0.9926 0.1217
vn 0.3596 0.8180 -0.4490
vn -0.6572 -0.7433 -0.1250
vn -0.6793 -0.6716 -0.2958
vn -0.5212 -0.6088 0.5981
vn 0.4304 0.8745 -0.2236
vn 0.4054 0.9136 0.0325
vn 0.2608 0.9081 0.3275
vn 0.3455 0.9379 -0.0298
vn 0.1689 0.9698 0.1758
vn 0.1673 -0.9766 -0.1354
vn -0.5505 -0.8123 -0.1924
vn -0.5303 -0.8305 -0.1707
vn 0.3601 0.9167 -0.1734
vn 0.6871 0.7049 -0.1760
vn 0.1690 0.9837 -0.0613
vn -0.1847 0.9695 0.1610
vn -0.4158 -0.8830 0.2177
vn 0.0934 0.9956 -0.0006
vn -0.0478 0.9938 0.1005
vn 0.0915 0.9722 -0.2157
vn 0.0401 -0.9968 -0.0696
vn -0.7871 -0.5957 -0.1598
vn 0.6736 0.7389 0.0133
vn 0.7642 0.6439 0.0365
vn 0.7131 0.6930 0.1062
vn 0.6902 0.7234 -0.0165
vn 0.7665 0.6422 0.0097
vn 0.5825 0.8087 0.0820
vn -0.7729 -0.6319 -0.0582
vn -0.7977 -0.6028 0.0152
vn -0.6840 -0.7282 0.0427
vn -0.8385 -0.5436 -0.0363
vn 0.5936 0.8038 0.0402
vn 0.5995 0.7988 0.0497
vn -0.9035 -0.4284 0.0142
vn -0.8879 -0.4599 0.0087
vn -0.7440 -0.6588 -0.1117
vn -0.7016 -0.7069 -0.0897
vn -0.6344 -0.7517 -0.1802
vn -0.6731 -0.7216 -0.1623
vn 0.6953 0.7173 0.0452
vn -0.8498 -0.5268 0.0190
vn -0.8393 -0.5258 -0.1382
vn 0.5429 0.8272 0.1450
vn -0.9063 -0.4215 -0.0320
vn -0.8126 -0.5785 -0.0713
vn 0.7547 0.6560 0.0115
vn 0.8268 0.5615 0.0328
vn 0.6750 0.7236 0.1442
vn 0.7582 0.6392 0.1289
vn -0.6785 -0.6771 -0.2849
vn -0.8369 -0.5278 -0.1445
vn 0.7141 0.6882 0.1282
vn 0.8559 0.4993 0.1343
vn 0.6148 0.7669 0.1838
vn -0.5911 -0.7821 -0.1974
vn -0.6310 -0.7642 -0.1338
vn 0.7398 0.6554 -0.1522
vn 0.3085 0.9496 -0.0552
vn -0.5712 -0.8096 -0.1353
vn -0.7276 -0.6828 0.0670
vn -0.4809 -0.8691 -0.1163
vn -0.5810 -0.8032 -0.1313
vn 0.5605 0.8139 -0.1531
vn -0.7264 -0.6865 -0.0340
vn -0.8992 -0.4033 0.1696
vn 0.7959 0.6038 -0.0440
vn 0.8414 0.5315 0.0978
vn 0.8583 0.5002 0.1149
vn -0.7144 -0.6954 0.0773
vn -0.8103 -0.5830 0.0601
vn -0.7945 -0.6072 -0.0059
vn -0.7353 -0.6660 -0.1259
vn -0.7532 -0.6557 0.0522
vn -0.8212 -0.5705 -0.0135
vn -0.6549 -0.7555 -0.0163
vn -0.5490 -0.8089 -0.2106
vn -0.5409 -0.8026 -0.2514
vn -0.2715 -0.9570 0.1024
vn -0.3101 -0.9380 0.1549
vn -0.4680 -0.8821 0.0530
vn -0.5315 -0.7942 -0.2944
vn -0.5235 -0.8091 -0.2670
vn -0.5480 -0.8270 -0.1255
vn -0.5614 -0.8153 -0.1418
vn -0.5584 -0.8254 -0.0831
vn -0.1647 -0.9863 0.0051
vn 0.5917 0.7953 0.1320
vn 0.5271 0.8424 0.1118
vn 0.7639 0.6432 -0.0527
vn 0.6501 0.7516 0.1113
vn 0.6686 0.7319 0.1314
vn 0.7352 0.6749 0.0633
vn 0.7706 0.6342 0.0627
vn 0.7083 0.7040 -0.0518
vn 0.6588 0.7408 -0.1311
vn 0.6233 0.7816 -0.0267
vn 0.5570 0.7899 0.2564
vn 0.5710 0.7964 0.1992
vn 0.2571 0.9560 -0.1411
vn 0.2231 0.9721 -0.0726
vn 0.4143 0.9076 -0.0682
vn 0.5318 0.7970 0.2865
vn 0.5224 0.7908 0.3190
vn 0.5733 0.8130 0.1017
vn 0.5508 0.8323 0.0630
vn 0.5665 0.8189 0.0920
vn -0.9970 0.0141 -0.0757
vn -0.9034 0.0703 0.4231
vn -0.7338 0.5447 0.4061
vn -0.9500 0.3018 -0.0798
vn -0.9910 0.0073 -0.1339
vn -0.9693 0.0104 0.2456
vn -0.9410 0.0384 0.3363
vn -0.9940 0.0087 -0.1088
vn -0.9957 -0.0482 -0.0789
vn -0.9452 -0.0706 0.3187
vn -0.9724 -0.0154 0.2328
vn -0.9930 -0.0030 -0.1183
vn -0.7362 -0.0282 0.6762
vn -0.7237 0.0125 0.6900
vn -0.7043 0.1033 0.7023
vn -0.5883 0.5374 0.6042
vn -0.6974 0.0648 0.7138
vn -0.7135 -0.0696 0.6972
vn -0.5056 -0.0352 0.8620
vn -0.5143 0.0111 0.8576
vn -0.4381 0.1334 0.8890
vn -0.1785 0.3116 0.9333
vn -0.4645 0.0836 0.8816
vn -0.5104 -0.0737 0.8568
vn -0.1436 -0.0496 0.9884
vn -0.1261 -0.0003 0.9920
vn -0.0693 0.1584 0.9849
vn 0.1362 0.4265 0.8942
vn -0.0929 0.0850 0.9920
vn -0.2133 -0.0716 0.9744
vn 0.7293 -0.0695 -0.6807
vn -0.3303 0.0511 -0.9425
vn 0.9151 0.1574 -0.3713
vn 0.9523 -0.0595 -0.2993
vn 0.9926 -0.0095 -0.1214
vn 0.9556 -0.0255 -0.2936
vn 0.9656 -0.0335 -0.2577
vn 0.9779 -0.0117 -0.2089
vn 0.9940 0.0237 -0.1070
vn 0.9936 0.0123 -0.1126
vn 0.9805 0.0106 -0.1965
vn 0.9560 0.0046 -0.2933
vn 0.7203 -0.0127 -0.6936
vn 0.7234 0.0208 -0.6901
vn 0.8597 0.2204 -0.4608
vn 0.7935 -0.0961 -0.6009
vn 0.7331 -0.0593 -0.6776
vn 0.6978 0.0157 -0.7161
vn 0.5421 -0.0100 -0.8403
vn 0.5279 0.0271 -0.8489
vn 0.5618 0.1439 -0.8147
vn 0.3950 -0.1354 -0.9086
vn 0.4561 -0.0797 -0.8863
vn 0.5241 0.0080 -0.8516
vn 0.8082 -0.0037 -0.5889
vn 0.7299 0.0257 -0.6831
vn 0.4199 -0.0538 -0.9060
vn 0.4791 -0.1274 -0.8685
vn 0.7500 -0.0571 -0.6589
vn 0.6350 -0.0038 -0.7725
vn -0.6426 -0.7013 0.3086
vn -0.3807 -0.1933 0.9043
vn -0.3838 -0.0847 0.9195
vn -0.7552 -0.0619 0.6526
vn -0.7426 -0.1741 0.6466
vn 0.4978 -0.1045 -0.8610
vn 0.5131 0.0357 -0.8576
vn 0.3841 0.0412 -0.9224
vn 0.3826 -0.1225 -0.9157
vn 0.1970 -0.0939 -0.9759
vn 0.1901 0.0453 -0.9807
vn -0.6412 -0.0850 -0.7626
vn -0.6528 0.0441 -0.7562
vn -0.8909 -0.0953 -0.4441
vn -0.8980 0.0274 -0.4391
vn -0.9919 -0.1221 -0.0336
vn -0.9996 -0.0034 -0.0283
vn -0.9141 -0.1534 0.3755
vn -0.9218 -0.0378 0.3857
vn -0.3833 -0.0698 0.9210
vn -0.7689 -0.0461 0.6377
vn 0.5461 0.0722 -0.8346
vn 0.3832 0.0801 -0.9202
vn 0.2036 0.0837 -0.9755
vn -0.6585 0.0694 -0.7494
vn -0.8987 0.0447 -0.4362
vn -0.9995 0.0122 -0.0290
vn -0.9227 -0.0228 0.3847
vn -0.3824 -0.0689 0.9214
vn -0.7865 -0.0485 0.6157
vn 0.5929 0.0706 -0.8022
vn 0.3824 0.0798 -0.9206
vn 0.2446 0.0794 -0.9664
vn -0.6522 0.0581 -0.7558
vn -0.8987 0.0324 -0.4373
vn -0.9996 0.0012 -0.0293
vn -0.9234 -0.0300 0.3827
vn -0.3796 -0.0771 0.9219
vn -0.7973 -0.0659 0.6000
vn 0.6493 0.0973 -0.7543
vn 0.3778 0.1036 -0.9201
vn 0.3030 0.1007 -0.9476
vn -0.6365 0.0515 -0.7695
vn -0.8971 0.0140 -0.4417
vn -0.9993 -0.0226 -0.0292
vn -0.9223 -0.0527 0.3829
vn -0.3759 -0.1074 0.9204
vn -0.7946 -0.1108 0.5970
vn 0.6864 0.1526 -0.7110
vn 0.3714 0.1505 -0.9162
vn 0.3549 0.1496 -0.9229
vn -0.6229 0.0507 -0.7806
vn -0.8951 -0.0112 -0.4458
vn -0.9976 -0.0640 -0.0281
vn -0.9182 -0.0996 0.3835
vn -0.3768 -0.1175 0.9188
vn -0.7813 -0.1429 0.6075
vn 0.6883 0.1800 -0.7027
vn 0.3699 0.1599 -0.9152
vn 0.3739 0.1650 -0.9127
vn -0.6209 0.0218 -0.7836
vn -0.8933 -0.0522 -0.4465
vn -0.9937 -0.1090 -0.0255
vn -0.9127 -0.1393 0.3842
vn -0.3842 -0.0817 0.9196
vn -0.7663 -0.1330 0.6286
vn 0.6720 0.1655 -0.7219
vn 0.3755 0.1263 -0.9182
vn 0.3788 0.1341 -0.9157
vn -0.6151 -0.0335 -0.7877
vn -0.8876 -0.0996 -0.4498
vn -0.9900 -0.1387 -0.0273
vn -0.9120 -0.1466 0.3831
vn -0.3925 -0.1367 0.9095
vn -0.7294 -0.2081 0.6517
vn 0.6510 0.2383 -0.7206
vn 0.3894 0.1883 -0.9016
vn 0.4001 0.1775 -0.8991
vn -0.5726 -0.0872 -0.8152
vn -0.8637 -0.1891 -0.4672
vn -0.9702 -0.2390 -0.0393
vn -0.8957 -0.2385 0.3752
vn -0.3619 -0.3731 0.8543
vn -0.6174 -0.4665 0.6334
vn 0.5764 0.4856 -0.6572
vn 0.3727 0.4163 -0.8293
vn 0.3801 0.3950 -0.8363
vn -0.4968 -0.1117 -0.8606
vn -0.7889 -0.3498 -0.5053
vn -0.8747 -0.4793 -0.0718
vn -0.7934 -0.5068 0.3372
vn -0.2071 -0.6363 0.7431
vn -0.4016 -0.7531 0.5210
vn 0.3811 0.7424 -0.5510
vn 0.2376 0.6584 -0.7142
vn 0.2205 0.6441 -0.7325
vn -0.4530 -0.1033 -0.8855
vn -0.6539 -0.5060 -0.5624
vn -0.6712 -0.7257 -0.1511
vn -0.5635 -0.7926 0.2328
vn 0.0400 -0.7922 0.6089
vn -0.1465 -0.9140 0.3784
vn 0.1476 0.8939 -0.4232
vn 0.0239 0.8095 -0.5866
vn 0.0064 0.7791 -0.6269
vn -0.4891 -0.1318 -0.8622
vn -0.5175 -0.6341 -0.5745
vn -0.4391 -0.8684 -0.2305
vn -0.3356 -0.9353 0.1126
vn 0.1644 -0.8330 0.5283
vn -0.1798 -0.9836 0.0117
vn 0.0840 0.9423 -0.3240
vn -0.0718 0.8458 -0.5287
vn -0.0182 0.8306 -0.5566
vn -0.3815 -0.1786 -0.9070
vn -0.4163 -0.7545 -0.5073
vn 0.3402 -0.8191 0.4620
vn -0.0478 -0.9972 -0.0578
vn -0.3341 0.8794 -0.3392
vn -0.3031 0.9155 -0.2647
vn 0.4095 -0.2838 -0.8670
vn 0.0651 -0.8043 -0.5907
vn 0.4542 -0.8909 -0.0034
vn 0.6170 -0.3791 -0.6896
vn -0.2292 -0.9243 -0.3051
vn 0.4152 -0.8025 0.4285
vn 0.0332 -0.9934 -0.1095
vn -0.4632 0.8176 -0.3421
vn -0.2883 0.9428 -0.1673
vn -0.2813 0.9540 -0.1039
vn -0.0557 -0.9786 -0.1982
vn 0.0387 -0.9827 -0.1809
vn 0.2804 -0.9545 0.1013
vn 0.2622 -0.9612 0.0863
vn -0.1260 -0.9391 -0.3197
vn 0.5062 -0.7701 0.3883
vn 0.1698 -0.9695 -0.1765
vn -0.3234 0.9463 0.0052
vn -0.5187 0.7840 -0.3409
vn -0.4803 0.8758 0.0480
vn -0.4331 0.9011 0.0203
vn -0.5095 0.8455 -0.1599
vn -0.5827 0.7964 -0.1619
vn 0.0580 -0.9432 -0.3271
vn 0.5412 -0.7378 0.4034
vn 0.2501 -0.9429 -0.2199
vn -0.3735 0.9269 0.0370
vn -0.5473 0.7487 -0.3741
vn 0.1754 -0.9256 -0.3354
vn 0.5586 -0.7181 0.4151
vn 0.3037 -0.9250 -0.2285
vn -0.4107 0.9092 0.0685
vn -0.5774 0.7147 -0.3947
vn 0.2635 -0.9397 -0.2182
vn 0.3215 -0.9214 -0.2184
vn 0.4822 -0.8727 0.0765
vn 0.4326 -0.8989 0.0698
vn 0.2383 -0.9092 -0.3416
vn 0.5893 -0.7208 0.3649
vn 0.3558 -0.9009 -0.2485
vn -0.4344 0.8890 0.1448
vn -0.6142 0.7073 -0.3500
vn 0.2903 -0.8874 -0.3582
vn 0.6543 -0.7246 0.2164
vn 0.4348 -0.8502 -0.2970
vn -0.4627 0.8410 0.2805
vn -0.6735 0.7086 -0.2104
vn 0.4882 -0.8420 -0.2296
vn 0.5257 -0.8077 -0.2669
vn 0.7049 -0.6902 0.1634
vn 0.6711 -0.7241 0.1592
vn 0.3655 -0.8407 -0.3995
vn 0.6807 -0.7311 0.0466
vn 0.4780 -0.8051 -0.3510
vn -0.4650 0.7934 0.3928
vn -0.6988 0.7141 -0.0417
vn -0.2495 0.9654 -0.0761
vn -0.1764 0.9817 -0.0719
vn -0.3515 0.9165 -0.1910
vn -0.3739 0.9028 -0.2124
vn 0.4160 -0.7989 -0.4344
vn 0.6823 -0.7222 -0.1133
vn 0.5072 -0.7591 -0.4080
vn -0.4618 0.7440 0.4830
vn -0.6960 0.7051 0.1354
vn 0.7103 -0.5703 0.4125
vn 0.6830 -0.7304 0.0002
vn 0.6692 -0.7167 -0.1963
vn 0.7083 -0.6448 0.2873
vn 0.4593 -0.7543 -0.4691
vn 0.6837 -0.6830 -0.2570
vn 0.5457 -0.6985 -0.4630
vn -0.5108 0.6815 0.5240
vn -0.6866 0.6729 0.2752
vn 0.7363 -0.5180 0.4353
vn 0.7403 -0.4968 0.4529
vn 0.6352 -0.6161 0.4658
vn 0.5022 -0.6979 -0.5106
vn 0.6562 -0.6818 -0.3234
vn 0.5414 -0.6837 -0.4893
vn -0.5591 0.6764 0.4794
vn -0.6524 0.6782 0.3383
vn 0.5126 -0.7673 -0.3853
vn 0.5134 -0.6803 -0.5230
vn -0.5667 0.6976 0.4383
vn -0.6209 0.6977 0.3574
vn 0.5080 -0.7038 -0.4966
vn 0.5369 -0.6852 -0.4922
vn 0.5259 -0.6779 -0.5137
vn 0.6417 -0.6888 -0.3373
vn 0.5728 -0.1067 -0.8127
vn 0.2618 -0.1386 -0.9551
vn -0.8994 -0.2133 0.3815
vn -0.7337 -0.2290 0.6397
vn -0.8759 -0.1745 -0.4498
vn -0.9817 -0.1895 -0.0203
vn -0.5691 -0.1896 -0.8001
vn 0.3792 -0.0912 -0.9208
vn -0.3678 -0.2578 0.8935
vn -0.9975 -0.0656 -0.0271
vn -0.9193 -0.0949 0.3820
vn -0.7530 -0.1150 0.6479
vn -0.3844 -0.1366 0.9130
vn 0.3888 0.0255 -0.9210
vn 0.5769 0.0008 -0.8168
vn 0.2428 -0.0322 -0.9695
vn -0.5885 -0.0455 -0.8072
vn -0.8860 -0.0431 -0.4617
vn 0.4894 0.3900 -0.7800
vn 0.1437 0.9895 -0.0152
vn 0.5981 -0.7824 0.1736
vn 0.5730 -0.8103 0.1230
vn -0.3964 0.9180 -0.0123
vn -0.3320 0.9401 0.0773
vn -0.4347 0.9004 0.0187
vn 0.3729 -0.9252 0.0706
vn 0.5312 -0.8354 0.1412
vn 0.4809 -0.8730 0.0811
vn -0.5193 0.8534 -0.0446
vn -0.2862 0.9496 0.1278
vn -0.4804 0.8606 -0.1692
vn -0.4426 0.8776 -0.1841
vn -0.4699 0.8805 -0.0628
vn -0.4957 0.8607 -0.1162
vn 0.5726 -0.8124 0.1107
vn 0.7351 -0.6062 0.3034
vn 0.6448 -0.7380 0.1989
vn -0.5773 0.7920 0.1989
vn -0.7117 0.6793 -0.1793
vn -0.6942 0.7197 0.0010
vn -0.5565 0.7503 0.3569
vn -0.6304 0.7653 -0.1299
vn -0.7471 0.6120 -0.2596
vn -0.3457 0.9380 -0.0267
vn 0.3836 -0.8974 -0.2178
vn -0.5575 0.8237 0.1033
vn -0.6774 0.7109 -0.1891
vn 0.1799 -0.9617 -0.2066
vn -0.3945 0.9189 0.0005
vn -0.5248 0.7416 -0.4179
vn -0.4933 0.7531 -0.4353
vn -0.4690 0.7612 -0.4478
vn -0.4742 0.8111 -0.3425
vn -0.3092 0.8964 0.3176
vn -0.4169 0.7909 0.4480
vn -0.1523 0.9865 -0.0601
vn -0.6668 0.6532 -0.3588
vn -0.7962 0.5759 -0.1853
vn -0.7626 0.6467 -0.0130
vn -0.6530 0.7135 -0.2540
vn -0.7797 0.5616 -0.2768
vn -0.8355 0.5490 -0.0254
vn -0.8178 0.5552 0.1516
vn -0.8658 0.5005 0.0017
vn 0.7123 -0.6091 0.3488
vn 0.7450 -0.6259 0.2307
vn 0.5544 -0.8322 -0.0070
vn 0.5831 -0.8075 0.0887
vn -0.7805 0.6227 -0.0563
vn -0.5714 0.8042 -0.1638
vn -0.6909 0.7093 -0.1400
vn -0.7931 0.6079 0.0376
vn -0.8120 0.5350 -0.2334
vn -0.6929 0.5874 -0.4181
vn -0.6936 0.5533 -0.4613
vn -0.7575 0.6006 -0.2559
vn 0.8290 -0.5512 0.0944
vn 0.8009 -0.5712 0.1798
vn 0.6170 -0.7679 -0.1723
vn 0.6386 -0.7426 -0.2018
vn -0.2830 -0.8942 0.3468
vn -0.1036 -0.9470 0.3039
vn -0.1214 -0.9898 0.0745
vn -0.2104 -0.9621 0.1732
vn -0.7647 0.5265 -0.3716
vn 0.4185 -0.9077 0.0307
vn 0.3327 -0.9423 -0.0379
vn 0.7623 -0.5165 0.3901
vn -0.7349 0.5184 -0.4372
vn 0.2705 -0.9592 -0.0824
vn 0.7732 -0.6333 0.0334
vn 0.8334 -0.5526 0.0004
vn 0.7285 -0.6225 -0.2859
vn 0.6813 -0.7011 -0.2107
vn 0.5714 -0.8071 0.1489
vn 0.6244 -0.7737 -0.1077
vn 0.1596 -0.9871 0.0151
vn -0.1925 0.9812 0.0102
vn -0.5556 0.8310 -0.0261
vn 0.3713 -0.8454 0.3840
vn 0.3663 -0.8872 0.2807
vn -0.2694 0.9531 -0.1380
vn -0.2665 0.9481 -0.1735
vn -0.1399 0.9600 -0.2427
vn -0.2206 0.9209 -0.3212
vn 0.0060 -0.9899 0.1417
vn 0.1309 -0.9330 0.3352
vn 0.3583 -0.8092 0.4655
vn -0.0371 0.9918 -0.1221
vn -0.8649 0.4969 -0.0703
vn -0.7953 0.6052 0.0352
vn 0.4477 -0.7526 0.4829
vn 0.4101 -0.7741 0.4822
vn 0.2338 -0.8906 0.3901
vn -0.0098 0.9579 -0.2869
vn -0.0279 0.8291 -0.5583
vn 0.2782 -0.8703 0.4064
vn -0.1275 -0.9412 0.3128
vn 0.3724 0.8056 -0.4608
vn 0.1627 0.9436 -0.2882
vn -0.1516 0.9626 -0.2244
vn 0.2149 0.8455 -0.4888
vn 0.4305 -0.7395 0.5175
vn 0.2842 -0.8228 0.4922
vn 0.2776 -0.7895 0.5474
vn 0.2030 -0.8126 0.5463
vn -0.1899 0.8800 -0.4355
vn 0.7967 -0.5350 -0.2811
vn 0.4848 -0.8739 0.0353
vn -0.2698 0.9184 -0.2895
vn 0.2084 -0.9780 -0.0005
vn 0.1160 0.9388 -0.3244
vn 0.2706 0.8908 -0.3651
vn 0.1172 0.9316 -0.3440
vn 0.3048 0.8670 -0.3943
vn -0.1012 -0.9055 0.4120
vn 0.8590 -0.4990 0.1150
vn 0.6892 -0.6462 0.3277
vn -0.1460 0.9433 -0.2981
vn -0.7044 0.5991 -0.3807
vn -0.1836 0.8024 -0.5678
vn 0.1369 0.8816 -0.4517
vn 0.1832 -0.9482 0.2597
vn 0.2258 0.9146 -0.3355
vn 0.0760 0.9056 -0.4172
vn -0.2432 0.8048 -0.5415
vn -0.1295 -0.9042 0.4070
vn 0.2878 -0.9466 0.1454
vn -0.6711 0.7086 0.2179
vn -0.7034 0.6687 -0.2409
vn -0.7221 0.6914 0.0247
vn -0.6419 0.6829 0.3488
vn -0.5506 0.7937 -0.2587
vn -0.5162 0.8535 -0.0710
vn 0.5014 -0.6800 -0.5350
vn 0.6527 -0.6892 -0.3146
vn 0.5956 -0.7005 0.3932
vn 0.2446 -0.9660 0.0838
vn -0.5442 0.6911 0.4755
vn 0.2658 -0.9507 -0.1596
vn 0.1681 -0.9419 -0.2908
vn -0.5114 0.8589 -0.0287
vn 0.6193 -0.7705 0.1511
vn 0.7326 -0.6788 0.0506
vn 0.7209 -0.6887 -0.0775
vn 0.5902 -0.8042 -0.0702
vn -0.5426 0.6700 0.5067
vn 0.5096 -0.6691 -0.5409
vn 0.5906 -0.7029 -0.3963
vn 0.0506 -0.9255 -0.3754
vn -0.3399 0.9083 0.2438
vn 0.6375 -0.6809 -0.3605
vn -0.4617 0.8799 0.1121
vn -0.7012 0.6989 0.1408
vn -0.6148 0.6839 0.3927
vn -0.5538 0.6811 0.4789
vn 0.6287 -0.7128 -0.3109
vn 0.5639 -0.7080 -0.4252
vn 0.5659 -0.6927 -0.4472
vn 0.6273 -0.6974 -0.3465
vn -0.3314 0.9025 0.2750
vn -0.6339 0.7444 0.2097
vn -0.5790 0.7187 0.3851
vn 0.6591 -0.7303 -0.1793
vn 0.4774 -0.8569 -0.1945
vn -0.2894 0.8962 0.3363
vn -0.3988 0.8660 0.3017
vn -0.5395 0.8407 0.0469
vn -0.4423 0.8946 0.0634
vn 0.4187 -0.8421 -0.3398
vn 0.5935 -0.7240 -0.3515
vn 0.5598 -0.7333 -0.3860
vn 0.3682 -0.8616 -0.3493
vn -0.2908 0.8861 0.3609
vn 0.1217 -0.9165 -0.3811
vn 0.2251 -0.9148 -0.3353
vn -0.2845 0.8836 0.3719
vn 0.5742 -0.7889 -0.2188
vn 0.4341 -0.8956 -0.0968
vn 0.3996 -0.9163 0.0280
vn -0.5553 0.7085 0.4356
vn -0.5564 0.7015 0.4453
vn 0.2780 -0.8962 -0.3458
vn 0.4284 -0.9028 -0.0374
vn 0.2736 -0.8952 -0.3518
vn 0.4129 -0.8996 -0.1421
vn 0.2963 -0.9142 -0.2765
vn 0.4529 -0.8358 0.3104
vn 0.4748 -0.8786 0.0511
vn 0.5302 -0.7569 0.3820
vn 0.6620 -0.7058 0.2520
vn 0.7096 -0.6948 0.1174
vn 0.1621 -0.9605 0.2264
vn -0.1240 -0.9455 0.3012
vn 0.4618 -0.8842 0.0701
vn 0.8267 -0.5090 0.2397
vn 0.7456 -0.6174 0.2509
vn 0.8105 -0.4769 0.3402
vn 0.6763 -0.7365 0.0141
vn 0.6316 -0.7752 0.0114
vn -0.2537 -0.9091 0.3305
vn -0.5760 0.7304 0.3671
vn -0.4138 0.8304 0.3731
vn -0.3805 0.8551 0.3522
vn -0.5403 0.7398 0.4009
vn -0.4249 0.8990 0.1056
vn -0.5566 0.8015 0.2186
vn -0.5855 0.7994 0.1350
vn -0.4778 0.8474 0.2317
vn -0.6289 0.7754 -0.0564
vn -0.5994 0.7237 -0.3421
vn -0.7132 0.5327 -0.4557
vn -0.6263 0.6327 -0.4555
vn -0.6379 0.7501 -0.1746
vn -0.6091 0.7525 -0.2505
vn 0.0960 0.9471 -0.3063
vn -0.1570 0.9628 -0.2200
vn -0.4554 0.8889 -0.0502
vn -0.7762 0.6058 -0.1748
vn -0.8548 0.4733 -0.2127
vn -0.5959 0.8030 0.0138
vn -0.6848 0.7288 -0.0058
vn -0.8032 0.4763 -0.3578
vn -0.9861 -0.0607 0.1547
vn -0.9696 0.1935 0.1499
vn -0.8164 0.4553 -0.3553
vn -0.9363 0.0064 -0.3512
vn -0.9766 -0.0158 0.2145
vn -0.9813 -0.0348 0.1895
vn -0.9665 0.0126 -0.2565
vn -0.9866 0.0146 -0.1624
vn -0.9863 -0.0603 0.1534
vn -0.9801 -0.0213 0.1975
vn -0.9880 -0.0009 -0.1541
vn -0.9661 -0.0434 -0.2544
vn -0.7778 0.0520 -0.6264
vn -0.7881 0.0291 -0.6148
vn -0.6856 0.4605 -0.5637
vn -0.7589 0.0574 -0.6487
vn -0.7526 0.0638 -0.6554
vn -0.7607 -0.0052 -0.6490
vn -0.5806 0.0659 -0.8115
vn -0.5738 0.0410 -0.8180
vn -0.2772 0.2772 -0.9199
vn -0.5064 0.1131 -0.8549
vn -0.5316 0.0996 -0.8411
vn -0.5776 0.0059 -0.8163
vn -0.2022 0.0724 -0.9767
vn -0.2242 0.0417 -0.9736
vn 0.0251 0.4316 -0.9017
vn -0.1471 0.1670 -0.9749
vn -0.1637 0.1272 -0.9783
vn -0.2987 0.0210 -0.9541
vn 0.7907 -0.0226 0.6117
vn 0.9748 0.0092 0.2229
vn 0.9141 0.2715 0.3011
vn -0.2646 0.0304 0.9639
vn 0.9992 -0.0050 0.0406
vn 0.9921 -0.0131 0.1249
vn 0.9844 -0.0034 0.1760
vn 0.9767 -0.0057 0.2147
vn 0.9995 0.0186 0.0273
vn 0.9738 -0.0189 0.2267
vn 0.9932 -0.0004 0.1168
vn 0.9994 0.0088 0.0325
vn 0.7765 -0.0378 0.6290
vn 0.7747 -0.0527 0.6301
vn 0.8397 -0.0425 0.5413
vn 0.8575 0.3296 0.3952
vn 0.7852 -0.0547 0.6168
vn 0.7444 -0.0495 0.6659
vn 0.5947 -0.0477 0.8025
vn 0.6067 -0.0633 0.7924
vn 0.4652 -0.1183 0.8773
vn 0.5985 0.2226 0.7696
vn 0.5237 -0.0961 0.8465
vn 0.5897 -0.0712 0.8045
vn 0.7823 -0.0390 0.6217
vn 0.8479 -0.0389 0.5288
vn 0.5463 -0.1069 0.8307
vn 0.4891 0.0040 0.8722
vn 0.7965 -0.0638 0.6012
vn 0.7028 -0.0730 0.7077
vn -0.6179 0.7178 0.3209
vn 0.0607 -0.1957 0.9788
vn 0.0686 -0.0848 0.9940
vn 0.2568 -0.1002 -0.9613
vn 0.2461 0.0431 -0.9683
vn 0.5452 -0.1047 -0.8318
vn 0.5608 0.0350 -0.8272
vn 0.9877 -0.1278 -0.0902
vn 0.9973 -0.0016 -0.0728
vn 0.9384 -0.1425 0.3148
vn 0.9454 -0.0235 0.3249
vn 0.7180 -0.1666 0.6759
vn 0.7251 -0.0513 0.6867
vn 0.3727 -0.1870 0.9089
vn 0.3757 -0.0739 0.9238
vn 0.0900 -0.0696 0.9935
vn 0.2081 0.0814 -0.9747
vn 0.5503 0.0743 -0.8316
vn 0.9977 0.0240 -0.0626
vn 0.9447 -0.0056 0.3277
vn 0.7266 -0.0351 0.6862
vn 0.3786 -0.0585 0.9237
vn 0.1184 -0.0670 0.9907
vn 0.1523 0.0794 -0.9851
vn 0.5160 0.0736 -0.8534
vn 0.9973 0.0239 -0.0701
vn 0.9448 -0.0055 0.3277
vn 0.7266 -0.0342 0.6862
vn 0.3807 -0.0567 0.9229
vn 0.1373 -0.0655 0.9884
vn 0.0792 0.0959 -0.9922
vn 0.4650 0.0995 -0.8797
vn 0.9949 0.0509 -0.0867
vn 0.9456 0.0147 0.3250
vn 0.7262 -0.0218 0.6871
vn 0.3810 -0.0519 0.9231
vn 0.1375 -0.0745 0.9877
vn 0.0214 0.1258 -0.9918
vn 0.4112 0.1506 -0.8990
vn 0.9890 0.1116 -0.0966
vn 0.9431 0.0597 0.3270
vn 0.7219 0.0028 0.6919
vn 0.3777 -0.0490 0.9247
vn 0.1170 -0.0648 0.9910
vn 0.0141 0.1215 -0.9925
vn 0.3890 0.1666 -0.9060
vn 0.9830 0.1602 -0.0896
vn 0.9355 0.1066 0.3368
vn 0.7112 0.0395 0.7019
vn 0.3683 -0.0276 0.9293
vn 0.0812 -0.0153 0.9966
vn 0.0451 0.0781 -0.9959
vn 0.3934 0.1361 -0.9092
vn 0.9785 0.1877 -0.0855
vn 0.9274 0.1530 0.3414
vn 0.7008 0.0965 0.7067
vn 0.3579 0.0301 0.9333
vn 0.0164 -0.0360 0.9992
vn 0.1070 0.1146 -0.9876
vn 0.4235 0.1954 -0.8845
vn 0.9543 0.2836 -0.0940
vn 0.9108 0.2411 0.3350
vn 0.6858 0.1554 0.7110
vn 0.3343 0.0503 0.9411
vn -0.0543 -0.2237 0.9731
vn 0.1624 0.3150 -0.9351
vn 0.4306 0.4431 -0.7863
vn 0.8485 0.5259 -0.0586
vn 0.8342 0.4184 0.3593
vn 0.6267 0.2068 0.7513
vn 0.2730 -0.0386 0.9612
vn 0.0150 -0.4383 0.8987
vn 0.0916 0.5419 -0.8354
vn 0.2938 0.6902 -0.6613
vn 0.6405 0.7676 0.0204
vn 0.6762 0.6059 0.4191
vn 0.5487 0.2648 0.7929
vn 0.2733 -0.1470 0.9506
vn 0.1999 -0.5683 0.7982
vn -0.1036 0.6519 -0.7512
vn 0.0739 0.8275 -0.5566
vn 0.4241 0.9006 0.0952
vn 0.5363 0.6912 0.4845
vn 0.5386 0.2838 0.7934
vn 0.3729 -0.1986 0.9064
vn 0.5021 -0.1994 0.8415
vn -0.2212 0.6501 -0.7269
vn -0.0526 0.7947 -0.6047
vn 0.4229 0.9031 0.0746
vn 0.5593 0.5895 0.5828
vn 0.5600 -0.1169 0.8202
vn -0.4258 0.7750 -0.4670
vn 0.9026 0.2807 -0.3262
vn 0.8824 -0.2952 -0.3664
vn 0.3301 -0.9297 0.1634
vn 0.8929 0.1986 0.4040
vn 0.5474 0.2350 0.8032
vn 0.5831 -0.1079 0.8052
vn -0.5123 0.6631 -0.5458
vn -0.5692 0.5471 -0.6137
vn 0.6020 -0.0703 0.7954
vn 0.3269 -0.8661 0.3782
vn 0.4258 -0.8263 0.3687
vn 0.6140 -0.1423 0.7764
vn 0.5603 0.1740 0.8098
vn 0.5864 -0.1345 0.7988
vn -0.6202 0.4127 -0.6672
vn -0.6265 0.4386 -0.6443
vn -0.6141 0.6949 -0.3742
vn -0.5661 0.7331 -0.3768
vn -0.5898 0.4715 -0.6557
vn 0.5551 0.0411 0.8308
vn 0.5477 -0.1329 0.8261
vn -0.5913 0.3617 -0.7208
vn 0.5178 -0.0294 0.8550
vn 0.5181 -0.1348 0.8446
vn -0.5746 0.3118 -0.7567
vn 0.5630 -0.2238 0.7956
vn 0.5078 -0.7572 0.4107
vn 0.5625 -0.7014 0.4379
vn 0.5451 -0.2367 0.8043
vn 0.4848 -0.0296 0.8741
vn 0.5340 -0.1624 0.8297
vn -0.5886 0.2779 -0.7592
vn 0.4947 -0.0399 0.8681
vn 0.6295 -0.2608 0.7319
vn -0.6515 0.2781 -0.7058
vn 0.6875 -0.2861 0.6675
vn 0.7510 -0.6099 0.2528
vn 0.7747 -0.6319 -0.0222
vn 0.7689 -0.3976 0.5006
vn 0.5728 -0.0966 0.8140
vn 0.7295 -0.4073 0.5494
vn -0.7194 0.3195 -0.6168
vn -0.5478 0.6165 -0.5656
vn -0.4219 0.8249 -0.3763
vn -0.2806 0.8845 -0.3727
vn -0.4986 0.6040 -0.6218
vn 0.6872 -0.2394 0.6859
vn 0.7954 -0.5167 0.3169
vn -0.7809 0.3653 -0.5067
vn 0.6831 -0.6382 -0.3551
vn 0.6319 -0.6846 -0.3632
vn 0.6828 -0.6581 -0.3173
vn 0.7171 -0.6589 -0.2273
vn 0.8011 -0.4416 0.4041
vn 0.8097 -0.5823 0.0729
vn -0.8415 0.4861 -0.2357
vn 0.8230 -0.5497 -0.1433
vn 0.7752 -0.6098 -0.1648
vn 0.7557 -0.6058 -0.2489
vn 0.8257 -0.5487 0.1309
vn 0.7792 -0.6252 -0.0448
vn -0.7803 0.6207 0.0769
vn 0.8132 -0.4990 0.2994
vn 0.7956 -0.6058 0.0047
vn -0.6934 0.6865 0.2189
vn 0.8367 -0.5266 0.1503
vn 0.7791 -0.6248 -0.0516
vn 0.7542 -0.6487 -0.1016
vn 0.4978 -0.1453 -0.8550
vn 0.1754 -0.0978 -0.9796
vn 0.0665 -0.2463 0.9669
vn 0.3645 -0.2422 0.8991
vn 0.7028 -0.2285 0.6737
vn 0.9289 -0.2165 0.3003
vn 0.9618 -0.2248 -0.1560
vn 0.3729 -0.1250 0.9194
vn 0.7191 -0.1057 0.6868
vn 0.0680 -0.1342 0.9886
vn 0.1695 0.0108 -0.9855
vn 0.5093 -0.0376 -0.8598
vn 0.9839 -0.0821 -0.1589
vn 0.9500 -0.0858 0.3002
vn 0.4752 0.4317 -0.7667
vn -0.3448 0.3905 -0.8536
vn 0.2343 -0.9693 0.0742
vn 0.1908 -0.9816 0.0023
vn -0.3469 0.9081 -0.2345
vn -0.1885 0.9794 -0.0723
vn -0.2437 0.9606 -0.1336
vn 0.4757 -0.7933 0.3801
vn 0.2408 -0.9703 0.0238
vn 0.3319 -0.9433 -0.0062
vn -0.3825 0.9125 -0.1450
vn -0.3183 0.9461 -0.0597
vn -0.5322 0.7493 -0.3941
vn -0.3229 0.9458 -0.0333
vn -0.2358 0.9718 -0.0038
vn -0.4898 0.7822 -0.3850
vn 0.3802 -0.9249 0.0004
vn 0.5005 -0.8657 0.0072
vn 0.6241 -0.6606 0.4173
vn -0.7808 0.5005 -0.3739
vn -0.8112 0.5548 -0.1851
vn -0.7326 0.6530 0.1923
vn -0.7658 0.6429 0.0176
vn -0.5559 0.8290 -0.0616
vn -0.4193 0.9034 -0.0902
vn -0.5864 0.5687 -0.5768
vn 0.5738 -0.2314 0.7857
vn -0.7205 0.4463 -0.5307
vn -0.7428 0.6313 -0.2229
vn 0.6032 -0.1967 0.7729
vn -0.5787 0.5227 -0.6260
vn -0.8099 0.5826 -0.0685
vn -0.6897 0.7007 -0.1822
vn -0.6504 0.7030 -0.2877
vn -0.7997 0.5816 -0.1487
vn -0.8664 0.4608 -0.1925
vn -0.7425 0.6341 -0.2159
vn -0.5009 0.6424 -0.5800
vn -0.8591 0.5113 0.0236
vn -0.8421 0.5389 -0.0203
vn -0.7184 0.6903 0.0861
vn -0.7004 0.7065 0.1013
vn -0.1002 0.9905 0.0941
vn -0.0791 0.9758 0.2037
vn -0.0272 0.9930 0.1151
vn -0.0845 0.9925 0.0881
vn 0.2618 -0.9561 -0.1314
vn 0.4227 -0.8706 0.2516
vn 0.4139 -0.8577 0.3050
vn 0.2645 -0.9639 -0.0302
vn -0.1570 0.9758 0.1523
vn -0.2114 0.9771 0.0238
vn -0.1458 0.9865 0.0751
vn -0.0528 0.9921 0.1136
vn -0.2348 0.9681 0.0879
vn -0.3061 0.9504 -0.0560
vn -0.2629 0.9648 -0.0011
vn -0.1834 0.9739 0.1339
vn 0.3881 -0.9201 -0.0535
vn 0.4847 -0.8712 0.0778
vn 0.7456 -0.6477 0.1567
vn 0.7131 -0.6984 -0.0608
vn 0.0344 -0.9512 0.3066
vn 0.4621 -0.8412 0.2806
vn 0.5807 -0.8030 0.1342
vn 0.0104 -0.9822 0.1878
vn -0.7098 0.7033 0.0405
vn 0.2153 -0.9733 0.0801
vn 0.1847 -0.9812 0.0552
vn 0.6988 -0.7094 -0.0920
vn -0.7799 0.5946 0.1955
vn 0.2704 -0.9536 0.1322
vn 0.2179 -0.9656 -0.1419
vn 0.4644 -0.8643 0.1931
vn 0.1389 -0.9877 0.0715
vn 0.0775 -0.9953 -0.0584
vn 0.1036 -0.9902 -0.0936
vn 0.3592 -0.9313 0.0595
vn 0.1311 -0.9561 0.2621
vn -0.2262 0.9348 -0.2738
vn -0.4046 0.9137 -0.0383
vn 0.1469 -0.9659 0.2130
vn 0.0838 -0.9682 0.2356
vn -0.2809 0.8445 -0.4560
vn -0.2750 0.9090 -0.3132
vn -0.1308 0.8776 -0.4611
vn -0.1769 0.8889 -0.4226
vn 0.0363 -0.9573 0.2867
vn -0.0125 -0.9656 0.2596
vn -0.0785 -0.9214 0.3807
vn -0.0186 0.8917 -0.4523
vn -0.4445 0.8877 0.1204
vn -0.4283 0.8961 0.1165
vn -0.0837 -0.9872 0.1354
vn 0.1684 -0.9640 0.2059
vn 0.0450 -0.9493 0.3110
vn -0.0342 0.8975 -0.4397
vn 0.3819 0.9110 -0.1556
vn 0.1188 0.9574 -0.2632
vn 0.2536 -0.9647 0.0715
vn -0.0851 -0.9962 -0.0185
vn -0.1720 0.7692 -0.6154
vn 0.0401 0.9703 -0.2387
vn 0.1928 -0.9809 0.0245
vn -0.0281 0.8645 -0.5018
vn 0.1277 -0.9360 0.3281
vn -0.0298 -0.9988 0.0400
vn 0.0137 -0.9998 -0.0112
vn -0.1476 0.9051 -0.3987
vn 0.1516 -0.9833 -0.1007
vn 0.8002 -0.5075 0.3197
vn 0.4919 -0.8675 0.0732
vn -0.1316 0.9911 -0.0219
vn -0.1752 0.9676 -0.1818
vn 0.0442 0.9378 -0.3443
vn 0.0617 0.9859 -0.1558
vn 0.1140 0.9437 -0.3106
vn -0.0333 -0.9926 0.1165
vn 0.0942 -0.9924 -0.0789
vn 0.8553 -0.5179 0.0163
vn 0.0237 0.9991 -0.0357
vn -0.7097 0.6288 0.3176
vn 0.0096 0.9939 -0.1097
vn 0.1060 0.9854 -0.1334
vn 0.0070 -0.9985 0.0539
vn 0.1559 0.9246 -0.3477
vn 0.0649 0.9959 -0.0628
vn -0.0455 0.9901 -0.1331
vn -0.0532 -0.9971 0.0552
vn 0.6899 -0.5162 0.5075
vn -0.7205 0.6349 0.2788
vn -0.6984 0.6542 0.2905
vn -0.6468 0.6975 0.3085
vn -0.6718 0.6540 0.3479
vn -0.5744 0.7425 -0.3447
vn -0.5323 0.7599 -0.3729
vn 0.6781 -0.6646 -0.3138
vn 0.8112 -0.5811 0.0655
vn 0.6966 -0.7079 -0.1168
vn 0.4977 -0.5175 0.6960
vn -0.8242 0.5655 -0.0303
vn -0.4111 0.8384 -0.3580
vn 0.1845 -0.6197 0.7628
vn 0.3568 -0.4990 0.7897
vn 0.6553 -0.7540 -0.0448
vn 0.5769 -0.8104 0.1023
vn 0.6262 -0.7383 -0.2506
vn 0.6362 -0.7030 -0.3178
vn -0.7919 0.6057 0.0775
vn 0.8110 -0.5837 0.0390
vn 0.6685 -0.7025 -0.2441
vn -0.3686 0.8564 -0.3616
vn 0.1451 -0.6942 0.7050
vn 0.6701 -0.6754 -0.3079
vn -0.4160 0.8372 -0.3551
vn -0.6885 0.6699 0.2779
vn -0.6326 0.7362 0.2404
vn -0.7480 0.6491 0.1384
vn 0.6984 -0.6816 -0.2184
vn 0.6765 -0.7091 -0.1988
vn -0.3648 0.8669 -0.3398
vn -0.6414 0.7229 0.2570
vn -0.5863 0.7864 0.1946
vn 0.5982 -0.7758 -0.2006
vn 0.4750 -0.8740 0.1023
vn -0.5121 0.7961 -0.3224
vn -0.5883 0.7639 -0.2653
vn 0.5208 -0.8454 0.1185
vn 0.5409 -0.8205 0.1852
vn 0.6711 -0.7386 -0.0636
vn 0.6471 -0.7527 -0.1214
vn -0.5034 0.7405 -0.4452
vn 0.4311 -0.7538 0.4958
vn 0.3117 -0.6730 0.6708
vn -0.4583 0.8085 -0.3693
vn -0.6956 0.6956 0.1797
vn -0.6773 0.7105 0.1911
vn 0.4979 -0.7914 0.3548
vn 0.4265 -0.8322 0.3543
vn 0.4106 -0.8055 0.4272
vn 0.3421 -0.8618 0.3746
vn 0.6865 -0.6867 0.2391
vn 0.5778 -0.7129 0.3974
vn 0.8138 -0.5729 0.0979
vn 0.1034 -0.9932 -0.0544
vn 0.2643 -0.9551 -0.1340
vn -0.1218 -0.9624 0.2427
vn -0.0609 -0.9790 0.1944
vn 0.1001 -0.9948 -0.0201
vn 0.2594 -0.9575 -0.1258
vn 0.3752 -0.9222 -0.0933
vn 0.6807 -0.7226 -0.1205
vn 0.0731 -0.9938 -0.0834
vn 0.1764 -0.9725 -0.1518
vn -0.0743 -0.9527 0.2947
vn -0.6346 0.7646 0.1127
vn -0.6639 0.7463 0.0478
vn -0.5435 0.8246 -0.1570
vn -0.5329 0.8334 -0.1464
vn -0.4756 0.8769 -0.0696
vn -0.5767 0.8131 -0.0793
vn -0.6554 0.7519 0.0713
vn -0.7043 0.6933 0.1528
vn -0.7790 0.5993 0.1843
vn -0.8280 0.5406 0.1490
vn -0.1979 0.9725 0.1227
vn -0.1147 0.9902 0.0801
vn 0.0933 0.9869 -0.1313
vn 0.1720 0.9486 -0.2655
vn -0.1037 0.9942 0.0280
vn -0.4466 0.8887 0.1035
vn -0.2401 0.9655 0.1008
vn -0.0844 0.9915 0.0991
vn -0.1599 0.9798 0.1200
vn -0.7069 0.6977 0.1166
vn -0.2236 -0.0199 -0.9745
vn -0.2203 0.0917 -0.9711
vn 0.2375 0.0747 -0.9685
vn 0.2226 -0.0385 -0.9741
vn 0.0801 -0.2691 0.9598
vn 0.0749 -0.1317 0.9885
vn 0.2182 -0.1348 0.9665
vn 0.2071 -0.2935 0.9333
vn 0.3892 -0.2713 0.8803
vn 0.4095 -0.1368 0.9020
vn 0.9528 -0.2023 0.2263
vn 0.9690 -0.0774 0.2347
vn 0.9730 -0.1513 -0.1744
vn 0.9861 -0.0308 -0.1635
vn 0.8180 -0.1019 -0.5662
vn 0.8311 0.0153 -0.5559
vn 0.5183 -0.0618 -0.8530
vn 0.5279 0.0542 -0.8476
vn -0.2196 0.1064 -0.9698
vn 0.2589 0.0877 -0.9619
vn 0.0380 -0.0922 0.9950
vn 0.2201 -0.0962 0.9707
vn 0.3991 -0.0979 0.9117
vn 0.9717 -0.0510 0.2307
vn 0.9866 -0.0130 -0.1626
vn 0.8334 0.0305 -0.5519
vn 0.5315 0.0684 -0.8443
vn -0.2203 0.0989 -0.9704
vn 0.2909 0.0793 -0.9535
vn -0.0158 -0.0846 0.9963
vn 0.2206 -0.0865 0.9715
vn 0.3669 -0.0864 0.9262
vn 0.9693 -0.0371 0.2430
vn 0.9892 -0.0037 -0.1468
vn 0.8454 0.0311 -0.5332
vn 0.5422 0.0640 -0.8378
vn -0.2302 0.1303 -0.9644
vn 0.3220 0.1035 -0.9411
vn -0.0805 -0.0892 0.9928
vn 0.2454 -0.0898 0.9653
vn 0.3279 -0.0866 0.9407
vn 0.9601 -0.0273 0.2782
vn 0.9951 0.0053 -0.0991
vn 0.8700 0.0422 -0.4912
vn 0.5626 0.0837 -0.8225
vn 0.3881 0.9146 -0.1131
vn 0.6606 0.7352 -0.1523
vn 0.4061 0.5925 0.6957
vn 0.5799 0.5627 0.5891
vn 0.4704 0.4235 0.7742
vn 0.8631 0.3292 0.3830
vn 0.9082 0.3916 0.1476
vn 0.8667 0.4918 -0.0832
vn 0.7371 0.5979 -0.3150
vn -0.0045 -0.2634 0.9647
vn 0.3274 -0.3129 0.8916
vn 0.5067 -0.1245 -0.8531
vn 0.2221 -0.0983 -0.9701
vn 0.9588 -0.2312 -0.1649
vn 0.8038 -0.1693 -0.5703
vn 0.9045 -0.3163 0.2860
vn 0.2099 -0.2602 0.9425
vn -0.2242 -0.0920 -0.9702
vn 0.8222 -0.0447 -0.5674
vn 0.5218 -0.0046 -0.8531
vn 0.2338 0.0173 -0.9721
vn -0.2224 0.0328 -0.9744
vn 0.2177 -0.1457 0.9651
vn -0.0035 -0.1565 0.9877
vn 0.3535 -0.2076 0.9121
vn 0.9388 -0.1714 0.2988
vn 0.9834 -0.1010 -0.1508
vn 0.7244 0.0684 -0.6859
vn 0.7107 0.3573 -0.6060
vn 0.8792 0.4728 -0.0595
vn 0.9691 -0.0164 -0.2462
vn 0.6735 0.0473 -0.7376
vn 0.6847 0.0550 -0.7268
vn 0.9238 0.0053 -0.3830
vn 0.8991 0.0133 -0.4374
vn 0.7113 -0.0086 -0.7028
vn 0.6849 0.0378 -0.7277
vn 0.8942 -0.0049 -0.4477
vn 0.9284 -0.0658 -0.3658
vn 0.9977 -0.0352 0.0579
vn 0.9972 -0.0627 0.0412
vn 0.8936 0.4126 0.1767
vn 0.9951 -0.0612 0.0776
vn 0.9969 -0.0368 0.0692
vn 0.9918 -0.1041 0.0738
vn 0.9441 -0.0595 0.3244
vn 0.9395 -0.0925 0.3299
vn 0.7650 0.0943 0.6371
vn 0.9199 -0.0794 0.3840
vn 0.9367 -0.0521 0.3462
vn 0.9386 -0.1280 0.3203
vn 0.7281 -0.0932 0.6791
vn 0.7428 -0.1284 0.6571
vn 0.5098 0.2271 0.8298
vn 0.7058 -0.0758 0.7044
vn 0.7185 -0.0648 0.6925
vn 0.7883 -0.1451 0.5979
vn -0.9928 0.1117 -0.0427
vn -0.9275 -0.0105 0.3737
vn -0.9082 0.2396 0.3433
vn -0.3375 0.3032 -0.8912
vn -0.8390 -0.0251 0.5435
vn -0.8823 -0.0183 0.4704
vn -0.8950 -0.0154 0.4459
vn -0.9035 0.0023 0.4287
vn -0.8295 -0.0002 0.5586
vn -0.9232 -0.0015 0.3843
vn -0.8772 -0.0032 0.4802
vn -0.8332 -0.0091 0.5529
vn -0.9965 0.0568 -0.0607
vn -0.9974 0.0354 -0.0631
vn -0.9980 0.0370 0.0505
vn -0.9094 0.3269 0.2570
vn -0.9990 0.0352 -0.0289
vn -0.9931 0.0531 -0.1045
vn -0.9483 0.0827 -0.3064
vn -0.9543 0.0581 -0.2932
vn -0.9004 0.0842 -0.4268
vn -0.9220 0.3401 -0.1848
vn -0.9368 0.0594 -0.3447
vn -0.9474 0.0615 -0.3141
vn -0.9972 0.0545 -0.0519
vn -0.9976 0.0315 0.0612
vn -0.9437 0.0788 -0.3213
vn -0.9016 0.1629 -0.4006
vn -0.9984 0.0221 -0.0517
vn -0.9834 0.0395 -0.1774
vn -0.6256 -0.0193 -0.7799
vn -0.6316 0.0944 -0.7695
vn 0.3338 -0.2748 0.9017
vn 0.3569 -0.1380 0.9239
vn 0.0211 -0.2629 0.9646
vn 0.0181 -0.1280 0.9916
vn -0.7673 -0.1634 0.6201
vn -0.7728 -0.0380 0.6335
vn -0.9575 -0.1076 0.2675
vn -0.9593 0.0132 0.2819
vn -0.9863 -0.0610 -0.1530
vn -0.9887 0.0564 -0.1392
vn -0.8397 -0.0311 -0.5421
vn -0.8411 0.0852 -0.5342
vn -0.6475 0.1082 -0.7544
vn 0.3946 -0.1003 0.9134
vn 0.0333 -0.0896 0.9954
vn -0.7758 -0.0114 0.6308
vn -0.9587 0.0310 0.2828
vn -0.9883 0.0717 -0.1348
vn -0.8421 0.0999 -0.5300
vn -0.6663 0.0973 -0.7393
vn 0.4502 -0.0868 0.8887
vn 0.0810 -0.0861 0.9930
vn -0.7725 -0.0270 0.6345
vn -0.9638 0.0139 0.2661
vn -0.9860 0.0569 -0.1570
vn -0.8385 0.0871 -0.5378
vn -0.6764 0.1248 -0.7259
vn 0.5232 -0.0870 0.8477
vn 0.1462 -0.0957 0.9846
vn -0.7915 -0.0320 0.6104
vn -0.9771 0.0208 0.2119
vn -0.9755 0.0752 -0.2069
vn -0.8257 0.1119 -0.5530
vn -0.0242 0.9722 -0.2329
vn 0.6221 0.4612 0.6327
vn 0.4123 0.4300 0.8032
vn -0.4462 0.5096 0.7356
vn -0.5527 0.6883 0.4698
vn -0.5190 0.8477 0.1100
vn -0.3707 0.9011 -0.2249
vn 0.0798 -0.3072 0.9483
vn 0.4123 -0.2728 0.8693
vn -0.6259 -0.0791 -0.7759
vn -0.8321 -0.0942 -0.5466
vn -0.9780 -0.1288 -0.1641
vn -0.9441 -0.1882 0.2708
vn -0.7028 -0.2799 0.6540
vn -0.8405 0.0262 -0.5411
vn -0.9882 -0.0038 -0.1529
vn -0.6324 0.0369 -0.7738
vn 0.4260 -0.1662 0.8893
vn 0.0698 -0.2012 0.9771
vn -0.7218 -0.1339 0.6790
vn -0.9545 -0.0570 0.2929
vn 0.8327 -0.1546 -0.5317
vn 0.8439 -0.0432 -0.5347
vn 0.9936 -0.0508 -0.1014
vn 0.9806 -0.1629 -0.1087
vn -0.9007 -0.1377 0.4120
vn -0.9141 0.0031 0.4056
vn -0.8453 -0.0001 0.5343
vn -0.8340 -0.1616 0.5276
vn -0.7244 -0.1434 0.6743
vn -0.7220 -0.0072 0.6919
vn 0.0833 -0.1486 0.9854
vn 0.0965 -0.0268 0.9950
vn 0.4720 -0.1507 0.8686
vn 0.4802 -0.0333 0.8765
vn 0.7926 -0.1574 0.5891
vn 0.8004 -0.0431 0.5979
vn 0.9640 -0.1628 0.2104
vn 0.9758 -0.0494 0.2132
vn 0.8449 -0.0280 -0.5342
vn 0.9961 -0.0383 -0.0797
vn -0.9279 0.0427 0.3703
vn -0.8444 0.0381 0.5343
vn -0.7299 0.0310 0.6829
vn 0.1043 -0.0049 0.9945
vn 0.4815 -0.0201 0.8762
vn 0.7991 -0.0313 0.6004
vn 0.9755 -0.0373 0.2168
vn 0.8444 -0.0353 -0.5346
vn 0.9975 -0.0486 -0.0514
vn -0.9470 0.0523 0.3170
vn -0.8439 0.0458 0.5346
vn -0.7573 0.0378 0.6520
vn 0.0951 -0.0104 0.9954
vn 0.4805 -0.0294 0.8765
vn 0.7984 -0.0429 0.6006
vn 0.9745 -0.0489 0.2189
vn 0.8431 -0.0405 -0.5362
vn 0.9977 -0.0597 -0.0333
vn -0.9660 0.0775 0.2468
vn -0.8411 0.0670 0.5367
vn -0.7937 0.0589 0.6055
vn 0.0785 -0.0106 0.9969
vn 0.4787 -0.0386 0.8771
vn 0.7998 -0.0564 0.5976
vn 0.9744 -0.0619 0.2161
vn 0.8385 -0.0727 -0.5400
vn 0.9940 -0.1031 -0.0353
vn -0.9714 0.1376 0.1934
vn -0.8321 0.1176 0.5420
vn -0.8230 0.1147 0.5563
vn 0.0562 -0.0039 0.9984
vn 0.4735 -0.0575 0.8789
vn 0.7986 -0.0925 0.5948
vn 0.9717 -0.1058 0.2112
vn 0.8225 -0.1727 -0.5419
vn 0.9763 -0.2097 -0.0539
vn -0.9510 0.2443 0.1893
vn -0.8114 0.2166 0.5429
vn -0.8147 0.2143 0.5388
vn 0.0501 0.0112 0.9987
vn 0.4666 -0.0906 0.8798
vn 0.7867 -0.1661 0.5946
vn 0.9560 -0.2049 0.2099
vn 0.7958 -0.2842 -0.5348
vn 0.9456 -0.3158 -0.0784
vn -0.9103 0.3563 0.2108
vn -0.7794 0.3312 0.5318
vn -0.7756 0.3263 0.5403
vn 0.0731 0.0479 0.9962
vn 0.4690 -0.1022 0.8773
vn 0.7736 -0.2244 0.5927
vn 0.9312 -0.2976 0.2106
vn 0.7485 -0.3988 -0.5299
vn 0.8960 -0.4288 -0.1151
vn -0.8586 0.4618 0.2227
vn -0.7302 0.4341 0.5276
vn -0.7349 0.4314 0.5233
vn 0.0767 0.0821 0.9937
vn 0.4591 -0.1192 0.8803
vn 0.7473 -0.2878 0.5990
vn 0.8926 -0.3949 0.2176
vn 0.6826 -0.5191 -0.5144
vn 0.8197 -0.5557 -0.1390
vn -0.7913 0.5725 0.2149
vn -0.6698 0.5364 0.5135
vn -0.6740 0.5343 0.5101
vn 0.0824 0.0942 0.9921
vn 0.4362 -0.1587 0.8858
vn 0.6988 -0.3719 0.6110
vn 0.8283 -0.5093 0.2334
vn 0.5616 -0.6662 -0.4906
vn 0.6927 -0.7107 -0.1224
vn -0.6744 0.7105 0.2010
vn -0.5604 0.6655 0.4929
vn -0.5687 0.6656 0.4833
vn 0.0915 0.1211 0.9884
vn 0.3965 -0.1986 0.8963
vn 0.6150 -0.4692 0.6337
vn 0.7161 -0.6472 0.2614
vn 0.4097 -0.7898 -0.4565
vn 0.5359 -0.8386 -0.0979
vn -0.5389 0.8255 0.1681
vn -0.4321 0.7749 0.4614
vn -0.4434 0.7718 0.4558
vn 0.0922 0.1510 0.9842
vn 0.3500 -0.2726 0.8962
vn 0.5046 -0.5685 0.6497
vn 0.5892 -0.7548 0.2884
vn 0.2791 -0.8597 -0.4279
vn 0.4308 -0.8450 0.3168
vn -0.4416 0.8926 0.0905
vn -0.3246 0.8399 0.4348
vn -0.4278 0.8269 0.3650
vn -0.0198 0.0921 0.9955
vn 0.3176 -0.4262 0.8471
vn 0.1573 -0.9046 -0.3961
vn 0.3344 -0.8796 0.3384
vn -0.0814 0.9226 0.3770
vn -0.1182 0.9832 0.1391
vn -0.7114 -0.3263 0.6224
vn -0.2150 -0.6751 0.7057
vn -0.2741 -0.9549 0.1143
vn -0.7660 -0.4438 0.4650
vn 0.3494 -0.6918 0.6319
vn 0.1604 -0.9069 -0.3896
vn 0.3246 -0.8822 0.3411
vn -0.0433 0.9326 0.3582
vn -0.1041 0.9937 0.0415
vn -0.1669 0.9859 -0.0141
vn 0.2786 -0.8320 0.4798
vn 0.2790 -0.8709 0.4045
vn 0.1887 -0.9817 0.0257
vn 0.1054 -0.9911 0.0816
vn 0.3359 -0.7309 0.5941
vn 0.1666 -0.9053 -0.3906
vn 0.3235 -0.8928 0.3134
vn -0.2429 0.9664 -0.0842
vn -0.1183 0.9143 0.3873
vn -0.2441 0.9665 -0.0788
vn -0.1867 0.9812 -0.0496
vn -0.1311 0.9745 0.1822
vn -0.2252 0.9610 0.1608
vn 0.3345 -0.8031 0.4931
vn 0.1593 -0.9015 -0.4025
vn 0.3096 -0.8992 0.3092
vn -0.2533 0.9629 -0.0929
vn -0.1297 0.9066 0.4016
vn 0.3206 -0.8440 0.4300
vn 0.1139 -0.9157 -0.3853
vn 0.2547 -0.9182 0.3033
vn -0.1991 0.9715 -0.1285
vn -0.0768 0.9204 0.3834
vn 0.2963 -0.9081 0.2960
vn 0.2395 -0.9307 0.2764
vn 0.1525 -0.9844 -0.0877
vn 0.2090 -0.9761 -0.0589
vn 0.2678 -0.8677 0.4189
vn 0.1667 -0.9148 -0.3679
vn 0.2894 -0.9151 0.2808
vn -0.2486 0.9528 -0.1743
vn -0.1164 0.9226 0.3677
vn 0.2923 -0.8575 0.4234
vn 0.2964 -0.8859 -0.3568
vn 0.3961 -0.8929 0.2138
vn -0.3713 0.9072 -0.1980
vn -0.2584 0.8967 0.3593
vn 0.3755 -0.8969 0.2336
vn 0.3794 -0.9135 0.1466
vn 0.3308 -0.9401 -0.0822
vn 0.3529 -0.9337 -0.0604
vn 0.3921 -0.8415 0.3717
vn 0.3454 -0.8727 -0.3450
vn 0.4187 -0.9000 0.1211
vn -0.3999 0.8995 -0.1760
vn -0.3161 0.8838 0.3448
vn -0.2021 0.9771 -0.0667
vn -0.1948 0.9754 -0.1033
vn -0.0724 0.9948 0.0714
vn -0.1376 0.9827 0.1239
vn 0.4104 -0.8791 0.2424
vn 0.2418 -0.9128 -0.3291
vn 0.2963 -0.9536 0.0528
vn -0.2988 0.9411 -0.1581
vn -0.2075 0.9223 0.3261
vn 0.2134 -0.9754 -0.0547
vn 0.2331 -0.9681 -0.0924
vn 0.0722 -0.9953 -0.0652
vn 0.0738 -0.9968 -0.0310
vn 0.2885 -0.9477 0.1366
vn 0.0327 -0.9553 -0.2937
vn 0.0860 -0.9940 0.0675
vn -0.0864 0.9807 -0.1751
vn -0.0073 0.9572 0.2894
vn 0.3334 -0.9366 0.1079
vn 0.3186 -0.9469 -0.0425
vn 0.2518 -0.9556 0.1528
vn 0.0989 -0.9844 0.1458
vn -0.1604 -0.9557 -0.2468
vn -0.0959 -0.9848 0.1451
vn 0.1224 0.9848 -0.1231
vn 0.1888 0.9549 0.2294
vn 0.2884 -0.9518 0.1040
vn -0.0722 -0.9713 0.2265
vn 0.1671 0.9684 -0.1849
vn 0.2362 0.9552 0.1781
vn 0.1206 -0.9777 0.1721
vn -0.1770 -0.9622 0.2067
vn -0.1623 -0.9450 0.2840
vn -0.2357 -0.9499 -0.2054
vn -0.9325 -0.1306 0.3369
vn -0.7553 -0.1805 0.6300
vn 0.9526 -0.2208 0.2093
vn 0.9711 -0.2174 -0.0988
vn 0.4492 -0.2229 0.8652
vn 0.7816 -0.2197 0.5838
vn 0.0038 -0.2478 0.9688
vn -0.8410 -0.1245 0.5265
vn 0.8254 -0.2233 -0.5186
vn 0.8018 -0.0973 0.5896
vn 0.9723 -0.1034 0.2094
vn 0.9892 -0.1050 -0.1021
vn 0.8387 -0.1017 -0.5350
vn -0.8427 -0.0098 0.5384
vn -0.9427 -0.0225 0.3330
vn -0.7591 -0.0731 0.6469
vn 0.0142 -0.1040 0.9945
vn 0.4596 -0.0933 0.8832
vn -0.9011 0.1602 0.4029
vn -0.3515 0.8444 -0.4043
vn -0.5307 -0.8400 -0.1130
vn -0.5678 -0.8230 -0.0163
vn 0.4452 0.8730 -0.1991
vn -0.0145 0.9993 0.0339
vn -0.0881 0.9925 0.0845
vn 0.2230 -0.9747 -0.0161
vn 0.1351 -0.9745 -0.1792
vn 0.1389 -0.9800 -0.1426
vn 0.2926 0.9562 -0.0063
vn 0.1301 0.9915 0.0042
vn -0.1772 0.9692 0.1710
vn -0.1849 0.9712 0.1500
vn -0.1568 0.9793 0.1283
vn -0.1543 0.9763 0.1516
vn 0.2336 -0.9678 -0.0942
vn 0.3090 -0.9366 -0.1652
vn 0.1475 -0.9706 -0.1900
vn -0.3696 0.9283 -0.0399
vn -0.3248 0.9383 0.1184
vn -0.2256 0.9664 0.1231
vn -0.2629 0.9644 -0.0282
vn -0.1874 0.9712 0.1471
vn -0.3366 0.9346 0.1146
vn -0.2329 0.9714 -0.0463
vn 0.2908 -0.9174 0.2716
vn -0.3652 0.9271 -0.0848
vn -0.3455 0.9313 0.1153
vn 0.2956 -0.8959 0.3316
vn -0.2443 0.9691 -0.0352
vn -0.2437 0.9440 -0.2224
vn -0.1361 0.9905 0.0209
vn -0.0007 0.9998 0.0189
vn -0.1570 0.9546 -0.2531
vn 0.3542 0.8595 -0.3686
vn 0.4724 0.7703 -0.4283
vn -0.0297 0.9892 -0.1439
vn -0.3499 0.9243 -0.1527
vn -0.4334 0.8969 -0.0874
vn -0.3457 0.9345 0.0845
vn -0.2819 0.9575 0.0614
vn -0.1623 0.9742 -0.1571
vn 0.0347 0.9568 -0.2886
vn 0.0662 0.9576 -0.2803
vn -0.1693 0.9747 -0.1456
vn 0.3137 -0.9419 0.1199
vn 0.4766 -0.8754 0.0808
vn 0.5663 -0.8109 0.1475
vn 0.4361 -0.8634 0.2537
vn 0.0814 0.9381 -0.3366
vn 0.0408 0.9504 -0.3083
vn 0.0154 0.9458 -0.3243
vn 0.0764 0.9480 -0.3090
vn -0.4784 0.8769 -0.0477
vn -0.3249 0.9410 -0.0950
vn -0.3643 0.9308 -0.0295
vn -0.4803 0.8758 0.0469
vn 0.5645 -0.8241 0.0458
vn 0.4539 -0.8857 0.0978
vn 0.4403 -0.8861 0.1447
vn 0.5649 -0.8212 0.0806
vn -0.6762 -0.7212 -0.1504
vn -0.3103 -0.9419 0.1285
vn -0.3400 -0.9062 0.2513
vn -0.7639 -0.6367 -0.1057
vn -0.3960 0.9161 0.0631
vn 0.1045 -0.9890 -0.1047
vn 0.0466 -0.9970 -0.0614
vn 0.3923 -0.9133 -0.1097
vn -0.3165 0.9486 0.0062
vn -0.1164 -0.9927 -0.0302
vn -0.0389 -0.9400 0.3389
vn -0.0271 -0.9565 0.2903
vn -0.0623 -0.8951 0.4416
vn -0.0623 -0.8758 0.4787
vn -0.0368 -0.9368 0.3480
vn -0.0578 -0.8343 0.5482
vn -0.2386 -0.9678 -0.0807
vn 0.2871 0.9555 0.0681
vn 0.5024 0.8599 0.0905
vn -0.3737 -0.9021 -0.2160
vn -0.4330 -0.8927 -0.1249
vn 0.3933 0.9116 -0.1197
vn 0.4040 0.9005 0.1608
vn 0.2887 0.9559 -0.0545
vn 0.4900 0.8660 0.0998
vn -0.2968 -0.9420 -0.1565
vn -0.5068 -0.8440 -0.1759
vn -0.5408 -0.8186 -0.1936
vn 0.4121 0.8985 0.1511
vn -0.5497 0.8348 -0.0293
vn -0.4897 0.8648 0.1110
vn -0.7433 -0.6653 0.0697
vn -0.6448 -0.6985 -0.3102
vn -0.3438 -0.8938 -0.2879
vn 0.6137 0.7711 0.1698
vn 0.7516 0.4001 0.5245
vn -0.9118 -0.0613 -0.4061
vn -0.8816 -0.3747 -0.2869
vn 0.6632 0.6981 0.2697
vn -0.2085 0.8067 -0.5529
vn 0.4111 0.8956 -0.1701
vn -0.2918 0.9302 -0.2228
vn -0.8383 -0.5274 -0.1382
vn -0.5932 -0.8043 0.0342
vn -0.7905 -0.5118 -0.3364
vn -0.8721 -0.2885 -0.3952
vn 0.4821 0.8644 -0.1427
vn 0.1870 -0.9144 0.3590
vn 0.4000 -0.8943 0.2004
vn 0.0583 0.9498 -0.3075
vn -0.1114 -0.8216 0.5590
vn 0.1495 0.9887 0.0135
vn 0.6001 0.7433 0.2956
vn 0.3529 0.9356 -0.0075
vn 0.7210 0.6579 0.2174
vn -0.8412 -0.4672 -0.2720
vn 0.1371 -0.9747 0.1766
vn 0.3494 -0.9215 0.1697
vn 0.1065 0.9699 -0.2191
vn -0.2260 0.9739 0.0212
vn 0.8103 0.4742 0.3443
vn 0.7880 0.5130 0.3406
vn -0.0738 -0.9392 0.3355
vn 0.6875 0.6855 0.2396
vn 0.8439 0.2543 0.4723
vn 0.7520 0.6172 0.2315
vn -0.8364 -0.3570 -0.4158
vn 0.2926 -0.8959 0.3342
vn -0.0664 0.9955 0.0676
vn -0.0957 0.9953 -0.0144
vn 0.0085 0.9970 -0.0766
vn 0.0966 0.9937 -0.0560
vn 0.0036 0.9996 0.0273
vn -0.1927 0.9533 -0.2326
vn -0.0366 -0.9558 0.2918
vn -0.0915 -0.9954 0.0270
vn 0.1374 -0.9733 0.1837
vn 0.2210 -0.8989 0.3783
vn -0.0863 0.9923 -0.0887
vn 0.3318 -0.8659 0.3743
vn 0.2534 -0.8398 0.4801
vn 0.1176 0.9858 -0.1201
vn 0.1370 -0.9688 0.2066
vn -0.0392 -0.9990 0.0203
vn -0.0407 -0.9936 0.1054
vn 0.1597 -0.9463 0.2812
vn 0.0931 0.9776 -0.1887
vn -0.1325 -0.9146 0.3821
vn -0.0994 -0.9601 0.2615
vn 0.0244 -0.7509 0.6599
vn 0.3113 0.8548 -0.4151
vn -0.1466 -0.9816 0.1226
vn -0.1261 0.9359 -0.3290
vn -0.0055 0.9847 -0.1743
vn 0.1347 0.9771 -0.1649
vn 0.1572 0.9540 -0.2553
vn -0.2901 -0.9552 -0.0592
vn -0.1155 -0.9323 0.3429
vn -0.1813 -0.9641 0.1938
vn -0.2302 -0.9609 -0.1539
vn 0.0368 0.8565 -0.5148
vn -0.0475 0.9584 -0.2816
vn 0.0503 0.9704 -0.2364
vn -0.0194 -0.9748 0.2223
vn 0.0989 -0.9023 0.4195
vn 0.3115 0.6901 -0.6532
vn 0.5100 0.6021 -0.6143
vn 0.5794 0.6693 -0.4650
vn 0.4931 0.7486 -0.4432
vn -0.0231 -0.7887 0.6144
vn -0.0512 -0.8869 0.4591
vn -0.0762 -0.8690 0.4888
vn -0.1326 -0.7717 0.6220
vn 0.4085 0.6658 -0.6244
vn -0.1274 -0.6733 0.7283
vn -0.2546 -0.7110 0.6555
vn 0.1810 0.7246 -0.6650
vn -0.2838 -0.9586 -0.0214
vn -0.5020 -0.8279 0.2500
vn -0.3941 -0.8282 0.3984
vn 0.0939 0.9277 -0.3613
vn 0.1378 0.9178 -0.3724
vn -0.2877 -0.7282 0.6220
vn -0.5007 -0.8045 0.3194
vn -0.1335 -0.7203 0.6807
vn 0.1905 -0.9110 0.3658
vn 0.0253 -0.8399 0.5422
vn 0.1749 -0.9362 0.3048
vn 0.2378 -0.9255 0.2948
vn 0.2510 -0.9321 0.2612
vn 0.1943 -0.9798 -0.0478
vn 0.1213 -0.9926 0.0084
vn -0.1190 -0.9834 0.1369
vn -0.2754 -0.9610 0.0230
vn -0.0646 -0.9847 0.1616
vn 0.4683 -0.8829 -0.0336
vn 0.3145 -0.9485 -0.0379
vn 0.4653 -0.8847 0.0269
vn 0.0304 -0.9948 0.0968
vn 0.0242 -0.9900 0.1391
vn -0.6065 -0.7789 -0.1596
vn -0.0232 0.8675 -0.4970
vn -0.0260 0.7782 -0.6274
vn 0.0821 0.7632 -0.6410
vn -0.0221 0.8427 -0.5380
vn 0.4211 0.8201 -0.3874
vn 0.1850 0.9760 -0.1150
vn -0.1997 0.9209 -0.3347
vn -0.1373 0.8763 -0.4618
vn -0.1742 0.9512 -0.2545
vn -0.1617 0.9606 -0.2262
vn -0.3340 0.9331 -0.1332
vn -0.2670 0.9463 -0.1820
vn -0.1533 0.9881 0.0108
vn -0.2117 0.9764 0.0430
vn 0.4520 0.8903 0.0558
vn 0.2225 0.9725 -0.0692
vn 0.0795 0.9877 -0.1349
vn -0.3289 0.9438 0.0334
vn -0.4725 0.8813 0.0122
vn 0.0059 0.9920 -0.1260
vn -0.0095 0.9927 -0.1206
vn -0.4399 0.8958 -0.0626
vn 0.9180 -0.3015 0.2577
vn 0.9419 -0.1857 0.2800
vn 0.6427 -0.0540 0.7642
vn 0.5317 -0.5373 0.6547
vn 0.9154 -0.1058 0.3883
vn 0.9233 -0.2113 0.3208
vn 0.6580 -0.3247 0.6795
vn 0.6781 -0.0991 0.7283
vn 0.8919 -0.0855 0.4441
vn 0.9072 -0.0695 0.4149
vn 0.6714 -0.0521 0.7393
vn 0.6441 -0.0900 0.7596
vn 0.2049 -0.0293 0.9783
vn 0.2279 -0.0115 0.9736
vn 0.4357 -0.0604 0.8981
vn 0.3214 -0.5759 0.7517
vn 0.2760 -0.3874 0.8796
vn 0.2532 -0.0676 0.9651
vn -0.0806 -0.0005 0.9967
vn -0.0612 0.0159 0.9980
vn -0.1012 -0.2302 0.9679
vn 0.1264 -0.5575 0.8205
vn 0.0116 -0.3195 0.9475
vn 0.0018 -0.0601 0.9982
vn -0.4692 0.0463 0.8819
vn -0.4195 0.0361 0.9070
vn -0.3340 0.0325 0.9420
vn -0.2114 -0.4556 0.8647
vn -0.3148 -0.2889 0.9041
vn -0.3109 -0.0445 0.9494
vn -0.0088 0.5107 -0.8597
vn -0.6896 0.4500 -0.5674
vn -0.5859 0.7096 -0.3914
vn 0.7032 0.2541 -0.6640
vn -0.7319 0.1015 -0.6738
vn -0.7130 0.0938 -0.6948
vn -0.7263 0.3002 -0.6184
vn -0.6276 0.3243 -0.7078
vn -0.7946 0.0533 -0.6047
vn -0.6686 0.0261 -0.7431
vn -0.7041 0.0507 -0.7083
vn -0.7554 0.0605 -0.6525
vn -0.2178 0.0048 -0.9760
vn -0.1949 0.0299 -0.9804
vn -0.4631 0.5172 -0.7197
vn -0.4970 0.7607 -0.4175
vn -0.3625 0.3690 -0.8558
vn -0.2310 0.0131 -0.9729
vn 0.0278 -0.0175 -0.9995
vn 0.0470 0.0123 -0.9988
vn 0.0247 0.4934 -0.8695
vn -0.1609 0.7107 -0.6848
vn 0.0462 0.3372 -0.9403
vn -0.0181 -0.0052 -0.9998
vn -0.2287 -0.0019 -0.9735
vn -0.1977 0.0412 -0.9794
vn -0.2122 0.5781 -0.7879
vn -0.0567 0.5467 -0.8354
vn -0.2051 0.4214 -0.8834
vn -0.1594 -0.0101 -0.9872
vn 0.2855 0.9567 0.0565
vn 0.5169 -0.1372 -0.8450
vn 0.5180 -0.0216 -0.8551
vn -0.7615 -0.1432 0.6321
vn -0.7597 -0.0063 0.6502
vn -0.9257 -0.1302 0.3551
vn -0.9359 0.0062 0.3522
vn -0.8556 -0.0963 -0.5086
vn -0.8556 0.0320 -0.5167
vn -0.5843 -0.0932 -0.8061
vn -0.5839 0.0321 -0.8112
vn -0.1956 -0.1038 -0.9752
vn -0.1953 0.0180 -0.9806
vn 0.2208 -0.1224 -0.9676
vn 0.2265 -0.0033 -0.9740
vn 0.5004 -0.0038 -0.8658
vn -0.7329 0.0291 0.6797
vn -0.9297 0.0453 0.3656
vn -0.8509 0.0616 -0.5217
vn -0.5822 0.0543 -0.8112
vn -0.1972 0.0381 -0.9796
vn 0.2241 0.0146 -0.9745
vn 0.4753 -0.0084 -0.8798
vn -0.6929 0.0326 0.7203
vn -0.9135 0.0495 0.4039
vn -0.8554 0.0626 -0.5141
vn -0.5828 0.0524 -0.8109
vn -0.1978 0.0337 -0.9797
vn 0.2216 0.0092 -0.9751
vn 0.4588 -0.0085 -0.8885
vn -0.6372 0.0456 0.7693
vn -0.8872 0.0677 0.4564
vn -0.8622 0.0784 -0.5005
vn -0.5837 0.0623 -0.8096
vn -0.1948 0.0381 -0.9801
vn 0.2232 0.0095 -0.9747
vn 0.4575 -0.0224 -0.8889
vn -0.5902 0.0788 0.8034
vn -0.8552 0.1186 0.5046
vn -0.8655 0.1345 -0.4824
vn -0.5837 0.1023 -0.8055
vn -0.1926 0.0569 -0.9796
vn 0.2239 0.0069 -0.9746
vn 0.4606 -0.0884 -0.8832
vn -0.5682 0.1537 0.8084
vn -0.8223 0.2159 0.5265
vn -0.8540 0.2231 -0.4699
vn -0.5769 0.1540 -0.8022
vn -0.1926 0.0634 -0.9792
vn 0.2169 -0.0317 -0.9757
vn 0.4606 -0.1817 -0.8688
vn -0.5540 0.2582 0.7915
vn -0.7831 0.3282 0.5283
vn -0.8299 0.2981 -0.4716
vn -0.5647 0.1846 -0.8044
vn -0.1925 0.0439 -0.9803
vn 0.2047 -0.0958 -0.9741
vn 0.4589 -0.2881 -0.8405
vn -0.5330 0.3564 0.7674
vn -0.7416 0.4336 0.5119
vn -0.7990 0.3631 -0.4794
vn -0.5533 0.2075 -0.8068
vn -0.2026 0.0193 -0.9791
vn 0.1765 -0.1633 -0.9707
vn 0.4374 -0.3957 -0.8075
vn -0.4867 0.4441 0.7522
vn -0.6799 0.5374 0.4990
vn -0.7516 0.4443 -0.4875
vn -0.5300 0.2470 -0.8112
vn -0.2087 0.0089 -0.9779
vn 0.1434 -0.2225 -0.9643
vn 0.3455 -0.5167 -0.7834
vn -0.4012 0.5596 0.7252
vn -0.5732 0.6689 0.4733
vn -0.6721 0.5433 -0.5031
vn -0.4935 0.2952 -0.8182
vn -0.2248 -0.0029 -0.9744
vn 0.0790 -0.2934 -0.9527
vn 0.2386 -0.6194 -0.7480
vn -0.2960 0.6459 0.7037
vn -0.4484 0.7764 0.4428
vn -0.5749 0.6400 -0.5097
vn -0.4347 0.3090 -0.8459
vn -0.2333 -0.0248 -0.9721
vn 0.0165 -0.3487 -0.9371
vn -0.0573 -0.3845 -0.9213
vn -0.1932 0.6633 0.7230
vn -0.3713 0.7758 0.5102
vn -0.6147 0.6123 -0.4972
vn -0.3704 0.2020 -0.9066
vn -0.0613 -0.3869 -0.9201
vn 0.0151 0.8348 0.5504
vn -0.9905 -0.0452 -0.1297
vn -0.9695 -0.2320 -0.0785
vn -0.5256 -0.7365 -0.4257
vn -0.6891 -0.1635 -0.7059
vn -0.1550 -0.0835 -0.9844
vn -0.0538 -0.4045 -0.9130
vn 0.0752 0.7690 0.6348
vn 0.0445 0.7200 0.6926
vn -0.1606 -0.2898 -0.9435
vn -0.1647 -0.7582 -0.6308
vn 0.0233 -0.7164 -0.6973
vn -0.1188 -0.3551 -0.9272
vn -0.1421 -0.1221 -0.9823
vn -0.0593 -0.4289 -0.9014
vn 0.0249 0.6376 0.7700
vn 0.0146 0.6309 0.7758
vn -0.0168 0.6910 0.7227
vn -0.0241 0.7314 0.6815
vn 0.0442 0.6515 0.7574
vn -0.1227 -0.2298 -0.9655
vn -0.0724 -0.4128 -0.9080
vn 0.0245 0.6027 0.7976
vn -0.1152 -0.2955 -0.9484
vn -0.0849 -0.4291 -0.8992
vn 0.0610 0.5966 0.8002
vn -0.0785 -0.4216 -0.9034
vn 0.0240 -0.6813 -0.7316
vn -0.0169 -0.6862 -0.7273
vn -0.0934 -0.4383 -0.8940
vn -0.1220 -0.3147 -0.9413
vn -0.0435 -0.4665 -0.8835
vn 0.0345 0.5782 0.8151
vn -0.1023 -0.3016 -0.9479
vn 0.0639 -0.5141 -0.8553
vn -0.0495 0.5333 0.8445
vn 0.0133 -0.4738 -0.8805
vn 0.0767 -0.6648 -0.7431
vn 0.1355 -0.6924 -0.7087
vn 0.0775 -0.5390 -0.8388
vn -0.0350 -0.3247 -0.9452
vn 0.1381 -0.5757 -0.8059
vn -0.0876 0.5188 0.8504
vn 0.0358 0.6685 0.7428
vn 0.0019 0.7793 0.6266
vn 0.0824 0.7812 0.6189
vn 0.0641 0.6582 0.7501
vn 0.0454 -0.4318 -0.9008
vn 0.1011 -0.6715 -0.7341
vn -0.0398 0.5526 0.8325
vn -0.0147 -0.5992 -0.8004
vn -0.1106 -0.7142 -0.6911
vn -0.0300 -0.7716 -0.6354
vn 0.0993 -0.7395 -0.6658
vn 0.0453 -0.5762 -0.8160
vn -0.0527 -0.7390 -0.6716
vn 0.1051 0.6318 0.7680
vn -0.0140 -0.4427 -0.8966
vn -0.1208 -0.4793 -0.8693
vn 0.0300 -0.5012 -0.8648
vn -0.0727 -0.6370 -0.7674
vn -0.2031 -0.7302 -0.6524
vn 0.2357 0.7647 0.5998
vn 0.0557 -0.5916 -0.8043
vn -0.2016 -0.6237 -0.7552
vn 0.2614 0.7790 0.5699
vn -0.0650 -0.5782 -0.8133
vn -0.2525 -0.6220 -0.7412
vn -0.2491 -0.7190 -0.6488
vn -0.8928 -0.1727 0.4161
vn -0.7027 -0.1412 0.6973
vn 0.5097 -0.1958 -0.8378
vn 0.2241 -0.1851 -0.9568
vn -0.1888 -0.1721 -0.9668
vn -0.5934 -0.1720 -0.7863
vn -0.8830 -0.2057 -0.4219
vn 0.2255 -0.0669 -0.9719
vn -0.1901 -0.0488 -0.9806
vn 0.5147 -0.0817 -0.8535
vn -0.7077 -0.0346 0.7057
vn -0.9141 -0.0662 0.4000
vn -0.8917 -0.0594 -0.4487
vn -0.6006 -0.0415 -0.7985
vn -0.8983 0.1720 0.4044
vn 0.0884 0.3350 0.9381
vn -0.6517 -0.7477 -0.1274
vn -0.5274 -0.8416 -0.1165
vn 0.6833 0.6339 0.3623
vn 0.0183 0.6082 0.7936
vn 0.0438 0.6310 0.7745
vn 0.0365 -0.6815 -0.7309
vn 0.0154 -0.5678 -0.8230
vn -0.0306 -0.5893 -0.8073
vn 0.2514 0.7131 0.6545
vn 0.4029 0.7921 0.4586
vn -0.0547 0.7572 0.6509
vn 0.0376 0.5516 0.8333
vn 0.0212 0.5489 0.8356
vn -0.0446 0.7702 0.6362
vn -0.0757 -0.6043 -0.7932
vn 0.0235 -0.5798 -0.8144
vn -0.0065 -0.6803 -0.7329
vn -0.1415 0.6584 0.7392
vn -0.0806 0.6994 0.7102
vn -0.1142 0.7774 0.6186
vn -0.1508 0.7275 0.6693
vn -0.0474 0.4963 0.8669
vn 0.0423 0.5385 0.8416
vn 0.0120 0.6518 0.7583
vn -0.0609 -0.4452 -0.8934
vn -0.0881 0.6195 0.7800
vn -0.0885 0.6869 0.7213
vn -0.0912 -0.4057 -0.9095
vn 0.0034 0.6504 0.7596
vn 0.1978 0.5956 0.7786
vn 0.2714 0.6233 0.7334
vn 0.3053 0.7735 0.5554
vn 0.2595 0.8031 0.5364
vn 0.7626 0.4693 0.4452
vn 0.6485 0.5492 0.5271
vn 0.2508 0.6979 0.6709
vn 0.0326 0.5937 0.8040
vn 0.0144 0.8198 0.5725
vn -0.0963 0.7904 0.6050
vn -0.0815 0.5879 0.8048
vn -0.3018 0.6263 0.7188
vn -0.3267 0.6473 0.6887
vn -0.2387 0.6481 0.7231
vn -0.2175 0.7042 0.6759
vn 0.1037 -0.6231 -0.7753
vn 0.1317 -0.5723 -0.8094
vn 0.0549 -0.6055 -0.7939
vn -0.0005 -0.5906 -0.8070
vn -0.2459 0.7261 0.6421
vn -0.2827 0.6696 0.6868
vn -0.5756 0.5893 0.5670
vn -0.4836 0.6884 0.5406
vn -0.0242 0.6394 0.7685
vn -0.0907 0.7836 0.6147
vn -0.2050 0.7452 0.6345
vn -0.1445 0.6511 0.7451
vn 0.0770 -0.5376 -0.8397
vn 0.0853 -0.6106 -0.7873
vn 0.0863 -0.6142 -0.7844
vn 0.0939 -0.5399 -0.8364
vn 0.4841 -0.8471 -0.2193
vn 0.4360 -0.8829 -0.1744
vn 0.1890 -0.8513 -0.4895
vn 0.4090 -0.8041 -0.4314
vn -0.0161 0.4536 0.8911
vn -0.0007 -0.6895 -0.7243
vn 0.0657 -0.6407 -0.7650
vn 0.0708 -0.5288 -0.8458
vn 0.0236 0.4452 0.8951
vn -0.2215 -0.7696 -0.5988
vn 0.2415 -0.6443 -0.7256
vn 0.1191 -0.5237 -0.8435
vn 0.1291 -0.5134 -0.8484
vn 0.2138 -0.6429 -0.7355
vn 0.3945 -0.6652 -0.6340
vn 0.3052 -0.4939 -0.8142
vn -0.2839 -0.8508 -0.4422
vn 0.3476 0.7981 0.4921
vn 0.5866 0.7887 0.1840
vn -0.5302 -0.8286 -0.1798
vn -0.4768 -0.8712 -0.1168
vn 0.5541 0.8053 0.2107
vn 0.6258 0.6890 0.3656
vn 0.3741 0.8530 0.3641
vn 0.4665 0.7545 0.4616
vn -0.2942 -0.9202 -0.2581
vn -0.1936 -0.9444 -0.2656
vn -0.2436 -0.9214 -0.3028
vn 0.3376 0.8819 0.3291
vn -0.0972 0.7763 0.6228
vn -0.0959 0.5857 0.8048
vn -0.0852 -0.9943 -0.0647
vn -0.2991 -0.9478 -0.1106
vn -0.3453 -0.9121 -0.2209
vn 0.3254 0.9088 0.2612
vn -0.6856 0.7066 0.1752
vn -0.6659 0.7417 -0.0801
vn 0.5184 -0.8494 0.0991
vn 0.3613 -0.9249 0.1180
vn -0.0299 0.5832 0.8118
vn 0.2208 0.8866 0.4063
vn 0.1201 -0.9511 -0.2844
vn -0.3411 0.6984 0.6292
vn -0.1420 -0.9024 -0.4068
vn 0.3512 -0.9128 -0.2084
vn -0.0220 -0.9696 -0.2438
vn 0.1574 0.8455 0.5102
vn 0.2136 -0.5098 -0.8334
vn 0.0092 -0.5885 -0.8084
vn 0.1462 -0.6790 -0.7195
vn -0.5219 0.7058 0.4790
vn -0.4920 0.7693 0.4075
vn -0.5923 0.7738 0.2246
vn -0.5545 0.7355 0.3893
vn -0.5595 0.8214 0.1103
vn 0.3198 -0.9391 0.1260
vn 0.2419 -0.6176 -0.7484
vn -0.0187 -0.5540 -0.8323
vn -0.5328 0.7174 0.4487
vn 0.0227 0.5318 0.8466
vn -0.3865 0.8865 0.2543
vn -0.4369 0.8959 -0.0808
vn 0.4199 -0.7454 -0.5177
vn -0.0373 0.9988 0.0328
vn -0.0086 0.9980 0.0621
vn 0.0522 0.9349 0.3511
vn -0.0221 -0.9892 0.1448
vn -0.1786 -0.5381 -0.8237
vn 0.0310 0.7853 0.6184
vn 0.2148 0.7386 0.6390
vn 0.2317 0.6995 0.6760
vn 0.1189 0.6137 0.7806
vn 0.3003 0.6079 0.7350
vn 0.3216 0.7371 0.5943
vn -0.2062 -0.7558 -0.6215
vn -0.1832 -0.5135 -0.8383
vn -0.2129 -0.5666 -0.7960
vn -0.2327 -0.4734 -0.8496
vn 0.0741 0.6931 0.7170
vn 0.4260 0.7090 0.5620
vn -0.2513 -0.3948 -0.8837
vn -0.2550 -0.3788 -0.8896
vn -0.2502 -0.6538 -0.7141
vn -0.3485 -0.6363 -0.6882
vn -0.3360 -0.7695 -0.5431
vn -0.2335 -0.7768 -0.5849
vn 0.2323 0.6501 0.7235
vn -0.2412 -0.4784 -0.8444
vn -0.3024 -0.7223 -0.6220
vn 0.5425 0.6359 0.5489
vn -0.3037 -0.3997 -0.8649
vn -0.3025 -0.7333 -0.6089
vn 0.3720 0.6143 0.6959
vn 0.2845 0.6954 0.6599
vn 0.3163 0.7197 0.6180
vn 0.2693 0.6548 0.7062
vn -0.2608 -0.7975 -0.5440
vn -0.3183 -0.7209 -0.6156
vn 0.4189 0.6189 0.6644
vn 0.2438 0.7194 0.6504
vn 0.3353 0.7397 0.5834
vn -0.3670 -0.7665 -0.5270
vn -0.3699 -0.6711 -0.6425
vn 0.7385 0.4329 0.5169
vn 0.8624 0.3837 0.3301
vn -0.4645 -0.6026 -0.6490
vn -0.5749 -0.4754 -0.6660
vn -0.4755 -0.6961 -0.5379
vn -0.4186 -0.7171 -0.5573
vn 0.7468 0.3305 0.5771
vn -0.6119 -0.4427 -0.6555
vn -0.4697 -0.2143 -0.8564
vn 0.5781 0.4199 0.6996
vn 0.3658 0.6989 0.6146
vn 0.3015 0.6940 0.6538
vn -0.6851 -0.4851 -0.5434
vn -0.5297 -0.3688 -0.7638
vn -0.3407 -0.5513 -0.7616
vn -0.3745 -0.5855 -0.7190
vn -0.2496 -0.5416 -0.8027
vn -0.2809 -0.5330 -0.7982
vn -0.1824 -0.5299 -0.8282
vn 0.1241 -0.5700 -0.8122
vn -0.0001 -0.5546 -0.8321
vn 0.3098 -0.8515 -0.4230
vn 0.2452 -0.8338 -0.4945
vn 0.1599 -0.7626 -0.6268
vn -0.0772 -0.5326 -0.8428
vn 0.0426 -0.4841 -0.8740
vn 0.0873 -0.4395 -0.8940
vn 0.1390 -0.5968 -0.7903
vn 0.1345 -0.6628 -0.7366
vn 0.1594 -0.9740 -0.1608
vn 0.3944 0.6989 0.5967
vn 0.4440 0.6424 0.6246
vn 0.5316 0.4869 0.6931
vn 0.4469 0.5917 0.6710
vn 0.3612 0.6631 0.6556
vn 0.3412 0.6097 0.7154
vn 0.2657 0.6072 0.7488
vn 0.2100 0.5256 0.8244
vn 0.1149 0.4355 0.8928
vn 0.0539 0.4111 0.9100
vn -0.0017 0.5295 0.8483
vn -0.1169 0.5430 0.8316
vn -0.3022 0.8091 0.5041
vn -0.2752 0.8822 0.3821
vn -0.1784 0.7786 0.6016
vn -0.0839 0.4537 0.8872
vn 0.0581 0.5059 0.8606
vn -0.0828 0.6228 0.7780
vn -0.0940 0.6955 0.7123
vn -0.0408 0.4233 0.9051
vn -0.0090 -0.0023 -1.0000
vn -0.4912 0.0461 -0.8698
vn -0.4989 0.5428 -0.6757
vn -0.0195 0.3353 -0.9419
vn 0.0495 0.0040 -0.9988
vn -0.3200 0.0244 -0.9471
vn -0.4007 0.0236 -0.9159
vn 0.0261 -0.0137 -0.9996
vn -0.0138 -0.0323 -0.9994
vn -0.4107 -0.0310 -0.9113
vn -0.3183 0.0195 -0.9478
vn 0.0299 0.0109 -0.9995
vn -0.7387 0.0288 -0.6734
vn -0.7466 0.0470 -0.6636
vn -0.7570 0.0808 -0.6484
vn -0.6836 0.5173 -0.5149
vn -0.7633 0.0657 -0.6427
vn -0.7645 -0.0116 -0.6445
vn -0.9035 0.0284 -0.4276
vn -0.8984 0.0532 -0.4359
vn -0.9278 0.1222 -0.3525
vn -0.9633 0.2540 -0.0869
vn -0.9168 0.0968 -0.3874
vn -0.9012 -0.0103 -0.4332
vn -0.9983 0.0143 -0.0573
vn -0.9981 0.0498 -0.0365
vn -0.9850 0.1695 0.0325
vn -0.8981 0.3767 0.2269
vn -0.9918 0.1271 0.0130
vn -0.9910 -0.0065 -0.1336
vn 0.7551 -0.0303 0.6550
vn 0.9042 0.1290 -0.4072
vn 0.4379 0.1721 0.8824
vn 0.3729 -0.0381 0.9271
vn 0.1971 -0.0202 0.9802
vn 0.3754 -0.0059 0.9268
vn 0.3254 -0.0176 0.9454
vn 0.2866 -0.0240 0.9577
vn 0.1960 -0.0033 0.9806
vn 0.2004 -0.0157 0.9796
vn 0.2824 -0.0223 0.9590
vn 0.3850 -0.0329 0.9223
vn 0.7521 -0.0473 0.6574
vn 0.7510 -0.0368 0.6593
vn 0.5159 0.2438 0.8212
vn 0.6602 -0.0752 0.7473
vn 0.7322 -0.0584 0.6786
vn 0.7794 -0.0423 0.6251
vn 0.8832 -0.0511 0.4663
vn 0.8919 -0.0361 0.4507
vn 0.8417 0.1973 0.5026
vn 0.9441 -0.1245 0.3053
vn 0.9194 -0.0891 0.3832
vn 0.8931 -0.0552 0.4464
vn 0.6688 -0.0351 0.7426
vn 0.7448 -0.0308 0.6666
vn 0.9398 0.0015 0.3417
vn 0.9138 -0.1224 0.3873
vn 0.7438 -0.0729 0.6644
vn 0.8192 -0.0634 0.5701
usemtl Burnished_Clay_Pot
s 1
f 641/1/1 642/2/2 20/3/3 3/4/4
f 642/2/2 643/5/5 37/6/6 20/3/3
f 643/5/5 644/7/7 54/8/8 37/6/6
f 644/7/7 645/9/9 71/10/10 54/8/8
f 645/9/9 646/11/11 88/12/12 71/10/10
f 646/11/11 647/13/13 105/14/14 88/12/12
f 647/13/13 648/15/15 122/16/16 105/14/14
f 648/15/15 649/17/17 139/18/18 122/16/16
f 649/17/17 650/19/19 156/20/20 139/18/18
f 650/19/19 651/21/21 173/22/22 156/20/20
f 651/21/21 652/23/23 190/24/24 173/22/22
f 652/23/23 653/25/25 207/26/26 190/24/24
f 653/25/25 654/27/27 224/28/28 207/26/26
f 654/27/27 655/29/29 241/30/30 224/28/28
f 655/29/29 656/31/31 258/32/32 241/30/30
f 656/31/31 657/33/33 275/34/34 258/32/32
f 657/35/33 658/36/35 292/37/36 275/38/34
f 658/36/35 659/39/37 309/40/38 292/37/36
f 659/39/37 660/41/39 326/42/40 309/40/38
f 660/41/39 661/43/41 343/44/42 326/42/40
f 661/43/41 662/45/43 360/46/44 343/44/42
f 662/45/43 663/47/45 377/48/46 360/46/44
f 663/47/45 664/49/47 394/50/48 377/48/46
f 664/49/47 665/51/49 411/52/50 394/50/48
f 665/51/49 666/53/51 428/54/52 411/52/50
f 666/53/51 667/55/53 445/56/54 428/54/52
f 667/55/53 668/57/55 462/58/56 445/56/54
f 668/57/55 669/59/57 479/60/58 462/58/56
f 669/59/57 670/61/59 496/62/60 479/60/58
f 670/61/59 671/63/61 513/64/62 496/62/60
f 671/63/61 672/65/63 530/66/64 513/64/62
f 672/65/63 641/67/1 3/68/4 530/66/64
f 542/69/65 640/70/66 577/71/67 15/72/68
f 49/73/69 582/74/70 584/75/71 66/76/72
f 66/76/72 584/75/71 586/77/73 83/78/74
f 83/78/74 586/77/73 588/79/75 100/80/76
f 100/80/76 588/79/75 590/81/77 117/82/78
f 117/82/78 590/81/77 592/83/79 134/84/80
f 134/84/80 592/83/79 594/85/81 151/86/82
f 151/86/82 594/85/81 596/87/83 168/88/84
f 168/88/84 596/87/83 598/89/85 185/90/86
f 185/90/86 598/89/85 600/91/87 202/92/88
f 202/92/88 600/91/87 602/93/89 219/94/90
f 219/94/90 602/93/89 604/95/91 236/96/92
f 236/96/92 604/95/91 606/97/93 253/98/94
f 253/98/94 606/97/93 608/99/95 270/100/96
f 270/100/96 608/99/95 610/101/97 287/102/98
f 287/103/98 610/104/97 612/105/99 304/106/100
f 304/106/100 612/105/99 614/107/101 321/108/102
f 321/108/102 614/107/101 616/109/103 338/110/104
f 338/110/104 616/109/103 618/111/105 355/112/106
f 355/112/106 618/111/105 620/113/107 372/114/108
f 372/114/108 620/113/107 622/115/109 389/116/110
f 389/116/110 622/115/109 624/117/111 406/118/112
f 406/118/112 624/117/111 626/119/113 423/120/114
f 423/120/114 626/119/113 628/121/115 440/122/116
f 440/122/116 628/121/115 630/123/117 457/124/118
f 457/124/118 630/123/117 632/125/119 474/126/120
f 474/126/120 632/125/119 634/127/121 491/128/122
f 491/128/122 634/127/121 636/129/123 508/130/124
f 508/130/124 636/129/123 638/131/125 525/132/126
f 525/132/126 638/131/125 640/70/66 542/69/65
f 545/133/127 546/134/128 579/135/129 578/136/130
f 673/137/131 674/138/132 23/139/133 6/140/134
f 674/138/132 675/141/135 40/142/136 23/139/133
f 675/141/135 676/143/137 57/144/138 40/142/136
f 676/143/137 677/145/139 74/146/140 57/144/138
f 677/145/139 678/147/141 91/148/142 74/146/140
f 678/147/141 679/149/143 108/150/144 91/148/142
f 679/149/143 680/151/145 125/152/146 108/150/144
f 680/151/145 681/153/147 142/154/148 125/152/146
f 681/153/147 682/155/149 159/156/150 142/154/148
f 682/155/149 683/157/151 176/158/152 159/156/150
f 683/157/151 684/159/153 193/160/154 176/158/152
f 684/159/153 685/161/155 210/162/156 193/160/154
f 685/161/155 686/163/157 227/164/158 210/162/156
f 686/163/157 687/165/159 244/166/160 227/164/158
f 687/165/159 688/167/161 261/168/162 244/166/160
f 688/167/161 689/169/163 278/170/164 261/168/162
f 689/171/163 690/172/165 295/173/166 278/174/164
f 690/172/165 691/175/167 312/176/168 295/173/166
f 691/175/167 692/177/169 329/178/170 312/176/168
f 692/177/169 693/179/171 346/180/172 329/178/170
f 693/179/171 694/181/173 363/182/174 346/180/172
f 694/181/173 695/183/175 380/184/176 363/182/174
f 695/183/175 696/185/177 397/186/178 380/184/176
f 696/185/177 697/187/179 414/188/180 397/186/178
f 697/187/179 698/189/181 431/190/182 414/188/180
f 698/189/181 699/191/183 448/192/184 431/190/182
f 699/191/183 700/193/185 465/194/186 448/192/184
f 700/193/185 701/195/187 482/196/188 465/194/186
f 701/195/187 702/197/189 499/198/190 482/196/188
f 702/197/189 703/199/191 516/200/192 499/198/190
f 703/199/191 704/201/193 533/202/194 516/200/192
f 704/201/193 673/203/131 6/204/134 533/202/194
f 863/205/195 535/206/196 8/207/197 802/208/198
f 805/209/199 42/210/200 59/211/201 807/212/202
f 807/212/202 59/211/201 76/213/203 809/214/204
f 809/214/204 76/213/203 93/215/205 811/216/206
f 811/216/206 93/215/205 110/217/207 813/218/208
f 813/218/208 110/217/207 127/219/209 815/220/210
f 815/220/210 127/219/209 144/221/211 817/222/212
f 817/222/212 144/221/211 161/223/213 819/224/214
f 819/224/214 161/223/213 178/225/215 821/226/216
f 821/226/216 178/225/215 195/227/217 823/228/218
f 823/228/218 195/227/217 212/229/219 825/230/220
f 825/230/220 212/229/219 229/231/221 827/232/222
f 827/232/222 229/231/221 246/233/223 829/234/224
f 829/234/224 246/233/223 263/235/225 831/236/226
f 831/236/226 263/235/225 280/237/227 833/238/228
f 833/239/228 280/240/227 297/241/229 835/242/230
f 835/242/230 297/241/229 314/243/231 837/244/232
f 837/244/232 314/243/231 331/245/233 839/246/234
f 839/246/234 331/245/233 348/247/235 841/248/236
f 841/248/236 348/247/235 365/249/237 843/250/238
f 843/250/238 365/249/237 382/251/239 845/252/240
f 845/252/240 382/251/239 399/253/241 847/254/242
f 847/254/242 399/253/241 416/255/243 849/256/244
f 849/256/244 416/255/243 433/257/245 851/258/246
f 851/258/246 433/257/245 450/259/247 853/260/248
f 853/260/248 450/259/247 467/261/249 855/262/250
f 855/262/250 467/261/249 484/263/251 857/264/252
f 857/264/252 484/263/251 501/265/253 859/266/254
f 859/266/254 501/265/253 518/267/255 861/268/256
f 861/268/256 518/267/255 535/206/196 863/205/195
f 802/269/198 8/270/197 25/271/257 803/272/258
f 741/273/259 743/274/260 56/275/261 39/276/262
f 743/274/260 745/277/263 73/278/264 56/275/261
f 745/277/263 747/279/265 90/280/266 73/278/264
f 747/279/265 749/281/267 107/282/268 90/280/266
f 749/281/267 751/283/269 124/284/270 107/282/268
f 751/283/269 753/285/271 141/286/272 124/284/270
f 753/285/271 755/287/273 158/288/274 141/286/272
f 755/287/273 757/289/275 175/290/276 158/288/274
f 757/289/275 759/291/277 192/292/278 175/290/276
f 759/291/277 761/293/279 209/294/280 192/292/278
f 761/293/279 763/295/281 226/296/282 209/294/280
f 763/295/281 765/297/283 243/298/284 226/296/282
f 765/297/283 767/299/285 260/300/286 243/298/284
f 767/299/285 769/301/287 277/302/288 260/300/286
f 769/303/287 771/304/289 294/305/290 277/306/288
f 771/304/289 773/307/291 311/308/292 294/305/290
f 773/307/291 775/309/293 328/310/294 311/308/292
f 775/309/293 777/311/295 345/312/296 328/310/294
f 777/311/295 779/313/297 362/314/298 345/312/296
f 779/313/297 781/315/299 379/316/300 362/314/298
f 781/315/299 783/317/301 396/318/302 379/316/300
f 783/317/301 785/319/303 413/320/304 396/318/302
f 785/319/303 787/321/305 430/322/306 413/320/304
f 787/321/305 789/323/307 447/324/308 430/322/306
f 789/323/307 791/325/309 464/326/310 447/324/308
f 791/325/309 793/327/311 481/328/312 464/326/310
f 793/327/311 795/329/313 498/330/314 481/328/312
f 795/329/313 797/331/315 515/332/316 498/330/314
f 797/331/315 799/333/317 532/334/318 515/332/316
f 799/333/317 738/335/319 5/336/320 532/334/318
f 8/270/197 10/337/321 27/338/322 25/271/257
f 25/271/257 27/338/322 44/339/323 42/210/200
f 42/210/200 44/339/323 61/340/324 59/211/201
f 59/211/201 61/340/324 78/341/325 76/213/203
f 76/213/203 78/341/325 95/342/326 93/215/205
f 93/215/205 95/342/326 112/343/327 110/217/207
f 110/217/207 112/343/327 129/344/328 127/219/209
f 127/219/209 129/344/328 146/345/329 144/221/211
f 144/221/211 146/345/329 163/346/330 161/223/213
f 161/223/213 163/346/330 180/347/331 178/225/215
f 178/225/215 180/347/331 197/348/332 195/227/217
f 195/227/217 197/348/332 214/349/333 212/229/219
f 212/229/219 214/349/333 231/350/334 229/231/221
f 229/231/221 231/350/334 248/351/335 246/233/223
f 246/233/223 248/351/335 265/352/336 263/235/225
f 263/235/225 265/352/336 282/353/337 280/237/227
f 280/240/227 282/354/337 299/355/338 297/241/229
f 297/241/229 299/355/338 316/356/339 314/243/231
f 314/243/231 316/356/339 333/357/340 331/245/233
f 331/245/233 333/357/340 350/358/341 348/247/235
f 348/247/235 350/358/341 367/359/342 365/249/237
f 365/249/237 367/359/342 384/360/343 382/251/239
f 382/251/239 384/360/343 401/361/344 399/253/241
f 399/253/241 401/361/344 418/362/345 416/255/243
f 416/255/243 418/362/345 435/363/346 433/257/245
f 433/257/245 435/363/346 452/364/347 450/259/247
f 450/259/247 452/364/347 469/365/348 467/261/249
f 467/261/249 469/365/348 486/366/349 484/263/251
f 484/263/251 486/366/349 503/367/350 501/265/253
f 501/265/253 503/367/350 520/368/351 518/267/255
f 518/267/255 520/368/351 537/369/352 535/206/196
f 535/206/196 537/369/352 10/370/321 8/207/197
f 10/337/321 9/371/353 26/372/354 27/338/322
f 27/338/322 26/372/354 43/373/355 44/339/323
f 44/339/323 43/373/355 60/374/356 61/340/324
f 61/340/324 60/374/356 77/375/357 78/341/325
f 78/341/325 77/375/357 94/376/358 95/342/326
f 95/342/326 94/376/358 111/377/359 112/343/327
f 112/343/327 111/377/359 128/378/360 129/344/328
f 129/344/328 128/378/360 145/379/361 146/345/329
f 146/345/329 145/379/361 162/380/362 163/346/330
f 163/346/330 162/380/362 179/381/363 180/347/331
f 180/347/331 179/381/363 196/382/364 197/348/332
f 197/348/332 196/382/364 213/383/365 214/349/333
f 214/349/333 213/383/365 230/384/366 231/350/334
f 231/350/334 230/384/366 247/385/367 248/351/335
f 248/351/335 247/385/367 264/386/368 265/352/336
f 265/352/336 264/386/368 281/387/369 282/353/337
f 282/354/337 281/388/369 298/389/370 299/355/338
f 299/355/338 298/389/370 315/390/371 316/356/339
f 316/356/339 315/390/371 332/391/372 333/357/340
f 333/357/340 332/391/372 349/392/373 350/358/341
f 350/358/341 349/392/373 366/393/374 367/359/342
f 367/359/342 366/393/374 383/394/375 384/360/343
f 384/360/343 383/394/375 400/395/376 401/361/344
f 401/361/344 400/395/376 417/396/377 418/362/345
f 418/362/345 417/396/377 434/397/378 435/363/346
f 435/363/346 434/397/378 451/398/379 452/364/347
f 452/364/347 451/398/379 468/399/380 469/365/348
f 469/365/348 468/399/380 485/400/381 486/366/349
f 486/366/349 485/400/381 502/401/382 503/367/350
f 503/367/350 502/401/382 519/402/383 520/368/351
f 520/368/351 519/402/383 536/403/384 537/369/352
f 537/369/352 536/403/384 9/404/353 10/370/321
f 11/405/385 13/406/386 30/407/387 28/408/388
f 28/408/388 30/407/387 47/409/389 45/410/390
f 45/410/390 47/409/389 64/411/391 62/412/392
f 62/412/392 64/411/391 81/413/393 79/414/394
f 79/414/394 81/413/393 98/415/395 96/416/396
f 96/416/396 98/415/395 115/417/397 113/418/398
f 113/418/398 115/417/397 132/419/399 130/420/400
f 130/420/400 132/419/399 149/421/401 147/422/402
f 147/422/402 149/421/401 166/423/403 164/424/404
f 164/424/404 166/423/403 183/425/405 181/426/406
f 181/426/406 183/425/405 200/427/407 198/428/408
f 198/428/408 200/427/407 217/429/409 215/430/410
f 215/430/410 217/429/409 234/431/411 232/432/412
f 232/432/412 234/431/411 251/433/413 249/434/414
f 249/434/414 251/433/413 268/435/415 266/436/416
f 266/436/416 268/435/415 285/437/417 283/438/418
f 283/439/418 285/440/417 302/441/419 300/442/420
f 300/442/420 302/441/419 319/443/421 317/444/422
f 317/444/422 319/443/421 336/445/423 334/446/424
f 334/446/424 336/445/423 353/447/425 351/448/426
f 351/448/426 353/447/425 370/449/427 368/450/428
f 368/450/428 370/449/427 387/451/429 385/452/430
f 385/452/430 387/451/429 404/453/431 402/454/432
f 402/454/432 404/453/431 421/455/433 419/456/434
f 419/456/434 421/455/433 438/457/435 436/458/436
f 436/458/436 438/457/435 455/459/437 453/460/438
f 453/460/438 455/459/437 472/461/439 470/462/440
f 470/462/440 472/461/439 489/463/441 487/464/442
f 487/464/442 489/463/441 506/465/443 504/466/444
f 504/466/444 506/465/443 523/467/445 521/468/446
f 521/468/446 523/467/445 540/469/447 538/470/448
f 538/470/448 540/469/447 13/471/386 11/472/385
f 13/406/386 12/473/449 29/474/450 30/407/387
f 30/407/387 29/474/450 46/475/451 47/409/389
f 47/409/389 46/475/451 63/476/452 64/411/391
f 64/411/391 63/476/452 80/477/453 81/413/393
f 81/413/393 80/477/453 97/478/454 98/415/395
f 98/415/395 97/478/454 114/479/455 115/417/397
f 115/417/397 114/479/455 131/480/456 132/419/399
f 132/419/399 131/480/456 148/481/457 149/421/401
f 149/421/401 148/481/457 165/482/458 166/423/403
f 166/423/403 165/482/458 182/483/459 183/425/405
f 183/425/405 182/483/459 199/484/460 200/427/407
f 200/427/407 199/484/460 216/485/461 217/429/409
f 217/429/409 216/485/461 233/486/462 234/431/411
f 234/431/411 233/486/462 250/487/463 251/433/413
f 251/433/413 250/487/463 267/488/464 268/435/415
f 268/435/415 267/488/464 284/489/465 285/437/417
f 285/440/417 284/490/465 301/491/466 302/441/419
f 302/441/419 301/491/466 318/492/467 319/443/421
f 319/443/421 318/492/467 335/493/468 336/445/423
f 336/445/423 335/493/468 352/494/469 353/447/425
f 353/447/425 352/494/469 369/495/470 370/449/427
f 370/449/427 369/495/470 386/496/471 387/451/429
f 387/451/429 386/496/471 403/497/472 404/453/431
f 404/453/431 403/497/472 420/498/473 421/455/433
f 421/455/433 420/498/473 437/499/474 438/457/435
f 438/457/435 437/499/474 454/500/475 455/459/437
f 455/459/437 454/500/475 471/501/476 472/461/439
f 472/461/439 471/501/476 488/502/477 489/463/441
f 489/463/441 488/502/477 505/503/478 506/465/443
f 506/465/443 505/503/478 522/504/479 523/467/445
f 523/467/445 522/504/479 539/505/480 540/469/447
f 540/469/447 539/505/480 12/506/449 13/471/386
f 14/507/481 705/508/482 706/509/483 31/510/484
f 31/510/484 706/509/483 707/511/485 48/512/486
f 48/512/486 707/511/485 708/513/487 65/514/488
f 65/514/488 708/513/487 709/515/489 82/516/490
f 82/516/490 709/515/489 710/517/491 99/518/492
f 99/518/492 710/517/491 711/519/493 116/520/494
f 116/520/494 711/519/493 712/521/495 133/522/496
f 133/522/496 712/521/495 713/523/497 150/524/498
f 150/524/498 713/523/497 714/525/499 167/526/500
f 167/526/500 714/525/499 715/527/501 184/528/502
f 184/528/502 715/527/501 716/529/503 201/530/504
f 201/530/504 716/529/503 717/531/505 218/532/506
f 218/532/506 717/531/505 718/533/507 235/534/508
f 235/534/508 718/533/507 719/535/509 252/536/510
f 252/536/510 719/535/509 720/537/511 269/538/512
f 269/538/512 720/537/511 721/539/513 286/540/514
f 286/541/514 721/542/513 722/543/515 303/544/516
f 303/544/516 722/543/515 723/545/517 320/546/518
f 320/546/518 723/545/517 724/547/519 337/548/520
f 337/548/520 724/547/519 725/549/521 354/550/522
f 354/550/522 725/549/521 726/551/523 371/552/524
f 371/552/524 726/551/523 727/553/525 388/554/526
f 388/554/526 727/553/525 728/555/527 405/556/528
f 405/556/528 728/555/527 729/557/529 422/558/530
f 422/558/530 729/557/529 730/559/531 439/560/532
f 439/560/532 730/559/531 731/561/533 456/562/534
f 456/562/534 731/561/533 732/563/535 473/564/536
f 473/564/536 732/563/535 733/565/537 490/566/538
f 490/566/538 733/565/537 734/567/539 507/568/540
f 507/568/540 734/567/539 735/569/541 524/570/542
f 524/570/542 735/569/541 736/571/543 541/572/544
f 15/573/68 32/574/545 34/575/546 17/576/547
f 32/574/545 49/73/69 51/577/548 34/575/546
f 49/73/69 66/76/72 68/578/549 51/577/548
f 66/76/72 83/78/74 85/579/550 68/578/549
f 83/78/74 100/80/76 102/580/551 85/579/550
f 100/80/76 117/82/78 119/581/552 102/580/551
f 117/82/78 134/84/80 136/582/553 119/581/552
f 134/84/80 151/86/82 153/583/554 136/582/553
f 151/86/82 168/88/84 170/584/555 153/583/554
f 168/88/84 185/90/86 187/585/556 170/584/555
f 185/90/86 202/92/88 204/586/557 187/585/556
f 202/92/88 219/94/90 221/587/558 204/586/557
f 219/94/90 236/96/92 238/588/559 221/587/558
f 236/96/92 253/98/94 255/589/560 238/588/559
f 253/98/94 270/100/96 272/590/561 255/589/560
f 270/100/96 287/102/98 289/591/562 272/590/561
f 287/103/98 304/106/100 306/592/563 289/593/562
f 304/106/100 321/108/102 323/594/564 306/592/563
f 321/108/102 338/110/104 340/595/565 323/594/564
f 338/110/104 355/112/106 357/596/566 340/595/565
f 355/112/106 372/114/108 374/597/567 357/596/566
f 372/114/108 389/116/110 391/598/568 374/597/567
f 389/116/110 406/118/112 408/599/569 391/598/568
f 406/118/112 423/120/114 425/600/570 408/599/569
f 423/120/114 440/122/116 442/601/571 425/600/570
f 440/122/116 457/124/118 459/602/572 442/601/571
f 457/124/118 474/126/120 476/603/573 459/602/572
f 474/126/120 491/128/122 493/604/574 476/603/573
f 491/128/122 508/130/124 510/605/575 493/604/574
f 508/130/124 525/132/126 527/606/576 510/605/575
f 525/132/126 542/69/65 544/607/577 527/606/576
f 542/69/65 15/72/68 17/608/547 544/607/577
f 17/576/547 34/575/546 33/609/578 16/610/579
f 34/575/546 51/577/548 50/611/580 33/609/578
f 51/577/548 68/578/549 67/612/581 50/611/580
f 68/578/549 85/579/550 84/613/582 67/612/581
f 85/579/550 102/580/551 101/614/583 84/613/582
f 102/580/551 119/581/552 118/615/584 101/614/583
f 119/581/552 136/582/553 135/616/585 118/615/584
f 136/582/553 153/583/554 152/617/586 135/616/585
f 153/583/554 170/584/555 169/618/587 152/617/586
f 170/584/555 187/585/556 186/619/588 169/618/587
f 187/585/556 204/586/557 203/620/589 186/619/588
f 204/586/557 221/587/558 220/621/590 203/620/589
f 221/587/558 238/588/559 237/622/591 220/621/590
f 238/588/559 255/589/560 254/623/592 237/622/591
f 255/589/560 272/590/561 271/624/593 254/623/592
f 272/590/561 289/591/562 288/625/594 271/624/593
f 289/593/562 306/592/563 305/626/595 288/627/594
f 306/592/563 323/594/564 322/628/596 305/626/595
f 323/594/564 340/595/565 339/629/597 322/628/596
f 340/595/565 357/596/566 356/630/598 339/629/597
f 357/596/566 374/597/567 373/631/599 356/630/598
f 374/597/567 391/598/568 390/632/600 373/631/599
f 391/598/568 408/599/569 407/633/601 390/632/600
f 408/599/569 425/600/570 424/634/602 407/633/601
f 425/600/570 442/601/571 441/635/603 424/634/602
f 442/601/571 459/602/572 458/636/604 441/635/603
f 459/602/572 476/603/573 475/637/605 458/636/604
f 476/603/573 493/604/574 492/638/606 475/637/605
f 493/604/574 510/605/575 509/639/607 492/638/606
f 510/605/575 527/606/576 526/640/608 509/639/607
f 527/606/576 544/607/577 543/641/609 526/640/608
f 544/607/577 17/608/547 16/642/579 543/641/609
f 801/643/610 804/644/611 24/645/612 7/646/613
f 804/644/611 806/647/614 41/648/615 24/645/612
f 806/647/614 808/649/616 58/650/617 41/648/615
f 808/649/616 810/651/618 75/652/619 58/650/617
f 810/651/618 812/653/620 92/654/621 75/652/619
f 812/653/620 814/655/622 109/656/623 92/654/621
f 814/655/622 816/657/624 126/658/625 109/656/623
f 816/657/624 818/659/626 143/660/627 126/658/625
f 818/659/626 820/661/628 160/662/629 143/660/627
f 820/661/628 822/663/630 177/664/631 160/662/629
f 822/663/630 824/665/632 194/666/633 177/664/631
f 824/665/632 826/667/634 211/668/635 194/666/633
f 826/667/634 828/669/636 228/670/637 211/668/635
f 828/669/636 830/671/638 245/672/639 228/670/637
f 830/671/638 832/673/640 262/674/641 245/672/639
f 832/673/640 834/675/642 279/676/643 262/674/641
f 834/677/642 836/678/644 296/679/645 279/680/643
f 836/678/644 838/681/646 313/682/647 296/679/645
f 838/681/646 840/683/648 330/684/649 313/682/647
f 840/683/648 842/685/650 347/686/651 330/684/649
f 842/685/650 844/687/652 364/688/653 347/686/651
f 844/687/652 846/689/654 381/690/655 364/688/653
f 846/689/654 848/691/656 398/692/657 381/690/655
f 848/691/656 850/693/658 415/694/659 398/692/657
f 850/693/658 852/695/660 432/696/661 415/694/659
f 852/695/660 854/697/662 449/698/663 432/696/661
f 854/697/662 856/699/664 466/700/665 449/698/663
f 856/699/664 858/701/666 483/702/667 466/700/665
f 858/701/666 860/703/668 500/704/669 483/702/667
f 860/703/668 862/705/670 517/706/671 500/704/669
f 862/705/670 864/707/672 534/708/673 517/706/671
f 803/272/258 25/271/257 42/210/200 805/209/199
f 7/646/613 24/645/612 740/709/674 737/710/675
f 24/645/612 41/648/615 742/711/676 740/709/674
f 41/648/615 58/650/617 744/712/677 742/711/676
f 58/650/617 75/652/619 746/713/678 744/712/677
f 75/652/619 92/654/621 748/714/679 746/713/678
f 92/654/621 109/656/623 750/715/680 748/714/679
f 109/656/623 126/658/625 752/716/681 750/715/680
f 126/658/625 143/660/627 754/717/682 752/716/681
f 143/660/627 160/662/629 756/718/683 754/717/682
f 160/662/629 177/664/631 758/719/684 756/718/683
f 177/664/631 194/666/633 760/720/685 758/719/684
f 194/666/633 211/668/635 762/721/686 760/720/685
f 211/668/635 228/670/637 764/722/687 762/721/686
f 228/670/637 245/672/639 766/723/688 764/722/687
f 245/672/639 262/674/641 768/724/689 766/723/688
f 262/674/641 279/676/643 770/725/690 768/724/689
f 279/680/643 296/679/645 772/726/691 770/727/690
f 296/679/645 313/682/647 774/728/692 772/726/691
f 313/682/647 330/684/649 776/729/693 774/728/692
f 330/684/649 347/686/651 778/730/694 776/729/693
f 347/686/651 364/688/653 780/731/695 778/730/694
f 364/688/653 381/690/655 782/732/696 780/731/695
f 381/690/655 398/692/657 784/733/697 782/732/696
f 398/692/657 415/694/659 786/734/698 784/733/697
f 415/694/659 432/696/661 788/735/699 786/734/698
f 432/696/661 449/698/663 790/736/700 788/735/699
f 449/698/663 466/700/665 792/737/701 790/736/700
f 466/700/665 483/702/667 794/738/702 792/737/701
f 483/702/667 500/704/669 796/739/703 794/738/702
f 500/704/669 517/706/671 798/740/704 796/739/703
f 517/706/671 534/708/673 800/741/705 798/740/704
f 739/742/706 741/273/259 39/276/262 22/743/707
f 9/744/353 1/745/708 18/746/708 26/747/354
f 26/747/354 18/746/708 35/748/708 43/749/355
f 43/749/355 35/748/708 52/750/708 60/751/356
f 60/751/356 52/750/708 69/752/708 77/753/357
f 77/753/357 69/752/708 86/754/708 94/755/358
f 94/755/358 86/754/708 103/756/708 111/757/359
f 111/757/359 103/756/708 120/758/708 128/759/360
f 128/759/360 120/758/708 137/760/708 145/761/361
f 145/761/361 137/760/708 154/762/708 162/763/362
f 162/763/362 154/762/708 171/764/708 179/765/363
f 179/765/363 171/764/708 188/766/708 196/767/364
f 196/767/364 188/766/708 205/768/708 213/769/365
f 213/769/365 205/768/708 222/770/708 230/771/366
f 230/771/366 222/770/708 239/772/708 247/773/367
f 247/773/367 239/772/708 256/774/708 264/775/368
f 264/775/368 256/774/708 273/776/708 281/777/369
f 281/777/369 273/776/708 290/778/708 298/779/370
f 298/779/370 290/778/708 307/780/708 315/781/371
f 315/781/371 307/780/708 324/782/708 332/783/372
f 332/783/372 324/782/708 341/784/708 349/785/373
f 349/785/373 341/784/708 358/786/708 366/787/374
f 366/787/374 358/786/708 375/788/708 383/789/375
f 383/789/375 375/788/708 392/790/708 400/791/376
f 400/791/376 392/790/708 409/792/708 417/793/377
f 417/793/377 409/792/708 426/794/708 434/795/378
f 434/795/378 426/794/708 443/796/708 451/797/379
f 451/797/379 443/796/708 460/798/708 468/799/380
f 468/799/380 460/798/708 477/800/708 485/801/381
f 485/801/381 477/800/708 494/802/708 502/803/382
f 502/803/382 494/802/708 511/804/708 519/805/383
f 519/805/383 511/804/708 528/806/708 536/807/384
f 536/807/384 528/806/708 1/745/708 9/744/353
f 706/509/483 705/508/482 897/808/709 900/809/710
f 708/513/487 707/511/485 902/810/711 904/811/712
f 709/515/489 708/513/487 904/811/712 906/812/713
f 710/517/491 709/515/489 906/812/713 908/813/714
f 711/519/493 710/517/491 908/813/714 910/814/715
f 712/521/495 711/519/493 910/814/715 912/815/716
f 713/523/497 712/521/495 912/815/716 914/816/717
f 714/525/499 713/523/497 914/816/717 916/817/718
f 715/527/501 714/525/499 916/817/718 918/818/719
f 716/529/503 715/527/501 918/818/719 920/819/720
f 717/531/505 716/529/503 920/819/720 922/820/721
f 718/533/507 717/531/505 922/820/721 924/821/722
f 719/535/509 718/533/507 924/821/722 926/822/723
f 720/537/511 719/535/509 926/822/723 928/823/724
f 721/539/513 720/537/511 928/823/724 930/824/725
f 722/543/515 721/542/513 930/825/725 932/826/726
f 723/545/517 722/543/515 932/826/726 934/827/727
f 724/547/519 723/545/517 934/827/727 936/828/728
f 725/549/521 724/547/519 936/828/728 938/829/729
f 726/551/523 725/549/521 938/829/729 940/830/730
f 727/553/525 726/551/523 940/830/730 942/831/731
f 728/555/527 727/553/525 942/831/731 944/832/732
f 729/557/529 728/555/527 944/832/732 946/833/733
f 730/559/531 729/557/529 946/833/733 948/834/734
f 731/561/533 730/559/531 948/834/734 950/835/735
f 732/563/535 731/561/533 950/835/735 952/836/736
f 733/565/537 732/563/535 952/836/736 954/837/737
f 734/567/539 733/565/537 954/837/737 956/838/738
f 735/569/541 734/567/539 956/838/738 958/839/739
f 736/571/543 735/569/541 958/839/739 960/840/740
f 705/841/482 736/571/543 960/840/740 897/842/709
f 12/473/449 4/843/741 21/844/742 29/474/450
f 29/474/450 21/844/742 38/845/743 46/475/451
f 46/475/451 38/845/743 55/846/744 63/476/452
f 63/476/452 55/846/744 72/847/745 80/477/453
f 80/477/453 72/847/745 89/848/746 97/478/454
f 97/478/454 89/848/746 106/849/747 114/479/455
f 114/479/455 106/849/747 123/850/748 131/480/456
f 131/480/456 123/850/748 140/851/749 148/481/457
f 148/481/457 140/851/749 157/852/750 165/482/458
f 165/482/458 157/852/750 174/853/751 182/483/459
f 182/483/459 174/853/751 191/854/752 199/484/460
f 199/484/460 191/854/752 208/855/753 216/485/461
f 216/485/461 208/855/753 225/856/754 233/486/462
f 233/486/462 225/856/754 242/857/755 250/487/463
f 250/487/463 242/857/755 259/858/756 267/488/464
f 267/488/464 259/858/756 276/859/757 284/489/465
f 284/490/465 276/860/757 293/861/758 301/491/466
f 301/491/466 293/861/758 310/862/759 318/492/467
f 318/492/467 310/862/759 327/863/760 335/493/468
f 335/493/468 327/863/760 344/864/761 352/494/469
f 352/494/469 344/864/761 361/865/762 369/495/470
f 369/495/470 361/865/762 378/866/763 386/496/471
f 386/496/471 378/866/763 395/867/764 403/497/472
f 403/497/472 395/867/764 412/868/765 420/498/473
f 420/498/473 412/868/765 429/869/766 437/499/474
f 437/499/474 429/869/766 446/870/767 454/500/475
f 454/500/475 446/870/767 463/871/768 471/501/476
f 471/501/476 463/871/768 480/872/769 488/502/477
f 488/502/477 480/872/769 497/873/770 505/503/478
f 505/503/478 497/873/770 514/874/771 522/504/479
f 522/504/479 514/874/771 531/875/772 539/505/480
f 539/505/480 531/875/772 4/876/741 12/506/449
f 865/877/773 866/878/774 19/879/774 2/880/773
f 866/878/774 867/881/775 36/882/775 19/879/774
f 867/881/775 868/883/776 53/884/776 36/882/775
f 868/883/776 869/885/777 70/886/777 53/884/776
f 869/885/777 870/887/778 87/888/778 70/886/777
f 870/887/778 871/889/779 104/890/779 87/888/778
f 871/889/779 872/891/780 121/892/780 104/890/779
f 872/891/780 873/893/781 138/894/781 121/892/780
f 873/893/781 874/895/782 155/896/782 138/894/781
f 874/895/782 875/897/783 172/898/783 155/896/782
f 875/897/783 876/899/784 189/900/784 172/898/783
f 876/899/784 877/901/785 206/902/785 189/900/784
f 877/901/785 878/903/786 223/904/786 206/902/785
f 878/903/786 879/905/787 240/906/787 223/904/786
f 879/905/787 880/907/788 257/908/788 240/906/787
f 880/907/788 881/909/789 274/910/789 257/908/788
f 881/911/789 882/912/790 291/913/790 274/914/789
f 882/912/790 883/915/791 308/916/791 291/913/790
f 883/915/791 884/917/792 325/918/792 308/916/791
f 884/917/792 885/919/793 342/920/793 325/918/792
f 885/919/793 886/921/794 359/922/794 342/920/793
f 886/921/794 887/923/795 376/924/795 359/922/794
f 887/923/795 888/925/796 393/926/796 376/924/795
f 888/925/796 889/927/797 410/928/797 393/926/796
f 889/927/797 890/929/798 427/930/798 410/928/797
f 890/929/798 891/931/799 444/932/799 427/930/798
f 891/931/799 892/933/800 461/934/800 444/932/799
f 892/933/800 893/935/801 478/936/801 461/934/800
f 893/935/801 894/937/802 495/938/802 478/936/801
f 894/937/802 895/939/803 512/940/803 495/938/802
f 895/939/803 896/941/804 529/942/804 512/940/803
f 896/941/804 865/943/773 2/944/773 529/942/804
f 32/574/545 580/945/805 582/74/70 49/73/69
f 546/134/128 547/946/806 581/947/807 579/135/129
f 547/946/806 548/948/808 583/949/809 581/947/807
f 548/948/808 549/950/810 585/951/811 583/949/809
f 549/950/810 550/952/812 587/953/813 585/951/811
f 550/952/812 551/954/814 589/955/815 587/953/813
f 551/954/814 552/956/816 591/957/817 589/955/815
f 552/956/816 553/958/818 593/959/819 591/957/817
f 553/958/818 554/960/820 595/961/821 593/959/819
f 554/960/820 555/962/822 597/963/823 595/961/821
f 555/962/822 556/964/824 599/965/825 597/963/823
f 556/964/824 557/966/826 601/967/827 599/965/825
f 557/966/826 558/968/828 603/969/829 601/967/827
f 558/968/828 559/970/830 605/971/831 603/969/829
f 559/970/830 560/972/832 607/973/833 605/971/831
f 560/972/832 561/974/834 609/975/835 607/973/833
f 561/976/834 562/977/836 611/978/837 609/979/835
f 562/977/836 563/980/838 613/981/839 611/978/837
f 563/980/838 564/982/840 615/983/841 613/981/839
f 564/982/840 565/984/842 617/985/843 615/983/841
f 565/984/842 566/986/844 619/987/845 617/985/843
f 566/986/844 567/988/846 621/989/847 619/987/845
f 567/988/846 568/990/848 623/991/849 621/989/847
f 568/990/848 569/992/850 625/993/851 623/991/849
f 569/992/850 570/994/852 627/995/853 625/993/851
f 570/994/852 571/996/854 629/997/855 627/995/853
f 571/996/854 572/998/856 631/999/857 629/997/855
f 572/998/856 573/1000/858 633/1001/859 631/999/857
f 573/1000/858 574/1002/860 635/1003/861 633/1001/859
f 574/1002/860 575/1004/862 637/1005/863 635/1003/861
f 575/1004/862 576/1006/864 639/1007/865 637/1005/863
f 15/573/68 577/1008/67 580/945/805 32/574/545
f 16/610/579 33/609/578 21/844/742 4/843/741
f 33/609/578 50/611/580 38/845/743 21/844/742
f 50/611/580 67/612/581 55/846/744 38/845/743
f 67/612/581 84/613/582 72/847/745 55/846/744
f 84/613/582 101/614/583 89/848/746 72/847/745
f 101/614/583 118/615/584 106/849/747 89/848/746
f 118/615/584 135/616/585 123/850/748 106/849/747
f 135/616/585 152/617/586 140/851/749 123/850/748
f 152/617/586 169/618/587 157/852/750 140/851/749
f 169/618/587 186/619/588 174/853/751 157/852/750
f 186/619/588 203/620/589 191/854/752 174/853/751
f 203/620/589 220/621/590 208/855/753 191/854/752
f 220/621/590 237/622/591 225/856/754 208/855/753
f 237/622/591 254/623/592 242/857/755 225/856/754
f 254/623/592 271/624/593 259/858/756 242/857/755
f 271/624/593 288/625/594 276/859/757 259/858/756
f 288/627/594 305/626/595 293/861/758 276/860/757
f 305/626/595 322/628/596 310/862/759 293/861/758
f 322/628/596 339/629/597 327/863/760 310/862/759
f 339/629/597 356/630/598 344/864/761 327/863/760
f 356/630/598 373/631/599 361/865/762 344/864/761
f 373/631/599 390/632/600 378/866/763 361/865/762
f 390/632/600 407/633/601 395/867/764 378/866/763
f 407/633/601 424/634/602 412/868/765 395/867/764
f 424/634/602 441/635/603 429/869/766 412/868/765
f 441/635/603 458/636/604 446/870/767 429/869/766
f 458/636/604 475/637/605 463/871/768 446/870/767
f 475/637/605 492/638/606 480/872/769 463/871/768
f 492/638/606 509/639/607 497/873/770 480/872/769
f 509/639/607 526/640/608 514/874/771 497/873/770
f 526/640/608 543/641/609 531/875/772 514/874/771
f 543/641/609 16/642/579 4/876/741 531/875/772
f 738/1009/319 739/742/706 22/743/707 5/1010/320
f 530/66/64 3/68/4 545/1011/127 576/1006/864
f 513/64/62 530/66/64 576/1006/864 575/1004/862
f 496/62/60 513/64/62 575/1004/862 574/1002/860
f 479/60/58 496/62/60 574/1002/860 573/1000/858
f 462/58/56 479/60/58 573/1000/858 572/998/856
f 445/56/54 462/58/56 572/998/856 571/996/854
f 428/54/52 445/56/54 571/996/854 570/994/852
f 411/52/50 428/54/52 570/994/852 569/992/850
f 394/50/48 411/52/50 569/992/850 568/990/848
f 377/48/46 394/50/48 568/990/848 567/988/846
f 360/46/44 377/48/46 567/988/846 566/986/844
f 343/44/42 360/46/44 566/986/844 565/984/842
f 326/42/40 343/44/42 565/984/842 564/982/840
f 309/40/38 326/42/40 564/982/840 563/980/838
f 292/37/36 309/40/38 563/980/838 562/977/836
f 275/38/34 292/37/36 562/977/836 561/976/834
f 258/32/32 275/34/34 561/974/834 560/972/832
f 241/30/30 258/32/32 560/972/832 559/970/830
f 224/28/28 241/30/30 559/970/830 558/968/828
f 207/26/26 224/28/28 558/968/828 557/966/826
f 190/24/24 207/26/26 557/966/826 556/964/824
f 173/22/22 190/24/24 556/964/824 555/962/822
f 156/20/20 173/22/22 555/962/822 554/960/820
f 139/18/18 156/20/20 554/960/820 553/958/818
f 122/16/16 139/18/18 553/958/818 552/956/816
f 105/14/14 122/16/16 552/956/816 551/954/814
f 88/12/12 105/14/14 551/954/814 550/952/812
f 71/10/10 88/12/12 550/952/812 549/950/810
f 54/8/8 71/10/10 549/950/810 548/948/808
f 37/6/6 54/8/8 548/948/808 547/946/806
f 20/3/3 37/6/6 547/946/806 546/134/128
f 3/4/4 20/3/3 546/134/128 545/133/127
f 580/1012/805 577/1013/67 578/136/130 579/135/129
f 582/1014/70 580/1012/805 579/135/129 581/947/807
f 584/1015/71 582/1014/70 581/947/807 583/949/809
f 586/1016/73 584/1015/71 583/949/809 585/951/811
f 588/1017/75 586/1016/73 585/951/811 587/953/813
f 590/1018/77 588/1017/75 587/953/813 589/955/815
f 592/1019/79 590/1018/77 589/955/815 591/957/817
f 594/1020/81 592/1019/79 591/957/817 593/959/819
f 596/1021/83 594/1020/81 593/959/819 595/961/821
f 598/1022/85 596/1021/83 595/961/821 597/963/823
f 600/1023/87 598/1022/85 597/963/823 599/965/825
f 602/1024/89 600/1023/87 599/965/825 601/967/827
f 604/1025/91 602/1024/89 601/967/827 603/969/829
f 606/1026/93 604/1025/91 603/969/829 605/971/831
f 608/1027/95 606/1026/93 605/971/831 607/973/833
f 610/1028/97 608/1027/95 607/973/833 609/975/835
f 612/1029/99 610/1030/97 609/979/835 611/978/837
f 614/1031/101 612/1029/99 611/978/837 613/981/839
f 616/1032/103 614/1031/101 613/981/839 615/983/841
f 618/1033/105 616/1032/103 615/983/841 617/985/843
f 620/1034/107 618/1033/105 617/985/843 619/987/845
f 622/1035/109 620/1034/107 619/987/845 621/989/847
f 624/1036/111 622/1035/109 621/989/847 623/991/849
f 626/1037/113 624/1036/111 623/991/849 625/993/851
f 628/1038/115 626/1037/113 625/993/851 627/995/853
f 630/1039/117 628/1038/115 627/995/853 629/997/855
f 632/1040/119 630/1039/117 629/997/855 631/999/857
f 634/1041/121 632/1040/119 631/999/857 633/1001/859
f 636/1042/123 634/1041/121 633/1001/859 635/1003/861
f 638/1043/125 636/1042/123 635/1003/861 637/1005/863
f 640/1044/66 638/1043/125 637/1005/863 639/1007/865
f 577/1045/67 640/1044/66 639/1007/865 578/1046/130
f 576/1006/864 545/1011/127 578/1046/130 639/1007/865
f 533/202/194 6/204/134 641/67/1 672/65/63
f 516/200/192 533/202/194 672/65/63 671/63/61
f 499/198/190 516/200/192 671/63/61 670/61/59
f 482/196/188 499/198/190 670/61/59 669/59/57
f 465/194/186 482/196/188 669/59/57 668/57/55
f 448/192/184 465/194/186 668/57/55 667/55/53
f 431/190/182 448/192/184 667/55/53 666/53/51
f 414/188/180 431/190/182 666/53/51 665/51/49
f 397/186/178 414/188/180 665/51/49 664/49/47
f 380/184/176 397/186/178 664/49/47 663/47/45
f 363/182/174 380/184/176 663/47/45 662/45/43
f 346/180/172 363/182/174 662/45/43 661/43/41
f 329/178/170 346/180/172 661/43/41 660/41/39
f 312/176/168 329/178/170 660/41/39 659/39/37
f 295/173/166 312/176/168 659/39/37 658/36/35
f 278/174/164 295/173/166 658/36/35 657/35/33
f 261/168/162 278/170/164 657/33/33 656/31/31
f 244/166/160 261/168/162 656/31/31 655/29/29
f 227/164/158 244/166/160 655/29/29 654/27/27
f 210/162/156 227/164/158 654/27/27 653/25/25
f 193/160/154 210/162/156 653/25/25 652/23/23
f 176/158/152 193/160/154 652/23/23 651/21/21
f 159/156/150 176/158/152 651/21/21 650/19/19
f 142/154/148 159/156/150 650/19/19 649/17/17
f 125/152/146 142/154/148 649/17/17 648/15/15
f 108/150/144 125/152/146 648/15/15 647/13/13
f 91/148/142 108/150/144 647/13/13 646/11/11
f 74/146/140 91/148/142 646/11/11 645/9/9
f 57/144/138 74/146/140 645/9/9 644/7/7
f 40/142/136 57/144/138 644/7/7 643/5/5
f 23/139/133 40/142/136 643/5/5 642/2/2
f 6/140/134 23/139/133 642/2/2 641/1/1
f 532/334/318 5/336/320 673/203/131 704/201/193
f 515/332/316 532/334/318 704/201/193 703/199/191
f 498/330/314 515/332/316 703/199/191 702/197/189
f 481/328/312 498/330/314 702/197/189 701/195/187
f 464/326/310 481/328/312 701/195/187 700/193/185
f 447/324/308 464/326/310 700/193/185 699/191/183
f 430/322/306 447/324/308 699/191/183 698/189/181
f 413/320/304 430/322/306 698/189/181 697/187/179
f 396/318/302 413/320/304 697/187/179 696/185/177
f 379/316/300 396/318/302 696/185/177 695/183/175
f 362/314/298 379/316/300 695/183/175 694/181/173
f 345/312/296 362/314/298 694/181/173 693/179/171
f 328/310/294 345/312/296 693/179/171 692/177/169
f 311/308/292 328/310/294 692/177/169 691/175/167
f 294/305/290 311/308/292 691/175/167 690/172/165
f 277/306/288 294/305/290 690/172/165 689/171/163
f 260/300/286 277/302/288 689/169/163 688/167/161
f 243/298/284 260/300/286 688/167/161 687/165/159
f 226/296/282 243/298/284 687/165/159 686/163/157
f 209/294/280 226/296/282 686/163/157 685/161/155
f 192/292/278 209/294/280 685/161/155 684/159/153
f 175/290/276 192/292/278 684/159/153 683/157/151
f 158/288/274 175/290/276 683/157/151 682/155/149
f 141/286/272 158/288/274 682/155/149 681/153/147
f 124/284/270 141/286/272 681/153/147 680/151/145
f 107/282/268 124/284/270 680/151/145 679/149/143
f 90/280/266 107/282/268 679/149/143 678/147/141
f 73/278/264 90/280/266 678/147/141 677/145/139
f 56/275/261 73/278/264 677/145/139 676/143/137
f 39/276/262 56/275/261 676/143/137 675/141/135
f 22/743/707 39/276/262 675/141/135 674/138/132
f 5/1010/320 22/743/707 674/138/132 673/137/131
f 707/511/485 706/509/483 900/809/710 902/810/711
f 28/408/388 45/410/390 901/1047/866 899/1048/867
f 45/410/390 62/412/392 903/1049/868 901/1047/866
f 62/412/392 79/414/394 905/1050/869 903/1049/868
f 79/414/394 96/416/396 907/1051/870 905/1050/869
f 96/416/396 113/418/398 909/1052/871 907/1051/870
f 113/418/398 130/420/400 911/1053/872 909/1052/871
f 130/420/400 147/422/402 913/1054/873 911/1053/872
f 147/422/402 164/424/404 915/1055/874 913/1054/873
f 164/424/404 181/426/406 917/1056/875 915/1055/874
f 181/426/406 198/428/408 919/1057/876 917/1056/875
f 198/428/408 215/430/410 921/1058/877 919/1057/876
f 215/430/410 232/432/412 923/1059/878 921/1058/877
f 232/432/412 249/434/414 925/1060/879 923/1059/878
f 249/434/414 266/436/416 927/1061/880 925/1060/879
f 266/436/416 283/438/418 929/1062/881 927/1061/880
f 283/439/418 300/442/420 931/1063/882 929/1064/881
f 300/442/420 317/444/422 933/1065/883 931/1063/882
f 317/444/422 334/446/424 935/1066/884 933/1065/883
f 334/446/424 351/448/426 937/1067/885 935/1066/884
f 351/448/426 368/450/428 939/1068/886 937/1067/885
f 368/450/428 385/452/430 941/1069/887 939/1068/886
f 385/452/430 402/454/432 943/1070/888 941/1069/887
f 402/454/432 419/456/434 945/1071/889 943/1070/888
f 419/456/434 436/458/436 947/1072/890 945/1071/889
f 436/458/436 453/460/438 949/1073/891 947/1072/890
f 453/460/438 470/462/440 951/1074/892 949/1073/891
f 470/462/440 487/464/442 953/1075/893 951/1074/892
f 487/464/442 504/466/444 955/1076/894 953/1075/893
f 504/466/444 521/468/446 957/1077/895 955/1076/894
f 521/468/446 538/470/448 959/1078/896 957/1077/895
f 11/405/385 28/408/388 899/1048/867 898/1079/897
f 541/572/544 736/571/543 705/841/482 14/1080/481
f 800/741/705 737/1081/675 738/335/319 799/333/317
f 798/740/704 800/741/705 799/333/317 797/331/315
f 796/739/703 798/740/704 797/331/315 795/329/313
f 794/738/702 796/739/703 795/329/313 793/327/311
f 792/737/701 794/738/702 793/327/311 791/325/309
f 790/736/700 792/737/701 791/325/309 789/323/307
f 788/735/699 790/736/700 789/323/307 787/321/305
f 786/734/698 788/735/699 787/321/305 785/319/303
f 784/733/697 786/734/698 785/319/303 783/317/301
f 782/732/696 784/733/697 783/317/301 781/315/299
f 780/731/695 782/732/696 781/315/299 779/313/297
f 778/730/694 780/731/695 779/313/297 777/311/295
f 776/729/693 778/730/694 777/311/295 775/309/293
f 774/728/692 776/729/693 775/309/293 773/307/291
f 772/726/691 774/728/692 773/307/291 771/304/289
f 770/727/690 772/726/691 771/304/289 769/303/287
f 768/724/689 770/725/690 769/301/287 767/299/285
f 766/723/688 768/724/689 767/299/285 765/297/283
f 764/722/687 766/723/688 765/297/283 763/295/281
f 762/721/686 764/722/687 763/295/281 761/293/279
f 760/720/685 762/721/686 761/293/279 759/291/277
f 758/719/684 760/720/685 759/291/277 757/289/275
f 756/718/683 758/719/684 757/289/275 755/287/273
f 754/717/682 756/718/683 755/287/273 753/285/271
f 752/716/681 754/717/682 753/285/271 751/283/269
f 750/715/680 752/716/681 751/283/269 749/281/267
f 748/714/679 750/715/680 749/281/267 747/279/265
f 746/713/678 748/714/679 747/279/265 745/277/263
f 744/712/677 746/713/678 745/277/263 743/274/260
f 742/711/676 744/712/677 743/274/260 741/273/259
f 740/709/674 742/711/676 741/273/259 739/742/706
f 737/710/675 740/709/674 739/742/706 738/1009/319
f 534/708/673 7/1082/613 737/1081/675 800/741/705
f 804/644/611 801/643/610 802/269/198 803/272/258
f 806/647/614 804/644/611 803/272/258 805/209/199
f 808/649/616 806/647/614 805/209/199 807/212/202
f 810/651/618 808/649/616 807/212/202 809/214/204
f 812/653/620 810/651/618 809/214/204 811/216/206
f 814/655/622 812/653/620 811/216/206 813/218/208
f 816/657/624 814/655/622 813/218/208 815/220/210
f 818/659/626 816/657/624 815/220/210 817/222/212
f 820/661/628 818/659/626 817/222/212 819/224/214
f 822/663/630 820/661/628 819/224/214 821/226/216
f 824/665/632 822/663/630 821/226/216 823/228/218
f 826/667/634 824/665/632 823/228/218 825/230/220
f 828/669/636 826/667/634 825/230/220 827/232/222
f 830/671/638 828/669/636 827/232/222 829/234/224
f 832/673/640 830/671/638 829/234/224 831/236/226
f 834/675/642 832/673/640 831/236/226 833/238/228
f 836/678/644 834/677/642 833/239/228 835/242/230
f 838/681/646 836/678/644 835/242/230 837/244/232
f 840/683/648 838/681/646 837/244/232 839/246/234
f 842/685/650 840/683/648 839/246/234 841/248/236
f 844/687/652 842/685/650 841/248/236 843/250/238
f 846/689/654 844/687/652 843/250/238 845/252/240
f 848/691/656 846/689/654 845/252/240 847/254/242
f 850/693/658 848/691/656 847/254/242 849/256/244
f 852/695/660 850/693/658 849/256/244 851/258/246
f 854/697/662 852/695/660 851/258/246 853/260/248
f 856/699/664 854/697/662 853/260/248 855/262/250
f 858/701/666 856/699/664 855/262/250 857/264/252
f 860/703/668 858/701/666 857/264/252 859/266/254
f 862/705/670 860/703/668 859/266/254 861/268/256
f 864/707/672 862/705/670 861/268/256 863/205/195
f 801/1083/610 864/707/672 863/205/195 802/208/198
f 864/707/672 801/1083/610 7/1082/613 534/708/673
f 541/572/544 14/1080/481 865/943/773 896/941/804
f 524/570/542 541/572/544 896/941/804 895/939/803
f 507/568/540 524/570/542 895/939/803 894/937/802
f 490/566/538 507/568/540 894/937/802 893/935/801
f 473/564/536 490/566/538 893/935/801 892/933/800
f 456/562/534 473/564/536 892/933/800 891/931/799
f 439/560/532 456/562/534 891/931/799 890/929/798
f 422/558/530 439/560/532 890/929/798 889/927/797
f 405/556/528 422/558/530 889/927/797 888/925/796
f 388/554/526 405/556/528 888/925/796 887/923/795
f 371/552/524 388/554/526 887/923/795 886/921/794
f 354/550/522 371/552/524 886/921/794 885/919/793
f 337/548/520 354/550/522 885/919/793 884/917/792
f 320/546/518 337/548/520 884/917/792 883/915/791
f 303/544/516 320/546/518 883/915/791 882/912/790
f 286/541/514 303/544/516 882/912/790 881/911/789
f 269/538/512 286/540/514 881/909/789 880/907/788
f 252/536/510 269/538/512 880/907/788 879/905/787
f 235/534/508 252/536/510 879/905/787 878/903/786
f 218/532/506 235/534/508 878/903/786 877/901/785
f 201/530/504 218/532/506 877/901/785 876/899/784
f 184/528/502 201/530/504 876/899/784 875/897/783
f 167/526/500 184/528/502 875/897/783 874/895/782
f 150/524/498 167/526/500 874/895/782 873/893/781
f 133/522/496 150/524/498 873/893/781 872/891/780
f 116/520/494 133/522/496 872/891/780 871/889/779
f 99/518/492 116/520/494 871/889/779 870/887/778
f 82/516/490 99/518/492 870/887/778 869/885/777
f 65/514/488 82/516/490 869/885/777 868/883/776
f 48/512/486 65/514/488 868/883/776 867/881/775
f 31/510/484 48/512/486 867/881/775 866/878/774
f 14/507/481 31/510/484 866/878/774 865/877/773
f 900/809/710 897/808/709 898/1079/897 899/1048/867
f 902/810/711 900/809/710 899/1048/867 901/1047/866
f 904/811/712 902/810/711 901/1047/866 903/1049/868
f 906/812/713 904/811/712 903/1049/868 905/1050/869
f 908/813/714 906/812/713 905/1050/869 907/1051/870
f 910/814/715 908/813/714 907/1051/870 909/1052/871
f 912/815/716 910/814/715 909/1052/871 911/1053/872
f 914/816/717 912/815/716 911/1053/872 913/1054/873
f 916/817/718 914/816/717 913/1054/873 915/1055/874
f 918/818/719 916/817/718 915/1055/874 917/1056/875
f 920/819/720 918/818/719 917/1056/875 919/1057/876
f 922/820/721 920/819/720 919/1057/876 921/1058/877
f 924/821/722 922/820/721 921/1058/877 923/1059/878
f 926/822/723 924/821/722 923/1059/878 925/1060/879
f 928/823/724 926/822/723 925/1060/879 927/1061/880
f 930/824/725 928/823/724 927/1061/880 929/1062/881
f 932/826/726 930/825/725 929/1064/881 931/1063/882
f 934/827/727 932/826/726 931/1063/882 933/1065/883
f 936/828/728 934/827/727 933/1065/883 935/1066/884
f 938/829/729 936/828/728 935/1066/884 937/1067/885
f 940/830/730 938/829/729 937/1067/885 939/1068/886
f 942/831/731 940/830/730 939/1068/886 941/1069/887
f 944/832/732 942/831/731 941/1069/887 943/1070/888
f 946/833/733 944/832/732 943/1070/888 945/1071/889
f 948/834/734 946/833/733 945/1071/889 947/1072/890
f 950/835/735 948/834/734 947/1072/890 949/1073/891
f 952/836/736 950/835/735 949/1073/891 951/1074/892
f 954/837/737 952/836/736 951/1074/892 953/1075/893
f 956/838/738 954/837/737 953/1075/893 955/1076/894
f 958/839/739 956/838/738 955/1076/894 957/1077/895
f 960/840/740 958/839/739 957/1077/895 959/1078/896
f 897/842/709 960/840/740 959/1078/896 898/1084/897
f 538/470/448 11/472/385 898/1084/897 959/1078/896
f 1026/1085/898 980/1086/899 979/1087/900 1025/1088/901
f 1028/1089/902 988/1090/903 987/1091/904 1027/1092/905
f 1029/1093/906 981/1094/907 980/1086/899 1026/1085/898
f 1030/1095/908 989/1096/909 988/1090/903 1028/1089/902
f 1031/1097/910 982/1098/911 981/1094/907 1029/1093/906
f 1032/1099/912 990/1100/913 989/1096/909 1030/1095/908
f 1033/1101/914 983/1102/915 982/1098/911 1031/1097/910
f 1034/1103/916 991/1104/917 990/1100/913 1032/1099/912
f 1035/1105/918 984/1106/919 983/1102/915 1033/1101/914
f 1036/1107/920 992/1108/921 991/1104/917 1034/1103/916
f 1037/1109/922 985/1110/923 984/1106/919 1035/1105/918
f 1039/1111/924 978/1112/925 977/1113/926 1038/1114/927
f 1038/1114/927 977/1113/926 992/1108/921 1036/1107/920
f 1040/1115/928 986/1116/929 985/1110/923 1037/1109/922
f 1025/1088/901 979/1087/900 978/1112/925 1039/1111/924
f 1027/1092/905 987/1091/904 986/1116/929 1040/1115/928
f 986/1116/929 1002/1117/930 1001/1118/931 985/1110/923
f 979/1087/900 995/1119/932 994/1120/933 978/1112/925
f 987/1091/904 1003/1121/934 1002/1117/930 986/1116/929
f 980/1086/899 996/1122/935 995/1119/932 979/1087/900
f 988/1090/903 1004/1123/936 1003/1121/934 987/1091/904
f 981/1094/907 997/1124/937 996/1122/935 980/1086/899
f 989/1096/909 1005/1125/938 1004/1123/936 988/1090/903
f 982/1098/911 998/1126/939 997/1124/937 981/1094/907
f 990/1100/913 1006/1127/940 1005/1125/938 989/1096/909
f 983/1102/915 999/1128/941 998/1126/939 982/1098/911
f 991/1104/917 1007/1129/942 1006/1127/940 990/1100/913
f 984/1106/919 1000/1130/943 999/1128/941 983/1102/915
f 992/1108/921 1008/1131/944 1007/1129/942 991/1104/917
f 985/1110/923 1001/1118/931 1000/1130/943 984/1106/919
f 978/1112/925 994/1120/933 993/1132/945 977/1113/926
f 977/1113/926 993/1132/945 1008/1131/944 992/1108/921
f 1007/1129/942 1023/1133/946 1022/1134/947 1006/1127/940
f 1000/1130/943 1016/1135/948 1015/1136/949 999/1128/941
f 1008/1131/944 1024/1137/950 1023/1133/946 1007/1129/942
f 1001/1118/931 1017/1138/951 1016/1135/948 1000/1130/943
f 994/1120/933 1010/1139/952 1009/1140/953 993/1132/945
f 993/1132/945 1009/1140/953 1024/1137/950 1008/1131/944
f 1002/1117/930 1018/1141/954 1017/1138/951 1001/1118/931
f 995/1119/932 1011/1142/955 1010/1139/952 994/1120/933
f 1003/1121/934 1019/1143/956 1018/1141/954 1002/1117/930
f 996/1122/935 1012/1144/957 1011/1142/955 995/1119/932
f 1004/1123/936 1020/1145/958 1019/1143/956 1003/1121/934
f 997/1124/937 1013/1146/959 1012/1144/957 996/1122/935
f 1005/1125/938 1021/1147/960 1020/1145/958 1004/1123/936
f 998/1126/939 1014/1148/961 1013/1146/959 997/1124/937
f 1006/1127/940 1022/1134/947 1021/1147/960 1005/1125/938
f 999/1128/941 1015/1136/949 1014/1148/961 998/1126/939
f 1012/1144/957 1019/1143/956 1020/1145/958 1011/1142/955
f 1013/1146/959 1018/1141/954 1019/1143/956 1012/1144/957
f 1011/1142/955 1020/1145/958 1021/1147/960 1010/1139/952
f 1009/1140/953 1010/1139/952 1021/1147/960 1022/1134/947
f 1024/1137/950 1009/1140/953 1022/1134/947 1023/1133/946
f 1017/1138/951 1018/1141/954 1013/1146/959 1014/1148/961
f 1016/1135/948 1017/1138/951 1014/1148/961 1015/1136/949
f 971/1149/962 1027/1092/905 1040/1115/928 970/1150/963
f 963/1151/964 1025/1088/901 1039/1111/924 962/1152/965
f 970/1150/963 1040/1115/928 1037/1109/922 969/1153/966
f 961/1154/967 1038/1114/927 1036/1107/920 976/1155/968
f 962/1152/965 1039/1111/924 1038/1114/927 961/1154/967
f 969/1153/966 1037/1109/922 1035/1105/918 968/1156/969
f 976/1155/968 1036/1107/920 1034/1103/916 975/1157/970
f 968/1156/969 1035/1105/918 1033/1101/914 967/1158/971
f 975/1157/970 1034/1103/916 1032/1099/912 974/1159/972
f 967/1158/971 1033/1101/914 1031/1097/910 966/1160/973
f 974/1159/972 1032/1099/912 1030/1095/908 973/1161/974
f 966/1160/973 1031/1097/910 1029/1093/906 965/1162/975
f 973/1161/974 1030/1095/908 1028/1089/902 972/1163/976
f 965/1162/975 1029/1093/906 1026/1085/898 964/1164/977
f 972/1163/976 1028/1089/902 1027/1092/905 971/1149/962
f 964/1164/977 1026/1085/898 1025/1088/901 963/1151/964
f 1041/1165/978 1045/1166/979 1050/1167/980
f 1042/1168/981 1041/1165/978 1046/1169/982
f 1043/1170/983 1042/1171/981 1047/1172/984
f 1044/1173/985 1043/1170/983 1048/1174/986
f 1045/1175/979 1044/1173/985 1049/1176/987
f 1041/1165/978 1050/1167/980 1046/1169/982
f 1042/1168/981 1046/1169/982 1047/1172/984
f 1043/1170/983 1047/1172/984 1048/1174/986
f 1044/1173/985 1048/1174/986 1049/1176/987
f 1045/1175/979 1049/1176/987 1050/1167/980
f 1046/1169/982 1050/1167/980 1051/1177/988
f 1047/1172/984 1046/1169/982 1051/1177/988
f 1048/1174/986 1047/1172/984 1051/1177/988
f 1049/1176/987 1048/1174/986 1051/1177/988
f 1050/1167/980 1049/1176/987 1051/1177/988
f 1052/1178/989 1056/1179/990 1061/1180/991
f 1053/1181/992 1052/1178/989 1057/1182/993
f 1054/1183/994 1053/1184/992 1058/1185/995
f 1055/1186/996 1054/1183/994 1059/1187/997
f 1056/1188/990 1055/1186/996 1060/1189/998
f 1052/1178/989 1061/1180/991 1057/1182/993
f 1053/1181/992 1057/1182/993 1058/1185/995
f 1054/1183/994 1058/1185/995 1059/1187/997
f 1055/1186/996 1059/1187/997 1060/1189/998
f 1056/1188/990 1060/1189/998 1061/1180/991
f 1057/1182/993 1061/1180/991 1062/1190/999
f 1058/1185/995 1057/1182/993 1062/1190/999
f 1059/1187/997 1058/1185/995 1062/1190/999
f 1060/1189/998 1059/1187/997 1062/1190/999
f 1061/1180/991 1060/1189/998 1062/1190/999
f 1063/1191/1000 1067/1192/1001 1072/1193/1002
f 1064/1194/1003 1063/1191/1000 1068/1195/1004
f 1065/1196/1005 1064/1197/1003 1069/1198/1006
f 1066/1199/1007 1065/1196/1005 1070/1200/1008
f 1067/1201/1001 1066/1199/1007 1071/1202/1009
f 1063/1191/1000 1072/1193/1002 1068/1195/1004
f 1064/1194/1003 1068/1195/1004 1069/1198/1006
f 1065/1196/1005 1069/1198/1006 1070/1200/1008
f 1066/1199/1007 1070/1200/1008 1071/1202/1009
f 1067/1201/1001 1071/1202/1009 1072/1193/1002
f 1068/1195/1004 1072/1193/1002 1073/1203/1010
f 1069/1198/1006 1068/1195/1004 1073/1203/1010
f 1070/1200/1008 1069/1198/1006 1073/1203/1010
f 1071/1202/1009 1070/1200/1008 1073/1203/1010
f 1072/1193/1002 1071/1202/1009 1073/1203/1010
f 1074/1204/1011 1078/1205/1012 1083/1206/1013
f 1075/1207/1014 1074/1204/1011 1079/1208/1015
f 1076/1209/1016 1075/1210/1014 1080/1211/1017
f 1077/1212/1018 1076/1209/1016 1081/1213/1019
f 1078/1214/1012 1077/1212/1018 1082/1215/1020
f 1074/1204/1011 1083/1206/1013 1079/1208/1015
f 1075/1207/1014 1079/1208/1015 1080/1211/1017
f 1076/1209/1016 1080/1211/1017 1081/1213/1019
f 1077/1212/1018 1081/1213/1019 1082/1215/1020
f 1078/1214/1012 1082/1215/1020 1083/1206/1013
f 1079/1208/1015 1083/1206/1013 1084/1216/1021
f 1080/1211/1017 1079/1208/1015 1084/1216/1021
f 1081/1213/1019 1080/1211/1017 1084/1216/1021
f 1082/1215/1020 1081/1213/1019 1084/1216/1021
f 1083/1206/1013 1082/1215/1020 1084/1216/1021
f 1085/1217/1022 1089/1218/1023 1094/1219/1024
f 1086/1220/1025 1085/1217/1022 1090/1221/1026
f 1087/1222/1027 1086/1223/1025 1091/1224/1028
f 1088/1225/1029 1087/1222/1027 1092/1226/1030
f 1089/1227/1023 1088/1225/1029 1093/1228/1031
f 1085/1217/1022 1094/1219/1024 1090/1221/1026
f 1086/1220/1025 1090/1221/1026 1091/1224/1028
f 1087/1222/1027 1091/1224/1028 1092/1226/1030
f 1088/1225/1029 1092/1226/1030 1093/1228/1031
f 1089/1227/1023 1093/1228/1031 1094/1219/1024
f 1090/1221/1026 1094/1219/1024 1095/1229/1032
f 1091/1224/1028 1090/1221/1026 1095/1229/1032
f 1092/1226/1030 1091/1224/1028 1095/1229/1032
f 1093/1228/1031 1092/1226/1030 1095/1229/1032
f 1094/1219/1024 1093/1228/1031 1095/1229/1032
f 1096/1230/1033 1100/1231/1034 1105/1232/1035
f 1097/1233/1036 1096/1230/1033 1101/1234/1037
f 1098/1235/1038 1097/1236/1036 1102/1237/1039
f 1099/1238/1040 1098/1235/1038 1103/1239/1041
f 1100/1240/1034 1099/1238/1040 1104/1241/1042
f 1096/1230/1033 1105/1232/1035 1101/1234/1037
f 1097/1233/1036 1101/1234/1037 1102/1237/1039
f 1098/1235/1038 1102/1237/1039 1103/1239/1041
f 1099/1238/1040 1103/1239/1041 1104/1241/1042
f 1100/1240/1034 1104/1241/1042 1105/1232/1035
f 1101/1234/1037 1105/1232/1035 1106/1242/1043
f 1102/1237/1039 1101/1234/1037 1106/1242/1043
f 1103/1239/1041 1102/1237/1039 1106/1242/1043
f 1104/1241/1042 1103/1239/1041 1106/1242/1043
f 1105/1232/1035 1104/1241/1042 1106/1242/1043
usemtl Tropical_Plant
f 1555/1243/1044 1564/1244/1045 1120/1245/1046 1113/1246/1047
f 1107/1247/1048 1114/1248/1049 1565/1249/1050 1556/1250/1051
f 1108/1251/1052 1115/1252/1053 1114/1248/1049 1107/1247/1048
f 1109/1253/1054 1116/1254/1055 1115/1252/1053 1108/1251/1052
f 1110/1255/1056 1117/1256/1057 1116/1254/1055 1109/1253/1054
f 1111/1257/1058 1118/1258/1059 1117/1256/1057 1110/1255/1056
f 1112/1259/1060 1119/1260/1061 1118/1258/1059 1111/1257/1058
f 1113/1246/1047 1120/1245/1046 1119/1260/1061 1112/1259/1060
f 1564/1244/1045 1573/1261/1062 1127/1262/1063 1120/1245/1046
f 1114/1248/1049 1121/1263/1064 1574/1264/1065 1565/1249/1050
f 1115/1252/1053 1122/1265/1066 1121/1263/1064 1114/1248/1049
f 1116/1254/1055 1123/1266/1067 1122/1265/1066 1115/1252/1053
f 1117/1256/1057 1124/1267/1068 1123/1266/1067 1116/1254/1055
f 1118/1258/1059 1125/1268/1069 1124/1267/1068 1117/1256/1057
f 1119/1260/1061 1126/1269/1070 1125/1268/1069 1118/1258/1059
f 1120/1245/1046 1127/1262/1063 1126/1269/1070 1119/1260/1061
f 1573/1261/1062 1582/1270/1071 1134/1271/1072 1127/1262/1063
f 1121/1263/1064 1128/1272/1073 1583/1273/1074 1574/1264/1065
f 1122/1265/1066 1129/1274/1075 1128/1272/1073 1121/1263/1064
f 1123/1266/1067 1130/1275/1076 1129/1274/1075 1122/1265/1066
f 1124/1267/1068 1131/1276/1077 1130/1275/1076 1123/1266/1067
f 1125/1268/1069 1132/1277/1078 1131/1276/1077 1124/1267/1068
f 1126/1269/1070 1133/1278/1079 1132/1277/1078 1125/1268/1069
f 1127/1262/1063 1134/1271/1072 1133/1278/1079 1126/1269/1070
f 1582/1270/1071 1591/1279/1080 1141/1280/1081 1134/1271/1072
f 1128/1272/1073 1135/1281/1082 1592/1282/1083 1583/1273/1074
f 1129/1274/1075 1136/1283/1084 1135/1281/1082 1128/1272/1073
f 1130/1275/1076 1137/1284/1085 1136/1283/1084 1129/1274/1075
f 1131/1276/1077 1138/1285/1086 1137/1284/1085 1130/1275/1076
f 1132/1277/1078 1139/1286/1087 1138/1285/1086 1131/1276/1077
f 1133/1278/1079 1140/1287/1088 1139/1286/1087 1132/1277/1078
f 1134/1271/1072 1141/1280/1081 1140/1287/1088 1133/1278/1079
f 1591/1279/1080 1600/1288/1089 1148/1289/1090 1141/1280/1081
f 1135/1281/1082 1142/1290/1091 1601/1291/1092 1592/1282/1083
f 1136/1283/1084 1143/1292/1093 1142/1290/1091 1135/1281/1082
f 1137/1284/1085 1144/1293/1094 1143/1292/1093 1136/1283/1084
f 1138/1285/1086 1145/1294/1095 1144/1293/1094 1137/1284/1085
f 1139/1286/1087 1146/1295/1096 1145/1294/1095 1138/1285/1086
f 1140/1287/1088 1147/1296/1097 1146/1295/1096 1139/1286/1087
f 1141/1280/1081 1148/1289/1090 1147/1296/1097 1140/1287/1088
f 1600/1288/1089 1609/1297/1098 1155/1298/1099 1148/1289/1090
f 1142/1290/1091 1149/1299/1100 1610/1300/1101 1601/1291/1092
f 1143/1292/1093 1150/1301/1102 1149/1299/1100 1142/1290/1091
f 1144/1293/1094 1151/1302/1103 1150/1301/1102 1143/1292/1093
f 1145/1294/1095 1152/1303/1104 1151/1302/1103 1144/1293/1094
f 1146/1295/1096 1153/1304/1105 1152/1303/1104 1145/1294/1095
f 1147/1296/1097 1154/1305/1106 1153/1304/1105 1146/1295/1096
f 1148/1289/1090 1155/1298/1099 1154/1305/1106 1147/1296/1097
f 1609/1297/1098 1618/1306/1107 1162/1307/1108 1155/1298/1099
f 1149/1299/1100 1156/1308/1109 1619/1309/1110 1610/1300/1101
f 1150/1301/1102 1157/1310/1111 1156/1308/1109 1149/1299/1100
f 1151/1302/1103 1158/1311/1112 1157/1310/1111 1150/1301/1102
f 1152/1303/1104 1159/1312/1113 1158/1311/1112 1151/1302/1103
f 1153/1304/1105 1160/1313/1114 1159/1312/1113 1152/1303/1104
f 1154/1305/1106 1161/1314/1115 1160/1313/1114 1153/1304/1105
f 1155/1298/1099 1162/1307/1108 1161/1314/1115 1154/1305/1106
f 1618/1306/1107 1627/1315/1116 1169/1316/1117 1162/1307/1108
f 1156/1308/1109 1163/1317/1118 1628/1318/1119 1619/1309/1110
f 1157/1310/1111 1164/1319/1120 1163/1317/1118 1156/1308/1109
f 1158/1311/1112 1165/1320/1121 1164/1319/1120 1157/1310/1111
f 1159/1312/1113 1166/1321/1122 1165/1320/1121 1158/1311/1112
f 1160/1313/1114 1167/1322/1123 1166/1321/1122 1159/1312/1113
f 1161/1314/1115 1168/1323/1124 1167/1322/1123 1160/1313/1114
f 1162/1307/1108 1169/1316/1117 1168/1323/1124 1161/1314/1115
f 1627/1315/1116 1636/1324/1125 1176/1325/1126 1169/1316/1117
f 1163/1317/1118 1170/1326/1127 1637/1327/1128 1628/1318/1119
f 1164/1319/1120 1171/1328/1129 1170/1326/1127 1163/1317/1118
f 1165/1320/1121 1172/1329/1130 1171/1328/1129 1164/1319/1120
f 1166/1321/1122 1173/1330/1131 1172/1329/1130 1165/1320/1121
f 1167/1322/1123 1174/1331/1132 1173/1330/1131 1166/1321/1122
f 1168/1323/1124 1175/1332/1133 1174/1331/1132 1167/1322/1123
f 1169/1316/1117 1176/1325/1126 1175/1332/1133 1168/1323/1124
f 1636/1324/1125 1645/1333/1134 1183/1334/1135 1176/1325/1126
f 1170/1326/1127 1177/1335/1136 1646/1336/1137 1637/1327/1128
f 1171/1328/1129 1178/1337/1138 1177/1335/1136 1170/1326/1127
f 1172/1329/1130 1179/1338/1139 1178/1337/1138 1171/1328/1129
f 1173/1330/1131 1180/1339/1140 1179/1338/1139 1172/1329/1130
f 1174/1331/1132 1181/1340/1141 1180/1339/1140 1173/1330/1131
f 1175/1332/1133 1182/1341/1142 1181/1340/1141 1174/1331/1132
f 1176/1325/1126 1183/1334/1135 1182/1341/1142 1175/1332/1133
f 1645/1333/1134 1654/1342/1143 1190/1343/1144 1183/1334/1135
f 1177/1335/1136 1184/1344/1145 1655/1345/1146 1646/1336/1137
f 1178/1337/1138 1185/1346/1147 1184/1344/1145 1177/1335/1136
f 1179/1338/1139 1186/1347/1148 1185/1346/1147 1178/1337/1138
f 1180/1339/1140 1187/1348/1149 1186/1347/1148 1179/1338/1139
f 1181/1340/1141 1188/1349/1150 1187/1348/1149 1180/1339/1140
f 1182/1341/1142 1189/1350/1151 1188/1349/1150 1181/1340/1141
f 1183/1334/1135 1190/1343/1144 1189/1350/1151 1182/1341/1142
f 1654/1342/1143 1663/1351/1152 1195/1352/1153 1190/1343/1144
f 1184/1344/1145 1191/1353/1154 1664/1354/1155 1655/1345/1146
f 1185/1346/1147 1192/1355/1156 1191/1353/1154 1184/1344/1145
f 1186/1347/1148 1193/1356/1157 1192/1355/1156 1185/1346/1147
f 1187/1348/1149 1194/1357/1158 1193/1356/1157 1186/1347/1148
f 1188/1349/1150 1195/1352/1153 1194/1357/1158 1187/1348/1149
f 1189/1350/1151 1195/1352/1153 1188/1349/1150
f 1190/1343/1144 1195/1352/1153 1189/1350/1151
f 1663/1358/1152 1670/1359/1159 1199/1360/1160 1195/1361/1153
f 1191/1362/1154 1671/1363/1161 1664/1364/1155
f 1192/1365/1156 1196/1366/1162 1671/1363/1161 1191/1362/1154
f 1276/1367/1163 1275/1368/1164 1249/1369/1165 1248/1370/1166
f 1195/1361/1153 1199/1360/1160 1198/1371/1167 1194/1372/1158
f 1670/1359/1159 1676/1373/1168 1202/1374/1169 1199/1360/1160
f 1196/1366/1162 1677/1375/1170 1671/1363/1161
f 1197/1376/1171 1200/1377/1172 1677/1375/1170 1196/1366/1162
f 1270/1378/1173 1282/1379/1174 1256/1380/1175 1254/1381/1176
f 1199/1360/1160 1202/1374/1169 1201/1382/1177 1198/1371/1167
f 1676/1373/1168 1681/1383/1178 1205/1384/1179 1202/1374/1169
f 1200/1377/1172 1203/1385/1180 1682/1386/1181 1677/1375/1170
f 1281/1387/1182 1280/1388/1183 1261/1389/1184 1263/1390/1185
f 1202/1374/1169 1205/1384/1179 1204/1391/1186 1201/1382/1177
f 1681/1383/1178 1686/1392/1187 1208/1393/1188 1205/1384/1179
f 1203/1385/1180 1206/1394/1189 1687/1395/1190 1682/1386/1181
f 1205/1384/1179 1208/1393/1188 1207/1396/1191 1204/1391/1186
f 1686/1392/1187 1691/1397/1192 1211/1398/1193 1208/1393/1188
f 1206/1394/1189 1209/1399/1194 1692/1400/1195 1687/1395/1190
f 1278/1401/1196 1269/1402/1197 1262/1403/1198 1260/1404/1199
f 1208/1393/1188 1211/1398/1193 1210/1405/1200 1207/1396/1191
f 1691/1397/1192 1696/1406/1201 1214/1407/1202 1211/1398/1193
f 1209/1399/1194 1212/1408/1203 1697/1409/1204 1692/1400/1195
f 1275/1368/1164 1194/1372/1158 1198/1371/1167 1270/1378/1173
f 1211/1398/1193 1214/1407/1202 1213/1410/1205 1210/1405/1200
f 1696/1406/1201 1701/1411/1206 1217/1412/1207 1214/1407/1202
f 1212/1408/1203 1215/1413/1208 1702/1414/1209 1697/1409/1204
f 1271/1415/1210 1272/1416/1211 1268/1417/1212 1266/1418/1213
f 1214/1407/1202 1217/1412/1207 1216/1419/1214 1213/1410/1205
f 1701/1411/1206 1706/1420/1215 1220/1421/1216 1217/1412/1207
f 1215/1413/1208 1218/1422/1217 1707/1423/1218 1702/1414/1209
f 1273/1424/1219 1274/1425/1220 1253/1426/1221 1255/1427/1222
f 1217/1412/1207 1220/1421/1216 1219/1428/1223 1216/1419/1214
f 1706/1420/1215 1711/1429/1224 1223/1430/1225 1220/1421/1216
f 1218/1422/1217 1221/1431/1226 1712/1432/1227 1707/1423/1218
f 1359/1433/1228 1358/1434/1229 1366/1435/1230 1365/1436/1231
f 1220/1421/1216 1223/1430/1225 1222/1437/1232 1219/1428/1223
f 1711/1429/1224 1716/1438/1233 1226/1439/1234 1223/1430/1225
f 1221/1431/1226 1224/1440/1235 1717/1441/1236 1712/1432/1227
f 1409/1442/1237 1306/1443/1238 1359/1433/1228 1411/1444/1239
f 1223/1430/1225 1226/1439/1234 1225/1445/1240 1222/1437/1232
f 1716/1438/1233 1721/1446/1241 1229/1447/1242 1226/1439/1234
f 1224/1440/1235 1227/1448/1243 1722/1449/1244 1717/1441/1236
f 1268/1417/1212 1272/1416/1211 1357/1450/1245 1358/1434/1229
f 1226/1439/1234 1229/1447/1242 1228/1451/1246 1225/1445/1240
f 1227/1448/1243 1230/1452/1247 1727/1453/1248 1722/1449/1244
f 1358/1434/1229 1357/1450/1245 1367/1454/1249 1366/1435/1230
f 1229/1447/1242 1232/1455/1250 1231/1456/1251 1228/1451/1246
f 1229/1447/1242 1721/1446/1241 1726/1457/1252 1232/1455/1250
f 1108/1251/1052 1107/1247/1048 1233/1458/1253 1234/1459/1254
f 1113/1246/1047 1112/1259/1060 1238/1460/1255 1239/1461/1256
f 1111/1257/1058 1110/1255/1056 1236/1462/1257 1237/1463/1258
f 1109/1253/1054 1108/1251/1052 1234/1459/1254 1235/1464/1259
f 1107/1247/1048 1556/1250/1051 1732/1465/1260 1233/1458/1253
f 1112/1259/1060 1111/1257/1058 1237/1463/1258 1238/1460/1255
f 1555/1243/1044 1113/1246/1047 1239/1461/1256 1731/1466/1261
f 1110/1255/1056 1109/1253/1054 1235/1464/1259 1236/1462/1257
f 1238/1460/1255 1237/1463/1258 1244/1467/1262 1245/1468/1263
f 1731/1466/1261 1239/1461/1256 1246/1469/1264 1740/1470/1265
f 1239/1461/1256 1238/1460/1255 1245/1468/1263 1246/1469/1264
f 1233/1458/1253 1732/1465/1260 1741/1471/1266 1240/1472/1267
f 1234/1459/1254 1233/1458/1253 1240/1472/1267 1241/1473/1268
f 1235/1464/1259 1234/1459/1254 1241/1473/1268 1242/1474/1269
f 1236/1462/1257 1235/1464/1259 1242/1474/1269 1243/1475/1270
f 1237/1463/1258 1236/1462/1257 1243/1475/1270 1244/1467/1262
f 1277/1476/1271 1276/1367/1163 1248/1370/1166 1247/1477/1272
f 1249/1369/1165 1252/1478/1273 1251/1479/1274
f 1248/1480/1166 1251/1481/1274 1250/1482/1275
f 1255/1427/1222 1253/1426/1221 1291/1483/1276 1293/1484/1277
f 1258/1485/1278 1260/1404/1199 1298/1486/1279 1296/1487/1280
f 1291/1483/1276 1253/1426/1221 1307/1488/1281 1308/1489/1282
f 1259/1490/1283 1257/1491/1284 1295/1492/1285 1297/1493/1286
f 1262/1403/1198 1264/1494/1287 1302/1495/1288 1300/1496/1289
f 1279/1497/1290 1267/1498/1291 1360/1499/1292 1362/1500/1293
f 1263/1390/1185 1261/1389/1184 1299/1501/1294 1301/1502/1295
f 1283/1503/1296 1273/1424/1219 1255/1427/1222 1257/1491/1284
f 1269/1402/1197 1284/1504/1297 1264/1494/1287 1262/1403/1198
f 1285/1505/1298 1281/1387/1182 1263/1390/1185 1265/1506/1299
f 1282/1379/1174 1286/1507/1300 1258/1485/1278 1256/1380/1175
f 1287/1508/1301 1283/1503/1296 1257/1491/1284 1259/1490/1283
f 1284/1504/1297 1271/1415/1210 1266/1418/1213 1264/1494/1287
f 1279/1497/1290 1285/1505/1298 1265/1506/1299 1267/1498/1291
f 1286/1507/1300 1278/1401/1196 1260/1404/1199 1258/1485/1278
f 1280/1388/1183 1287/1508/1301 1259/1490/1283 1261/1389/1184
f 1209/1399/1194 1206/1394/1189 1287/1508/1301 1280/1388/1183
f 1204/1391/1186 1207/1396/1191 1278/1401/1196 1286/1507/1300
f 1218/1422/1217 1215/1413/1208 1285/1505/1298 1279/1497/1290
f 1213/1410/1205 1216/1419/1214 1271/1415/1210 1284/1504/1297
f 1206/1394/1189 1203/1385/1180 1283/1503/1296 1287/1508/1301
f 1201/1382/1177 1204/1391/1186 1286/1507/1300 1282/1379/1174
f 1215/1413/1208 1212/1408/1203 1281/1387/1182 1285/1505/1298
f 1210/1405/1200 1213/1410/1205 1284/1504/1297 1269/1402/1197
f 1203/1385/1180 1200/1377/1172 1273/1424/1219 1283/1503/1296
f 1192/1509/1156 1193/1510/1157 1276/1367/1163 1277/1476/1271
f 1200/1377/1172 1197/1376/1171 1274/1425/1220 1273/1424/1219
f 1216/1419/1214 1219/1428/1223 1272/1416/1211 1271/1415/1210
f 1249/1369/1165 1275/1368/1164 1270/1378/1173 1254/1381/1176
f 1207/1396/1191 1210/1405/1200 1269/1402/1197 1278/1401/1196
f 1456/1511/1302 1363/1512/1303 1371/1513/1304 1457/1514/1305
f 1212/1408/1203 1209/1399/1194 1280/1388/1183 1281/1387/1182
f 1198/1371/1167 1201/1382/1177 1282/1379/1174 1270/1378/1173
f 1193/1510/1157 1194/1372/1158 1275/1368/1164 1276/1367/1163
f 1274/1425/1220 1197/1376/1171 1289/1515/1306 1290/1516/1307
f 1197/1376/1171 1196/1366/1162 1288/1517/1308 1289/1515/1306
f 1288/1518/1308 1196/1519/1162 1192/1509/1156
f 1290/1516/1307 1289/1515/1306 1247/1520/1272
f 1288/1518/1308 1192/1509/1156 1277/1476/1271
f 1454/1521/1309 1450/1522/1310 1343/1523/1311 1345/1524/1312
f 1453/1525/1313 1451/1526/1314 1333/1527/1315 1335/1528/1316
f 1479/1529/1317 1466/1530/1318 1340/1531/1319 1338/1532/1320
f 1443/1533/1321 1446/1534/1322 1347/1535/1323 1331/1536/1324
f 1452/1537/1325 1445/1538/1326 1337/1539/1327 1339/1540/1328
f 1478/1541/1329 1465/1542/1330 1344/1543/1331 1342/1544/1332
f 1476/1545/1333 1462/1546/1334 1352/1547/1335 1353/1548/1336
f 1265/1506/1299 1263/1390/1185 1301/1502/1295 1303/1549/1337
f 1254/1381/1176 1256/1380/1175 1294/1550/1338 1292/1551/1339
f 1264/1494/1287 1266/1418/1213 1304/1552/1340 1302/1495/1288
f 1261/1389/1184 1259/1490/1283 1297/1493/1286 1299/1501/1294
f 1260/1404/1199 1262/1403/1198 1300/1496/1289 1298/1486/1279
f 1257/1491/1284 1255/1427/1222 1293/1484/1277 1295/1492/1285
f 1267/1498/1291 1265/1506/1299 1303/1549/1337 1305/1553/1341
f 1256/1380/1175 1258/1485/1278 1296/1487/1280 1294/1550/1338
f 1266/1418/1213 1268/1417/1212 1306/1443/1238 1304/1552/1340
f 1307/1488/1281 1253/1426/1221 1274/1425/1220 1290/1516/1307
f 1289/1554/1306 1277/1476/1271 1247/1477/1272
f 1290/1516/1307 1247/1520/1272 1307/1488/1281
f 1307/1488/1281 1247/1520/1272 1250/1482/1275
f 1249/1369/1165 1254/1381/1176 1292/1551/1339 1309/1555/1342
f 1464/1556/1343 1463/1557/1344 1334/1558/1345 1332/1559/1346
f 1477/1560/1347 1464/1556/1343 1332/1559/1346 1348/1561/1348
f 1252/1478/1273 1249/1369/1165 1309/1555/1342 1312/1562/1349
f 1311/1563/1350 1308/1489/1282 1307/1488/1281 1310/1564/1351
f 1251/1479/1274 1252/1478/1273 1315/1565/1352 1314/1566/1353
f 1310/1564/1351 1250/1482/1275 1313/1567/1354 1316/1568/1355
f 1316/1568/1355 1313/1567/1354 1319/1569/1356 1322/1570/1357
f 1315/1565/1352 1318/1571/1358 1324/1572/1359 1321/1573/1360
f 1311/1563/1350 1310/1564/1351 1316/1568/1355 1317/1574/1361
f 1450/1522/1310 1442/1575/1362 1341/1576/1363 1343/1523/1311
f 1250/1482/1275 1251/1481/1274 1314/1577/1353 1313/1567/1354
f 1252/1478/1273 1312/1562/1349 1318/1571/1358 1315/1565/1352
f 1321/1573/1360 1327/1578/1364 1326/1579/1365
f 1451/1526/1314 1443/1533/1321 1331/1536/1324 1333/1527/1315
f 1313/1567/1354 1314/1577/1353 1320/1580/1366 1319/1569/1356
f 1317/1574/1361 1316/1568/1355 1322/1570/1357 1323/1581/1367
f 1329/1582/1368 1330/1583/1369 1356/1584/1370 1355/1585/1371
f 1314/1566/1353 1315/1565/1352 1321/1573/1360 1320/1586/1366
f 1328/1587/1372 1325/1588/1373 1326/1589/1365 1327/1590/1364
f 1329/1582/1368 1554/1591/1374 1553/1592/1375 1330/1583/1369
f 1440/1593/1376 1439/1594/1377 1481/1595/1378 1553/1596/1375
f 1322/1570/1357 1319/1569/1356 1325/1588/1373
f 1319/1569/1356 1320/1580/1366 1326/1589/1365 1325/1588/1373
f 1328/1587/1372 1554/1591/1374 1437/1597/1379
f 1332/1598/1346 1334/1599/1345 1333/1527/1315 1331/1536/1324
f 1334/1599/1345 1336/1600/1380 1335/1528/1316 1333/1527/1315
f 1336/1600/1380 1338/1601/1320 1337/1539/1327 1335/1528/1316
f 1338/1601/1320 1340/1602/1319 1339/1540/1328 1337/1539/1327
f 1340/1602/1319 1342/1603/1332 1341/1576/1363 1339/1540/1328
f 1342/1603/1332 1344/1604/1331 1343/1523/1311 1341/1576/1363
f 1344/1604/1331 1346/1605/1381 1345/1524/1312 1343/1523/1311
f 1348/1606/1348 1332/1598/1346 1331/1536/1324 1347/1535/1323
f 1348/1606/1348 1347/1535/1323 1349/1607/1382 1350/1608/1383
f 1350/1608/1383 1349/1607/1382 1351/1609/1384 1352/1610/1335
f 1353/1611/1336 1354/1612/1385 1355/1585/1371 1356/1584/1370
f 1352/1610/1335 1351/1609/1384 1354/1612/1385 1353/1611/1336
f 1455/1613/1386 1447/1614/1387 1354/1612/1385 1351/1609/1384
f 1476/1545/1333 1353/1548/1336 1356/1615/1370 1469/1616/1388
f 1463/1557/1344 1467/1617/1389 1336/1618/1380 1334/1558/1345
f 1465/1542/1330 1468/1619/1390 1346/1620/1381 1344/1543/1331
f 1442/1575/1362 1452/1537/1325 1339/1540/1328 1341/1576/1363
f 1446/1534/1322 1448/1621/1391 1349/1607/1382 1347/1535/1323
f 1448/1621/1391 1455/1613/1386 1351/1609/1384 1349/1607/1382
f 1267/1498/1291 1305/1553/1341 1361/1622/1392 1360/1499/1292
f 1466/1530/1318 1478/1541/1329 1342/1544/1332 1340/1531/1319
f 1444/1623/1393 1329/1582/1368 1355/1585/1371 1449/1624/1394
f 1480/1625/1395 1477/1560/1347 1348/1561/1348 1350/1626/1383
f 1445/1538/1326 1453/1525/1313 1335/1528/1316 1337/1539/1327
f 1462/1546/1334 1480/1625/1395 1350/1626/1383 1352/1547/1335
f 1467/1617/1389 1479/1529/1317 1338/1532/1320 1336/1618/1380
f 1426/1627/1396 1323/1581/1367 1435/1628/1397
f 1436/1629/1398 1437/1597/1379 1554/1591/1374 1444/1623/1393
f 1327/1578/1364 1321/1573/1360 1440/1593/1376
f 1439/1594/1377 1324/1572/1359 1438/1630/1399
f 1328/1587/1372 1322/1570/1357 1325/1588/1373
f 1320/1586/1366 1321/1573/1360 1326/1579/1365
f 1454/1521/1309 1345/1524/1312 1363/1512/1303 1456/1511/1302
f 1306/1443/1238 1268/1417/1212 1358/1434/1229 1359/1433/1228
f 1345/1524/1312 1346/1605/1381 1364/1631/1400 1363/1512/1303
f 1369/1632/1401 1370/1633/1402 1378/1634/1403 1377/1635/1404
f 1457/1514/1305 1371/1513/1304 1379/1636/1405 1458/1637/1406
f 1366/1435/1230 1367/1454/1249 1375/1638/1407 1374/1639/1408
f 1411/1444/1239 1359/1433/1228 1365/1436/1231 1412/1640/1409
f 1363/1512/1303 1364/1631/1400 1372/1641/1410 1371/1513/1304
f 1362/1500/1293 1360/1499/1292 1369/1632/1401 1368/1642/1411
f 1360/1499/1292 1361/1622/1392 1370/1633/1402 1369/1632/1401
f 1379/1636/1405 1380/1643/1412 1388/1644/1413 1387/1645/1414
f 1413/1646/1415 1373/1647/1416 1381/1648/1417 1414/1649/1418
f 1368/1642/1411 1369/1632/1401 1377/1635/1404 1376/1650/1419
f 1365/1436/1231 1366/1435/1230 1374/1639/1408 1373/1647/1416
f 1412/1640/1409 1365/1436/1231 1373/1647/1416 1413/1646/1415
f 1371/1513/1304 1372/1641/1410 1380/1643/1412 1379/1636/1405
f 1221/1431/1226 1218/1422/1217 1279/1497/1290 1362/1500/1293
f 1383/1651/1420 1231/1456/1251 1390/1652/1421
f 1387/1645/1414 1388/1644/1413 1394/1653/1422 1393/1654/1423
f 1374/1639/1408 1375/1638/1407 1383/1651/1420 1382/1655/1424
f 1458/1637/1406 1379/1636/1405 1387/1645/1414 1459/1656/1425
f 1377/1635/1404 1378/1634/1403 1386/1657/1426 1385/1658/1427
f 1376/1650/1419 1377/1635/1404 1385/1658/1427 1384/1659/1428
f 1373/1647/1416 1374/1639/1408 1382/1655/1424 1381/1648/1417
f 1224/1440/1235 1221/1431/1226 1362/1500/1293 1368/1642/1411
f 1227/1448/1243 1224/1440/1235 1368/1642/1411 1376/1650/1419
f 1230/1452/1247 1227/1448/1243 1376/1650/1419 1384/1659/1428
f 1357/1450/1245 1272/1416/1211 1219/1428/1223 1222/1437/1232
f 1367/1454/1249 1357/1450/1245 1222/1437/1232 1225/1445/1240
f 1375/1638/1407 1367/1454/1249 1225/1445/1240 1228/1451/1246
f 1383/1651/1420 1375/1638/1407 1228/1451/1246 1231/1456/1251
f 1899/1660/1429 1544/1661/1430 1441/1662/1431 1893/1663/1432
f 1459/1656/1425 1387/1645/1414 1393/1654/1423 1460/1664/1433
f 1385/1658/1427 1386/1657/1426 1392/1665/1434 1391/1666/1435
f 1384/1659/1428 1385/1658/1427 1391/1666/1435
f 1381/1648/1417 1382/1655/1424 1390/1652/1421 1389/1667/1436
f 1414/1649/1418 1381/1648/1417 1389/1667/1436 1415/1668/1437
f 1461/1669/1438 1397/1670/1439 1906/1671/1440 1973/1672/1441
f 1548/1673/1442 1545/1674/1443 1395/1675/1444 1416/1676/1445
f 1547/1677/1446 1546/1678/1447 1398/1679/1448 1397/1670/1439
f 1390/1652/1421 1441/1662/1431 1544/1661/1430
f 1550/1680/1449 1547/1677/1446 1397/1670/1439 1461/1669/1438
f 1416/1676/1445 1395/1675/1444 1904/1681/1450 1926/1682/1451
f 1397/1670/1439 1398/1679/1448 1907/1683/1452 1906/1671/1440
f 1230/1452/1247 1543/1684/1453 1552/1685/1454 1727/1453/1248
f 1382/1655/1424 1383/1651/1420 1390/1652/1421
f 1475/1686/1455 1416/1676/1445 1926/1682/1451 1988/1687/1456
f 1551/1688/1457 1548/1673/1442 1416/1676/1445 1475/1686/1455
f 1473/1689/1458 1414/1649/1418 1415/1668/1437 1474/1690/1459
f 1471/1691/1460 1412/1640/1409 1413/1646/1415 1472/1692/1461
f 1472/1692/1461 1413/1646/1415 1414/1649/1418 1473/1689/1458
f 1470/1693/1462 1411/1444/1239 1412/1640/1409 1471/1691/1460
f 1296/1487/1280 1298/1486/1279 1407/1694/1463 1408/1695/1464
f 1318/1571/1358 1312/1562/1349 1410/1696/1465 1400/1697/1466
f 1312/1562/1349 1309/1555/1342 1402/1698/1467 1410/1696/1465
f 1300/1496/1289 1302/1495/1288 1405/1699/1468 1406/1700/1469
f 1304/1552/1340 1306/1443/1238 1409/1442/1237 1404/1701/1470
f 1294/1550/1338 1296/1487/1280 1408/1695/1464 1401/1702/1471
f 1309/1555/1342 1292/1551/1339 1403/1703/1472 1402/1698/1467
f 1292/1551/1339 1294/1550/1338 1401/1702/1471 1403/1703/1472
f 1324/1572/1359 1318/1571/1358 1400/1697/1466 1399/1704/1473
f 1302/1495/1288 1304/1552/1340 1404/1701/1470 1405/1699/1468
f 1298/1486/1279 1300/1496/1289 1406/1700/1469 1407/1694/1463
f 1468/1619/1390 1409/1442/1237 1411/1444/1239 1470/1693/1462
f 1542/1705/1474 1549/1706/1475 1434/1707/1476 1396/1708/1477
f 1396/1708/1477 1434/1707/1476 1945/1709/1478 1905/1710/1479
f 1386/1657/1426 1432/1711/1480 1433/1712/1481 1392/1665/1434
f 1378/1634/1403 1431/1713/1482 1432/1711/1480 1386/1657/1426
f 1370/1633/1402 1430/1714/1483 1431/1713/1482 1378/1634/1403
f 1305/1553/1341 1425/1715/1484 1429/1716/1485 1361/1622/1392
f 1297/1493/1286 1295/1492/1285 1424/1717/1486 1421/1718/1487
f 1311/1563/1350 1317/1574/1361 1427/1719/1488 1428/1720/1489
f 1308/1489/1282 1311/1563/1350 1428/1720/1489 1423/1721/1490
f 1301/1502/1295 1299/1501/1294 1422/1722/1491 1418/1723/1492
f 1317/1574/1361 1323/1581/1367 1426/1627/1396 1427/1719/1488
f 1293/1484/1277 1291/1483/1276 1420/1724/1493 1419/1725/1494
f 1303/1549/1337 1301/1502/1295 1418/1723/1492 1417/1726/1495
f 1299/1501/1294 1297/1493/1286 1421/1718/1487 1422/1722/1491
f 1291/1483/1276 1308/1489/1282 1423/1721/1490 1420/1724/1493
f 1295/1492/1285 1293/1484/1277 1419/1725/1494 1424/1717/1486
f 1305/1553/1341 1303/1549/1337 1417/1726/1495 1425/1715/1484
f 1361/1622/1392 1429/1716/1485 1430/1714/1483 1370/1633/1402
f 1323/1581/1367 1322/1570/1357 1437/1597/1379 1436/1629/1398
f 1323/1581/1367 1436/1629/1398 1435/1628/1397
f 1447/1614/1387 1426/1627/1396 1435/1628/1397 1449/1624/1394
f 1322/1570/1357 1328/1587/1372 1437/1597/1379
f 1321/1573/1360 1324/1572/1359 1439/1594/1377 1440/1593/1376
f 1481/1595/1378 1439/1594/1377 1438/1630/1399 1469/1616/1388
f 1324/1572/1359 1399/1704/1473 1438/1630/1399
f 1390/1652/1421 1231/1456/1251 1441/1662/1431
f 1354/1612/1385 1447/1614/1387 1449/1624/1394 1355/1585/1371
f 1549/1706/1475 1550/1680/1449 1461/1669/1438 1434/1707/1476
f 1434/1707/1476 1461/1669/1438 1973/1672/1441 1945/1709/1478
f 1432/1711/1480 1459/1656/1425 1460/1664/1433 1433/1712/1481
f 1431/1713/1482 1458/1637/1406 1459/1656/1425 1432/1711/1480
f 1430/1714/1483 1457/1514/1305 1458/1637/1406 1431/1713/1482
f 1425/1715/1484 1454/1521/1309 1456/1511/1302 1429/1716/1485
f 1421/1718/1487 1424/1717/1486 1453/1525/1313 1445/1538/1326
f 1436/1629/1398 1444/1623/1393 1449/1624/1394 1435/1628/1397
f 1428/1720/1489 1427/1719/1488 1455/1613/1386 1448/1621/1391
f 1423/1721/1490 1428/1720/1489 1448/1621/1391 1446/1534/1322
f 1418/1723/1492 1422/1722/1491 1452/1537/1325 1442/1575/1362
f 1427/1719/1488 1426/1627/1396 1447/1614/1387 1455/1613/1386
f 1419/1725/1494 1420/1724/1493 1443/1533/1321 1451/1526/1314
f 1417/1726/1495 1418/1723/1492 1442/1575/1362 1450/1522/1310
f 1422/1722/1491 1421/1718/1487 1445/1538/1326 1452/1537/1325
f 1420/1724/1493 1423/1721/1490 1446/1534/1322 1443/1533/1321
f 1424/1717/1486 1419/1725/1494 1451/1526/1314 1453/1525/1313
f 1425/1715/1484 1417/1726/1495 1450/1522/1310 1454/1521/1309
f 1429/1716/1485 1456/1511/1302 1457/1514/1305 1430/1714/1483
f 1330/1727/1369 1481/1595/1378 1469/1616/1388 1356/1615/1370
f 1346/1620/1381 1468/1619/1390 1470/1693/1462 1364/1728/1400
f 1364/1728/1400 1470/1693/1462 1471/1691/1460 1372/1729/1410
f 1380/1730/1412 1472/1692/1461 1473/1689/1458 1388/1731/1413
f 1372/1729/1410 1471/1691/1460 1472/1692/1461 1380/1730/1412
f 1388/1731/1413 1473/1689/1458 1474/1690/1459 1394/1732/1422
f 1546/1733/1447 1551/1688/1457 1475/1686/1455 1398/1734/1448
f 1398/1734/1448 1475/1686/1455 1988/1687/1456 1907/1735/1452
f 1408/1695/1464 1407/1694/1463 1479/1529/1317 1467/1617/1389
f 1400/1697/1466 1410/1696/1465 1480/1625/1395 1462/1546/1334
f 1410/1696/1465 1402/1698/1467 1477/1560/1347 1480/1625/1395
f 1406/1700/1469 1405/1699/1468 1478/1541/1329 1466/1530/1318
f 1404/1701/1470 1409/1442/1237 1468/1619/1390 1465/1542/1330
f 1401/1702/1471 1408/1695/1464 1467/1617/1389 1463/1557/1344
f 1399/1704/1473 1476/1545/1333 1469/1616/1388 1438/1630/1399
f 1402/1698/1467 1403/1703/1472 1464/1556/1343 1477/1560/1347
f 1403/1703/1472 1401/1702/1471 1463/1557/1344 1464/1556/1343
f 1399/1704/1473 1400/1697/1466 1462/1546/1334 1476/1545/1333
f 1405/1699/1468 1404/1701/1470 1465/1542/1330 1478/1541/1329
f 1407/1694/1463 1406/1700/1469 1466/1530/1318 1479/1529/1317
f 1486/1736/1496 1487/1737/1497 1493/1738/1498 1492/1739/1499
f 1484/1740/1500 1485/1741/1501 1491/1742/1502 1490/1743/1503
f 1482/1744/1504 1483/1745/1505 1489/1746/1506 1488/1747/1507
f 1485/1741/1501 1486/1736/1496 1492/1739/1499 1491/1742/1502
f 1483/1745/1505 1484/1740/1500 1490/1743/1503 1489/1746/1506
f 1489/1746/1506 1490/1743/1503 1496/1748/1508 1495/1749/1509
f 1492/1739/1499 1493/1738/1498 1499/1750/1510 1498/1751/1511
f 1490/1743/1503 1491/1742/1502 1497/1752/1512 1496/1748/1508
f 1488/1747/1507 1489/1746/1506 1495/1749/1509 1494/1753/1513
f 1491/1742/1502 1492/1739/1499 1498/1751/1511 1497/1752/1512
f 1495/1749/1509 1496/1748/1508 1502/1754/1514 1501/1755/1515
f 1498/1751/1511 1499/1750/1510 1505/1756/1516 1504/1757/1517
f 1496/1748/1508 1497/1752/1512 1503/1758/1518 1502/1754/1514
f 1494/1753/1513 1495/1749/1509 1501/1755/1515 1500/1759/1519
f 1497/1752/1512 1498/1751/1511 1504/1757/1517 1503/1758/1518
f 1501/1755/1515 1502/1754/1514 1508/1760/1520 1507/1761/1521
f 1504/1757/1517 1505/1756/1516 1511/1762/1522 1510/1763/1523
f 1502/1754/1514 1503/1758/1518 1509/1764/1524 1508/1760/1520
f 1500/1759/1519 1501/1755/1515 1507/1761/1521 1506/1765/1525
f 1503/1758/1518 1504/1757/1517 1510/1763/1523 1509/1764/1524
f 1516/1766/1526 1522/1767/1527 1523/1768/1528 1517/1769/1529
f 1514/1770/1530 1520/1771/1531 1521/1772/1532 1515/1773/1533
f 1512/1774/1534 1518/1775/1535 1519/1776/1536 1513/1777/1537
f 1515/1773/1533 1521/1772/1532 1522/1767/1527 1516/1766/1526
f 1513/1777/1537 1519/1776/1536 1520/1771/1531 1514/1770/1530
f 1519/1776/1536 1525/1778/1538 1526/1779/1539 1520/1771/1531
f 1522/1767/1527 1528/1780/1540 1529/1781/1541 1523/1768/1528
f 1520/1771/1531 1526/1779/1539 1527/1782/1542 1521/1772/1532
f 1518/1775/1535 1524/1783/1543 1525/1778/1538 1519/1776/1536
f 1521/1772/1532 1527/1782/1542 1528/1780/1540 1522/1767/1527
f 1525/1778/1538 1531/1784/1544 1532/1785/1545 1526/1779/1539
f 1528/1780/1540 1534/1786/1546 1535/1787/1547 1529/1781/1541
f 1526/1779/1539 1532/1785/1545 1533/1788/1548 1527/1782/1542
f 1524/1783/1543 1530/1789/1549 1531/1784/1544 1525/1778/1538
f 1527/1782/1542 1533/1788/1548 1534/1786/1546 1528/1780/1540
f 1531/1784/1544 1537/1790/1550 1538/1791/1551 1532/1785/1545
f 1534/1786/1546 1540/1792/1552 1541/1793/1553 1535/1787/1547
f 1532/1785/1545 1538/1791/1551 1539/1794/1554 1533/1788/1548
f 1530/1789/1549 1536/1795/1555 1537/1790/1550 1531/1784/1544
f 1533/1788/1548 1539/1794/1554 1540/1792/1552 1534/1786/1546
f 1487/1737/1497 1517/1796/1529 1523/1797/1528 1493/1738/1498
f 1509/1764/1524 1539/1798/1554 1538/1799/1551 1508/1760/1520
f 1485/1741/1501 1515/1800/1533 1516/1801/1526 1486/1736/1496
f 1506/1765/1525 1536/1802/1555 1530/1803/1549 1500/1759/1519
f 1494/1753/1513 1524/1804/1543 1518/1805/1535 1488/1747/1507
f 1510/1763/1523 1540/1806/1552 1539/1798/1554 1509/1764/1524
f 1486/1736/1496 1516/1801/1526 1517/1807/1529 1487/1737/1497
f 1499/1750/1510 1529/1808/1541 1535/1809/1547 1505/1756/1516
f 1511/1762/1522 1541/1810/1553 1540/1806/1552 1510/1763/1523
f 1482/1744/1504 1512/1811/1534 1513/1812/1537 1483/1745/1505
f 1500/1759/1519 1530/1803/1549 1524/1804/1543 1494/1753/1513
f 1488/1747/1507 1518/1805/1535 1512/1811/1534 1482/1744/1504
f 1505/1756/1516 1535/1809/1547 1541/1810/1553 1511/1762/1522
f 1493/1738/1498 1523/1797/1528 1529/1808/1541 1499/1750/1510
f 1483/1745/1505 1513/1812/1537 1514/1813/1530 1484/1740/1500
f 1507/1761/1521 1537/1814/1550 1536/1802/1555 1506/1765/1525
f 1484/1740/1500 1514/1813/1530 1515/1800/1533 1485/1741/1501
f 1508/1760/1520 1538/1799/1551 1537/1814/1550 1507/1761/1521
f 1394/1732/1422 1474/1690/1459 1551/1688/1457 1546/1733/1447
f 1433/1712/1481 1460/1664/1433 1550/1680/1449 1549/1706/1475
f 1392/1665/1434 1433/1712/1481 1549/1706/1475 1542/1705/1474
f 1474/1690/1459 1415/1668/1437 1548/1673/1442 1551/1688/1457
f 1460/1664/1433 1393/1654/1423 1547/1677/1446 1550/1680/1449
f 1393/1654/1423 1394/1653/1422 1546/1678/1447 1547/1677/1446
f 1415/1668/1437 1389/1667/1436 1545/1674/1443 1548/1673/1442
f 1391/1666/1435 1392/1665/1434 1542/1705/1474 1543/1684/1453
f 1389/1667/1436 1390/1652/1421 1544/1661/1430 1545/1674/1443
f 1384/1659/1428 1391/1666/1435 1543/1684/1453 1230/1452/1247
f 1543/1684/1453 1542/1705/1474 1396/1708/1477 1552/1685/1454
f 1727/1453/1248 1552/1685/1454 1900/1815/1556
f 1396/1708/1477 1905/1710/1479 1900/1815/1556 1552/1685/1454
f 1231/1456/1251 1232/1455/1250 1441/1662/1431
f 1232/1455/1250 1726/1457/1252 1893/1663/1432 1441/1662/1431
f 1545/1674/1443 1544/1661/1430 1395/1675/1444
f 1899/1660/1429 1904/1681/1450 1395/1675/1444 1544/1661/1430
f 1289/1554/1306 1288/1518/1308 1277/1476/1271
f 1247/1520/1272 1248/1480/1166 1250/1482/1275
f 1310/1564/1351 1307/1488/1281 1250/1482/1275
f 1248/1370/1166 1249/1369/1165 1251/1479/1274
f 1553/1596/1375 1327/1578/1364 1440/1593/1376
f 1553/1596/1375 1481/1595/1378 1330/1727/1369
f 1444/1623/1393 1554/1591/1374 1329/1582/1368
f 1553/1592/1375 1554/1591/1374 1328/1587/1372 1327/1590/1364
f 1555/1243/1044 1563/1816/1557 1572/1817/1558 1564/1244/1045
f 1557/1818/1559 1556/1819/1051 1565/1820/1050 1566/1821/1560
f 1558/1822/1561 1557/1818/1559 1566/1821/1560 1567/1823/1562
f 1559/1824/1563 1558/1822/1561 1567/1823/1562 1568/1825/1564
f 1560/1826/1565 1559/1824/1563 1568/1825/1564 1569/1827/1566
f 1561/1828/1567 1560/1826/1565 1569/1827/1566 1570/1829/1568
f 1562/1830/1569 1561/1828/1567 1570/1829/1568 1571/1831/1570
f 1563/1816/1557 1562/1830/1569 1571/1831/1570 1572/1817/1558
f 1564/1244/1045 1572/1817/1558 1581/1832/1571 1573/1261/1062
f 1566/1821/1560 1565/1820/1050 1574/1833/1065 1575/1834/1572
f 1567/1823/1562 1566/1821/1560 1575/1834/1572 1576/1835/1573
f 1568/1825/1564 1567/1823/1562 1576/1835/1573 1577/1836/1574
f 1569/1827/1566 1568/1825/1564 1577/1836/1574 1578/1837/1575
f 1570/1829/1568 1569/1827/1566 1578/1837/1575 1579/1838/1576
f 1571/1831/1570 1570/1829/1568 1579/1838/1576 1580/1839/1577
f 1572/1817/1558 1571/1831/1570 1580/1839/1577 1581/1832/1571
f 1573/1261/1062 1581/1832/1571 1590/1840/1578 1582/1270/1071
f 1575/1834/1572 1574/1833/1065 1583/1841/1074 1584/1842/1579
f 1576/1835/1573 1575/1834/1572 1584/1842/1579 1585/1843/1580
f 1577/1836/1574 1576/1835/1573 1585/1843/1580 1586/1844/1581
f 1578/1837/1575 1577/1836/1574 1586/1844/1581 1587/1845/1582
f 1579/1838/1576 1578/1837/1575 1587/1845/1582 1588/1846/1583
f 1580/1839/1577 1579/1838/1576 1588/1846/1583 1589/1847/1584
f 1581/1832/1571 1580/1839/1577 1589/1847/1584 1590/1840/1578
f 1582/1270/1071 1590/1840/1578 1599/1848/1585 1591/1279/1080
f 1584/1842/1579 1583/1841/1074 1592/1849/1083 1593/1850/1586
f 1585/1843/1580 1584/1842/1579 1593/1850/1586 1594/1851/1587
f 1586/1844/1581 1585/1843/1580 1594/1851/1587 1595/1852/1588
f 1587/1845/1582 1586/1844/1581 1595/1852/1588 1596/1853/1589
f 1588/1846/1583 1587/1845/1582 1596/1853/1589 1597/1854/1590
f 1589/1847/1584 1588/1846/1583 1597/1854/1590 1598/1855/1591
f 1590/1840/1578 1589/1847/1584 1598/1855/1591 1599/1848/1585
f 1591/1279/1080 1599/1848/1585 1608/1856/1592 1600/1288/1089
f 1593/1850/1586 1592/1849/1083 1601/1857/1092 1602/1858/1593
f 1594/1851/1587 1593/1850/1586 1602/1858/1593 1603/1859/1594
f 1595/1852/1588 1594/1851/1587 1603/1859/1594 1604/1860/1595
f 1596/1853/1589 1595/1852/1588 1604/1860/1595 1605/1861/1596
f 1597/1854/1590 1596/1853/1589 1605/1861/1596 1606/1862/1597
f 1598/1855/1591 1597/1854/1590 1606/1862/1597 1607/1863/1598
f 1599/1848/1585 1598/1855/1591 1607/1863/1598 1608/1856/1592
f 1600/1288/1089 1608/1856/1592 1617/1864/1599 1609/1297/1098
f 1602/1858/1593 1601/1857/1092 1610/1865/1101 1611/1866/1600
f 1603/1859/1594 1602/1858/1593 1611/1866/1600 1612/1867/1601
f 1604/1860/1595 1603/1859/1594 1612/1867/1601 1613/1868/1602
f 1605/1861/1596 1604/1860/1595 1613/1868/1602 1614/1869/1603
f 1606/1862/1597 1605/1861/1596 1614/1869/1603 1615/1870/1604
f 1607/1863/1598 1606/1862/1597 1615/1870/1604 1616/1871/1605
f 1608/1856/1592 1607/1863/1598 1616/1871/1605 1617/1864/1599
f 1609/1297/1098 1617/1864/1599 1626/1872/1606 1618/1306/1107
f 1611/1866/1600 1610/1865/1101 1619/1873/1110 1620/1874/1607
f 1612/1867/1601 1611/1866/1600 1620/1874/1607 1621/1875/1608
f 1613/1868/1602 1612/1867/1601 1621/1875/1608 1622/1876/1609
f 1614/1869/1603 1613/1868/1602 1622/1876/1609 1623/1877/1610
f 1615/1870/1604 1614/1869/1603 1623/1877/1610 1624/1878/1611
f 1616/1871/1605 1615/1870/1604 1624/1878/1611 1625/1879/1612
f 1617/1864/1599 1616/1871/1605 1625/1879/1612 1626/1872/1606
f 1618/1306/1107 1626/1872/1606 1635/1880/1613 1627/1315/1116
f 1620/1874/1607 1619/1873/1110 1628/1881/1119 1629/1882/1614
f 1621/1875/1608 1620/1874/1607 1629/1882/1614 1630/1883/1615
f 1622/1876/1609 1621/1875/1608 1630/1883/1615 1631/1884/1616
f 1623/1877/1610 1622/1876/1609 1631/1884/1616 1632/1885/1617
f 1624/1878/1611 1623/1877/1610 1632/1885/1617 1633/1886/1618
f 1625/1879/1612 1624/1878/1611 1633/1886/1618 1634/1887/1619
f 1626/1872/1606 1625/1879/1612 1634/1887/1619 1635/1880/1613
f 1627/1315/1116 1635/1880/1613 1644/1888/1620 1636/1324/1125
f 1629/1882/1614 1628/1881/1119 1637/1889/1128 1638/1890/1621
f 1630/1883/1615 1629/1882/1614 1638/1890/1621 1639/1891/1622
f 1631/1884/1616 1630/1883/1615 1639/1891/1622 1640/1892/1623
f 1632/1885/1617 1631/1884/1616 1640/1892/1623 1641/1893/1624
f 1633/1886/1618 1632/1885/1617 1641/1893/1624 1642/1894/1625
f 1634/1887/1619 1633/1886/1618 1642/1894/1625 1643/1895/1626
f 1635/1880/1613 1634/1887/1619 1643/1895/1626 1644/1888/1620
f 1636/1324/1125 1644/1888/1620 1653/1896/1627 1645/1333/1134
f 1638/1890/1621 1637/1889/1128 1646/1897/1137 1647/1898/1628
f 1639/1891/1622 1638/1890/1621 1647/1898/1628 1648/1899/1629
f 1640/1892/1623 1639/1891/1622 1648/1899/1629 1649/1900/1630
f 1641/1893/1624 1640/1892/1623 1649/1900/1630 1650/1901/1631
f 1642/1894/1625 1641/1893/1624 1650/1901/1631 1651/1902/1632
f 1643/1895/1626 1642/1894/1625 1651/1902/1632 1652/1903/1633
f 1644/1888/1620 1643/1895/1626 1652/1903/1633 1653/1896/1627
f 1645/1333/1134 1653/1896/1627 1662/1904/1634 1654/1342/1143
f 1647/1898/1628 1646/1897/1137 1655/1905/1146 1656/1906/1635
f 1648/1899/1629 1647/1898/1628 1656/1906/1635 1657/1907/1636
f 1649/1900/1630 1648/1899/1629 1657/1907/1636 1658/1908/1637
f 1650/1901/1631 1649/1900/1630 1658/1908/1637 1659/1909/1638
f 1651/1902/1632 1650/1901/1631 1659/1909/1638 1660/1910/1639
f 1652/1903/1633 1651/1902/1632 1660/1910/1639 1661/1911/1640
f 1653/1896/1627 1652/1903/1633 1661/1911/1640 1662/1904/1634
f 1654/1342/1143 1662/1904/1634 1669/1912/1641 1663/1351/1152
f 1656/1906/1635 1655/1905/1146 1664/1913/1155 1665/1914/1642
f 1657/1907/1636 1656/1906/1635 1665/1914/1642 1666/1915/1643
f 1658/1908/1637 1657/1907/1636 1666/1915/1643 1667/1916/1644
f 1659/1909/1638 1658/1908/1637 1667/1916/1644 1668/1917/1645
f 1660/1910/1639 1659/1909/1638 1668/1917/1645 1669/1912/1641
f 1661/1911/1640 1660/1910/1639 1669/1912/1641
f 1662/1904/1634 1661/1911/1640 1669/1912/1641
f 1663/1358/1152 1669/1918/1641 1675/1919/1646 1670/1359/1159
f 1665/1920/1642 1664/1364/1155 1671/1363/1161
f 1666/1921/1643 1665/1920/1642 1671/1363/1161 1672/1922/1647
f 1778/1923/1648 1750/1924/1649 1751/1925/1650 1777/1926/1651
f 1669/1918/1641 1668/1927/1645 1674/1928/1652 1675/1919/1646
f 1670/1359/1159 1675/1919/1646 1680/1929/1653 1676/1373/1168
f 1672/1922/1647 1671/1363/1161 1677/1375/1170
f 1673/1930/1654 1672/1922/1647 1677/1375/1170 1678/1931/1655
f 1772/1932/1656 1756/1933/1657 1758/1934/1658 1784/1935/1659
f 1675/1919/1646 1674/1928/1652 1679/1936/1660 1680/1929/1653
f 1676/1373/1168 1680/1929/1653 1685/1937/1661 1681/1383/1178
f 1678/1931/1655 1677/1375/1170 1682/1386/1181 1683/1938/1662
f 1783/1939/1663 1765/1940/1664 1763/1941/1665 1782/1942/1666
f 1680/1929/1653 1679/1936/1660 1684/1943/1667 1685/1937/1661
f 1681/1383/1178 1685/1937/1661 1690/1944/1668 1686/1392/1187
f 1683/1938/1662 1682/1386/1181 1687/1395/1190 1688/1945/1669
f 1685/1937/1661 1684/1943/1667 1689/1946/1670 1690/1944/1668
f 1686/1392/1187 1690/1944/1668 1695/1947/1671 1691/1397/1192
f 1688/1945/1669 1687/1395/1190 1692/1400/1195 1693/1948/1672
f 1780/1949/1673 1762/1950/1674 1764/1951/1675 1771/1952/1676
f 1690/1944/1668 1689/1946/1670 1694/1953/1677 1695/1947/1671
f 1691/1397/1192 1695/1947/1671 1700/1954/1678 1696/1406/1201
f 1693/1948/1672 1692/1400/1195 1697/1409/1204 1698/1955/1679
f 1777/1926/1651 1772/1932/1656 1674/1928/1652 1668/1927/1645
f 1695/1947/1671 1694/1953/1677 1699/1956/1680 1700/1954/1678
f 1696/1406/1201 1700/1954/1678 1705/1957/1681 1701/1411/1206
f 1698/1955/1679 1697/1409/1204 1702/1414/1209 1703/1958/1682
f 1773/1959/1683 1768/1960/1684 1770/1961/1685 1774/1962/1686
f 1700/1954/1678 1699/1956/1680 1704/1963/1687 1705/1957/1681
f 1701/1411/1206 1705/1957/1681 1710/1964/1688 1706/1420/1215
f 1703/1958/1682 1702/1414/1209 1707/1423/1218 1708/1965/1689
f 1775/1966/1690 1757/1967/1691 1755/1968/1692 1776/1969/1693
f 1705/1957/1681 1704/1963/1687 1709/1970/1694 1710/1964/1688
f 1706/1420/1215 1710/1964/1688 1715/1971/1695 1711/1429/1224
f 1708/1965/1689 1707/1423/1218 1712/1432/1227 1713/1972/1696
f 1861/1973/1697 1867/1974/1698 1868/1975/1699 1860/1976/1700
f 1710/1964/1688 1709/1970/1694 1714/1977/1701 1715/1971/1695
f 1711/1429/1224 1715/1971/1695 1720/1978/1702 1716/1438/1233
f 1713/1972/1696 1712/1432/1227 1717/1441/1236 1718/1979/1703
f 1918/1980/1704 1920/1981/1705 1861/1973/1697 1808/1982/1706
f 1715/1971/1695 1714/1977/1701 1719/1983/1707 1720/1978/1702
f 1716/1438/1233 1720/1978/1702 1725/1984/1708 1721/1446/1241
f 1718/1979/1703 1717/1441/1236 1722/1449/1244 1723/1985/1709
f 1770/1961/1685 1860/1976/1700 1859/1986/1710 1774/1962/1686
f 1720/1978/1702 1719/1983/1707 1724/1987/1711 1725/1984/1708
f 1723/1985/1709 1722/1449/1244 1727/1453/1248 1728/1988/1712
f 1860/1976/1700 1868/1975/1699 1869/1989/1713 1859/1986/1710
f 1725/1984/1708 1724/1987/1711 1729/1990/1714 1730/1991/1715
f 1725/1984/1708 1730/1991/1715 1726/1457/1252 1721/1446/1241
f 1558/1822/1561 1734/1992/1716 1733/1993/1717 1557/1818/1559
f 1563/1816/1557 1739/1994/1718 1738/1995/1719 1562/1830/1569
f 1561/1828/1567 1737/1996/1720 1736/1997/1721 1560/1826/1565
f 1559/1824/1563 1735/1998/1722 1734/1992/1716 1558/1822/1561
f 1557/1818/1559 1733/1993/1717 1732/1999/1260 1556/1819/1051
f 1562/1830/1569 1738/1995/1719 1737/1996/1720 1561/1828/1567
f 1555/1243/1044 1731/1466/1261 1739/1994/1718 1563/1816/1557
f 1560/1826/1565 1736/1997/1721 1735/1998/1722 1559/1824/1563
f 1738/1995/1719 1747/2000/1723 1746/2001/1724 1737/1996/1720
f 1731/1466/1261 1740/1470/1265 1748/2002/1725 1739/1994/1718
f 1739/1994/1718 1748/2002/1725 1747/2000/1723 1738/1995/1719
f 1733/1993/1717 1742/2003/1726 1741/2004/1266 1732/1999/1260
f 1734/1992/1716 1743/2005/1727 1742/2003/1726 1733/1993/1717
f 1735/1998/1722 1744/2006/1728 1743/2005/1727 1734/1992/1716
f 1736/1997/1721 1745/2007/1729 1744/2006/1728 1735/1998/1722
f 1737/1996/1720 1746/2001/1724 1745/2007/1729 1736/1997/1721
f 1779/2008/1730 1749/2009/1731 1750/1924/1649 1778/1923/1648
f 1751/1925/1650 1753/2010/1732 1754/2011/1733
f 1750/2012/1649 1752/2013/1734 1753/2014/1732
f 1757/1967/1691 1795/2015/1735 1793/2016/1736 1755/1968/1692
f 1760/2017/1737 1798/2018/1738 1800/2019/1739 1762/1950/1674
f 1793/2016/1736 1810/2020/1740 1809/2021/1741 1755/1968/1692
f 1761/2022/1742 1799/2023/1743 1797/2024/1744 1759/2025/1745
f 1764/1951/1675 1802/2026/1746 1804/2027/1747 1766/2028/1748
f 1781/2029/1749 1864/2030/1750 1862/2031/1751 1769/2032/1752
f 1765/1940/1664 1803/2033/1753 1801/2034/1754 1763/1941/1665
f 1785/2035/1755 1759/2025/1745 1757/1967/1691 1775/1966/1690
f 1771/1952/1676 1764/1951/1675 1766/2028/1748 1786/2036/1756
f 1787/2037/1757 1767/2038/1758 1765/1940/1664 1783/1939/1663
f 1784/1935/1659 1758/1934/1658 1760/2017/1737 1788/2039/1759
f 1789/2040/1760 1761/2022/1742 1759/2025/1745 1785/2035/1755
f 1786/2036/1756 1766/2028/1748 1768/1960/1684 1773/1959/1683
f 1781/2029/1749 1769/2032/1752 1767/2038/1758 1787/2037/1757
f 1788/2039/1759 1760/2017/1737 1762/1950/1674 1780/1949/1673
f 1782/1942/1666 1763/1941/1665 1761/2022/1742 1789/2040/1760
f 1693/1948/1672 1782/1942/1666 1789/2040/1760 1688/1945/1669
f 1684/1943/1667 1788/2039/1759 1780/1949/1673 1689/1946/1670
f 1708/1965/1689 1781/2029/1749 1787/2037/1757 1703/1958/1682
f 1699/1956/1680 1786/2036/1756 1773/1959/1683 1704/1963/1687
f 1688/1945/1669 1789/2040/1760 1785/2035/1755 1683/1938/1662
f 1679/1936/1660 1784/1935/1659 1788/2039/1759 1684/1943/1667
f 1703/1958/1682 1787/2037/1757 1783/1939/1663 1698/1955/1679
f 1694/1953/1677 1771/1952/1676 1786/2036/1756 1699/1956/1680
f 1683/1938/1662 1785/2035/1755 1775/1966/1690 1678/1931/1655
f 1666/2041/1643 1779/2008/1730 1778/1923/1648 1667/2042/1644
f 1678/1931/1655 1775/1966/1690 1776/1969/1693 1673/1930/1654
f 1704/1963/1687 1773/1959/1683 1774/1962/1686 1709/1970/1694
f 1751/1925/1650 1756/1933/1657 1772/1932/1656 1777/1926/1651
f 1689/1946/1670 1780/1949/1673 1771/1952/1676 1694/1953/1677
f 1967/2043/1761 1968/2044/1762 1873/2045/1763 1865/2046/1764
f 1698/1955/1679 1783/1939/1663 1782/1942/1666 1693/1948/1672
f 1674/1928/1652 1772/1932/1656 1784/1935/1659 1679/1936/1660
f 1667/2042/1644 1778/1923/1648 1777/1926/1651 1668/1927/1645
f 1776/1969/1693 1792/2047/1765 1791/2048/1766 1673/1930/1654
f 1673/1930/1654 1791/2048/1766 1790/2049/1767 1672/1922/1647
f 1790/2050/1767 1666/2041/1643 1672/2051/1647
f 1792/2047/1765 1749/2052/1731 1791/2048/1766
f 1790/2050/1767 1779/2008/1730 1666/2041/1643
f 1965/2053/1768 1847/2054/1769 1845/2055/1770 1961/2056/1771
f 1964/2057/1772 1837/2058/1773 1835/2059/1774 1962/2060/1775
f 1992/2061/1776 1840/2062/1777 1842/2063/1778 1978/2064/1779
f 1954/2065/1780 1833/2066/1781 1849/2067/1782 1957/2068/1783
f 1963/2069/1784 1841/2070/1785 1839/2071/1786 1956/2072/1787
f 1991/2073/1788 1844/2074/1789 1846/2075/1790 1977/2076/1791
f 1989/2077/1792 1855/2078/1793 1854/2079/1794 1974/2080/1795
f 1767/2038/1758 1805/2081/1796 1803/2033/1753 1765/1940/1664
f 1756/1933/1657 1794/2082/1797 1796/2083/1798 1758/1934/1658
f 1766/2028/1748 1804/2027/1747 1806/2084/1799 1768/1960/1684
f 1763/1941/1665 1801/2034/1754 1799/2023/1743 1761/2022/1742
f 1762/1950/1674 1800/2019/1739 1802/2026/1746 1764/1951/1675
f 1759/2025/1745 1797/2024/1744 1795/2015/1735 1757/1967/1691
f 1769/2032/1752 1807/2085/1800 1805/2081/1796 1767/2038/1758
f 1758/1934/1658 1796/2083/1798 1798/2018/1738 1760/2017/1737
f 1768/1960/1684 1806/2084/1799 1808/1982/1706 1770/1961/1685
f 1809/2021/1741 1792/2047/1765 1776/1969/1693 1755/1968/1692
f 1791/2086/1766 1749/2009/1731 1779/2008/1730
f 1792/2047/1765 1809/2021/1741 1749/2052/1731
f 1809/2021/1741 1752/2013/1734 1749/2052/1731
f 1751/1925/1650 1811/2087/1801 1794/2082/1797 1756/1933/1657
f 1976/2088/1802 1834/2089/1803 1836/2090/1804 1975/2091/1805
f 1990/2092/1806 1850/2093/1807 1834/2089/1803 1976/2088/1802
f 1754/2011/1733 1814/2094/1808 1811/2087/1801 1751/1925/1650
f 1813/2095/1809 1812/2096/1810 1809/2021/1741 1810/2020/1740
f 1753/2010/1732 1816/2097/1811 1817/2098/1812 1754/2011/1733
f 1812/2096/1810 1818/2099/1813 1815/2100/1814 1752/2013/1734
f 1818/2099/1813 1824/2101/1815 1821/2102/1816 1815/2100/1814
f 1817/2098/1812 1823/2103/1817 1826/2104/1818 1820/2105/1819
f 1813/2095/1809 1819/2106/1820 1818/2099/1813 1812/2096/1810
f 1961/2056/1771 1845/2055/1770 1843/2107/1821 1953/2108/1822
f 1752/2013/1734 1815/2100/1814 1816/2109/1811 1753/2014/1732
f 1754/2011/1733 1817/2098/1812 1820/2105/1819 1814/2094/1808
f 1823/2103/1817 1828/2110/1823 1829/2111/1824
f 1962/2060/1775 1835/2059/1774 1833/2066/1781 1954/2065/1780
f 1815/2100/1814 1821/2102/1816 1822/2112/1825 1816/2109/1811
f 1819/2106/1820 1825/2113/1826 1824/2101/1815 1818/2099/1813
f 1831/2114/1827 1857/2115/1828 1858/2116/1829 1832/2117/1830
f 1816/2097/1811 1822/2118/1825 1823/2103/1817 1817/2098/1812
f 1830/2119/1831 1829/2120/1824 1828/2121/1823 1827/2122/1832
f 1831/2114/1827 1832/2117/1830 2006/2123/1833 2007/2124/1834
f 1951/2125/1835 2006/2126/1833 1994/2127/1836 1950/2128/1837
f 1824/2101/1815 1827/2122/1832 1821/2102/1816
f 1821/2102/1816 1827/2122/1832 1828/2121/1823 1822/2112/1825
f 1830/2119/1831 1948/2129/1838 2007/2124/1834
f 1834/2130/1803 1833/2066/1781 1835/2059/1774 1836/2131/1804
f 1836/2131/1804 1835/2059/1774 1837/2058/1773 1838/2132/1839
f 1838/2132/1839 1837/2058/1773 1839/2071/1786 1840/2133/1777
f 1840/2133/1777 1839/2071/1786 1841/2070/1785 1842/2134/1778
f 1842/2134/1778 1841/2070/1785 1843/2107/1821 1844/2135/1789
f 1844/2135/1789 1843/2107/1821 1845/2055/1770 1846/2136/1790
f 1846/2136/1790 1845/2055/1770 1847/2054/1769 1848/2137/1840
f 1850/2138/1807 1849/2067/1782 1833/2066/1781 1834/2130/1803
f 1850/2138/1807 1852/2139/1841 1851/2140/1842 1849/2067/1782
f 1852/2139/1841 1854/2141/1794 1853/2142/1843 1851/2140/1842
f 1855/2143/1793 1858/2116/1829 1857/2115/1828 1856/2144/1844
f 1854/2141/1794 1855/2143/1793 1856/2144/1844 1853/2142/1843
f 1966/2145/1845 1853/2142/1843 1856/2144/1844 1958/2146/1846
f 1989/2077/1792 1981/2147/1847 1858/2148/1829 1855/2078/1793
f 1975/2091/1805 1836/2090/1804 1838/2149/1839 1979/2150/1848
f 1977/2076/1791 1846/2075/1790 1848/2151/1840 1980/2152/1849
f 1953/2108/1822 1843/2107/1821 1841/2070/1785 1963/2069/1784
f 1957/2068/1783 1849/2067/1782 1851/2140/1842 1959/2153/1850
f 1959/2153/1850 1851/2140/1842 1853/2142/1843 1966/2145/1845
f 1769/2032/1752 1862/2031/1751 1863/2154/1851 1807/2085/1800
f 1978/2064/1779 1842/2063/1778 1844/2074/1789 1991/2073/1788
f 1955/2155/1852 1960/2156/1853 1857/2115/1828 1831/2114/1827
f 1993/2157/1854 1852/2158/1841 1850/2093/1807 1990/2092/1806
f 1956/2072/1787 1839/2071/1786 1837/2058/1773 1964/2057/1772
f 1974/2080/1795 1854/2079/1794 1852/2158/1841 1993/2157/1854
f 1979/2150/1848 1838/2149/1839 1840/2062/1777 1992/2061/1776
f 1936/2159/1855 1946/2160/1856 1825/2113/1826
f 1947/2161/1857 1955/2155/1852 2007/2124/1834 1948/2129/1838
f 1829/2111/1824 1951/2125/1835 1823/2103/1817
f 1950/2128/1837 1949/2162/1858 1826/2104/1818
f 1830/2119/1831 1827/2122/1832 1824/2101/1815
f 1822/2118/1825 1828/2110/1823 1823/2103/1817
f 1965/2053/1768 1967/2043/1761 1865/2046/1764 1847/2054/1769
f 1808/1982/1706 1861/1973/1697 1860/1976/1700 1770/1961/1685
f 1847/2054/1769 1865/2046/1764 1866/2163/1859 1848/2137/1840
f 1871/2164/1860 1879/2165/1861 1880/2166/1862 1872/2167/1863
f 1968/2044/1762 1969/2168/1864 1881/2169/1865 1873/2045/1763
f 1868/1975/1699 1876/2170/1866 1877/2171/1867 1869/1989/1713
f 1920/1981/1705 1921/2172/1868 1867/1974/1698 1861/1973/1697
f 1865/2046/1764 1873/2045/1763 1874/2173/1869 1866/2163/1859
f 1864/2030/1750 1870/2174/1870 1871/2164/1860 1862/2031/1751
f 1862/2031/1751 1871/2164/1860 1872/2167/1863 1863/2154/1851
f 1881/2169/1865 1889/2175/1871 1890/2176/1872 1882/2177/1873
f 1922/2178/1874 1923/2179/1875 1883/2180/1876 1875/2181/1877
f 1870/2174/1870 1878/2182/1878 1879/2165/1861 1871/2164/1860
f 1867/1974/1698 1875/2181/1877 1876/2170/1866 1868/1975/1699
f 1921/2172/1868 1922/2178/1874 1875/2181/1877 1867/1974/1698
f 1873/2045/1763 1881/2169/1865 1882/2177/1873 1874/2173/1869
f 1713/1972/1696 1864/2030/1750 1781/2029/1749 1708/1965/1689
f 1885/2183/1879 1892/2184/1880 1729/1990/1714
f 1889/2175/1871 1896/2185/1881 1897/2186/1882 1890/2176/1872
f 1876/2170/1866 1884/2187/1883 1885/2183/1879 1877/2171/1867
f 1969/2168/1864 1970/2188/1884 1889/2175/1871 1881/2169/1865
f 1879/2165/1861 1887/2189/1885 1888/2190/1886 1880/2166/1862
f 1878/2182/1878 1886/2191/1887 1887/2189/1885 1879/2165/1861
f 1875/2181/1877 1883/2180/1876 1884/2187/1883 1876/2170/1866
f 1718/1979/1703 1870/2174/1870 1864/2030/1750 1713/1972/1696
f 1723/1985/1709 1878/2182/1878 1870/2174/1870 1718/1979/1703
f 1728/1988/1712 1886/2191/1887 1878/2182/1878 1723/1985/1709
f 1859/1986/1710 1714/1977/1701 1709/1970/1694 1774/1962/1686
f 1869/1989/1713 1719/1983/1707 1714/1977/1701 1859/1986/1710
f 1877/2171/1867 1724/1987/1711 1719/1983/1707 1869/1989/1713
f 1885/2183/1879 1729/1990/1714 1724/1987/1711 1877/2171/1867
f 1899/1660/1429 1893/1663/1432 1952/2192/1888 1997/2193/1889
f 1970/2188/1884 1971/2194/1890 1896/2185/1881 1889/2175/1871
f 1887/2189/1885 1894/2195/1891 1895/2196/1892 1888/2190/1886
f 1886/2191/1887 1894/2195/1891 1887/2189/1885
f 1883/2180/1876 1891/2197/1893 1892/2184/1880 1884/2187/1883
f 1923/2179/1875 1924/2198/1894 1891/2197/1893 1883/2180/1876
f 1972/2199/1895 1973/1672/1441 1906/1671/1440 1902/2200/1896
f 2001/2201/1897 1925/2202/1898 1898/2203/1899 1998/2204/1900
f 2000/2205/1901 1902/2200/1896 1903/2206/1902 1999/2207/1903
f 1892/2184/1880 1997/2193/1889 1952/2192/1888
f 2003/2208/1904 1972/2199/1895 1902/2200/1896 2000/2205/1901
f 1925/2202/1898 1926/1682/1451 1904/1681/1450 1898/2203/1899
f 1902/2200/1896 1906/1671/1440 1907/1683/1452 1903/2206/1902
f 1728/1988/1712 1727/1453/1248 2005/2209/1905 1996/2210/1906
f 1884/2187/1883 1892/2184/1880 1885/2183/1879
f 1987/2211/1907 1988/1687/1456 1926/1682/1451 1925/2202/1898
f 2004/2212/1908 1987/2211/1907 1925/2202/1898 2001/2201/1897
f 1985/2213/1909 1986/2214/1910 1924/2198/1894 1923/2179/1875
f 1983/2215/1911 1984/2216/1912 1922/2178/1874 1921/2172/1868
f 1984/2216/1912 1985/2213/1909 1923/2179/1875 1922/2178/1874
f 1982/2217/1913 1983/2215/1911 1921/2172/1868 1920/1981/1705
f 1798/2018/1738 1917/2218/1914 1916/2219/1915 1800/2019/1739
f 1820/2105/1819 1909/2220/1916 1919/2221/1917 1814/2094/1808
f 1814/2094/1808 1919/2221/1917 1911/2222/1918 1811/2087/1801
f 1802/2026/1746 1915/2223/1919 1914/2224/1920 1804/2027/1747
f 1806/2084/1799 1913/2225/1921 1918/1980/1704 1808/1982/1706
f 1796/2083/1798 1910/2226/1922 1917/2218/1914 1798/2018/1738
f 1811/2087/1801 1911/2222/1918 1912/2227/1923 1794/2082/1797
f 1794/2082/1797 1912/2227/1923 1910/2226/1922 1796/2083/1798
f 1826/2104/1818 1908/2228/1924 1909/2220/1916 1820/2105/1819
f 1804/2027/1747 1914/2224/1920 1913/2225/1921 1806/2084/1799
f 1800/2019/1739 1916/2219/1915 1915/2223/1919 1802/2026/1746
f 1980/2152/1849 1982/2217/1913 1920/1981/1705 1918/1980/1704
f 1995/2229/1925 1901/2230/1926 1944/2231/1927 2002/2232/1928
f 1901/2230/1926 1905/1710/1479 1945/1709/1478 1944/2231/1927
f 1888/2190/1886 1895/2196/1892 1943/2233/1929 1942/2234/1930
f 1880/2166/1862 1888/2190/1886 1942/2234/1930 1941/2235/1931
f 1872/2167/1863 1880/2166/1862 1941/2235/1931 1940/2236/1932
f 1807/2085/1800 1863/2154/1851 1939/2237/1933 1935/2238/1934
f 1799/2023/1743 1931/2239/1935 1934/2240/1936 1797/2024/1744
f 1813/2095/1809 1938/2241/1937 1937/2242/1938 1819/2106/1820
f 1810/2020/1740 1933/2243/1939 1938/2241/1937 1813/2095/1809
f 1803/2033/1753 1928/2244/1940 1932/2245/1941 1801/2034/1754
f 1819/2106/1820 1937/2242/1938 1936/2159/1855 1825/2113/1826
f 1795/2015/1735 1929/2246/1942 1930/2247/1943 1793/2016/1736
f 1805/2081/1796 1927/2248/1944 1928/2244/1940 1803/2033/1753
f 1801/2034/1754 1932/2245/1941 1931/2239/1935 1799/2023/1743
f 1793/2016/1736 1930/2247/1943 1933/2243/1939 1810/2020/1740
f 1797/2024/1744 1934/2240/1936 1929/2246/1942 1795/2015/1735
f 1807/2085/1800 1935/2238/1934 1927/2248/1944 1805/2081/1796
f 1863/2154/1851 1872/2167/1863 1940/2236/1932 1939/2237/1933
f 1825/2113/1826 1947/2161/1857 1948/2129/1838 1824/2101/1815
f 1825/2113/1826 1946/2160/1856 1947/2161/1857
f 1958/2146/1846 1960/2156/1853 1946/2160/1856 1936/2159/1855
f 1824/2101/1815 1948/2129/1838 1830/2119/1831
f 1823/2103/1817 1951/2125/1835 1950/2128/1837 1826/2104/1818
f 1994/2127/1836 1981/2147/1847 1949/2162/1858 1950/2128/1837
f 1826/2104/1818 1949/2162/1858 1908/2228/1924
f 1892/2184/1880 1952/2192/1888 1729/1990/1714
f 1856/2144/1844 1857/2115/1828 1960/2156/1853 1958/2146/1846
f 2002/2232/1928 1944/2231/1927 1972/2199/1895 2003/2208/1904
f 1944/2231/1927 1945/1709/1478 1973/1672/1441 1972/2199/1895
f 1942/2234/1930 1943/2233/1929 1971/2194/1890 1970/2188/1884
f 1941/2235/1931 1942/2234/1930 1970/2188/1884 1969/2168/1864
f 1940/2236/1932 1941/2235/1931 1969/2168/1864 1968/2044/1762
f 1935/2238/1934 1939/2237/1933 1967/2043/1761 1965/2053/1768
f 1931/2239/1935 1956/2072/1787 1964/2057/1772 1934/2240/1936
f 1947/2161/1857 1946/2160/1856 1960/2156/1853 1955/2155/1852
f 1938/2241/1937 1959/2153/1850 1966/2145/1845 1937/2242/1938
f 1933/2243/1939 1957/2068/1783 1959/2153/1850 1938/2241/1937
f 1928/2244/1940 1953/2108/1822 1963/2069/1784 1932/2245/1941
f 1937/2242/1938 1966/2145/1845 1958/2146/1846 1936/2159/1855
f 1929/2246/1942 1962/2060/1775 1954/2065/1780 1930/2247/1943
f 1927/2248/1944 1961/2056/1771 1953/2108/1822 1928/2244/1940
f 1932/2245/1941 1963/2069/1784 1956/2072/1787 1931/2239/1935
f 1930/2247/1943 1954/2065/1780 1957/2068/1783 1933/2243/1939
f 1934/2240/1936 1964/2057/1772 1962/2060/1775 1929/2246/1942
f 1935/2238/1934 1965/2053/1768 1961/2056/1771 1927/2248/1944
f 1939/2237/1933 1940/2236/1932 1968/2044/1762 1967/2043/1761
f 1832/2249/1830 1858/2148/1829 1981/2147/1847 1994/2127/1836
f 1848/2151/1840 1866/2250/1859 1982/2217/1913 1980/2152/1849
f 1866/2250/1859 1874/2251/1869 1983/2215/1911 1982/2217/1913
f 1882/2252/1873 1890/2253/1872 1985/2213/1909 1984/2216/1912
f 1874/2251/1869 1882/2252/1873 1984/2216/1912 1983/2215/1911
f 1890/2253/1872 1897/2254/1882 1986/2214/1910 1985/2213/1909
f 1999/2255/1903 1903/2256/1902 1987/2211/1907 2004/2212/1908
f 1903/2256/1902 1907/1735/1452 1988/1687/1456 1987/2211/1907
f 1917/2218/1914 1979/2150/1848 1992/2061/1776 1916/2219/1915
f 1909/2220/1916 1974/2080/1795 1993/2157/1854 1919/2221/1917
f 1919/2221/1917 1993/2157/1854 1990/2092/1806 1911/2222/1918
f 1915/2223/1919 1978/2064/1779 1991/2073/1788 1914/2224/1920
f 1913/2225/1921 1977/2076/1791 1980/2152/1849 1918/1980/1704
f 1910/2226/1922 1975/2091/1805 1979/2150/1848 1917/2218/1914
f 1908/2228/1924 1949/2162/1858 1981/2147/1847 1989/2077/1792
f 1911/2222/1918 1990/2092/1806 1976/2088/1802 1912/2227/1923
f 1912/2227/1923 1976/2088/1802 1975/2091/1805 1910/2226/1922
f 1908/2228/1924 1989/2077/1792 1974/2080/1795 1909/2220/1916
f 1914/2224/1920 1991/2073/1788 1977/2076/1791 1913/2225/1921
f 1916/2219/1915 1992/2061/1776 1978/2064/1779 1915/2223/1919
f 1897/2254/1882 1999/2255/1903 2004/2212/1908 1986/2214/1910
f 1943/2233/1929 2002/2232/1928 2003/2208/1904 1971/2194/1890
f 1895/2196/1892 1995/2229/1925 2002/2232/1928 1943/2233/1929
f 1986/2214/1910 2004/2212/1908 2001/2201/1897 1924/2198/1894
f 1971/2194/1890 2003/2208/1904 2000/2205/1901 1896/2185/1881
f 1896/2185/1881 2000/2205/1901 1999/2207/1903 1897/2186/1882
f 1924/2198/1894 2001/2201/1897 1998/2204/1900 1891/2197/1893
f 1894/2195/1891 1996/2210/1906 1995/2229/1925 1895/2196/1892
f 1891/2197/1893 1998/2204/1900 1997/2193/1889 1892/2184/1880
f 1886/2191/1887 1728/1988/1712 1996/2210/1906 1894/2195/1891
f 1996/2210/1906 2005/2209/1905 1901/2230/1926 1995/2229/1925
f 1727/1453/1248 1900/1815/1556 2005/2209/1905
f 1901/2230/1926 2005/2209/1905 1900/1815/1556 1905/1710/1479
f 1729/1990/1714 1952/2192/1888 1730/1991/1715
f 1730/1991/1715 1952/2192/1888 1893/1663/1432 1726/1457/1252
f 1998/2204/1900 1898/2203/1899 1997/2193/1889
f 1899/1660/1429 1997/2193/1889 1898/2203/1899 1904/1681/1450
f 1791/2086/1766 1779/2008/1730 1790/2050/1767
f 1749/2052/1731 1752/2013/1734 1750/2012/1649
f 1812/2096/1810 1752/2013/1734 1809/2021/1741
f 1750/1924/1649 1753/2010/1732 1751/1925/1650
f 2006/2126/1833 1951/2125/1835 1829/2111/1824
f 2006/2126/1833 1832/2249/1830 1994/2127/1836
f 1955/2155/1852 1831/2114/1827 2007/2124/1834
f 2006/2123/1833 1829/2120/1824 1830/2119/1831 2007/2124/1834
f 2008/2257/1945 2009/2258/1946 2011/2259/1947 2010/2260/1948
f 2010/2260/1948 2011/2259/1947 2013/2261/1949 2012/2262/1950
f 2012/2262/1950 2013/2261/1949 2015/2263/1951 2014/2264/1952
f 2014/2264/1952 2015/2263/1951 2017/2265/1953 2016/2266/1954
f 2018/2267/1955 2019/2268/1956 2011/2269/1947 2009/2270/1946
f 2019/2268/1956 2020/2271/1957 2013/2272/1949 2011/2269/1947
f 2020/2271/1957 2021/2273/1958 2015/2274/1951 2013/2272/1949
f 2021/2273/1958 2022/2275/1959 2017/2276/1953 2015/2274/1951
f 2016/2266/1954 2022/2277/1959 2021/2278/1958 2014/2264/1952
f 2012/2262/1950 2020/2279/1957 2019/2280/1956 2010/2260/1948
f 2008/2257/1945 2018/2281/1955 2009/2258/1946
f 2014/2264/1952 2021/2278/1958 2020/2279/1957 2012/2262/1950
f 2010/2260/1948 2019/2280/1956 2018/2281/1955 2008/2257/1945
f 2017/2265/1953 2022/2277/1959 2016/2266/1954
f 2471/2282/1960 2480/2283/1961 2036/2284/1962 2029/2285/1963
f 2023/2286/1964 2030/2287/1965 2481/2288/1966 2472/2289/1967
f 2024/2290/1968 2031/2291/1969 2030/2287/1965 2023/2286/1964
f 2025/2292/1970 2032/2293/1971 2031/2291/1969 2024/2290/1968
f 2026/2294/1972 2033/2295/1973 2032/2293/1971 2025/2292/1970
f 2027/2296/1974 2034/2297/1975 2033/2295/1973 2026/2294/1972
f 2028/2298/1976 2035/2299/1977 2034/2297/1975 2027/2296/1974
f 2029/2285/1963 2036/2284/1962 2035/2299/1977 2028/2298/1976
f 2480/2283/1961 2489/2300/1978 2043/2301/1979 2036/2284/1962
f 2030/2287/1965 2037/2302/1980 2490/2303/1981 2481/2288/1966
f 2031/2291/1969 2038/2304/1982 2037/2302/1980 2030/2287/1965
f 2032/2293/1971 2039/2305/1983 2038/2304/1982 2031/2291/1969
f 2033/2295/1973 2040/2306/1984 2039/2305/1983 2032/2293/1971
f 2034/2297/1975 2041/2307/1985 2040/2306/1984 2033/2295/1973
f 2035/2299/1977 2042/2308/1986 2041/2307/1985 2034/2297/1975
f 2036/2284/1962 2043/2301/1979 2042/2308/1986 2035/2299/1977
f 2489/2300/1978 2498/2309/1987 2050/2310/1988 2043/2301/1979
f 2037/2302/1980 2044/2311/1989 2499/2312/1990 2490/2303/1981
f 2038/2304/1982 2045/2313/1991 2044/2311/1989 2037/2302/1980
f 2039/2305/1983 2046/2314/1992 2045/2313/1991 2038/2304/1982
f 2040/2306/1984 2047/2315/1993 2046/2314/1992 2039/2305/1983
f 2041/2307/1985 2048/2316/1994 2047/2315/1993 2040/2306/1984
f 2042/2308/1986 2049/2317/1995 2048/2316/1994 2041/2307/1985
f 2043/2301/1979 2050/2310/1988 2049/2317/1995 2042/2308/1986
f 2498/2309/1987 2507/2318/1996 2057/2319/1997 2050/2310/1988
f 2044/2311/1989 2051/2320/1998 2508/2321/1999 2499/2312/1990
f 2045/2313/1991 2052/2322/2000 2051/2320/1998 2044/2311/1989
f 2046/2314/1992 2053/2323/2001 2052/2322/2000 2045/2313/1991
f 2047/2315/1993 2054/2324/2002 2053/2323/2001 2046/2314/1992
f 2048/2316/1994 2055/2325/2003 2054/2324/2002 2047/2315/1993
f 2049/2317/1995 2056/2326/2004 2055/2325/2003 2048/2316/1994
f 2050/2310/1988 2057/2319/1997 2056/2326/2004 2049/2317/1995
f 2507/2318/1996 2516/2327/2005 2064/2328/2006 2057/2319/1997
f 2051/2320/1998 2058/2329/2007 2517/2330/2008 2508/2321/1999
f 2052/2322/2000 2059/2331/2009 2058/2329/2007 2051/2320/1998
f 2053/2323/2001 2060/2332/2010 2059/2331/2009 2052/2322/2000
f 2054/2324/2002 2061/2333/2011 2060/2332/2010 2053/2323/2001
f 2055/2325/2003 2062/2334/2012 2061/2333/2011 2054/2324/2002
f 2056/2326/2004 2063/2335/2013 2062/2334/2012 2055/2325/2003
f 2057/2319/1997 2064/2328/2006 2063/2335/2013 2056/2326/2004
f 2516/2327/2005 2525/2336/2014 2071/2337/2015 2064/2328/2006
f 2058/2329/2007 2065/2338/2016 2526/2339/2017 2517/2330/2008
f 2059/2331/2009 2066/2340/2018 2065/2338/2016 2058/2329/2007
f 2060/2332/2010 2067/2341/2019 2066/2340/2018 2059/2331/2009
f 2061/2333/2011 2068/2342/2020 2067/2341/2019 2060/2332/2010
f 2062/2334/2012 2069/2343/2021 2068/2342/2020 2061/2333/2011
f 2063/2335/2013 2070/2344/2022 2069/2343/2021 2062/2334/2012
f 2064/2328/2006 2071/2337/2015 2070/2344/2022 2063/2335/2013
f 2525/2336/2014 2534/2345/2023 2078/2346/2024 2071/2337/2015
f 2065/2338/2016 2072/2347/2025 2535/2348/2026 2526/2339/2017
f 2066/2340/2018 2073/2349/2027 2072/2347/2025 2065/2338/2016
f 2067/2341/2019 2074/2350/2028 2073/2349/2027 2066/2340/2018
f 2068/2342/2020 2075/2351/2029 2074/2350/2028 2067/2341/2019
f 2069/2343/2021 2076/2352/2030 2075/2351/2029 2068/2342/2020
f 2070/2344/2022 2077/2353/2031 2076/2352/2030 2069/2343/2021
f 2071/2337/2015 2078/2346/2024 2077/2353/2031 2070/2344/2022
f 2534/2345/2023 2543/2354/2032 2085/2355/2033 2078/2346/2024
f 2072/2347/2025 2079/2356/2034 2544/2357/2035 2535/2348/2026
f 2073/2349/2027 2080/2358/2036 2079/2356/2034 2072/2347/2025
f 2074/2350/2028 2081/2359/2037 2080/2358/2036 2073/2349/2027
f 2075/2351/2029 2082/2360/2038 2081/2359/2037 2074/2350/2028
f 2076/2352/2030 2083/2361/2039 2082/2360/2038 2075/2351/2029
f 2077/2353/2031 2084/2362/2040 2083/2361/2039 2076/2352/2030
f 2078/2346/2024 2085/2355/2033 2084/2362/2040 2077/2353/2031
f 2543/2354/2032 2552/2363/2041 2092/2364/2042 2085/2355/2033
f 2079/2356/2034 2086/2365/2043 2553/2366/2044 2544/2357/2035
f 2080/2358/2036 2087/2367/2045 2086/2365/2043 2079/2356/2034
f 2081/2359/2037 2088/2368/2046 2087/2367/2045 2080/2358/2036
f 2082/2360/2038 2089/2369/2047 2088/2368/2046 2081/2359/2037
f 2083/2361/2039 2090/2370/2048 2089/2369/2047 2082/2360/2038
f 2084/2362/2040 2091/2371/2049 2090/2370/2048 2083/2361/2039
f 2085/2355/2033 2092/2364/2042 2091/2371/2049 2084/2362/2040
f 2552/2363/2041 2561/2372/2050 2099/2373/2051 2092/2364/2042
f 2086/2365/2043 2093/2374/2052 2562/2375/2053 2553/2366/2044
f 2087/2367/2045 2094/2376/2054 2093/2374/2052 2086/2365/2043
f 2088/2368/2046 2095/2377/2055 2094/2376/2054 2087/2367/2045
f 2089/2369/2047 2096/2378/2056 2095/2377/2055 2088/2368/2046
f 2090/2370/2048 2097/2379/2057 2096/2378/2056 2089/2369/2047
f 2091/2371/2049 2098/2380/2058 2097/2379/2057 2090/2370/2048
f 2092/2364/2042 2099/2373/2051 2098/2380/2058 2091/2371/2049
f 2561/2372/2050 2570/2381/2059 2106/2382/2060 2099/2373/2051
f 2093/2374/2052 2100/2383/2061 2571/2384/2062 2562/2375/2053
f 2094/2376/2054 2101/2385/2063 2100/2383/2061 2093/2374/2052
f 2095/2377/2055 2102/2386/2064 2101/2385/2063 2094/2376/2054
f 2096/2378/2056 2103/2387/2065 2102/2386/2064 2095/2377/2055
f 2097/2379/2057 2104/2388/2066 2103/2387/2065 2096/2378/2056
f 2098/2380/2058 2105/2389/2067 2104/2388/2066 2097/2379/2057
f 2099/2373/2051 2106/2382/2060 2105/2389/2067 2098/2380/2058
f 2570/2381/2059 2579/2390/2068 2111/2391/2069 2106/2382/2060
f 2100/2383/2061 2107/2392/2070 2580/2393/2071 2571/2384/2062
f 2101/2385/2063 2108/2394/2072 2107/2392/2070 2100/2383/2061
f 2102/2386/2064 2109/2395/2073 2108/2394/2072 2101/2385/2063
f 2103/2387/2065 2110/2396/2074 2109/2395/2073 2102/2386/2064
f 2104/2388/2066 2111/2391/2069 2110/2396/2074 2103/2387/2065
f 2105/2389/2067 2111/2391/2069 2104/2388/2066
f 2106/2382/2060 2111/2391/2069 2105/2389/2067
f 2579/2397/2068 2586/2398/2075 2115/2399/2076 2111/2400/2069
f 2107/2401/2070 2587/2402/2077 2580/2403/2071
f 2108/2404/2072 2112/2405/2078 2587/2402/2077 2107/2401/2070
f 2192/2406/2079 2191/2407/2080 2165/2408/2081 2164/2409/2082
f 2111/2400/2069 2115/2399/2076 2114/2410/2083 2110/2411/2074
f 2586/2398/2075 2592/2412/2084 2118/2413/2085 2115/2399/2076
f 2112/2405/2078 2593/2414/2086 2587/2402/2077
f 2113/2415/2087 2116/2416/2088 2593/2414/2086 2112/2405/2078
f 2186/2417/2089 2198/2418/2090 2172/2419/2091 2170/2420/2092
f 2115/2399/2076 2118/2413/2085 2117/2421/2093 2114/2410/2083
f 2592/2412/2084 2597/2422/2094 2121/2423/2095 2118/2413/2085
f 2116/2416/2088 2119/2424/2096 2598/2425/2097 2593/2414/2086
f 2197/2426/2098 2196/2427/2099 2177/2428/2100 2179/2429/2101
f 2118/2413/2085 2121/2423/2095 2120/2430/2102 2117/2421/2093
f 2597/2422/2094 2602/2431/2103 2124/2432/2104 2121/2423/2095
f 2119/2424/2096 2122/2433/2105 2603/2434/2106 2598/2425/2097
f 2121/2423/2095 2124/2432/2104 2123/2435/2107 2120/2430/2102
f 2602/2431/2103 2607/2436/2108 2127/2437/2109 2124/2432/2104
f 2122/2433/2105 2125/2438/2110 2608/2439/2111 2603/2434/2106
f 2194/2440/2112 2185/2441/2113 2178/2442/2114 2176/2443/2115
f 2124/2432/2104 2127/2437/2109 2126/2444/2116 2123/2435/2107
f 2607/2436/2108 2612/2445/2117 2130/2446/2118 2127/2437/2109
f 2125/2438/2110 2128/2447/2119 2613/2448/2120 2608/2439/2111
f 2191/2407/2080 2110/2411/2074 2114/2410/2083 2186/2417/2089
f 2127/2437/2109 2130/2446/2118 2129/2449/2121 2126/2444/2116
f 2612/2445/2117 2617/2450/2122 2133/2451/2123 2130/2446/2118
f 2128/2447/2119 2131/2452/2124 2618/2453/2125 2613/2448/2120
f 2187/2454/2126 2188/2455/2127 2184/2456/2128 2182/2457/2129
f 2130/2446/2118 2133/2451/2123 2132/2458/2130 2129/2449/2121
f 2617/2450/2122 2622/2459/2131 2136/2460/2132 2133/2451/2123
f 2131/2452/2124 2134/2461/2133 2623/2462/2134 2618/2453/2125
f 2189/2463/2135 2190/2464/2136 2169/2465/2137 2171/2466/2138
f 2133/2451/2123 2136/2460/2132 2135/2467/2139 2132/2458/2130
f 2622/2459/2131 2627/2468/2140 2139/2469/2141 2136/2460/2132
f 2134/2461/2133 2137/2470/2142 2628/2471/2143 2623/2462/2134
f 2275/2472/2144 2274/2473/2145 2282/2474/2146 2281/2475/2147
f 2136/2460/2132 2139/2469/2141 2138/2476/2148 2135/2467/2139
f 2627/2468/2140 2632/2477/2149 2142/2478/2150 2139/2469/2141
f 2137/2470/2142 2140/2479/2151 2633/2480/2152 2628/2471/2143
f 2325/2481/2153 2222/2482/2154 2275/2472/2144 2327/2483/2155
f 2139/2469/2141 2142/2478/2150 2141/2484/2156 2138/2476/2148
f 2632/2477/2149 2637/2485/2157 2145/2486/2158 2142/2478/2150
f 2140/2479/2151 2143/2487/2159 2638/2488/2160 2633/2480/2152
f 2184/2456/2128 2188/2455/2127 2273/2489/2161 2274/2473/2145
f 2142/2478/2150 2145/2486/2158 2144/2490/2162 2141/2484/2156
f 2143/2487/2159 2146/2491/2163 2643/2492/2164 2638/2488/2160
f 2274/2473/2145 2273/2489/2161 2283/2493/2165 2282/2474/2146
f 2145/2486/2158 2148/2494/2166 2147/2495/2167 2144/2490/2162
f 2145/2486/2158 2637/2485/2157 2642/2496/2168 2148/2494/2166
f 2024/2290/1968 2023/2286/1964 2149/2497/2169 2150/2498/2170
f 2029/2285/1963 2028/2298/1976 2154/2499/2171 2155/2500/2172
f 2027/2296/1974 2026/2294/1972 2152/2501/2173 2153/2502/2174
f 2025/2292/1970 2024/2290/1968 2150/2498/2170 2151/2503/2175
f 2023/2286/1964 2472/2289/1967 2648/2504/2176 2149/2497/2169
f 2028/2298/1976 2027/2296/1974 2153/2502/2174 2154/2499/2171
f 2471/2282/1960 2029/2285/1963 2155/2500/2172 2647/2505/2177
f 2026/2294/1972 2025/2292/1970 2151/2503/2175 2152/2501/2173
f 2154/2499/2171 2153/2502/2174 2160/2506/2178 2161/2507/2179
f 2647/2505/2177 2155/2500/2172 2162/2508/2180 2656/2509/2181
f 2155/2500/2172 2154/2499/2171 2161/2507/2179 2162/2508/2180
f 2149/2497/2169 2648/2504/2176 2657/2510/2182 2156/2511/2183
f 2150/2498/2170 2149/2497/2169 2156/2511/2183 2157/2512/2184
f 2151/2503/2175 2150/2498/2170 2157/2512/2184 2158/2513/2185
f 2152/2501/2173 2151/2503/2175 2158/2513/2185 2159/2514/2186
f 2153/2502/2174 2152/2501/2173 2159/2514/2186 2160/2506/2178
f 2193/2515/2187 2192/2406/2079 2164/2409/2082 2163/2516/2188
f 2165/2408/2081 2168/2517/2189 2167/2518/2190
f 2164/2519/2082 2167/2520/2190 2166/2521/2191
f 2171/2466/2138 2169/2465/2137 2207/2522/2192 2209/2523/2193
f 2174/2524/2194 2176/2443/2115 2214/2525/2195 2212/2526/2196
f 2207/2522/2192 2169/2465/2137 2223/2527/2197 2224/2528/2198
f 2175/2529/2199 2173/2530/2200 2211/2531/2201 2213/2532/2202
f 2178/2442/2114 2180/2533/2203 2218/2534/2204 2216/2535/2205
f 2195/2536/2206 2183/2537/2207 2276/2538/2208 2278/2539/2209
f 2179/2429/2101 2177/2428/2100 2215/2540/2210 2217/2541/2211
f 2199/2542/2212 2189/2463/2135 2171/2466/2138 2173/2530/2200
f 2185/2441/2113 2200/2543/2213 2180/2533/2203 2178/2442/2114
f 2201/2544/2214 2197/2426/2098 2179/2429/2101 2181/2545/2215
f 2198/2418/2090 2202/2546/2216 2174/2524/2194 2172/2419/2091
f 2203/2547/2217 2199/2542/2212 2173/2530/2200 2175/2529/2199
f 2200/2543/2213 2187/2454/2126 2182/2457/2129 2180/2533/2203
f 2195/2536/2206 2201/2544/2214 2181/2545/2215 2183/2537/2207
f 2202/2546/2216 2194/2440/2112 2176/2443/2115 2174/2524/2194
f 2196/2427/2099 2203/2547/2217 2175/2529/2199 2177/2428/2100
f 2125/2438/2110 2122/2433/2105 2203/2547/2217 2196/2427/2099
f 2120/2430/2102 2123/2435/2107 2194/2440/2112 2202/2546/2216
f 2134/2461/2133 2131/2452/2124 2201/2544/2214 2195/2536/2206
f 2129/2449/2121 2132/2458/2130 2187/2454/2126 2200/2543/2213
f 2122/2433/2105 2119/2424/2096 2199/2542/2212 2203/2547/2217
f 2117/2421/2093 2120/2430/2102 2202/2546/2216 2198/2418/2090
f 2131/2452/2124 2128/2447/2119 2197/2426/2098 2201/2544/2214
f 2126/2444/2116 2129/2449/2121 2200/2543/2213 2185/2441/2113
f 2119/2424/2096 2116/2416/2088 2189/2463/2135 2199/2542/2212
f 2108/2548/2072 2109/2549/2073 2192/2406/2079 2193/2515/2187
f 2116/2416/2088 2113/2415/2087 2190/2464/2136 2189/2463/2135
f 2132/2458/2130 2135/2467/2139 2188/2455/2127 2187/2454/2126
f 2165/2408/2081 2191/2407/2080 2186/2417/2089 2170/2420/2092
f 2123/2435/2107 2126/2444/2116 2185/2441/2113 2194/2440/2112
f 2372/2550/2218 2279/2551/2219 2287/2552/2220 2373/2553/2221
f 2128/2447/2119 2125/2438/2110 2196/2427/2099 2197/2426/2098
f 2114/2410/2083 2117/2421/2093 2198/2418/2090 2186/2417/2089
f 2109/2549/2073 2110/2411/2074 2191/2407/2080 2192/2406/2079
f 2190/2464/2136 2113/2415/2087 2205/2554/2222 2206/2555/2223
f 2113/2415/2087 2112/2405/2078 2204/2556/2224 2205/2554/2222
f 2204/2557/2224 2112/2558/2078 2108/2548/2072
f 2206/2555/2223 2205/2554/2222 2163/2559/2188
f 2204/2557/2224 2108/2548/2072 2193/2515/2187
f 2370/2560/2225 2366/2561/2226 2259/2562/2227 2261/2563/2228
f 2369/2564/2229 2367/2565/2230 2249/2566/2231 2251/2567/2232
f 2395/2568/2233 2382/2569/2234 2256/2570/2235 2254/2571/2236
f 2359/2572/2237 2362/2573/2238 2263/2574/2239 2247/2575/2240
f 2368/2576/2241 2361/2577/2242 2253/2578/2243 2255/2579/2244
f 2394/2580/2245 2381/2581/2246 2260/2582/2247 2258/2583/2248
f 2392/2584/2249 2378/2585/2250 2268/2586/2251 2269/2587/2252
f 2181/2545/2215 2179/2429/2101 2217/2541/2211 2219/2588/2253
f 2170/2420/2092 2172/2419/2091 2210/2589/2254 2208/2590/2255
f 2180/2533/2203 2182/2457/2129 2220/2591/2256 2218/2534/2204
f 2177/2428/2100 2175/2529/2199 2213/2532/2202 2215/2540/2210
f 2176/2443/2115 2178/2442/2114 2216/2535/2205 2214/2525/2195
f 2173/2530/2200 2171/2466/2138 2209/2523/2193 2211/2531/2201
f 2183/2537/2207 2181/2545/2215 2219/2588/2253 2221/2592/2257
f 2172/2419/2091 2174/2524/2194 2212/2526/2196 2210/2589/2254
f 2182/2457/2129 2184/2456/2128 2222/2482/2154 2220/2591/2256
f 2223/2527/2197 2169/2465/2137 2190/2464/2136 2206/2555/2223
f 2205/2593/2222 2193/2515/2187 2163/2516/2188
f 2206/2555/2223 2163/2559/2188 2223/2527/2197
f 2223/2527/2197 2163/2559/2188 2166/2521/2191
f 2165/2408/2081 2170/2420/2092 2208/2590/2255 2225/2594/2258
f 2380/2595/2259 2379/2596/2260 2250/2597/2261 2248/2598/2262
f 2393/2599/2263 2380/2595/2259 2248/2598/2262 2264/2600/2264
f 2168/2517/2189 2165/2408/2081 2225/2594/2258 2228/2601/2265
f 2227/2602/2266 2224/2528/2198 2223/2527/2197 2226/2603/2267
f 2167/2518/2190 2168/2517/2189 2231/2604/2268 2230/2605/2269
f 2226/2603/2267 2166/2521/2191 2229/2606/2270 2232/2607/2271
f 2232/2607/2271 2229/2606/2270 2235/2608/2272 2238/2609/2273
f 2231/2604/2268 2234/2610/2274 2240/2611/2275 2237/2612/2276
f 2227/2602/2266 2226/2603/2267 2232/2607/2271 2233/2613/2277
f 2366/2561/2226 2358/2614/2278 2257/2615/2279 2259/2562/2227
f 2166/2521/2191 2167/2520/2190 2230/2616/2269 2229/2606/2270
f 2168/2517/2189 2228/2601/2265 2234/2610/2274 2231/2604/2268
f 2237/2612/2276 2243/2617/2280 2242/2618/2281
f 2367/2565/2230 2359/2572/2237 2247/2575/2240 2249/2566/2231
f 2229/2606/2270 2230/2616/2269 2236/2619/2282 2235/2608/2272
f 2233/2613/2277 2232/2607/2271 2238/2609/2273 2239/2620/2283
f 2245/2621/2284 2246/2622/2285 2272/2623/2286 2271/2624/2287
f 2230/2605/2269 2231/2604/2268 2237/2612/2276 2236/2625/2282
f 2244/2626/2288 2241/2627/2289 2242/2628/2281 2243/2629/2280
f 2245/2630/2284 2470/2631/2290 2469/2632/2291 2246/2633/2285
f 2356/2634/2292 2355/2635/2293 2397/2636/2294 2469/2637/2291
f 2238/2609/2273 2235/2608/2272 2241/2627/2289
f 2235/2608/2272 2236/2619/2282 2242/2628/2281 2241/2627/2289
f 2244/2626/2288 2470/2631/2290 2353/2638/2295
f 2248/2639/2262 2250/2640/2261 2249/2566/2231 2247/2575/2240
f 2250/2640/2261 2252/2641/2296 2251/2567/2232 2249/2566/2231
f 2252/2641/2296 2254/2642/2236 2253/2578/2243 2251/2567/2232
f 2254/2642/2236 2256/2643/2235 2255/2579/2244 2253/2578/2243
f 2256/2643/2235 2258/2644/2248 2257/2615/2279 2255/2579/2244
f 2258/2644/2248 2260/2645/2247 2259/2562/2227 2257/2615/2279
f 2260/2645/2247 2262/2646/2297 2261/2563/2228 2259/2562/2227
f 2264/2647/2264 2248/2639/2262 2247/2575/2240 2263/2574/2239
f 2264/2647/2264 2263/2574/2239 2265/2648/2298 2266/2649/2299
f 2266/2649/2299 2265/2648/2298 2267/2650/2300 2268/2651/2251
f 2269/2652/2252 2270/2653/2301 2271/2624/2287 2272/2623/2286
f 2268/2651/2251 2267/2650/2300 2270/2653/2301 2269/2652/2252
f 2371/2654/2302 2363/2655/2303 2270/2653/2301 2267/2650/2300
f 2392/2584/2249 2269/2587/2252 2272/2656/2286 2385/2657/2304
f 2379/2596/2260 2383/2658/2305 2252/2659/2296 2250/2597/2261
f 2381/2581/2246 2384/2660/2306 2262/2661/2297 2260/2582/2247
f 2358/2614/2278 2368/2576/2241 2255/2579/2244 2257/2615/2279
f 2362/2573/2238 2364/2662/2307 2265/2648/2298 2263/2574/2239
f 2364/2662/2307 2371/2654/2302 2267/2650/2300 2265/2648/2298
f 2183/2537/2207 2221/2592/2257 2277/2663/2308 2276/2538/2208
f 2382/2569/2234 2394/2580/2245 2258/2583/2248 2256/2570/2235
f 2360/2664/2309 2245/2621/2284 2271/2624/2287 2365/2665/2310
f 2396/2666/2311 2393/2599/2263 2264/2600/2264 2266/2667/2299
f 2361/2577/2242 2369/2564/2229 2251/2567/2232 2253/2578/2243
f 2378/2585/2250 2396/2666/2311 2266/2667/2299 2268/2586/2251
f 2383/2658/2305 2395/2568/2233 2254/2571/2236 2252/2659/2296
f 2342/2668/2312 2239/2620/2283 2351/2669/2313
f 2352/2670/2314 2353/2638/2295 2470/2631/2290 2360/2664/2309
f 2243/2617/2280 2237/2612/2276 2356/2634/2292
f 2355/2635/2293 2240/2611/2275 2354/2671/2315
f 2244/2626/2288 2238/2609/2273 2241/2627/2289
f 2236/2625/2282 2237/2612/2276 2242/2618/2281
f 2370/2560/2225 2261/2563/2228 2279/2551/2219 2372/2550/2218
f 2222/2482/2154 2184/2456/2128 2274/2473/2145 2275/2472/2144
f 2261/2563/2228 2262/2646/2297 2280/2672/2316 2279/2551/2219
f 2285/2673/2317 2286/2674/2318 2294/2675/2319 2293/2676/2320
f 2373/2553/2221 2287/2552/2220 2295/2677/2321 2374/2678/2322
f 2282/2474/2146 2283/2493/2165 2291/2679/2323 2290/2680/2324
f 2327/2483/2155 2275/2472/2144 2281/2475/2147 2328/2681/2325
f 2279/2551/2219 2280/2672/2316 2288/2682/2326 2287/2552/2220
f 2278/2539/2209 2276/2538/2208 2285/2673/2317 2284/2683/2327
f 2276/2538/2208 2277/2663/2308 2286/2674/2318 2285/2673/2317
f 2295/2677/2321 2296/2684/2328 2304/2685/2329 2303/2686/2330
f 2329/2687/2331 2289/2688/2332 2297/2689/2333 2330/2690/2334
f 2284/2683/2327 2285/2673/2317 2293/2676/2320 2292/2691/2335
f 2281/2475/2147 2282/2474/2146 2290/2680/2324 2289/2688/2332
f 2328/2681/2325 2281/2475/2147 2289/2688/2332 2329/2687/2331
f 2287/2552/2220 2288/2682/2326 2296/2684/2328 2295/2677/2321
f 2137/2470/2142 2134/2461/2133 2195/2536/2206 2278/2539/2209
f 2299/2692/2336 2147/2495/2167 2306/2693/2337
f 2303/2686/2330 2304/2685/2329 2310/2694/2338 2309/2695/2339
f 2290/2680/2324 2291/2679/2323 2299/2692/2336 2298/2696/2340
f 2374/2678/2322 2295/2677/2321 2303/2686/2330 2375/2697/2341
f 2293/2676/2320 2294/2675/2319 2302/2698/2342 2301/2699/2343
f 2292/2691/2335 2293/2676/2320 2301/2699/2343 2300/2700/2344
f 2289/2688/2332 2290/2680/2324 2298/2696/2340 2297/2689/2333
f 2140/2479/2151 2137/2470/2142 2278/2539/2209 2284/2683/2327
f 2143/2487/2159 2140/2479/2151 2284/2683/2327 2292/2691/2335
f 2146/2491/2163 2143/2487/2159 2292/2691/2335 2300/2700/2344
f 2273/2489/2161 2188/2455/2127 2135/2467/2139 2138/2476/2148
f 2283/2493/2165 2273/2489/2161 2138/2476/2148 2141/2484/2156
f 2291/2679/2323 2283/2493/2165 2141/2484/2156 2144/2490/2162
f 2299/2692/2336 2291/2679/2323 2144/2490/2162 2147/2495/2167
f 2815/2701/2345 2460/2702/2346 2357/2703/2347 2809/2704/2348
f 2375/2697/2341 2303/2686/2330 2309/2695/2339 2376/2705/2349
f 2301/2699/2343 2302/2698/2342 2308/2706/2350 2307/2707/2351
f 2300/2700/2344 2301/2699/2343 2307/2707/2351
f 2297/2689/2333 2298/2696/2340 2306/2693/2337 2305/2708/2352
f 2330/2690/2334 2297/2689/2333 2305/2708/2352 2331/2709/2353
f 2377/2710/2354 2313/2711/2355 2822/2712/2356 2889/2713/2357
f 2464/2714/2358 2461/2715/2359 2311/2716/2360 2332/2717/2361
f 2463/2718/2362 2462/2719/2363 2314/2720/2364 2313/2711/2355
f 2306/2693/2337 2357/2703/2347 2460/2702/2346
f 2466/2721/2365 2463/2718/2362 2313/2711/2355 2377/2710/2354
f 2332/2717/2361 2311/2716/2360 2820/2722/2366 2842/2723/2367
f 2313/2711/2355 2314/2720/2364 2823/2724/2368 2822/2712/2356
f 2146/2491/2163 2459/2725/2369 2468/2726/2370 2643/2492/2164
f 2298/2696/2340 2299/2692/2336 2306/2693/2337
f 2391/2727/2371 2332/2717/2361 2842/2723/2367 2904/2728/2372
f 2467/2729/2373 2464/2714/2358 2332/2717/2361 2391/2727/2371
f 2389/2730/2374 2330/2690/2334 2331/2709/2353 2390/2731/2375
f 2387/2732/2376 2328/2681/2325 2329/2687/2331 2388/2733/2377
f 2388/2733/2377 2329/2687/2331 2330/2690/2334 2389/2730/2374
f 2386/2734/2378 2327/2483/2155 2328/2681/2325 2387/2732/2376
f 2212/2526/2196 2214/2525/2195 2323/2735/2379 2324/2736/2380
f 2234/2610/2274 2228/2601/2265 2326/2737/2381 2316/2738/2382
f 2228/2601/2265 2225/2594/2258 2318/2739/2383 2326/2737/2381
f 2216/2535/2205 2218/2534/2204 2321/2740/2384 2322/2741/2385
f 2220/2591/2256 2222/2482/2154 2325/2481/2153 2320/2742/2386
f 2210/2589/2254 2212/2526/2196 2324/2736/2380 2317/2743/2387
f 2225/2594/2258 2208/2590/2255 2319/2744/2388 2318/2739/2383
f 2208/2590/2255 2210/2589/2254 2317/2743/2387 2319/2744/2388
f 2240/2611/2275 2234/2610/2274 2316/2738/2382 2315/2745/2389
f 2218/2534/2204 2220/2591/2256 2320/2742/2386 2321/2740/2384
f 2214/2525/2195 2216/2535/2205 2322/2741/2385 2323/2735/2379
f 2384/2660/2306 2325/2481/2153 2327/2483/2155 2386/2734/2378
f 2458/2746/2390 2465/2747/2391 2350/2748/2392 2312/2749/2393
f 2312/2749/2393 2350/2748/2392 2861/2750/2394 2821/2751/2395
f 2302/2698/2342 2348/2752/2396 2349/2753/2397 2308/2706/2350
f 2294/2675/2319 2347/2754/2398 2348/2752/2396 2302/2698/2342
f 2286/2674/2318 2346/2755/2399 2347/2754/2398 2294/2675/2319
f 2221/2592/2257 2341/2756/2400 2345/2757/2401 2277/2663/2308
f 2213/2532/2202 2211/2531/2201 2340/2758/2402 2337/2759/2403
f 2227/2602/2266 2233/2613/2277 2343/2760/2404 2344/2761/2405
f 2224/2528/2198 2227/2602/2266 2344/2761/2405 2339/2762/2406
f 2217/2541/2211 2215/2540/2210 2338/2763/2407 2334/2764/2408
f 2233/2613/2277 2239/2620/2283 2342/2668/2312 2343/2760/2404
f 2209/2523/2193 2207/2522/2192 2336/2765/2409 2335/2766/2410
f 2219/2588/2253 2217/2541/2211 2334/2764/2408 2333/2767/2411
f 2215/2540/2210 2213/2532/2202 2337/2759/2403 2338/2763/2407
f 2207/2522/2192 2224/2528/2198 2339/2762/2406 2336/2765/2409
f 2211/2531/2201 2209/2523/2193 2335/2766/2410 2340/2758/2402
f 2221/2592/2257 2219/2588/2253 2333/2767/2411 2341/2756/2400
f 2277/2663/2308 2345/2757/2401 2346/2755/2399 2286/2674/2318
f 2239/2620/2283 2238/2609/2273 2353/2638/2295 2352/2670/2314
f 2239/2620/2283 2352/2670/2314 2351/2669/2313
f 2363/2655/2303 2342/2668/2312 2351/2669/2313 2365/2665/2310
f 2238/2609/2273 2244/2626/2288 2353/2638/2295
f 2237/2612/2276 2240/2611/2275 2355/2635/2293 2356/2634/2292
f 2397/2636/2294 2355/2635/2293 2354/2671/2315 2385/2657/2304
f 2240/2611/2275 2315/2745/2389 2354/2671/2315
f 2306/2693/2337 2147/2495/2167 2357/2703/2347
f 2270/2653/2301 2363/2655/2303 2365/2665/2310 2271/2624/2287
f 2465/2747/2391 2466/2721/2365 2377/2710/2354 2350/2748/2392
f 2350/2748/2392 2377/2710/2354 2889/2713/2357 2861/2750/2394
f 2348/2752/2396 2375/2697/2341 2376/2705/2349 2349/2753/2397
f 2347/2754/2398 2374/2678/2322 2375/2697/2341 2348/2752/2396
f 2346/2755/2399 2373/2553/2221 2374/2678/2322 2347/2754/2398
f 2341/2756/2400 2370/2560/2225 2372/2550/2218 2345/2757/2401
f 2337/2759/2403 2340/2758/2402 2369/2564/2229 2361/2577/2242
f 2352/2670/2314 2360/2664/2309 2365/2665/2310 2351/2669/2313
f 2344/2761/2405 2343/2760/2404 2371/2654/2302 2364/2662/2307
f 2339/2762/2406 2344/2761/2405 2364/2662/2307 2362/2573/2238
f 2334/2764/2408 2338/2763/2407 2368/2576/2241 2358/2614/2278
f 2343/2760/2404 2342/2668/2312 2363/2655/2303 2371/2654/2302
f 2335/2766/2410 2336/2765/2409 2359/2572/2237 2367/2565/2230
f 2333/2767/2411 2334/2764/2408 2358/2614/2278 2366/2561/2226
f 2338/2763/2407 2337/2759/2403 2361/2577/2242 2368/2576/2241
f 2336/2765/2409 2339/2762/2406 2362/2573/2238 2359/2572/2237
f 2340/2758/2402 2335/2766/2410 2367/2565/2230 2369/2564/2229
f 2341/2756/2400 2333/2767/2411 2366/2561/2226 2370/2560/2225
f 2345/2757/2401 2372/2550/2218 2373/2553/2221 2346/2755/2399
f 2246/2768/2285 2397/2636/2294 2385/2657/2304 2272/2656/2286
f 2262/2661/2297 2384/2660/2306 2386/2734/2378 2280/2769/2316
f 2280/2769/2316 2386/2734/2378 2387/2732/2376 2288/2770/2326
f 2296/2771/2328 2388/2733/2377 2389/2730/2374 2304/2772/2329
f 2288/2770/2326 2387/2732/2376 2388/2733/2377 2296/2771/2328
f 2304/2772/2329 2389/2730/2374 2390/2731/2375 2310/2773/2338
f 2462/2774/2363 2467/2729/2373 2391/2727/2371 2314/2775/2364
f 2314/2775/2364 2391/2727/2371 2904/2728/2372 2823/2776/2368
f 2324/2736/2380 2323/2735/2379 2395/2568/2233 2383/2658/2305
f 2316/2738/2382 2326/2737/2381 2396/2666/2311 2378/2585/2250
f 2326/2737/2381 2318/2739/2383 2393/2599/2263 2396/2666/2311
f 2322/2741/2385 2321/2740/2384 2394/2580/2245 2382/2569/2234
f 2320/2742/2386 2325/2481/2153 2384/2660/2306 2381/2581/2246
f 2317/2743/2387 2324/2736/2380 2383/2658/2305 2379/2596/2260
f 2315/2745/2389 2392/2584/2249 2385/2657/2304 2354/2671/2315
f 2318/2739/2383 2319/2744/2388 2380/2595/2259 2393/2599/2263
f 2319/2744/2388 2317/2743/2387 2379/2596/2260 2380/2595/2259
f 2315/2745/2389 2316/2738/2382 2378/2585/2250 2392/2584/2249
f 2321/2740/2384 2320/2742/2386 2381/2581/2246 2394/2580/2245
f 2323/2735/2379 2322/2741/2385 2382/2569/2234 2395/2568/2233
f 2402/2777/2412 2403/2778/2413 2409/2779/2414 2408/2780/2415
f 2400/2781/2416 2401/2782/2417 2407/2783/2418 2406/2784/2419
f 2398/2785/2420 2399/2786/2421 2405/2787/2422 2404/2788/2423
f 2401/2782/2417 2402/2777/2412 2408/2780/2415 2407/2783/2418
f 2399/2786/2421 2400/2781/2416 2406/2784/2419 2405/2787/2422
f 2405/2787/2422 2406/2784/2419 2412/2789/2424 2411/2790/2425
f 2408/2780/2415 2409/2779/2414 2415/2791/2426 2414/2792/2427
f 2406/2784/2419 2407/2783/2418 2413/2793/2428 2412/2789/2424
f 2404/2788/2423 2405/2787/2422 2411/2790/2425 2410/2794/2429
f 2407/2783/2418 2408/2780/2415 2414/2792/2427 2413/2793/2428
f 2411/2790/2425 2412/2789/2424 2418/2795/2430 2417/2796/2431
f 2414/2792/2427 2415/2791/2426 2421/2797/2432 2420/2798/2433
f 2412/2789/2424 2413/2793/2428 2419/2799/2434 2418/2795/2430
f 2410/2794/2429 2411/2790/2425 2417/2796/2431 2416/2800/2435
f 2413/2793/2428 2414/2792/2427 2420/2798/2433 2419/2799/2434
f 2417/2796/2431 2418/2795/2430 2424/2801/2436 2423/2802/2437
f 2420/2798/2433 2421/2797/2432 2427/2803/2438 2426/2804/2439
f 2418/2795/2430 2419/2799/2434 2425/2805/2440 2424/2801/2436
f 2416/2800/2435 2417/2796/2431 2423/2802/2437 2422/2806/2441
f 2419/2799/2434 2420/2798/2433 2426/2804/2439 2425/2805/2440
f 2432/2807/2442 2438/2808/2443 2439/2809/2444 2433/2810/2445
f 2430/2811/2446 2436/2812/2447 2437/2813/2448 2431/2814/2449
f 2428/2815/2450 2434/2816/2451 2435/2817/2452 2429/2818/2453
f 2431/2814/2449 2437/2813/2448 2438/2808/2443 2432/2807/2442
f 2429/2818/2453 2435/2817/2452 2436/2812/2447 2430/2811/2446
f 2435/2817/2452 2441/2819/2454 2442/2820/2455 2436/2812/2447
f 2438/2808/2443 2444/2821/2456 2445/2822/2457 2439/2809/2444
f 2436/2812/2447 2442/2820/2455 2443/2823/2458 2437/2813/2448
f 2434/2816/2451 2440/2824/2459 2441/2819/2454 2435/2817/2452
f 2437/2813/2448 2443/2823/2458 2444/2821/2456 2438/2808/2443
f 2441/2819/2454 2447/2825/2460 2448/2826/2461 2442/2820/2455
f 2444/2821/2456 2450/2827/2462 2451/2828/2463 2445/2822/2457
f 2442/2820/2455 2448/2826/2461 2449/2829/2464 2443/2823/2458
f 2440/2824/2459 2446/2830/2465 2447/2825/2460 2441/2819/2454
f 2443/2823/2458 2449/2829/2464 2450/2827/2462 2444/2821/2456
f 2447/2825/2460 2453/2831/2466 2454/2832/2467 2448/2826/2461
f 2450/2827/2462 2456/2833/2468 2457/2834/2469 2451/2828/2463
f 2448/2826/2461 2454/2832/2467 2455/2835/2470 2449/2829/2464
f 2446/2830/2465 2452/2836/2471 2453/2831/2466 2447/2825/2460
f 2449/2829/2464 2455/2835/2470 2456/2833/2468 2450/2827/2462
f 2403/2778/2413 2433/2837/2445 2439/2838/2444 2409/2779/2414
f 2425/2805/2440 2455/2839/2470 2454/2840/2467 2424/2801/2436
f 2401/2782/2417 2431/2841/2449 2432/2842/2442 2402/2777/2412
f 2422/2806/2441 2452/2843/2471 2446/2844/2465 2416/2800/2435
f 2410/2794/2429 2440/2845/2459 2434/2846/2451 2404/2788/2423
f 2426/2804/2439 2456/2847/2468 2455/2839/2470 2425/2805/2440
f 2402/2777/2412 2432/2842/2442 2433/2848/2445 2403/2778/2413
f 2415/2791/2426 2445/2849/2457 2451/2850/2463 2421/2797/2432
f 2427/2803/2438 2457/2851/2469 2456/2847/2468 2426/2804/2439
f 2398/2785/2420 2428/2852/2450 2429/2853/2453 2399/2786/2421
f 2416/2800/2435 2446/2844/2465 2440/2845/2459 2410/2794/2429
f 2404/2788/2423 2434/2846/2451 2428/2852/2450 2398/2785/2420
f 2421/2797/2432 2451/2850/2463 2457/2851/2469 2427/2803/2438
f 2409/2779/2414 2439/2838/2444 2445/2854/2457 2415/2791/2426
f 2399/2786/2421 2429/2853/2453 2430/2855/2446 2400/2781/2416
f 2423/2802/2437 2453/2856/2466 2452/2843/2471 2422/2806/2441
f 2400/2781/2416 2430/2855/2446 2431/2841/2449 2401/2782/2417
f 2424/2801/2436 2454/2840/2467 2453/2856/2466 2423/2802/2437
f 2310/2773/2338 2390/2731/2375 2467/2729/2373 2462/2774/2363
f 2349/2753/2397 2376/2705/2349 2466/2721/2365 2465/2747/2391
f 2308/2706/2350 2349/2753/2397 2465/2747/2391 2458/2746/2390
f 2390/2731/2375 2331/2709/2353 2464/2714/2358 2467/2729/2373
f 2376/2705/2349 2309/2695/2339 2463/2718/2362 2466/2721/2365
f 2309/2695/2339 2310/2694/2338 2462/2719/2363 2463/2718/2362
f 2331/2709/2353 2305/2708/2352 2461/2715/2359 2464/2714/2358
f 2307/2707/2351 2308/2706/2350 2458/2746/2390 2459/2725/2369
f 2305/2708/2352 2306/2693/2337 2460/2702/2346 2461/2715/2359
f 2300/2700/2344 2307/2707/2351 2459/2725/2369 2146/2491/2163
f 2459/2725/2369 2458/2746/2390 2312/2749/2393 2468/2726/2370
f 2643/2492/2164 2468/2726/2370 2816/2857/2472
f 2312/2749/2393 2821/2751/2395 2816/2857/2472 2468/2726/2370
f 2147/2495/2167 2148/2494/2166 2357/2703/2347
f 2148/2494/2166 2642/2496/2168 2809/2704/2348 2357/2703/2347
f 2461/2715/2359 2460/2702/2346 2311/2716/2360
f 2815/2701/2345 2820/2722/2366 2311/2716/2360 2460/2702/2346
f 2205/2593/2222 2204/2557/2224 2193/2515/2187
f 2163/2559/2188 2164/2519/2082 2166/2521/2191
f 2226/2603/2267 2223/2527/2197 2166/2521/2191
f 2164/2409/2082 2165/2408/2081 2167/2518/2190
f 2469/2637/2291 2243/2617/2280 2356/2634/2292
f 2469/2637/2291 2397/2636/2294 2246/2768/2285
f 2360/2664/2309 2470/2631/2290 2245/2630/2284
f 2469/2632/2291 2470/2631/2290 2244/2626/2288 2243/2629/2280
f 2471/2282/1960 2479/2858/2473 2488/2859/2474 2480/2283/1961
f 2473/2860/2475 2472/2861/1967 2481/2862/1966 2482/2863/2476
f 2474/2864/2477 2473/2860/2475 2482/2863/2476 2483/2865/2478
f 2475/2866/2479 2474/2864/2477 2483/2865/2478 2484/2867/2480
f 2476/2868/2481 2475/2866/2479 2484/2867/2480 2485/2869/2482
f 2477/2870/2483 2476/2868/2481 2485/2869/2482 2486/2871/2484
f 2478/2872/2485 2477/2870/2483 2486/2871/2484 2487/2873/2486
f 2479/2858/2473 2478/2872/2485 2487/2873/2486 2488/2859/2474
f 2480/2283/1961 2488/2859/2474 2497/2874/2487 2489/2300/1978
f 2482/2863/2476 2481/2862/1966 2490/2875/1981 2491/2876/2488
f 2483/2865/2478 2482/2863/2476 2491/2876/2488 2492/2877/2489
f 2484/2867/2480 2483/2865/2478 2492/2877/2489 2493/2878/2490
f 2485/2869/2482 2484/2867/2480 2493/2878/2490 2494/2879/2491
f 2486/2871/2484 2485/2869/2482 2494/2879/2491 2495/2880/2492
f 2487/2873/2486 2486/2871/2484 2495/2880/2492 2496/2881/2493
f 2488/2859/2474 2487/2873/2486 2496/2881/2493 2497/2874/2487
f 2489/2300/1978 2497/2874/2487 2506/2882/2494 2498/2309/1987
f 2491/2876/2488 2490/2875/1981 2499/2883/1990 2500/2884/2495
f 2492/2877/2489 2491/2876/2488 2500/2884/2495 2501/2885/2496
f 2493/2878/2490 2492/2877/2489 2501/2885/2496 2502/2886/2497
f 2494/2879/2491 2493/2878/2490 2502/2886/2497 2503/2887/2498
f 2495/2880/2492 2494/2879/2491 2503/2887/2498 2504/2888/2499
f 2496/2881/2493 2495/2880/2492 2504/2888/2499 2505/2889/2500
f 2497/2874/2487 2496/2881/2493 2505/2889/2500 2506/2882/2494
f 2498/2309/1987 2506/2882/2494 2515/2890/2501 2507/2318/1996
f 2500/2884/2495 2499/2883/1990 2508/2891/1999 2509/2892/2502
f 2501/2885/2496 2500/2884/2495 2509/2892/2502 2510/2893/2503
f 2502/2886/2497 2501/2885/2496 2510/2893/2503 2511/2894/2504
f 2503/2887/2498 2502/2886/2497 2511/2894/2504 2512/2895/2505
f 2504/2888/2499 2503/2887/2498 2512/2895/2505 2513/2896/2506
f 2505/2889/2500 2504/2888/2499 2513/2896/2506 2514/2897/2507
f 2506/2882/2494 2505/2889/2500 2514/2897/2507 2515/2890/2501
f 2507/2318/1996 2515/2890/2501 2524/2898/2508 2516/2327/2005
f 2509/2892/2502 2508/2891/1999 2517/2899/2008 2518/2900/2509
f 2510/2893/2503 2509/2892/2502 2518/2900/2509 2519/2901/2510
f 2511/2894/2504 2510/2893/2503 2519/2901/2510 2520/2902/2511
f 2512/2895/2505 2511/2894/2504 2520/2902/2511 2521/2903/2512
f 2513/2896/2506 2512/2895/2505 2521/2903/2512 2522/2904/2513
f 2514/2897/2507 2513/2896/2506 2522/2904/2513 2523/2905/2514
f 2515/2890/2501 2514/2897/2507 2523/2905/2514 2524/2898/2508
f 2516/2327/2005 2524/2898/2508 2533/2906/2515 2525/2336/2014
f 2518/2900/2509 2517/2899/2008 2526/2907/2017 2527/2908/2516
f 2519/2901/2510 2518/2900/2509 2527/2908/2516 2528/2909/2517
f 2520/2902/2511 2519/2901/2510 2528/2909/2517 2529/2910/2518
f 2521/2903/2512 2520/2902/2511 2529/2910/2518 2530/2911/2519
f 2522/2904/2513 2521/2903/2512 2530/2911/2519 2531/2912/2520
f 2523/2905/2514 2522/2904/2513 2531/2912/2520 2532/2913/2521
f 2524/2898/2508 2523/2905/2514 2532/2913/2521 2533/2906/2515
f 2525/2336/2014 2533/2906/2515 2542/2914/2522 2534/2345/2023
f 2527/2908/2516 2526/2907/2017 2535/2915/2026 2536/2916/2523
f 2528/2909/2517 2527/2908/2516 2536/2916/2523 2537/2917/2524
f 2529/2910/2518 2528/2909/2517 2537/2917/2524 2538/2918/2525
f 2530/2911/2519 2529/2910/2518 2538/2918/2525 2539/2919/2526
f 2531/2912/2520 2530/2911/2519 2539/2919/2526 2540/2920/2527
f 2532/2913/2521 2531/2912/2520 2540/2920/2527 2541/2921/2528
f 2533/2906/2515 2532/2913/2521 2541/2921/2528 2542/2914/2522
f 2534/2345/2023 2542/2914/2522 2551/2922/2529 2543/2354/2032
f 2536/2916/2523 2535/2915/2026 2544/2923/2035 2545/2924/2530
f 2537/2917/2524 2536/2916/2523 2545/2924/2530 2546/2925/2531
f 2538/2918/2525 2537/2917/2524 2546/2925/2531 2547/2926/2532
f 2539/2919/2526 2538/2918/2525 2547/2926/2532 2548/2927/2533
f 2540/2920/2527 2539/2919/2526 2548/2927/2533 2549/2928/2534
f 2541/2921/2528 2540/2920/2527 2549/2928/2534 2550/2929/2535
f 2542/2914/2522 2541/2921/2528 2550/2929/2535 2551/2922/2529
f 2543/2354/2032 2551/2922/2529 2560/2930/2536 2552/2363/2041
f 2545/2924/2530 2544/2923/2035 2553/2931/2044 2554/2932/2537
f 2546/2925/2531 2545/2924/2530 2554/2932/2537 2555/2933/2538
f 2547/2926/2532 2546/2925/2531 2555/2933/2538 2556/2934/2539
f 2548/2927/2533 2547/2926/2532 2556/2934/2539 2557/2935/2540
f 2549/2928/2534 2548/2927/2533 2557/2935/2540 2558/2936/2541
f 2550/2929/2535 2549/2928/2534 2558/2936/2541 2559/2937/2542
f 2551/2922/2529 2550/2929/2535 2559/2937/2542 2560/2930/2536
f 2552/2363/2041 2560/2930/2536 2569/2938/2543 2561/2372/2050
f 2554/2932/2537 2553/2931/2044 2562/2939/2053 2563/2940/2544
f 2555/2933/2538 2554/2932/2537 2563/2940/2544 2564/2941/2545
f 2556/2934/2539 2555/2933/2538 2564/2941/2545 2565/2942/2546
f 2557/2935/2540 2556/2934/2539 2565/2942/2546 2566/2943/2547
f 2558/2936/2541 2557/2935/2540 2566/2943/2547 2567/2944/2548
f 2559/2937/2542 2558/2936/2541 2567/2944/2548 2568/2945/2549
f 2560/2930/2536 2559/2937/2542 2568/2945/2549 2569/2938/2543
f 2561/2372/2050 2569/2938/2543 2578/2946/2550 2570/2381/2059
f 2563/2940/2544 2562/2939/2053 2571/2947/2062 2572/2948/2551
f 2564/2941/2545 2563/2940/2544 2572/2948/2551 2573/2949/2552
f 2565/2942/2546 2564/2941/2545 2573/2949/2552 2574/2950/2553
f 2566/2943/2547 2565/2942/2546 2574/2950/2553 2575/2951/2554
f 2567/2944/2548 2566/2943/2547 2575/2951/2554 2576/2952/2555
f 2568/2945/2549 2567/2944/2548 2576/2952/2555 2577/2953/2556
f 2569/2938/2543 2568/2945/2549 2577/2953/2556 2578/2946/2550
f 2570/2381/2059 2578/2946/2550 2585/2954/2557 2579/2390/2068
f 2572/2948/2551 2571/2947/2062 2580/2955/2071 2581/2956/2558
f 2573/2949/2552 2572/2948/2551 2581/2956/2558 2582/2957/2559
f 2574/2950/2553 2573/2949/2552 2582/2957/2559 2583/2958/2560
f 2575/2951/2554 2574/2950/2553 2583/2958/2560 2584/2959/2561
f 2576/2952/2555 2575/2951/2554 2584/2959/2561 2585/2954/2557
f 2577/2953/2556 2576/2952/2555 2585/2954/2557
f 2578/2946/2550 2577/2953/2556 2585/2954/2557
f 2579/2397/2068 2585/2960/2557 2591/2961/2562 2586/2398/2075
f 2581/2962/2558 2580/2403/2071 2587/2402/2077
f 2582/2963/2559 2581/2962/2558 2587/2402/2077 2588/2964/2563
f 2694/2965/2564 2666/2966/2565 2667/2967/2566 2693/2968/2567
f 2585/2960/2557 2584/2969/2561 2590/2970/2568 2591/2961/2562
f 2586/2398/2075 2591/2961/2562 2596/2971/2569 2592/2412/2084
f 2588/2964/2563 2587/2402/2077 2593/2414/2086
f 2589/2972/2570 2588/2964/2563 2593/2414/2086 2594/2973/2571
f 2688/2974/2572 2672/2975/2573 2674/2976/2574 2700/2977/2575
f 2591/2961/2562 2590/2970/2568 2595/2978/2576 2596/2971/2569
f 2592/2412/2084 2596/2971/2569 2601/2979/2577 2597/2422/2094
f 2594/2973/2571 2593/2414/2086 2598/2425/2097 2599/2980/2578
f 2699/2981/2579 2681/2982/2580 2679/2983/2581 2698/2984/2582
f 2596/2971/2569 2595/2978/2576 2600/2985/2583 2601/2979/2577
f 2597/2422/2094 2601/2979/2577 2606/2986/2584 2602/2431/2103
f 2599/2980/2578 2598/2425/2097 2603/2434/2106 2604/2987/2585
f 2601/2979/2577 2600/2985/2583 2605/2988/2586 2606/2986/2584
f 2602/2431/2103 2606/2986/2584 2611/2989/2587 2607/2436/2108
f 2604/2987/2585 2603/2434/2106 2608/2439/2111 2609/2990/2588
f 2696/2991/2589 2678/2992/2590 2680/2993/2591 2687/2994/2592
f 2606/2986/2584 2605/2988/2586 2610/2995/2593 2611/2989/2587
f 2607/2436/2108 2611/2989/2587 2616/2996/2594 2612/2445/2117
f 2609/2990/2588 2608/2439/2111 2613/2448/2120 2614/2997/2595
f 2693/2968/2567 2688/2974/2572 2590/2970/2568 2584/2969/2561
f 2611/2989/2587 2610/2995/2593 2615/2998/2596 2616/2996/2594
f 2612/2445/2117 2616/2996/2594 2621/2999/2597 2617/2450/2122
f 2614/2997/2595 2613/2448/2120 2618/2453/2125 2619/3000/2598
f 2689/3001/2599 2684/3002/2600 2686/3003/2601 2690/3004/2602
f 2616/2996/2594 2615/2998/2596 2620/3005/2603 2621/2999/2597
f 2617/2450/2122 2621/2999/2597 2626/3006/2604 2622/2459/2131
f 2619/3000/2598 2618/2453/2125 2623/2462/2134 2624/3007/2605
f 2691/3008/2606 2673/3009/2607 2671/3010/2608 2692/3011/2609
f 2621/2999/2597 2620/3005/2603 2625/3012/2610 2626/3006/2604
f 2622/2459/2131 2626/3006/2604 2631/3013/2611 2627/2468/2140
f 2624/3007/2605 2623/2462/2134 2628/2471/2143 2629/3014/2612
f 2777/3015/2613 2783/3016/2614 2784/3017/2615 2776/3018/2616
f 2626/3006/2604 2625/3012/2610 2630/3019/2617 2631/3013/2611
f 2627/2468/2140 2631/3013/2611 2636/3020/2618 2632/2477/2149
f 2629/3014/2612 2628/2471/2143 2633/2480/2152 2634/3021/2619
f 2834/3022/2620 2836/3023/2621 2777/3015/2613 2724/3024/2622
f 2631/3013/2611 2630/3019/2617 2635/3025/2623 2636/3020/2618
f 2632/2477/2149 2636/3020/2618 2641/3026/2624 2637/2485/2157
f 2634/3021/2619 2633/2480/2152 2638/2488/2160 2639/3027/2625
f 2686/3003/2601 2776/3018/2616 2775/3028/2626 2690/3004/2602
f 2636/3020/2618 2635/3025/2623 2640/3029/2627 2641/3026/2624
f 2639/3027/2625 2638/2488/2160 2643/2492/2164 2644/3030/2628
f 2776/3018/2616 2784/3017/2615 2785/3031/2629 2775/3028/2626
f 2641/3026/2624 2640/3029/2627 2645/3032/2630 2646/3033/2631
f 2641/3026/2624 2646/3033/2631 2642/2496/2168 2637/2485/2157
f 2474/2864/2477 2650/3034/2632 2649/3035/2633 2473/2860/2475
f 2479/2858/2473 2655/3036/2634 2654/3037/2635 2478/2872/2485
f 2477/2870/2483 2653/3038/2636 2652/3039/2637 2476/2868/2481
f 2475/2866/2479 2651/3040/2638 2650/3034/2632 2474/2864/2477
f 2473/2860/2475 2649/3035/2633 2648/3041/2176 2472/2861/1967
f 2478/2872/2485 2654/3037/2635 2653/3038/2636 2477/2870/2483
f 2471/2282/1960 2647/2505/2177 2655/3036/2634 2479/2858/2473
f 2476/2868/2481 2652/3039/2637 2651/3040/2638 2475/2866/2479
f 2654/3037/2635 2663/3042/2639 2662/3043/2640 2653/3038/2636
f 2647/2505/2177 2656/2509/2181 2664/3044/2641 2655/3036/2634
f 2655/3036/2634 2664/3044/2641 2663/3042/2639 2654/3037/2635
f 2649/3035/2633 2658/3045/2642 2657/3046/2182 2648/3041/2176
f 2650/3034/2632 2659/3047/2643 2658/3045/2642 2649/3035/2633
f 2651/3040/2638 2660/3048/2644 2659/3047/2643 2650/3034/2632
f 2652/3039/2637 2661/3049/2645 2660/3048/2644 2651/3040/2638
f 2653/3038/2636 2662/3043/2640 2661/3049/2645 2652/3039/2637
f 2695/3050/2646 2665/3051/2647 2666/2966/2565 2694/2965/2564
f 2667/2967/2566 2669/3052/2648 2670/3053/2649
f 2666/3054/2565 2668/3055/2650 2669/3056/2648
f 2673/3009/2607 2711/3057/2651 2709/3058/2652 2671/3010/2608
f 2676/3059/2653 2714/3060/2654 2716/3061/2655 2678/2992/2590
f 2709/3058/2652 2726/3062/2656 2725/3063/2657 2671/3010/2608
f 2677/3064/2658 2715/3065/2659 2713/3066/2660 2675/3067/2661
f 2680/2993/2591 2718/3068/2662 2720/3069/2663 2682/3070/2664
f 2697/3071/2665 2780/3072/2666 2778/3073/2667 2685/3074/2668
f 2681/2982/2580 2719/3075/2669 2717/3076/2670 2679/2983/2581
f 2701/3077/2671 2675/3067/2661 2673/3009/2607 2691/3008/2606
f 2687/2994/2592 2680/2993/2591 2682/3070/2664 2702/3078/2672
f 2703/3079/2673 2683/3080/2674 2681/2982/2580 2699/2981/2579
f 2700/2977/2575 2674/2976/2574 2676/3059/2653 2704/3081/2675
f 2705/3082/2676 2677/3064/2658 2675/3067/2661 2701/3077/2671
f 2702/3078/2672 2682/3070/2664 2684/3002/2600 2689/3001/2599
f 2697/3071/2665 2685/3074/2668 2683/3080/2674 2703/3079/2673
f 2704/3081/2675 2676/3059/2653 2678/2992/2590 2696/2991/2589
f 2698/2984/2582 2679/2983/2581 2677/3064/2658 2705/3082/2676
f 2609/2990/2588 2698/2984/2582 2705/3082/2676 2604/2987/2585
f 2600/2985/2583 2704/3081/2675 2696/2991/2589 2605/2988/2586
f 2624/3007/2605 2697/3071/2665 2703/3079/2673 2619/3000/2598
f 2615/2998/2596 2702/3078/2672 2689/3001/2599 2620/3005/2603
f 2604/2987/2585 2705/3082/2676 2701/3077/2671 2599/2980/2578
f 2595/2978/2576 2700/2977/2575 2704/3081/2675 2600/2985/2583
f 2619/3000/2598 2703/3079/2673 2699/2981/2579 2614/2997/2595
f 2610/2995/2593 2687/2994/2592 2702/3078/2672 2615/2998/2596
f 2599/2980/2578 2701/3077/2671 2691/3008/2606 2594/2973/2571
f 2582/3083/2559 2695/3050/2646 2694/2965/2564 2583/3084/2560
f 2594/2973/2571 2691/3008/2606 2692/3011/2609 2589/2972/2570
f 2620/3005/2603 2689/3001/2599 2690/3004/2602 2625/3012/2610
f 2667/2967/2566 2672/2975/2573 2688/2974/2572 2693/2968/2567
f 2605/2988/2586 2696/2991/2589 2687/2994/2592 2610/2995/2593
f 2883/3085/2677 2884/3086/2678 2789/3087/2679 2781/3088/2680
f 2614/2997/2595 2699/2981/2579 2698/2984/2582 2609/2990/2588
f 2590/2970/2568 2688/2974/2572 2700/2977/2575 2595/2978/2576
f 2583/3084/2560 2694/2965/2564 2693/2968/2567 2584/2969/2561
f 2692/3011/2609 2708/3089/2681 2707/3090/2682 2589/2972/2570
f 2589/2972/2570 2707/3090/2682 2706/3091/2683 2588/2964/2563
f 2706/3092/2683 2582/3083/2559 2588/3093/2563
f 2708/3089/2681 2665/3094/2647 2707/3090/2682
f 2706/3092/2683 2695/3050/2646 2582/3083/2559
f 2881/3095/2684 2763/3096/2685 2761/3097/2686 2877/3098/2687
f 2880/3099/2688 2753/3100/2689 2751/3101/2690 2878/3102/2691
f 2908/3103/2692 2756/3104/2693 2758/3105/2694 2894/3106/2695
f 2870/3107/2696 2749/3108/2697 2765/3109/2698 2873/3110/2699
f 2879/3111/2700 2757/3112/2701 2755/3113/2702 2872/3114/2703
f 2907/3115/2704 2760/3116/2705 2762/3117/2706 2893/3118/2707
f 2905/3119/2708 2771/3120/2709 2770/3121/2710 2890/3122/2711
f 2683/3080/2674 2721/3123/2712 2719/3075/2669 2681/2982/2580
f 2672/2975/2573 2710/3124/2713 2712/3125/2714 2674/2976/2574
f 2682/3070/2664 2720/3069/2663 2722/3126/2715 2684/3002/2600
f 2679/2983/2581 2717/3076/2670 2715/3065/2659 2677/3064/2658
f 2678/2992/2590 2716/3061/2655 2718/3068/2662 2680/2993/2591
f 2675/3067/2661 2713/3066/2660 2711/3057/2651 2673/3009/2607
f 2685/3074/2668 2723/3127/2716 2721/3123/2712 2683/3080/2674
f 2674/2976/2574 2712/3125/2714 2714/3060/2654 2676/3059/2653
f 2684/3002/2600 2722/3126/2715 2724/3024/2622 2686/3003/2601
f 2725/3063/2657 2708/3089/2681 2692/3011/2609 2671/3010/2608
f 2707/3128/2682 2665/3051/2647 2695/3050/2646
f 2708/3089/2681 2725/3063/2657 2665/3094/2647
f 2725/3063/2657 2668/3055/2650 2665/3094/2647
f 2667/2967/2566 2727/3129/2717 2710/3124/2713 2672/2975/2573
f 2892/3130/2718 2750/3131/2719 2752/3132/2720 2891/3133/2721
f 2906/3134/2722 2766/3135/2723 2750/3131/2719 2892/3130/2718
f 2670/3053/2649 2730/3136/2724 2727/3129/2717 2667/2967/2566
f 2729/3137/2725 2728/3138/2726 2725/3063/2657 2726/3062/2656
f 2669/3052/2648 2732/3139/2727 2733/3140/2728 2670/3053/2649
f 2728/3138/2726 2734/3141/2729 2731/3142/2730 2668/3055/2650
f 2734/3141/2729 2740/3143/2731 2737/3144/2732 2731/3142/2730
f 2733/3140/2728 2739/3145/2733 2742/3146/2734 2736/3147/2735
f 2729/3137/2725 2735/3148/2736 2734/3141/2729 2728/3138/2726
f 2877/3098/2687 2761/3097/2686 2759/3149/2737 2869/3150/2738
f 2668/3055/2650 2731/3142/2730 2732/3151/2727 2669/3056/2648
f 2670/3053/2649 2733/3140/2728 2736/3147/2735 2730/3136/2724
f 2739/3145/2733 2744/3152/2739 2745/3153/2740
f 2878/3102/2691 2751/3101/2690 2749/3108/2697 2870/3107/2696
f 2731/3142/2730 2737/3144/2732 2738/3154/2741 2732/3151/2727
f 2735/3148/2736 2741/3155/2742 2740/3143/2731 2734/3141/2729
f 2747/3156/2743 2773/3157/2744 2774/3158/2745 2748/3159/2746
f 2732/3139/2727 2738/3160/2741 2739/3145/2733 2733/3140/2728
f 2746/3161/2747 2745/3162/2740 2744/3163/2739 2743/3164/2748
f 2747/3165/2743 2748/3166/2746 2982/3167/2749 2983/3168/2750
f 2867/3169/2751 2982/3170/2749 2910/3171/2752 2866/3172/2753
f 2740/3143/2731 2743/3164/2748 2737/3144/2732
f 2737/3144/2732 2743/3164/2748 2744/3163/2739 2738/3154/2741
f 2746/3161/2747 2864/3173/2754 2983/3168/2750
f 2750/3174/2719 2749/3108/2697 2751/3101/2690 2752/3175/2720
f 2752/3175/2720 2751/3101/2690 2753/3100/2689 2754/3176/2755
f 2754/3176/2755 2753/3100/2689 2755/3113/2702 2756/3177/2693
f 2756/3177/2693 2755/3113/2702 2757/3112/2701 2758/3178/2694
f 2758/3178/2694 2757/3112/2701 2759/3149/2737 2760/3179/2705
f 2760/3179/2705 2759/3149/2737 2761/3097/2686 2762/3180/2706
f 2762/3180/2706 2761/3097/2686 2763/3096/2685 2764/3181/2756
f 2766/3182/2723 2765/3109/2698 2749/3108/2697 2750/3174/2719
f 2766/3182/2723 2768/3183/2757 2767/3184/2758 2765/3109/2698
f 2768/3183/2757 2770/3185/2710 2769/3186/2759 2767/3184/2758
f 2771/3187/2709 2774/3158/2745 2773/3157/2744 2772/3188/2760
f 2770/3185/2710 2771/3187/2709 2772/3188/2760 2769/3186/2759
f 2882/3189/2761 2769/3186/2759 2772/3188/2760 2874/3190/2762
f 2905/3119/2708 2897/3191/2763 2774/3192/2745 2771/3120/2709
f 2891/3133/2721 2752/3132/2720 2754/3193/2755 2895/3194/2764
f 2893/3118/2707 2762/3117/2706 2764/3195/2756 2896/3196/2765
f 2869/3150/2738 2759/3149/2737 2757/3112/2701 2879/3111/2700
f 2873/3110/2699 2765/3109/2698 2767/3184/2758 2875/3197/2766
f 2875/3197/2766 2767/3184/2758 2769/3186/2759 2882/3189/2761
f 2685/3074/2668 2778/3073/2667 2779/3198/2767 2723/3127/2716
f 2894/3106/2695 2758/3105/2694 2760/3116/2705 2907/3115/2704
f 2871/3199/2768 2876/3200/2769 2773/3157/2744 2747/3156/2743
f 2909/3201/2770 2768/3202/2757 2766/3135/2723 2906/3134/2722
f 2872/3114/2703 2755/3113/2702 2753/3100/2689 2880/3099/2688
f 2890/3122/2711 2770/3121/2710 2768/3202/2757 2909/3201/2770
f 2895/3194/2764 2754/3193/2755 2756/3104/2693 2908/3103/2692
f 2852/3203/2771 2862/3204/2772 2741/3155/2742
f 2863/3205/2773 2871/3199/2768 2983/3168/2750 2864/3173/2754
f 2745/3153/2740 2867/3169/2751 2739/3145/2733
f 2866/3172/2753 2865/3206/2774 2742/3146/2734
f 2746/3161/2747 2743/3164/2748 2740/3143/2731
f 2738/3160/2741 2744/3152/2739 2739/3145/2733
f 2881/3095/2684 2883/3085/2677 2781/3088/2680 2763/3096/2685
f 2724/3024/2622 2777/3015/2613 2776/3018/2616 2686/3003/2601
f 2763/3096/2685 2781/3088/2680 2782/3207/2775 2764/3181/2756
f 2787/3208/2776 2795/3209/2777 2796/3210/2778 2788/3211/2779
f 2884/3086/2678 2885/3212/2780 2797/3213/2781 2789/3087/2679
f 2784/3017/2615 2792/3214/2782 2793/3215/2783 2785/3031/2629
f 2836/3023/2621 2837/3216/2784 2783/3016/2614 2777/3015/2613
f 2781/3088/2680 2789/3087/2679 2790/3217/2785 2782/3207/2775
f 2780/3072/2666 2786/3218/2786 2787/3208/2776 2778/3073/2667
f 2778/3073/2667 2787/3208/2776 2788/3211/2779 2779/3198/2767
f 2797/3213/2781 2805/3219/2787 2806/3220/2788 2798/3221/2789
f 2838/3222/2790 2839/3223/2791 2799/3224/2792 2791/3225/2793
f 2786/3218/2786 2794/3226/2794 2795/3209/2777 2787/3208/2776
f 2783/3016/2614 2791/3225/2793 2792/3214/2782 2784/3017/2615
f 2837/3216/2784 2838/3222/2790 2791/3225/2793 2783/3016/2614
f 2789/3087/2679 2797/3213/2781 2798/3221/2789 2790/3217/2785
f 2629/3014/2612 2780/3072/2666 2697/3071/2665 2624/3007/2605
f 2801/3227/2795 2808/3228/2796 2645/3032/2630
f 2805/3219/2787 2812/3229/2797 2813/3230/2798 2806/3220/2788
f 2792/3214/2782 2800/3231/2799 2801/3227/2795 2793/3215/2783
f 2885/3212/2780 2886/3232/2800 2805/3219/2787 2797/3213/2781
f 2795/3209/2777 2803/3233/2801 2804/3234/2802 2796/3210/2778
f 2794/3226/2794 2802/3235/2803 2803/3233/2801 2795/3209/2777
f 2791/3225/2793 2799/3224/2792 2800/3231/2799 2792/3214/2782
f 2634/3021/2619 2786/3218/2786 2780/3072/2666 2629/3014/2612
f 2639/3027/2625 2794/3226/2794 2786/3218/2786 2634/3021/2619
f 2644/3030/2628 2802/3235/2803 2794/3226/2794 2639/3027/2625
f 2775/3028/2626 2630/3019/2617 2625/3012/2610 2690/3004/2602
f 2785/3031/2629 2635/3025/2623 2630/3019/2617 2775/3028/2626
f 2793/3215/2783 2640/3029/2627 2635/3025/2623 2785/3031/2629
f 2801/3227/2795 2645/3032/2630 2640/3029/2627 2793/3215/2783
f 2815/2701/2345 2809/2704/2348 2868/3236/2804 2973/3237/2805
f 2886/3232/2800 2887/3238/2806 2812/3229/2797 2805/3219/2787
f 2803/3233/2801 2810/3239/2807 2811/3240/2808 2804/3234/2802
f 2802/3235/2803 2810/3239/2807 2803/3233/2801
f 2799/3224/2792 2807/3241/2809 2808/3228/2796 2800/3231/2799
f 2839/3223/2791 2840/3242/2810 2807/3241/2809 2799/3224/2792
f 2888/3243/2811 2889/2713/2357 2822/2712/2356 2818/3244/2812
f 2977/3245/2813 2841/3246/2814 2814/3247/2815 2974/3248/2816
f 2976/3249/2817 2818/3244/2812 2819/3250/2818 2975/3251/2819
f 2808/3228/2796 2973/3237/2805 2868/3236/2804
f 2979/3252/2820 2888/3243/2811 2818/3244/2812 2976/3249/2817
f 2841/3246/2814 2842/2723/2367 2820/2722/2366 2814/3247/2815
f 2818/3244/2812 2822/2712/2356 2823/2724/2368 2819/3250/2818
f 2644/3030/2628 2643/2492/2164 2981/3253/2821 2972/3254/2822
f 2800/3231/2799 2808/3228/2796 2801/3227/2795
f 2903/3255/2823 2904/2728/2372 2842/2723/2367 2841/3246/2814
f 2980/3256/2824 2903/3255/2823 2841/3246/2814 2977/3245/2813
f 2901/3257/2825 2902/3258/2826 2840/3242/2810 2839/3223/2791
f 2899/3259/2827 2900/3260/2828 2838/3222/2790 2837/3216/2784
f 2900/3260/2828 2901/3257/2825 2839/3223/2791 2838/3222/2790
f 2898/3261/2829 2899/3259/2827 2837/3216/2784 2836/3023/2621
f 2714/3060/2654 2833/3262/2830 2832/3263/2831 2716/3061/2655
f 2736/3147/2735 2825/3264/2832 2835/3265/2833 2730/3136/2724
f 2730/3136/2724 2835/3265/2833 2827/3266/2834 2727/3129/2717
f 2718/3068/2662 2831/3267/2835 2830/3268/2836 2720/3069/2663
f 2722/3126/2715 2829/3269/2837 2834/3022/2620 2724/3024/2622
f 2712/3125/2714 2826/3270/2838 2833/3262/2830 2714/3060/2654
f 2727/3129/2717 2827/3266/2834 2828/3271/2839 2710/3124/2713
f 2710/3124/2713 2828/3271/2839 2826/3270/2838 2712/3125/2714
f 2742/3146/2734 2824/3272/2840 2825/3264/2832 2736/3147/2735
f 2720/3069/2663 2830/3268/2836 2829/3269/2837 2722/3126/2715
f 2716/3061/2655 2832/3263/2831 2831/3267/2835 2718/3068/2662
f 2896/3196/2765 2898/3261/2829 2836/3023/2621 2834/3022/2620
f 2971/3273/2841 2817/3274/2842 2860/3275/2843 2978/3276/2844
f 2817/3274/2842 2821/2751/2395 2861/2750/2394 2860/3275/2843
f 2804/3234/2802 2811/3240/2808 2859/3277/2845 2858/3278/2846
f 2796/3210/2778 2804/3234/2802 2858/3278/2846 2857/3279/2847
f 2788/3211/2779 2796/3210/2778 2857/3279/2847 2856/3280/2848
f 2723/3127/2716 2779/3198/2767 2855/3281/2849 2851/3282/2850
f 2715/3065/2659 2847/3283/2851 2850/3284/2852 2713/3066/2660
f 2729/3137/2725 2854/3285/2853 2853/3286/2854 2735/3148/2736
f 2726/3062/2656 2849/3287/2855 2854/3285/2853 2729/3137/2725
f 2719/3075/2669 2844/3288/2856 2848/3289/2857 2717/3076/2670
f 2735/3148/2736 2853/3286/2854 2852/3203/2771 2741/3155/2742
f 2711/3057/2651 2845/3290/2858 2846/3291/2859 2709/3058/2652
f 2721/3123/2712 2843/3292/2860 2844/3288/2856 2719/3075/2669
f 2717/3076/2670 2848/3289/2857 2847/3283/2851 2715/3065/2659
f 2709/3058/2652 2846/3291/2859 2849/3287/2855 2726/3062/2656
f 2713/3066/2660 2850/3284/2852 2845/3290/2858 2711/3057/2651
f 2723/3127/2716 2851/3282/2850 2843/3292/2860 2721/3123/2712
f 2779/3198/2767 2788/3211/2779 2856/3280/2848 2855/3281/2849
f 2741/3155/2742 2863/3205/2773 2864/3173/2754 2740/3143/2731
f 2741/3155/2742 2862/3204/2772 2863/3205/2773
f 2874/3190/2762 2876/3200/2769 2862/3204/2772 2852/3203/2771
f 2740/3143/2731 2864/3173/2754 2746/3161/2747
f 2739/3145/2733 2867/3169/2751 2866/3172/2753 2742/3146/2734
f 2910/3171/2752 2897/3191/2763 2865/3206/2774 2866/3172/2753
f 2742/3146/2734 2865/3206/2774 2824/3272/2840
f 2808/3228/2796 2868/3236/2804 2645/3032/2630
f 2772/3188/2760 2773/3157/2744 2876/3200/2769 2874/3190/2762
f 2978/3276/2844 2860/3275/2843 2888/3243/2811 2979/3252/2820
f 2860/3275/2843 2861/2750/2394 2889/2713/2357 2888/3243/2811
f 2858/3278/2846 2859/3277/2845 2887/3238/2806 2886/3232/2800
f 2857/3279/2847 2858/3278/2846 2886/3232/2800 2885/3212/2780
f 2856/3280/2848 2857/3279/2847 2885/3212/2780 2884/3086/2678
f 2851/3282/2850 2855/3281/2849 2883/3085/2677 2881/3095/2684
f 2847/3283/2851 2872/3114/2703 2880/3099/2688 2850/3284/2852
f 2863/3205/2773 2862/3204/2772 2876/3200/2769 2871/3199/2768
f 2854/3285/2853 2875/3197/2766 2882/3189/2761 2853/3286/2854
f 2849/3287/2855 2873/3110/2699 2875/3197/2766 2854/3285/2853
f 2844/3288/2856 2869/3150/2738 2879/3111/2700 2848/3289/2857
f 2853/3286/2854 2882/3189/2761 2874/3190/2762 2852/3203/2771
f 2845/3290/2858 2878/3102/2691 2870/3107/2696 2846/3291/2859
f 2843/3292/2860 2877/3098/2687 2869/3150/2738 2844/3288/2856
f 2848/3289/2857 2879/3111/2700 2872/3114/2703 2847/3283/2851
f 2846/3291/2859 2870/3107/2696 2873/3110/2699 2849/3287/2855
f 2850/3284/2852 2880/3099/2688 2878/3102/2691 2845/3290/2858
f 2851/3282/2850 2881/3095/2684 2877/3098/2687 2843/3292/2860
f 2855/3281/2849 2856/3280/2848 2884/3086/2678 2883/3085/2677
f 2748/3293/2746 2774/3192/2745 2897/3191/2763 2910/3171/2752
f 2764/3195/2756 2782/3294/2775 2898/3261/2829 2896/3196/2765
f 2782/3294/2775 2790/3295/2785 2899/3259/2827 2898/3261/2829
f 2798/3296/2789 2806/3297/2788 2901/3257/2825 2900/3260/2828
f 2790/3295/2785 2798/3296/2789 2900/3260/2828 2899/3259/2827
f 2806/3297/2788 2813/3298/2798 2902/3258/2826 2901/3257/2825
f 2975/3299/2819 2819/3300/2818 2903/3255/2823 2980/3256/2824
f 2819/3300/2818 2823/2776/2368 2904/2728/2372 2903/3255/2823
f 2833/3262/2830 2895/3194/2764 2908/3103/2692 2832/3263/2831
f 2825/3264/2832 2890/3122/2711 2909/3201/2770 2835/3265/2833
f 2835/3265/2833 2909/3201/2770 2906/3134/2722 2827/3266/2834
f 2831/3267/2835 2894/3106/2695 2907/3115/2704 2830/3268/2836
f 2829/3269/2837 2893/3118/2707 2896/3196/2765 2834/3022/2620
f 2826/3270/2838 2891/3133/2721 2895/3194/2764 2833/3262/2830
f 2824/3272/2840 2865/3206/2774 2897/3191/2763 2905/3119/2708
f 2827/3266/2834 2906/3134/2722 2892/3130/2718 2828/3271/2839
f 2828/3271/2839 2892/3130/2718 2891/3133/2721 2826/3270/2838
f 2824/3272/2840 2905/3119/2708 2890/3122/2711 2825/3264/2832
f 2830/3268/2836 2907/3115/2704 2893/3118/2707 2829/3269/2837
f 2832/3263/2831 2908/3103/2692 2894/3106/2695 2831/3267/2835
f 2915/3301/2861 2921/3302/2862 2922/3303/2863 2916/3304/2864
f 2913/3305/2865 2919/3306/2866 2920/3307/2867 2914/3308/2868
f 2911/3309/2869 2917/3310/2870 2918/3311/2871 2912/3312/2872
f 2914/3308/2868 2920/3307/2867 2921/3302/2862 2915/3301/2861
f 2912/3312/2872 2918/3311/2871 2919/3306/2866 2913/3305/2865
f 2918/3311/2871 2924/3313/2873 2925/3314/2874 2919/3306/2866
f 2921/3302/2862 2927/3315/2875 2928/3316/2876 2922/3303/2863
f 2919/3306/2866 2925/3314/2874 2926/3317/2877 2920/3307/2867
f 2917/3310/2870 2923/3318/2878 2924/3313/2873 2918/3311/2871
f 2920/3307/2867 2926/3317/2877 2927/3315/2875 2921/3302/2862
f 2924/3313/2873 2930/3319/2879 2931/3320/2880 2925/3314/2874
f 2927/3315/2875 2933/3321/2881 2934/3322/2882 2928/3316/2876
f 2925/3314/2874 2931/3320/2880 2932/3323/2883 2926/3317/2877
f 2923/3318/2878 2929/3324/2884 2930/3319/2879 2924/3313/2873
f 2926/3317/2877 2932/3323/2883 2933/3321/2881 2927/3315/2875
f 2930/3319/2879 2936/3325/2885 2937/3326/2886 2931/3320/2880
f 2933/3321/2881 2939/3327/2887 2940/3328/2888 2934/3322/2882
f 2931/3320/2880 2937/3326/2886 2938/3329/2889 2932/3323/2883
f 2929/3324/2884 2935/3330/2890 2936/3325/2885 2930/3319/2879
f 2932/3323/2883 2938/3329/2889 2939/3327/2887 2933/3321/2881
f 2945/3331/2891 2946/3332/2892 2952/3333/2893 2951/3334/2894
f 2943/3335/2895 2944/3336/2896 2950/3337/2897 2949/3338/2898
f 2941/3339/2899 2942/3340/2900 2948/3341/2901 2947/3342/2902
f 2944/3336/2896 2945/3331/2891 2951/3334/2894 2950/3337/2897
f 2942/3340/2900 2943/3335/2895 2949/3338/2898 2948/3341/2901
f 2948/3341/2901 2949/3338/2898 2955/3343/2903 2954/3344/2904
f 2951/3334/2894 2952/3333/2893 2958/3345/2905 2957/3346/2906
f 2949/3338/2898 2950/3337/2897 2956/3347/2907 2955/3343/2903
f 2947/3342/2902 2948/3341/2901 2954/3344/2904 2953/3348/2908
f 2950/3337/2897 2951/3334/2894 2957/3346/2906 2956/3347/2907
f 2954/3344/2904 2955/3343/2903 2961/3349/2909 2960/3350/2910
f 2957/3346/2906 2958/3345/2905 2964/3351/2911 2963/3352/2912
f 2955/3343/2903 2956/3347/2907 2962/3353/2913 2961/3349/2909
f 2953/3348/2908 2954/3344/2904 2960/3350/2910 2959/3354/2914
f 2956/3347/2907 2957/3346/2906 2963/3352/2912 2962/3353/2913
f 2960/3350/2910 2961/3349/2909 2967/3355/2915 2966/3356/2916
f 2963/3352/2912 2964/3351/2911 2970/3357/2917 2969/3358/2918
f 2961/3349/2909 2962/3353/2913 2968/3359/2919 2967/3355/2915
f 2959/3354/2914 2960/3350/2910 2966/3356/2916 2965/3360/2920
f 2962/3353/2913 2963/3352/2912 2969/3358/2918 2968/3359/2919
f 2916/3304/2864 2922/3303/2863 2952/3361/2893 2946/3362/2892
f 2938/3329/2889 2937/3326/2886 2967/3363/2915 2968/3364/2919
f 2914/3308/2868 2915/3301/2861 2945/3365/2891 2944/3366/2896
f 2935/3330/2890 2929/3324/2884 2959/3367/2914 2965/3368/2920
f 2923/3318/2878 2917/3310/2870 2947/3369/2902 2953/3370/2908
f 2939/3327/2887 2938/3329/2889 2968/3364/2919 2969/3371/2918
f 2915/3301/2861 2916/3304/2864 2946/3372/2892 2945/3365/2891
f 2928/3316/2876 2934/3322/2882 2964/3373/2911 2958/3374/2905
f 2940/3328/2888 2939/3327/2887 2969/3371/2918 2970/3375/2917
f 2911/3309/2869 2912/3312/2872 2942/3376/2900 2941/3377/2899
f 2929/3324/2884 2923/3318/2878 2953/3370/2908 2959/3367/2914
f 2917/3310/2870 2911/3309/2869 2941/3377/2899 2947/3369/2902
f 2934/3322/2882 2940/3328/2888 2970/3375/2917 2964/3373/2911
f 2922/3303/2863 2928/3316/2876 2958/3378/2905 2952/3361/2893
f 2912/3312/2872 2913/3305/2865 2943/3379/2895 2942/3376/2900
f 2936/3325/2885 2935/3330/2890 2965/3368/2920 2966/3380/2916
f 2913/3305/2865 2914/3308/2868 2944/3366/2896 2943/3379/2895
f 2937/3326/2886 2936/3325/2885 2966/3380/2916 2967/3363/2915
f 2813/3298/2798 2975/3299/2819 2980/3256/2824 2902/3258/2826
f 2859/3277/2845 2978/3276/2844 2979/3252/2820 2887/3238/2806
f 2811/3240/2808 2971/3273/2841 2978/3276/2844 2859/3277/2845
f 2902/3258/2826 2980/3256/2824 2977/3245/2813 2840/3242/2810
f 2887/3238/2806 2979/3252/2820 2976/3249/2817 2812/3229/2797
f 2812/3229/2797 2976/3249/2817 2975/3251/2819 2813/3230/2798
f 2840/3242/2810 2977/3245/2813 2974/3248/2816 2807/3241/2809
f 2810/3239/2807 2972/3254/2822 2971/3273/2841 2811/3240/2808
f 2807/3241/2809 2974/3248/2816 2973/3237/2805 2808/3228/2796
f 2802/3235/2803 2644/3030/2628 2972/3254/2822 2810/3239/2807
f 2972/3254/2822 2981/3253/2821 2817/3274/2842 2971/3273/2841
f 2643/2492/2164 2816/2857/2472 2981/3253/2821
f 2817/3274/2842 2981/3253/2821 2816/2857/2472 2821/2751/2395
f 2645/3032/2630 2868/3236/2804 2646/3033/2631
f 2646/3033/2631 2868/3236/2804 2809/2704/2348 2642/2496/2168
f 2974/3248/2816 2814/3247/2815 2973/3237/2805
f 2815/2701/2345 2973/3237/2805 2814/3247/2815 2820/2722/2366
f 2707/3128/2682 2695/3050/2646 2706/3092/2683
f 2665/3094/2647 2668/3055/2650 2666/3054/2565
f 2728/3138/2726 2668/3055/2650 2725/3063/2657
f 2666/2966/2565 2669/3052/2648 2667/2967/2566
f 2982/3170/2749 2867/3169/2751 2745/3153/2740
f 2982/3170/2749 2748/3293/2746 2910/3171/2752
f 2871/3199/2768 2747/3165/2743 2983/3168/2750
f 2982/3167/2749 2745/3162/2740 2746/3161/2747 2983/3168/2750
f 2337/3381/2921 2321/2740/2921 2322/2741/2921
f 3432/3382/2922 3441/3383/2923 2997/3384/2924 2990/3385/2925
f 2984/3386/2926 2991/3387/2927 3442/3388/2928 3433/3389/2929
f 2985/3390/2930 2992/3391/2931 2991/3387/2927 2984/3386/2926
f 2986/3392/2932 2993/3393/2933 2992/3391/2931 2985/3390/2930
f 2987/3394/2934 2994/3395/2935 2993/3393/2933 2986/3392/2932
f 2988/3396/2936 2995/3397/2937 2994/3395/2935 2987/3394/2934
f 2989/3398/2938 2996/3399/2939 2995/3397/2937 2988/3396/2936
f 2990/3385/2925 2997/3384/2924 2996/3399/2939 2989/3398/2938
f 3441/3383/2923 3450/3400/2940 3004/3401/2941 2997/3384/2924
f 2991/3387/2927 2998/3402/2942 3451/3403/2943 3442/3388/2928
f 2992/3391/2931 2999/3404/2944 2998/3402/2942 2991/3387/2927
f 2993/3393/2933 3000/3405/2945 2999/3404/2944 2992/3391/2931
f 2994/3395/2935 3001/3406/2946 3000/3405/2945 2993/3393/2933
f 2995/3397/2937 3002/3407/2947 3001/3406/2946 2994/3395/2935
f 2996/3399/2939 3003/3408/2948 3002/3407/2947 2995/3397/2937
f 2997/3384/2924 3004/3401/2941 3003/3408/2948 2996/3399/2939
f 3450/3400/2940 3459/3409/2949 3011/3410/2950 3004/3401/2941
f 2998/3402/2942 3005/3411/2951 3460/3412/2952 3451/3403/2943
f 2999/3404/2944 3006/3413/2953 3005/3411/2951 2998/3402/2942
f 3000/3405/2945 3007/3414/2954 3006/3413/2953 2999/3404/2944
f 3001/3406/2946 3008/3415/2955 3007/3414/2954 3000/3405/2945
f 3002/3407/2947 3009/3416/2956 3008/3415/2955 3001/3406/2946
f 3003/3408/2948 3010/3417/2957 3009/3416/2956 3002/3407/2947
f 3004/3401/2941 3011/3410/2950 3010/3417/2957 3003/3408/2948
f 3459/3409/2949 3468/3418/2958 3018/3419/2959 3011/3410/2950
f 3005/3411/2951 3012/3420/2960 3469/3421/2961 3460/3412/2952
f 3006/3413/2953 3013/3422/2962 3012/3420/2960 3005/3411/2951
f 3007/3414/2954 3014/3423/2963 3013/3422/2962 3006/3413/2953
f 3008/3415/2955 3015/3424/2964 3014/3423/2963 3007/3414/2954
f 3009/3416/2956 3016/3425/2965 3015/3424/2964 3008/3415/2955
f 3010/3417/2957 3017/3426/2966 3016/3425/2965 3009/3416/2956
f 3011/3410/2950 3018/3419/2959 3017/3426/2966 3010/3417/2957
f 3468/3418/2958 3477/3427/2967 3025/3428/2968 3018/3419/2959
f 3012/3420/2960 3019/3429/2969 3478/3430/2970 3469/3421/2961
f 3013/3422/2962 3020/3431/2971 3019/3429/2969 3012/3420/2960
f 3014/3423/2963 3021/3432/2972 3020/3431/2971 3013/3422/2962
f 3015/3424/2964 3022/3433/2973 3021/3432/2972 3014/3423/2963
f 3016/3425/2965 3023/3434/2974 3022/3433/2973 3015/3424/2964
f 3017/3426/2966 3024/3435/2975 3023/3434/2974 3016/3425/2965
f 3018/3419/2959 3025/3428/2968 3024/3435/2975 3017/3426/2966
f 3477/3427/2967 3486/3436/2976 3032/3437/2977 3025/3428/2968
f 3019/3429/2969 3026/3438/2978 3487/3439/2979 3478/3430/2970
f 3020/3431/2971 3027/3440/2980 3026/3438/2978 3019/3429/2969
f 3021/3432/2972 3028/3441/2981 3027/3440/2980 3020/3431/2971
f 3022/3433/2973 3029/3442/2982 3028/3441/2981 3021/3432/2972
f 3023/3434/2974 3030/3443/2983 3029/3442/2982 3022/3433/2973
f 3024/3435/2975 3031/3444/2984 3030/3443/2983 3023/3434/2974
f 3025/3428/2968 3032/3437/2977 3031/3444/2984 3024/3435/2975
f 3486/3436/2976 3495/3445/2985 3039/3446/2986 3032/3437/2977
f 3026/3438/2978 3033/3447/2987 3496/3448/2988 3487/3439/2979
f 3027/3440/2980 3034/3449/2989 3033/3447/2987 3026/3438/2978
f 3028/3441/2981 3035/3450/2990 3034/3449/2989 3027/3440/2980
f 3029/3442/2982 3036/3451/2991 3035/3450/2990 3028/3441/2981
f 3030/3443/2983 3037/3452/2992 3036/3451/2991 3029/3442/2982
f 3031/3444/2984 3038/3453/2993 3037/3452/2992 3030/3443/2983
f 3032/3437/2977 3039/3446/2986 3038/3453/2993 3031/3444/2984
f 3495/3445/2985 3504/3454/2994 3046/3455/2995 3039/3446/2986
f 3033/3447/2987 3040/3456/2996 3505/3457/2997 3496/3448/2988
f 3034/3449/2989 3041/3458/2998 3040/3456/2996 3033/3447/2987
f 3035/3450/2990 3042/3459/2999 3041/3458/2998 3034/3449/2989
f 3036/3451/2991 3043/3460/3000 3042/3459/2999 3035/3450/2990
f 3037/3452/2992 3044/3461/3001 3043/3460/3000 3036/3451/2991
f 3038/3453/2993 3045/3462/3002 3044/3461/3001 3037/3452/2992
f 3039/3446/2986 3046/3455/2995 3045/3462/3002 3038/3453/2993
f 3504/3454/2994 3513/3463/3003 3053/3464/3004 3046/3455/2995
f 3040/3456/2996 3047/3465/3005 3514/3466/3006 3505/3457/2997
f 3041/3458/2998 3048/3467/3007 3047/3465/3005 3040/3456/2996
f 3042/3459/2999 3049/3468/3008 3048/3467/3007 3041/3458/2998
f 3043/3460/3000 3050/3469/3009 3049/3468/3008 3042/3459/2999
f 3044/3461/3001 3051/3470/3010 3050/3469/3009 3043/3460/3000
f 3045/3462/3002 3052/3471/3011 3051/3470/3010 3044/3461/3001
f 3046/3455/2995 3053/3464/3004 3052/3471/3011 3045/3462/3002
f 3513/3463/3003 3522/3472/3012 3060/3473/3013 3053/3464/3004
f 3047/3465/3005 3054/3474/3014 3523/3475/3015 3514/3466/3006
f 3048/3467/3007 3055/3476/3016 3054/3474/3014 3047/3465/3005
f 3049/3468/3008 3056/3477/3017 3055/3476/3016 3048/3467/3007
f 3050/3469/3009 3057/3478/3018 3056/3477/3017 3049/3468/3008
f 3051/3470/3010 3058/3479/3019 3057/3478/3018 3050/3469/3009
f 3052/3471/3011 3059/3480/3020 3058/3479/3019 3051/3470/3010
f 3053/3464/3004 3060/3473/3013 3059/3480/3020 3052/3471/3011
f 3522/3472/3012 3531/3481/3021 3067/3482/3022 3060/3473/3013
f 3054/3474/3014 3061/3483/3023 3532/3484/3024 3523/3475/3015
f 3055/3476/3016 3062/3485/3025 3061/3483/3023 3054/3474/3014
f 3056/3477/3017 3063/3486/3026 3062/3485/3025 3055/3476/3016
f 3057/3478/3018 3064/3487/3027 3063/3486/3026 3056/3477/3017
f 3058/3479/3019 3065/3488/3028 3064/3487/3027 3057/3478/3018
f 3059/3480/3020 3066/3489/3029 3065/3488/3028 3058/3479/3019
f 3060/3473/3013 3067/3482/3022 3066/3489/3029 3059/3480/3020
f 3531/3481/3021 3540/3490/3030 3072/3491/3031 3067/3482/3022
f 3061/3483/3023 3068/3492/3032 3541/3493/3033 3532/3484/3024
f 3062/3485/3025 3069/3494/3034 3068/3492/3032 3061/3483/3023
f 3063/3486/3026 3070/3495/3035 3069/3494/3034 3062/3485/3025
f 3064/3487/3027 3071/3496/3036 3070/3495/3035 3063/3486/3026
f 3065/3488/3028 3072/3491/3031 3071/3496/3036 3064/3487/3027
f 3066/3489/3029 3072/3491/3031 3065/3488/3028
f 3067/3482/3022 3072/3491/3031 3066/3489/3029
f 3540/3497/3030 3547/3498/3037 3076/3499/3038 3072/3500/3031
f 3068/3501/3032 3548/3502/3039 3541/3503/3033
f 3069/3504/3034 3073/3505/3040 3548/3502/3039 3068/3501/3032
f 3153/3506/3041 3152/3507/3042 3126/3508/3043 3125/3509/3044
f 3072/3500/3031 3076/3499/3038 3075/3510/3045 3071/3511/3036
f 3547/3498/3037 3553/3512/3046 3079/3513/3047 3076/3499/3038
f 3073/3505/3040 3554/3514/3048 3548/3502/3039
f 3074/3515/3049 3077/3516/3050 3554/3514/3048 3073/3505/3040
f 3147/3517/3051 3159/3518/3052 3133/3519/3053 3131/3520/3054
f 3076/3499/3038 3079/3513/3047 3078/3521/3055 3075/3510/3045
f 3553/3512/3046 3558/3522/3056 3082/3523/3057 3079/3513/3047
f 3077/3516/3050 3080/3524/3058 3559/3525/3059 3554/3514/3048
f 3158/3526/3060 3157/3527/3061 3138/3528/3062 3140/3529/3063
f 3079/3513/3047 3082/3523/3057 3081/3530/3064 3078/3521/3055
f 3558/3522/3056 3563/3531/3065 3085/3532/3066 3082/3523/3057
f 3080/3524/3058 3083/3533/3067 3564/3534/3068 3559/3525/3059
f 3082/3523/3057 3085/3532/3066 3084/3535/3069 3081/3530/3064
f 3563/3531/3065 3568/3536/3070 3088/3537/3071 3085/3532/3066
f 3083/3533/3067 3086/3538/3072 3569/3539/3073 3564/3534/3068
f 3155/3540/3074 3146/3541/3075 3139/3542/3076 3137/3543/3077
f 3085/3532/3066 3088/3537/3071 3087/3544/3078 3084/3535/3069
f 3568/3536/3070 3573/3545/3079 3091/3546/3080 3088/3537/3071
f 3086/3538/3072 3089/3547/3081 3574/3548/3082 3569/3539/3073
f 3152/3507/3042 3071/3511/3036 3075/3510/3045 3147/3517/3051
f 3088/3537/3071 3091/3546/3080 3090/3549/3083 3087/3544/3078
f 3573/3545/3079 3578/3550/3084 3094/3551/3085 3091/3546/3080
f 3089/3547/3081 3092/3552/3086 3579/3553/3087 3574/3548/3082
f 3148/3554/3088 3149/3555/3089 3145/3556/3090 3143/3557/3091
f 3091/3546/3080 3094/3551/3085 3093/3558/3092 3090/3549/3083
f 3578/3550/3084 3583/3559/3093 3097/3560/3094 3094/3551/3085
f 3092/3552/3086 3095/3561/3095 3584/3562/3096 3579/3553/3087
f 3150/3563/3097 3151/3564/3098 3130/3565/3099 3132/3566/3100
f 3094/3551/3085 3097/3560/3094 3096/3567/3101 3093/3558/3092
f 3583/3559/3093 3588/3568/3102 3100/3569/3103 3097/3560/3094
f 3095/3561/3095 3098/3570/3104 3589/3571/3105 3584/3562/3096
f 3236/3572/3106 3235/3573/3107 3243/3574/3108 3242/3575/3109
f 3097/3560/3094 3100/3569/3103 3099/3576/3110 3096/3567/3101
f 3588/3568/3102 3593/3577/3111 3103/3578/3112 3100/3569/3103
f 3098/3570/3104 3101/3579/3113 3594/3580/3114 3589/3571/3105
f 3286/3581/3115 3183/3582/3116 3236/3572/3106 3288/3583/3117
f 3100/3569/3103 3103/3578/3112 3102/3584/3118 3099/3576/3110
f 3593/3577/3111 3598/3585/3119 3106/3586/3120 3103/3578/3112
f 3101/3579/3113 3104/3587/3121 3599/3588/3122 3594/3580/3114
f 3145/3556/3090 3149/3555/3089 3234/3589/3123 3235/3573/3107
f 3103/3578/3112 3106/3586/3120 3105/3590/3124 3102/3584/3118
f 3104/3587/3121 3107/3591/3125 3604/3592/3126 3599/3588/3122
f 3235/3573/3107 3234/3589/3123 3244/3593/3127 3243/3574/3108
f 3106/3586/3120 3109/3594/3128 3108/3595/3129 3105/3590/3124
f 3106/3586/3120 3598/3585/3119 3603/3596/3130 3109/3594/3128
f 2985/3390/2930 2984/3386/2926 3110/3597/3131 3111/3598/3132
f 2990/3385/2925 2989/3398/2938 3115/3599/3133 3116/3600/3134
f 2988/3396/2936 2987/3394/2934 3113/3601/3135 3114/3602/3136
f 2986/3392/2932 2985/3390/2930 3111/3598/3132 3112/3603/3137
f 2984/3386/2926 3433/3389/2929 3609/3604/3138 3110/3597/3131
f 2989/3398/2938 2988/3396/2936 3114/3602/3136 3115/3599/3133
f 3432/3382/2922 2990/3385/2925 3116/3600/3134 3608/3605/3139
f 2987/3394/2934 2986/3392/2932 3112/3603/3137 3113/3601/3135
f 3115/3599/3133 3114/3602/3136 3121/3606/3140 3122/3607/3141
f 3608/3605/3139 3116/3600/3134 3123/3608/3142 3617/3609/3143
f 3116/3600/3134 3115/3599/3133 3122/3607/3141 3123/3608/3142
f 3110/3597/3131 3609/3604/3138 3618/3610/3144 3117/3611/3145
f 3111/3598/3132 3110/3597/3131 3117/3611/3145 3118/3612/3146
f 3112/3603/3137 3111/3598/3132 3118/3612/3146 3119/3613/3147
f 3113/3601/3135 3112/3603/3137 3119/3613/3147 3120/3614/3148
f 3114/3602/3136 3113/3601/3135 3120/3614/3148 3121/3606/3140
f 3154/3615/3149 3153/3506/3041 3125/3509/3044 3124/3616/3150
f 3126/3508/3043 3129/3617/3151 3128/3618/3152
f 3125/3619/3044 3128/3620/3152 3127/3621/3153
f 3132/3566/3100 3130/3565/3099 3168/3622/3154 3170/3623/3155
f 3135/3624/3156 3137/3543/3077 3175/3625/3157 3173/3626/3158
f 3168/3622/3154 3130/3565/3099 3184/3627/3159 3185/3628/3160
f 3136/3629/3161 3134/3630/3162 3172/3631/3163 3174/3632/3164
f 3139/3542/3076 3141/3633/3165 3179/3634/3166 3177/3635/3167
f 3156/3636/3168 3144/3637/3169 3237/3638/3170 3239/3639/3171
f 3140/3529/3063 3138/3528/3062 3176/3640/3172 3178/3641/3173
f 3160/3642/3174 3150/3563/3097 3132/3566/3100 3134/3630/3162
f 3146/3541/3075 3161/3643/3175 3141/3633/3165 3139/3542/3076
f 3162/3644/3176 3158/3526/3060 3140/3529/3063 3142/3645/3177
f 3159/3518/3052 3163/3646/3178 3135/3624/3156 3133/3519/3053
f 3164/3647/3179 3160/3642/3174 3134/3630/3162 3136/3629/3161
f 3161/3643/3175 3148/3554/3088 3143/3557/3091 3141/3633/3165
f 3156/3636/3168 3162/3644/3176 3142/3645/3177 3144/3637/3169
f 3163/3646/3178 3155/3540/3074 3137/3543/3077 3135/3624/3156
f 3157/3527/3061 3164/3647/3179 3136/3629/3161 3138/3528/3062
f 3086/3538/3072 3083/3533/3067 3164/3647/3179 3157/3527/3061
f 3081/3530/3064 3084/3535/3069 3155/3540/3074 3163/3646/3178
f 3095/3561/3095 3092/3552/3086 3162/3644/3176 3156/3636/3168
f 3090/3549/3083 3093/3558/3092 3148/3554/3088 3161/3643/3175
f 3083/3533/3067 3080/3524/3058 3160/3642/3174 3164/3647/3179
f 3078/3521/3055 3081/3530/3064 3163/3646/3178 3159/3518/3052
f 3092/3552/3086 3089/3547/3081 3158/3526/3060 3162/3644/3176
f 3087/3544/3078 3090/3549/3083 3161/3643/3175 3146/3541/3075
f 3080/3524/3058 3077/3516/3050 3150/3563/3097 3160/3642/3174
f 3069/3648/3034 3070/3649/3035 3153/3506/3041 3154/3615/3149
f 3077/3516/3050 3074/3515/3049 3151/3564/3098 3150/3563/3097
f 3093/3558/3092 3096/3567/3101 3149/3555/3089 3148/3554/3088
f 3126/3508/3043 3152/3507/3042 3147/3517/3051 3131/3520/3054
f 3084/3535/3069 3087/3544/3078 3146/3541/3075 3155/3540/3074
f 3333/3650/3180 3240/3651/3181 3248/3652/3182 3334/3653/3183
f 3089/3547/3081 3086/3538/3072 3157/3527/3061 3158/3526/3060
f 3075/3510/3045 3078/3521/3055 3159/3518/3052 3147/3517/3051
f 3070/3649/3035 3071/3511/3036 3152/3507/3042 3153/3506/3041
f 3151/3564/3098 3074/3515/3049 3166/3654/3184 3167/3655/3185
f 3074/3515/3049 3073/3505/3040 3165/3656/3186 3166/3654/3184
f 3165/3657/3186 3073/3658/3040 3069/3648/3034
f 3167/3655/3185 3166/3654/3184 3124/3659/3150
f 3165/3657/3186 3069/3648/3034 3154/3615/3149
f 3331/3660/3187 3327/3661/3188 3220/3662/3189 3222/3663/3190
f 3330/3664/3191 3328/3665/3192 3210/3666/3193 3212/3667/3194
f 3356/3668/3195 3343/3669/3196 3217/3670/3197 3215/3671/3198
f 3320/3672/3199 3323/3673/3200 3224/3674/3201 3208/3675/3202
f 3329/3676/3203 3322/3677/3204 3214/3678/3205 3216/3679/3206
f 3355/3680/3207 3342/3681/3208 3221/3682/3209 3219/3683/3210
f 3353/3684/3211 3339/3685/3212 3229/3686/3213 3230/3687/3214
f 3142/3645/3177 3140/3529/3063 3178/3641/3173 3180/3688/3215
f 3131/3520/3054 3133/3519/3053 3171/3689/3216 3169/3690/3217
f 3141/3633/3165 3143/3557/3091 3181/3691/3218 3179/3634/3166
f 3138/3528/3062 3136/3629/3161 3174/3632/3164 3176/3640/3172
f 3137/3543/3077 3139/3542/3076 3177/3635/3167 3175/3625/3157
f 3134/3630/3162 3132/3566/3100 3170/3623/3155 3172/3631/3163
f 3144/3637/3169 3142/3645/3177 3180/3688/3215 3182/3692/3219
f 3133/3519/3053 3135/3624/3156 3173/3626/3158 3171/3689/3216
f 3143/3557/3091 3145/3556/3090 3183/3582/3116 3181/3691/3218
f 3184/3627/3159 3130/3565/3099 3151/3564/3098 3167/3655/3185
f 3166/3693/3184 3154/3615/3149 3124/3616/3150
f 3167/3655/3185 3124/3659/3150 3184/3627/3159
f 3184/3627/3159 3124/3659/3150 3127/3621/3153
f 3126/3508/3043 3131/3520/3054 3169/3690/3217 3186/3694/3220
f 3341/3695/3221 3340/3696/3222 3211/3697/3223 3209/3698/3224
f 3354/3699/3225 3341/3695/3221 3209/3698/3224 3225/3700/3226
f 3129/3617/3151 3126/3508/3043 3186/3694/3220 3189/3701/3227
f 3188/3702/3228 3185/3628/3160 3184/3627/3159 3187/3703/3229
f 3128/3618/3152 3129/3617/3151 3192/3704/3230 3191/3705/3231
f 3187/3703/3229 3127/3621/3153 3190/3706/3232 3193/3707/3233
f 3193/3707/3233 3190/3706/3232 3196/3708/3234 3199/3709/3235
f 3192/3704/3230 3195/3710/3236 3201/3711/3237 3198/3712/3238
f 3188/3702/3228 3187/3703/3229 3193/3707/3233 3194/3713/3239
f 3327/3661/3188 3319/3714/3240 3218/3715/3241 3220/3662/3189
f 3127/3621/3153 3128/3620/3152 3191/3716/3231 3190/3706/3232
f 3129/3617/3151 3189/3701/3227 3195/3710/3236 3192/3704/3230
f 3198/3712/3238 3204/3717/3242 3203/3718/3243
f 3328/3665/3192 3320/3672/3199 3208/3675/3202 3210/3666/3193
f 3190/3706/3232 3191/3716/3231 3197/3719/3244 3196/3708/3234
f 3194/3713/3239 3193/3707/3233 3199/3709/3235 3200/3720/3245
f 3206/3721/3246 3207/3722/3247 3233/3723/3248 3232/3724/3249
f 3191/3705/3231 3192/3704/3230 3198/3712/3238 3197/3725/3244
f 3205/3726/3250 3202/3727/3251 3203/3728/3243 3204/3729/3242
f 3206/3730/3246 3431/3731/3252 3430/3732/3253 3207/3733/3247
f 3317/3734/3254 3316/3735/3255 3358/3736/3256 3430/3737/3253
f 3199/3709/3235 3196/3708/3234 3202/3727/3251
f 3196/3708/3234 3197/3719/3244 3203/3728/3243 3202/3727/3251
f 3205/3726/3250 3431/3731/3252 3314/3738/3257
f 3209/3739/3224 3211/3740/3223 3210/3666/3193 3208/3675/3202
f 3211/3740/3223 3213/3741/3258 3212/3667/3194 3210/3666/3193
f 3213/3741/3258 3215/3742/3198 3214/3678/3205 3212/3667/3194
f 3215/3742/3198 3217/3743/3197 3216/3679/3206 3214/3678/3205
f 3217/3743/3197 3219/3744/3210 3218/3715/3241 3216/3679/3206
f 3219/3744/3210 3221/3745/3209 3220/3662/3189 3218/3715/3241
f 3221/3745/3209 3223/3746/3259 3222/3663/3190 3220/3662/3189
f 3225/3747/3226 3209/3739/3224 3208/3675/3202 3224/3674/3201
f 3225/3747/3226 3224/3674/3201 3226/3748/3260 3227/3749/3261
f 3227/3749/3261 3226/3748/3260 3228/3750/3262 3229/3751/3213
f 3230/3752/3214 3231/3753/3263 3232/3724/3249 3233/3723/3248
f 3229/3751/3213 3228/3750/3262 3231/3753/3263 3230/3752/3214
f 3332/3754/3264 3324/3755/3265 3231/3753/3263 3228/3750/3262
f 3353/3684/3211 3230/3687/3214 3233/3756/3248 3346/3757/3266
f 3340/3696/3222 3344/3758/3267 3213/3759/3258 3211/3697/3223
f 3342/3681/3208 3345/3760/3268 3223/3761/3259 3221/3682/3209
f 3319/3714/3240 3329/3676/3203 3216/3679/3206 3218/3715/3241
f 3323/3673/3200 3325/3762/3269 3226/3748/3260 3224/3674/3201
f 3325/3762/3269 3332/3754/3264 3228/3750/3262 3226/3748/3260
f 3144/3637/3169 3182/3692/3219 3238/3763/3270 3237/3638/3170
f 3343/3669/3196 3355/3680/3207 3219/3683/3210 3217/3670/3197
f 3321/3764/3271 3206/3721/3246 3232/3724/3249 3326/3765/3272
f 3357/3766/3273 3354/3699/3225 3225/3700/3226 3227/3767/3261
f 3322/3677/3204 3330/3664/3191 3212/3667/3194 3214/3678/3205
f 3339/3685/3212 3357/3766/3273 3227/3767/3261 3229/3686/3213
f 3344/3758/3267 3356/3668/3195 3215/3671/3198 3213/3759/3258
f 3303/3768/3274 3200/3720/3245 3312/3769/3275
f 3313/3770/3276 3314/3738/3257 3431/3731/3252 3321/3764/3271
f 3204/3717/3242 3198/3712/3238 3317/3734/3254
f 3316/3735/3255 3201/3711/3237 3315/3771/3277
f 3205/3726/3250 3199/3709/3235 3202/3727/3251
f 3197/3725/3244 3198/3712/3238 3203/3718/3243
f 3331/3660/3187 3222/3663/3190 3240/3651/3181 3333/3650/3180
f 3183/3582/3116 3145/3556/3090 3235/3573/3107 3236/3572/3106
f 3222/3663/3190 3223/3746/3259 3241/3772/3278 3240/3651/3181
f 3246/3773/3279 3247/3774/3280 3255/3775/3281 3254/3776/3282
f 3334/3653/3183 3248/3652/3182 3256/3777/3283 3335/3778/3284
f 3243/3574/3108 3244/3593/3127 3252/3779/3285 3251/3780/3286
f 3288/3583/3117 3236/3572/3106 3242/3575/3109 3289/3781/3287
f 3240/3651/3181 3241/3772/3278 3249/3782/3288 3248/3652/3182
f 3239/3639/3171 3237/3638/3170 3246/3773/3279 3245/3783/3289
f 3237/3638/3170 3238/3763/3270 3247/3774/3280 3246/3773/3279
f 3256/3777/3283 3257/3784/3290 3265/3785/3291 3264/3786/3292
f 3290/3787/3293 3250/3788/3294 3258/3789/3295 3291/3790/3296
f 3245/3783/3289 3246/3773/3279 3254/3776/3282 3253/3791/3297
f 3242/3575/3109 3243/3574/3108 3251/3780/3286 3250/3788/3294
f 3289/3781/3287 3242/3575/3109 3250/3788/3294 3290/3787/3293
f 3248/3652/3182 3249/3782/3288 3257/3784/3290 3256/3777/3283
f 3098/3570/3104 3095/3561/3095 3156/3636/3168 3239/3639/3171
f 3260/3792/3298 3108/3595/3129 3267/3793/3299
f 3264/3786/3292 3265/3785/3291 3271/3794/3300 3270/3795/3301
f 3251/3780/3286 3252/3779/3285 3260/3792/3298 3259/3796/3302
f 3335/3778/3284 3256/3777/3283 3264/3786/3292 3336/3797/3303
f 3254/3776/3282 3255/3775/3281 3263/3798/3304 3262/3799/3305
f 3253/3791/3297 3254/3776/3282 3262/3799/3305 3261/3800/3306
f 3250/3788/3294 3251/3780/3286 3259/3796/3302 3258/3789/3295
f 3101/3579/3113 3098/3570/3104 3239/3639/3171 3245/3783/3289
f 3104/3587/3121 3101/3579/3113 3245/3783/3289 3253/3791/3297
f 3107/3591/3125 3104/3587/3121 3253/3791/3297 3261/3800/3306
f 3234/3589/3123 3149/3555/3089 3096/3567/3101 3099/3576/3110
f 3244/3593/3127 3234/3589/3123 3099/3576/3110 3102/3584/3118
f 3252/3779/3285 3244/3593/3127 3102/3584/3118 3105/3590/3124
f 3260/3792/3298 3252/3779/3285 3105/3590/3124 3108/3595/3129
f 3776/3801/3307 3421/3802/3308 3318/3803/3309 3770/3804/3310
f 3336/3797/3303 3264/3786/3292 3270/3795/3301 3337/3805/3311
f 3262/3799/3305 3263/3798/3304 3269/3806/3312 3268/3807/3313
f 3261/3800/3306 3262/3799/3305 3268/3807/3313
f 3258/3789/3295 3259/3796/3302 3267/3793/3299 3266/3808/3314
f 3291/3790/3296 3258/3789/3295 3266/3808/3314 3292/3809/3315
f 3338/3810/3316 3274/3811/3317 3783/3812/3318 3850/3813/3319
f 3425/3814/3320 3422/3815/3321 3272/3816/3322 3293/3817/3323
f 3424/3818/3324 3423/3819/3325 3275/3820/3326 3274/3811/3317
f 3267/3793/3299 3318/3803/3309 3421/3802/3308
f 3427/3821/3327 3424/3818/3324 3274/3811/3317 3338/3810/3316
f 3293/3817/3323 3272/3816/3322 3781/3822/3328 3803/3823/3329
f 3274/3811/3317 3275/3820/3326 3784/3824/3330 3783/3812/3318
f 3107/3591/3125 3420/3825/3331 3429/3826/3332 3604/3592/3126
f 3259/3796/3302 3260/3792/3298 3267/3793/3299
f 3352/3827/3333 3293/3817/3323 3803/3823/3329 3865/3828/3334
f 3428/3829/3335 3425/3814/3320 3293/3817/3323 3352/3827/3333
f 3350/3830/3336 3291/3790/3296 3292/3809/3315 3351/3831/3337
f 3348/3832/3338 3289/3781/3287 3290/3787/3293 3349/3833/3339
f 3349/3833/3339 3290/3787/3293 3291/3790/3296 3350/3830/3336
f 3347/3834/3340 3288/3583/3117 3289/3781/3287 3348/3832/3338
f 3173/3626/3158 3175/3625/3157 3284/3835/3341 3285/3836/3342
f 3195/3710/3236 3189/3701/3227 3287/3837/3343 3277/3838/3344
f 3189/3701/3227 3186/3694/3220 3279/3839/3345 3287/3837/3343
f 3177/3635/3167 3179/3634/3166 3282/3840/3346 3283/3841/3347
f 3181/3691/3218 3183/3582/3116 3286/3581/3115 3281/3842/3348
f 3171/3689/3216 3173/3626/3158 3285/3836/3342 3278/3843/3349
f 3186/3694/3220 3169/3690/3217 3280/3844/3350 3279/3839/3345
f 3169/3690/3217 3171/3689/3216 3278/3843/3349 3280/3844/3350
f 3201/3711/3237 3195/3710/3236 3277/3838/3344 3276/3845/3351
f 3179/3634/3166 3181/3691/3218 3281/3842/3348 3282/3840/3346
f 3175/3625/3157 3177/3635/3167 3283/3841/3347 3284/3835/3341
f 3345/3760/3268 3286/3581/3115 3288/3583/3117 3347/3834/3340
f 3419/3846/3352 3426/3847/3353 3311/3848/3354 3273/3849/3355
f 3273/3849/3355 3311/3848/3354 3822/3850/3356 3782/3851/3357
f 3263/3798/3304 3309/3852/3358 3310/3853/3359 3269/3806/3312
f 3255/3775/3281 3308/3854/3360 3309/3852/3358 3263/3798/3304
f 3247/3774/3280 3307/3855/3361 3308/3854/3360 3255/3775/3281
f 3182/3692/3219 3302/3856/3362 3306/3857/3363 3238/3763/3270
f 3174/3632/3164 3172/3631/3163 3301/3858/3364 3298/3859/3365
f 3188/3702/3228 3194/3713/3239 3304/3860/3366 3305/3861/3367
f 3185/3628/3160 3188/3702/3228 3305/3861/3367 3300/3862/3368
f 3178/3641/3173 3176/3640/3172 3299/3863/3369 3295/3864/3370
f 3194/3713/3239 3200/3720/3245 3303/3768/3274 3304/3860/3366
f 3170/3623/3155 3168/3622/3154 3297/3865/3371 3296/3866/3372
f 3180/3688/3215 3178/3641/3173 3295/3864/3370 3294/3867/3373
f 3176/3640/3172 3174/3632/3164 3298/3859/3365 3299/3863/3369
f 3168/3622/3154 3185/3628/3160 3300/3862/3368 3297/3865/3371
f 3172/3631/3163 3170/3623/3155 3296/3866/3372 3301/3858/3364
f 3182/3692/3219 3180/3688/3215 3294/3867/3373 3302/3856/3362
f 3238/3763/3270 3306/3857/3363 3307/3855/3361 3247/3774/3280
f 3200/3720/3245 3199/3709/3235 3314/3738/3257 3313/3770/3276
f 3200/3720/3245 3313/3770/3276 3312/3769/3275
f 3324/3755/3265 3303/3768/3274 3312/3769/3275 3326/3765/3272
f 3199/3709/3235 3205/3726/3250 3314/3738/3257
f 3198/3712/3238 3201/3711/3237 3316/3735/3255 3317/3734/3254
f 3358/3736/3256 3316/3735/3255 3315/3771/3277 3346/3757/3266
f 3201/3711/3237 3276/3845/3351 3315/3771/3277
f 3267/3793/3299 3108/3595/3129 3318/3803/3309
f 3231/3753/3263 3324/3755/3265 3326/3765/3272 3232/3724/3249
f 3426/3847/3353 3427/3821/3327 3338/3810/3316 3311/3848/3354
f 3311/3848/3354 3338/3810/3316 3850/3813/3319 3822/3850/3356
f 3309/3852/3358 3336/3797/3303 3337/3805/3311 3310/3853/3359
f 3308/3854/3360 3335/3778/3284 3336/3797/3303 3309/3852/3358
f 3307/3855/3361 3334/3653/3183 3335/3778/3284 3308/3854/3360
f 3302/3856/3362 3331/3660/3187 3333/3650/3180 3306/3857/3363
f 3298/3859/3365 3301/3858/3364 3330/3664/3191 3322/3677/3204
f 3313/3770/3276 3321/3764/3271 3326/3765/3272 3312/3769/3275
f 3305/3861/3367 3304/3860/3366 3332/3754/3264 3325/3762/3269
f 3300/3862/3368 3305/3861/3367 3325/3762/3269 3323/3673/3200
f 3295/3864/3370 3299/3863/3369 3329/3676/3203 3319/3714/3240
f 3304/3860/3366 3303/3768/3274 3324/3755/3265 3332/3754/3264
f 3296/3866/3372 3297/3865/3371 3320/3672/3199 3328/3665/3192
f 3294/3867/3373 3295/3864/3370 3319/3714/3240 3327/3661/3188
f 3299/3863/3369 3298/3859/3365 3322/3677/3204 3329/3676/3203
f 3297/3865/3371 3300/3862/3368 3323/3673/3200 3320/3672/3199
f 3301/3858/3364 3296/3866/3372 3328/3665/3192 3330/3664/3191
f 3302/3856/3362 3294/3867/3373 3327/3661/3188 3331/3660/3187
f 3306/3857/3363 3333/3650/3180 3334/3653/3183 3307/3855/3361
f 3207/3868/3247 3358/3736/3256 3346/3757/3266 3233/3756/3248
f 3223/3761/3259 3345/3760/3268 3347/3834/3340 3241/3869/3278
f 3241/3869/3278 3347/3834/3340 3348/3832/3338 3249/3870/3288
f 3257/3871/3290 3349/3833/3339 3350/3830/3336 3265/3872/3291
f 3249/3870/3288 3348/3832/3338 3349/3833/3339 3257/3871/3290
f 3265/3872/3291 3350/3830/3336 3351/3831/3337 3271/3873/3300
f 3423/3874/3325 3428/3829/3335 3352/3827/3333 3275/3875/3326
f 3275/3875/3326 3352/3827/3333 3865/3828/3334 3784/3876/3330
f 3285/3836/3342 3284/3835/3341 3356/3668/3195 3344/3758/3267
f 3277/3838/3344 3287/3837/3343 3357/3766/3273 3339/3685/3212
f 3287/3837/3343 3279/3839/3345 3354/3699/3225 3357/3766/3273
f 3283/3841/3347 3282/3840/3346 3355/3680/3207 3343/3669/3196
f 3281/3842/3348 3286/3581/3115 3345/3760/3268 3342/3681/3208
f 3278/3843/3349 3285/3836/3342 3344/3758/3267 3340/3696/3222
f 3276/3845/3351 3353/3684/3211 3346/3757/3266 3315/3771/3277
f 3279/3839/3345 3280/3844/3350 3341/3695/3221 3354/3699/3225
f 3280/3844/3350 3278/3843/3349 3340/3696/3222 3341/3695/3221
f 3276/3845/3351 3277/3838/3344 3339/3685/3212 3353/3684/3211
f 3282/3840/3346 3281/3842/3348 3342/3681/3208 3355/3680/3207
f 3284/3835/3341 3283/3841/3347 3343/3669/3196 3356/3668/3195
f 3363/3877/3374 3364/3878/3375 3370/3879/3376 3369/3880/3377
f 3361/3881/3378 3362/3882/3379 3368/3883/3380 3367/3884/3381
f 3359/3885/3382 3360/3886/3383 3366/3887/3384 3365/3888/3385
f 3362/3882/3379 3363/3877/3374 3369/3880/3377 3368/3883/3380
f 3360/3886/3383 3361/3881/3378 3367/3884/3381 3366/3887/3384
f 3366/3887/3384 3367/3884/3381 3373/3889/3386 3372/3890/3387
f 3369/3880/3377 3370/3879/3376 3376/3891/3388 3375/3892/3389
f 3367/3884/3381 3368/3883/3380 3374/3893/3390 3373/3889/3386
f 3365/3888/3385 3366/3887/3384 3372/3890/3387 3371/3894/3391
f 3368/3883/3380 3369/3880/3377 3375/3892/3389 3374/3893/3390
f 3372/3890/3387 3373/3889/3386 3379/3895/3392 3378/3896/3393
f 3375/3892/3389 3376/3891/3388 3382/3897/3394 3381/3898/3395
f 3373/3889/3386 3374/3893/3390 3380/3899/3396 3379/3895/3392
f 3371/3894/3391 3372/3890/3387 3378/3896/3393 3377/3900/3397
f 3374/3893/3390 3375/3892/3389 3381/3898/3395 3380/3899/3396
f 3378/3896/3393 3379/3895/3392 3385/3901/3398 3384/3902/3399
f 3381/3898/3395 3382/3897/3394 3388/3903/3400 3387/3904/3401
f 3379/3895/3392 3380/3899/3396 3386/3905/3402 3385/3901/3398
f 3377/3900/3397 3378/3896/3393 3384/3902/3399 3383/3906/3403
f 3380/3899/3396 3381/3898/3395 3387/3904/3401 3386/3905/3402
f 3393/3907/3404 3399/3908/3405 3400/3909/3406 3394/3910/3407
f 3391/3911/3408 3397/3912/3409 3398/3913/3410 3392/3914/3411
f 3389/3915/3412 3395/3916/3413 3396/3917/3414 3390/3918/3415
f 3392/3914/3411 3398/3913/3410 3399/3908/3405 3393/3907/3404
f 3390/3918/3415 3396/3917/3414 3397/3912/3409 3391/3911/3408
f 3396/3917/3414 3402/3919/3416 3403/3920/3417 3397/3912/3409
f 3399/3908/3405 3405/3921/3418 3406/3922/3419 3400/3909/3406
f 3397/3912/3409 3403/3920/3417 3404/3923/3420 3398/3913/3410
f 3395/3916/3413 3401/3924/3421 3402/3919/3416 3396/3917/3414
f 3398/3913/3410 3404/3923/3420 3405/3921/3418 3399/3908/3405
f 3402/3919/3416 3408/3925/3422 3409/3926/3423 3403/3920/3417
f 3405/3921/3418 3411/3927/3424 3412/3928/3425 3406/3922/3419
f 3403/3920/3417 3409/3926/3423 3410/3929/3426 3404/3923/3420
f 3401/3924/3421 3407/3930/3427 3408/3925/3422 3402/3919/3416
f 3404/3923/3420 3410/3929/3426 3411/3927/3424 3405/3921/3418
f 3408/3925/3422 3414/3931/3428 3415/3932/3429 3409/3926/3423
f 3411/3927/3424 3417/3933/3430 3418/3934/3431 3412/3928/3425
f 3409/3926/3423 3415/3932/3429 3416/3935/3432 3410/3929/3426
f 3407/3930/3427 3413/3936/3433 3414/3931/3428 3408/3925/3422
f 3410/3929/3426 3416/3935/3432 3417/3933/3430 3411/3927/3424
f 3364/3878/3375 3394/3937/3407 3400/3938/3406 3370/3879/3376
f 3386/3905/3402 3416/3939/3432 3415/3940/3429 3385/3901/3398
f 3362/3882/3379 3392/3941/3411 3393/3942/3404 3363/3877/3374
f 3383/3906/3403 3413/3943/3433 3407/3944/3427 3377/3900/3397
f 3371/3894/3391 3401/3945/3421 3395/3946/3413 3365/3888/3385
f 3387/3904/3401 3417/3947/3430 3416/3939/3432 3386/3905/3402
f 3363/3877/3374 3393/3942/3404 3394/3948/3407 3364/3878/3375
f 3376/3891/3388 3406/3949/3419 3412/3950/3425 3382/3897/3394
f 3388/3903/3400 3418/3951/3431 3417/3947/3430 3387/3904/3401
f 3359/3885/3382 3389/3952/3412 3390/3953/3415 3360/3886/3383
f 3377/3900/3397 3407/3944/3427 3401/3945/3421 3371/3894/3391
f 3365/3888/3385 3395/3946/3413 3389/3952/3412 3359/3885/3382
f 3382/3897/3394 3412/3950/3425 3418/3951/3431 3388/3903/3400
f 3370/3879/3376 3400/3938/3406 3406/3954/3419 3376/3891/3388
f 3360/3886/3383 3390/3953/3415 3391/3955/3408 3361/3881/3378
f 3384/3902/3399 3414/3956/3428 3413/3943/3433 3383/3906/3403
f 3361/3881/3378 3391/3955/3408 3392/3941/3411 3362/3882/3379
f 3385/3901/3398 3415/3940/3429 3414/3956/3428 3384/3902/3399
f 3271/3873/3300 3351/3831/3337 3428/3829/3335 3423/3874/3325
f 3310/3853/3359 3337/3805/3311 3427/3821/3327 3426/3847/3353
f 3269/3806/3312 3310/3853/3359 3426/3847/3353 3419/3846/3352
f 3351/3831/3337 3292/3809/3315 3425/3814/3320 3428/3829/3335
f 3337/3805/3311 3270/3795/3301 3424/3818/3324 3427/3821/3327
f 3270/3795/3301 3271/3794/3300 3423/3819/3325 3424/3818/3324
f 3292/3809/3315 3266/3808/3314 3422/3815/3321 3425/3814/3320
f 3268/3807/3313 3269/3806/3312 3419/3846/3352 3420/3825/3331
f 3266/3808/3314 3267/3793/3299 3421/3802/3308 3422/3815/3321
f 3261/3800/3306 3268/3807/3313 3420/3825/3331 3107/3591/3125
f 3420/3825/3331 3419/3846/3352 3273/3849/3355 3429/3826/3332
f 3604/3592/3126 3429/3826/3332 3777/3957/3434
f 3273/3849/3355 3782/3851/3357 3777/3957/3434 3429/3826/3332
f 3108/3595/3129 3109/3594/3128 3318/3803/3309
f 3109/3594/3128 3603/3596/3130 3770/3804/3310 3318/3803/3309
f 3422/3815/3321 3421/3802/3308 3272/3816/3322
f 3776/3801/3307 3781/3822/3328 3272/3816/3322 3421/3802/3308
f 3166/3693/3184 3165/3657/3186 3154/3615/3149
f 3124/3659/3150 3125/3619/3044 3127/3621/3153
f 3187/3703/3229 3184/3627/3159 3127/3621/3153
f 3125/3509/3044 3126/3508/3043 3128/3618/3152
f 3430/3737/3253 3204/3717/3242 3317/3734/3254
f 3430/3737/3253 3358/3736/3256 3207/3868/3247
f 3321/3764/3271 3431/3731/3252 3206/3730/3246
f 3430/3732/3253 3431/3731/3252 3205/3726/3250 3204/3729/3242
f 3432/3382/2922 3440/3958/3435 3449/3959/3436 3441/3383/2923
f 3434/3960/3437 3433/3961/2929 3442/3962/2928 3443/3963/3438
f 3435/3964/3439 3434/3960/3437 3443/3963/3438 3444/3965/3440
f 3436/3966/3441 3435/3964/3439 3444/3965/3440 3445/3967/3442
f 3437/3968/3443 3436/3966/3441 3445/3967/3442 3446/3969/3444
f 3438/3970/3445 3437/3968/3443 3446/3969/3444 3447/3971/3446
f 3439/3972/3447 3438/3970/3445 3447/3971/3446 3448/3973/3448
f 3440/3958/3435 3439/3972/3447 3448/3973/3448 3449/3959/3436
f 3441/3383/2923 3449/3959/3436 3458/3974/3449 3450/3400/2940
f 3443/3963/3438 3442/3962/2928 3451/3975/2943 3452/3976/3450
f 3444/3965/3440 3443/3963/3438 3452/3976/3450 3453/3977/3451
f 3445/3967/3442 3444/3965/3440 3453/3977/3451 3454/3978/3452
f 3446/3969/3444 3445/3967/3442 3454/3978/3452 3455/3979/3453
f 3447/3971/3446 3446/3969/3444 3455/3979/3453 3456/3980/3454
f 3448/3973/3448 3447/3971/3446 3456/3980/3454 3457/3981/3455
f 3449/3959/3436 3448/3973/3448 3457/3981/3455 3458/3974/3449
f 3450/3400/2940 3458/3974/3449 3467/3982/3456 3459/3409/2949
f 3452/3976/3450 3451/3975/2943 3460/3983/2952 3461/3984/3457
f 3453/3977/3451 3452/3976/3450 3461/3984/3457 3462/3985/3458
f 3454/3978/3452 3453/3977/3451 3462/3985/3458 3463/3986/3459
f 3455/3979/3453 3454/3978/3452 3463/3986/3459 3464/3987/3460
f 3456/3980/3454 3455/3979/3453 3464/3987/3460 3465/3988/3461
f 3457/3981/3455 3456/3980/3454 3465/3988/3461 3466/3989/3462
f 3458/3974/3449 3457/3981/3455 3466/3989/3462 3467/3982/3456
f 3459/3409/2949 3467/3982/3456 3476/3990/3463 3468/3418/2958
f 3461/3984/3457 3460/3983/2952 3469/3991/2961 3470/3992/3464
f 3462/3985/3458 3461/3984/3457 3470/3992/3464 3471/3993/3465
f 3463/3986/3459 3462/3985/3458 3471/3993/3465 3472/3994/3466
f 3464/3987/3460 3463/3986/3459 3472/3994/3466 3473/3995/3467
f 3465/3988/3461 3464/3987/3460 3473/3995/3467 3474/3996/3468
f 3466/3989/3462 3465/3988/3461 3474/3996/3468 3475/3997/3469
f 3467/3982/3456 3466/3989/3462 3475/3997/3469 3476/3990/3463
f 3468/3418/2958 3476/3990/3463 3485/3998/3470 3477/3427/2967
f 3470/3992/3464 3469/3991/2961 3478/3999/2970 3479/4000/3471
f 3471/3993/3465 3470/3992/3464 3479/4000/3471 3480/4001/3472
f 3472/3994/3466 3471/3993/3465 3480/4001/3472 3481/4002/3473
f 3473/3995/3467 3472/3994/3466 3481/4002/3473 3482/4003/3474
f 3474/3996/3468 3473/3995/3467 3482/4003/3474 3483/4004/3475
f 3475/3997/3469 3474/3996/3468 3483/4004/3475 3484/4005/3476
f 3476/3990/3463 3475/3997/3469 3484/4005/3476 3485/3998/3470
f 3477/3427/2967 3485/3998/3470 3494/4006/3477 3486/3436/2976
f 3479/4000/3471 3478/3999/2970 3487/4007/2979 3488/4008/3478
f 3480/4001/3472 3479/4000/3471 3488/4008/3478 3489/4009/3479
f 3481/4002/3473 3480/4001/3472 3489/4009/3479 3490/4010/3480
f 3482/4003/3474 3481/4002/3473 3490/4010/3480 3491/4011/3481
f 3483/4004/3475 3482/4003/3474 3491/4011/3481 3492/4012/3482
f 3484/4005/3476 3483/4004/3475 3492/4012/3482 3493/4013/3483
f 3485/3998/3470 3484/4005/3476 3493/4013/3483 3494/4006/3477
f 3486/3436/2976 3494/4006/3477 3503/4014/3484 3495/3445/2985
f 3488/4008/3478 3487/4007/2979 3496/4015/2988 3497/4016/3485
f 3489/4009/3479 3488/4008/3478 3497/4016/3485 3498/4017/3486
f 3490/4010/3480 3489/4009/3479 3498/4017/3486 3499/4018/3487
f 3491/4011/3481 3490/4010/3480 3499/4018/3487 3500/4019/3488
f 3492/4012/3482 3491/4011/3481 3500/4019/3488 3501/4020/3489
f 3493/4013/3483 3492/4012/3482 3501/4020/3489 3502/4021/3490
f 3494/4006/3477 3493/4013/3483 3502/4021/3490 3503/4014/3484
f 3495/3445/2985 3503/4014/3484 3512/4022/3491 3504/3454/2994
f 3497/4016/3485 3496/4015/2988 3505/4023/2997 3506/4024/3492
f 3498/4017/3486 3497/4016/3485 3506/4024/3492 3507/4025/3493
f 3499/4018/3487 3498/4017/3486 3507/4025/3493 3508/4026/3494
f 3500/4019/3488 3499/4018/3487 3508/4026/3494 3509/4027/3495
f 3501/4020/3489 3500/4019/3488 3509/4027/3495 3510/4028/3496
f 3502/4021/3490 3501/4020/3489 3510/4028/3496 3511/4029/3497
f 3503/4014/3484 3502/4021/3490 3511/4029/3497 3512/4022/3491
f 3504/3454/2994 3512/4022/3491 3521/4030/3498 3513/3463/3003
f 3506/4024/3492 3505/4023/2997 3514/4031/3006 3515/4032/3499
f 3507/4025/3493 3506/4024/3492 3515/4032/3499 3516/4033/3500
f 3508/4026/3494 3507/4025/3493 3516/4033/3500 3517/4034/3501
f 3509/4027/3495 3508/4026/3494 3517/4034/3501 3518/4035/3502
f 3510/4028/3496 3509/4027/3495 3518/4035/3502 3519/4036/3503
f 3511/4029/3497 3510/4028/3496 3519/4036/3503 3520/4037/3504
f 3512/4022/3491 3511/4029/3497 3520/4037/3504 3521/4030/3498
f 3513/3463/3003 3521/4030/3498 3530/4038/3505 3522/3472/3012
f 3515/4032/3499 3514/4031/3006 3523/4039/3015 3524/4040/3506
f 3516/4033/3500 3515/4032/3499 3524/4040/3506 3525/4041/3507
f 3517/4034/3501 3516/4033/3500 3525/4041/3507 3526/4042/3508
f 3518/4035/3502 3517/4034/3501 3526/4042/3508 3527/4043/3509
f 3519/4036/3503 3518/4035/3502 3527/4043/3509 3528/4044/3510
f 3520/4037/3504 3519/4036/3503 3528/4044/3510 3529/4045/3511
f 3521/4030/3498 3520/4037/3504 3529/4045/3511 3530/4038/3505
f 3522/3472/3012 3530/4038/3505 3539/4046/3512 3531/3481/3021
f 3524/4040/3506 3523/4039/3015 3532/4047/3024 3533/4048/3513
f 3525/4041/3507 3524/4040/3506 3533/4048/3513 3534/4049/3514
f 3526/4042/3508 3525/4041/3507 3534/4049/3514 3535/4050/3515
f 3527/4043/3509 3526/4042/3508 3535/4050/3515 3536/4051/3516
f 3528/4044/3510 3527/4043/3509 3536/4051/3516 3537/4052/3517
f 3529/4045/3511 3528/4044/3510 3537/4052/3517 3538/4053/3518
f 3530/4038/3505 3529/4045/3511 3538/4053/3518 3539/4046/3512
f 3531/3481/3021 3539/4046/3512 3546/4054/3519 3540/3490/3030
f 3533/4048/3513 3532/4047/3024 3541/4055/3033 3542/4056/3520
f 3534/4049/3514 3533/4048/3513 3542/4056/3520 3543/4057/3521
f 3535/4050/3515 3534/4049/3514 3543/4057/3521 3544/4058/3522
f 3536/4051/3516 3535/4050/3515 3544/4058/3522 3545/4059/3523
f 3537/4052/3517 3536/4051/3516 3545/4059/3523 3546/4054/3519
f 3538/4053/3518 3537/4052/3517 3546/4054/3519
f 3539/4046/3512 3538/4053/3518 3546/4054/3519
f 3540/3497/3030 3546/4060/3519 3552/4061/3524 3547/3498/3037
f 3542/4062/3520 3541/3503/3033 3548/3502/3039
f 3543/4063/3521 3542/4062/3520 3548/3502/3039 3549/4064/3525
f 3655/4065/3526 3627/4066/3527 3628/4067/3528 3654/4068/3529
f 3546/4060/3519 3545/4069/3523 3551/4070/3530 3552/4061/3524
f 3547/3498/3037 3552/4061/3524 3557/4071/3531 3553/3512/3046
f 3549/4064/3525 3548/3502/3039 3554/3514/3048
f 3550/4072/3532 3549/4064/3525 3554/3514/3048 3555/4073/3533
f 3649/4074/3534 3633/4075/3535 3635/4076/3536 3661/4077/3537
f 3552/4061/3524 3551/4070/3530 3556/4078/3538 3557/4071/3531
f 3553/3512/3046 3557/4071/3531 3562/4079/3539 3558/3522/3056
f 3555/4073/3533 3554/3514/3048 3559/3525/3059 3560/4080/3540
f 3660/4081/3541 3642/4082/3542 3640/4083/3543 3659/4084/3544
f 3557/4071/3531 3556/4078/3538 3561/4085/3545 3562/4079/3539
f 3558/3522/3056 3562/4079/3539 3567/4086/3546 3563/3531/3065
f 3560/4080/3540 3559/3525/3059 3564/3534/3068 3565/4087/3547
f 3562/4079/3539 3561/4085/3545 3566/4088/3548 3567/4086/3546
f 3563/3531/3065 3567/4086/3546 3572/4089/3549 3568/3536/3070
f 3565/4087/3547 3564/3534/3068 3569/3539/3073 3570/4090/3550
f 3657/4091/3551 3639/4092/3552 3641/4093/3553 3648/4094/3554
f 3567/4086/3546 3566/4088/3548 3571/4095/3555 3572/4089/3549
f 3568/3536/3070 3572/4089/3549 3577/4096/3556 3573/3545/3079
f 3570/4090/3550 3569/3539/3073 3574/3548/3082 3575/4097/3557
f 3654/4068/3529 3649/4074/3534 3551/4070/3530 3545/4069/3523
f 3572/4089/3549 3571/4095/3555 3576/4098/3558 3577/4096/3556
f 3573/3545/3079 3577/4096/3556 3582/4099/3559 3578/3550/3084
f 3575/4097/3557 3574/3548/3082 3579/3553/3087 3580/4100/3560
f 3650/4101/3561 3645/4102/3562 3647/4103/3563 3651/4104/3564
f 3577/4096/3556 3576/4098/3558 3581/4105/3565 3582/4099/3559
f 3578/3550/3084 3582/4099/3559 3587/4106/3566 3583/3559/3093
f 3580/4100/3560 3579/3553/3087 3584/3562/3096 3585/4107/3567
f 3652/4108/3568 3634/4109/3569 3632/4110/3570 3653/4111/3571
f 3582/4099/3559 3581/4105/3565 3586/4112/3572 3587/4106/3566
f 3583/3559/3093 3587/4106/3566 3592/4113/3573 3588/3568/3102
f 3585/4107/3567 3584/3562/3096 3589/3571/3105 3590/4114/3574
f 3738/4115/3575 3744/4116/3576 3745/4117/3577 3737/4118/3578
f 3587/4106/3566 3586/4112/3572 3591/4119/3579 3592/4113/3573
f 3588/3568/3102 3592/4113/3573 3597/4120/3580 3593/3577/3111
f 3590/4114/3574 3589/3571/3105 3594/3580/3114 3595/4121/3581
f 3795/4122/3582 3797/4123/3583 3738/4115/3575 3685/4124/3584
f 3592/4113/3573 3591/4119/3579 3596/4125/3585 3597/4120/3580
f 3593/3577/3111 3597/4120/3580 3602/4126/3586 3598/3585/3119
f 3595/4121/3581 3594/3580/3114 3599/3588/3122 3600/4127/3587
f 3647/4103/3563 3737/4118/3578 3736/4128/3588 3651/4104/3564
f 3597/4120/3580 3596/4125/3585 3601/4129/3589 3602/4126/3586
f 3600/4127/3587 3599/3588/3122 3604/3592/3126 3605/4130/3590
f 3737/4118/3578 3745/4117/3577 3746/4131/3591 3736/4128/3588
f 3602/4126/3586 3601/4129/3589 3606/4132/3592 3607/4133/3593
f 3602/4126/3586 3607/4133/3593 3603/3596/3130 3598/3585/3119
f 3435/3964/3439 3611/4134/3594 3610/4135/3595 3434/3960/3437
f 3440/3958/3435 3616/4136/3596 3615/4137/3597 3439/3972/3447
f 3438/3970/3445 3614/4138/3598 3613/4139/3599 3437/3968/3443
f 3436/3966/3441 3612/4140/3600 3611/4134/3594 3435/3964/3439
f 3434/3960/3437 3610/4135/3595 3609/4141/3138 3433/3961/2929
f 3439/3972/3447 3615/4137/3597 3614/4138/3598 3438/3970/3445
f 3432/3382/2922 3608/3605/3139 3616/4136/3596 3440/3958/3435
f 3437/3968/3443 3613/4139/3599 3612/4140/3600 3436/3966/3441
f 3615/4137/3597 3624/4142/3601 3623/4143/3602 3614/4138/3598
f 3608/3605/3139 3617/3609/3143 3625/4144/3603 3616/4136/3596
f 3616/4136/3596 3625/4144/3603 3624/4142/3601 3615/4137/3597
f 3610/4135/3595 3619/4145/3604 3618/4146/3144 3609/4141/3138
f 3611/4134/3594 3620/4147/3605 3619/4145/3604 3610/4135/3595
f 3612/4140/3600 3621/4148/3606 3620/4147/3605 3611/4134/3594
f 3613/4139/3599 3622/4149/3607 3621/4148/3606 3612/4140/3600
f 3614/4138/3598 3623/4143/3602 3622/4149/3607 3613/4139/3599
f 3656/4150/3608 3626/4151/3609 3627/4066/3527 3655/4065/3526
f 3628/4067/3528 3630/4152/3610 3631/4153/3611
f 3627/4154/3527 3629/4155/3612 3630/4156/3610
f 3634/4109/3569 3672/4157/3613 3670/4158/3614 3632/4110/3570
f 3637/4159/3615 3675/4160/3616 3677/4161/3617 3639/4092/3552
f 3670/4158/3614 3687/4162/3618 3686/4163/3619 3632/4110/3570
f 3638/4164/3620 3676/4165/3621 3674/4166/3622 3636/4167/3623
f 3641/4093/3553 3679/4168/3624 3681/4169/3625 3643/4170/3626
f 3658/4171/3627 3741/4172/3628 3739/4173/3629 3646/4174/3630
f 3642/4082/3542 3680/4175/3631 3678/4176/3632 3640/4083/3543
f 3662/4177/3633 3636/4167/3623 3634/4109/3569 3652/4108/3568
f 3648/4094/3554 3641/4093/3553 3643/4170/3626 3663/4178/3634
f 3664/4179/3635 3644/4180/3636 3642/4082/3542 3660/4081/3541
f 3661/4077/3537 3635/4076/3536 3637/4159/3615 3665/4181/3637
f 3666/4182/3638 3638/4164/3620 3636/4167/3623 3662/4177/3633
f 3663/4178/3634 3643/4170/3626 3645/4102/3562 3650/4101/3561
f 3658/4171/3627 3646/4174/3630 3644/4180/3636 3664/4179/3635
f 3665/4181/3637 3637/4159/3615 3639/4092/3552 3657/4091/3551
f 3659/4084/3544 3640/4083/3543 3638/4164/3620 3666/4182/3638
f 3570/4090/3550 3659/4084/3544 3666/4182/3638 3565/4087/3547
f 3561/4085/3545 3665/4181/3637 3657/4091/3551 3566/4088/3548
f 3585/4107/3567 3658/4171/3627 3664/4179/3635 3580/4100/3560
f 3576/4098/3558 3663/4178/3634 3650/4101/3561 3581/4105/3565
f 3565/4087/3547 3666/4182/3638 3662/4177/3633 3560/4080/3540
f 3556/4078/3538 3661/4077/3537 3665/4181/3637 3561/4085/3545
f 3580/4100/3560 3664/4179/3635 3660/4081/3541 3575/4097/3557
f 3571/4095/3555 3648/4094/3554 3663/4178/3634 3576/4098/3558
f 3560/4080/3540 3662/4177/3633 3652/4108/3568 3555/4073/3533
f 3543/4183/3521 3656/4150/3608 3655/4065/3526 3544/4184/3522
f 3555/4073/3533 3652/4108/3568 3653/4111/3571 3550/4072/3532
f 3581/4105/3565 3650/4101/3561 3651/4104/3564 3586/4112/3572
f 3628/4067/3528 3633/4075/3535 3649/4074/3534 3654/4068/3529
f 3566/4088/3548 3657/4091/3551 3648/4094/3554 3571/4095/3555
f 3844/4185/3639 3845/4186/3640 3750/4187/3641 3742/4188/3642
f 3575/4097/3557 3660/4081/3541 3659/4084/3544 3570/4090/3550
f 3551/4070/3530 3649/4074/3534 3661/4077/3537 3556/4078/3538
f 3544/4184/3522 3655/4065/3526 3654/4068/3529 3545/4069/3523
f 3653/4111/3571 3669/4189/3643 3668/4190/3644 3550/4072/3532
f 3550/4072/3532 3668/4190/3644 3667/4191/3645 3549/4064/3525
f 3667/4192/3645 3543/4183/3521 3549/4193/3525
f 3669/4189/3643 3626/4194/3609 3668/4190/3644
f 3667/4192/3645 3656/4150/3608 3543/4183/3521
f 3842/4195/3646 3724/4196/3647 3722/4197/3648 3838/4198/3649
f 3841/4199/3650 3714/4200/3651 3712/4201/3652 3839/4202/3653
f 3869/4203/3654 3717/4204/3655 3719/4205/3656 3855/4206/3657
f 3831/4207/3658 3710/4208/3659 3726/4209/3660 3834/4210/3661
f 3840/4211/3662 3718/4212/3663 3716/4213/3664 3833/4214/3665
f 3868/4215/3666 3721/4216/3667 3723/4217/3668 3854/4218/3669
f 3866/4219/3670 3732/4220/3671 3731/4221/3672 3851/4222/3673
f 3644/4180/3636 3682/4223/3674 3680/4175/3631 3642/4082/3542
f 3633/4075/3535 3671/4224/3675 3673/4225/3676 3635/4076/3536
f 3643/4170/3626 3681/4169/3625 3683/4226/3677 3645/4102/3562
f 3640/4083/3543 3678/4176/3632 3676/4165/3621 3638/4164/3620
f 3639/4092/3552 3677/4161/3617 3679/4168/3624 3641/4093/3553
f 3636/4167/3623 3674/4166/3622 3672/4157/3613 3634/4109/3569
f 3646/4174/3630 3684/4227/3678 3682/4223/3674 3644/4180/3636
f 3635/4076/3536 3673/4225/3676 3675/4160/3616 3637/4159/3615
f 3645/4102/3562 3683/4226/3677 3685/4124/3584 3647/4103/3563
f 3686/4163/3619 3669/4189/3643 3653/4111/3571 3632/4110/3570
f 3668/4228/3644 3626/4151/3609 3656/4150/3608
f 3669/4189/3643 3686/4163/3619 3626/4194/3609
f 3686/4163/3619 3629/4155/3612 3626/4194/3609
f 3628/4067/3528 3688/4229/3679 3671/4224/3675 3633/4075/3535
f 3853/4230/3680 3711/4231/3681 3713/4232/3682 3852/4233/3683
f 3867/4234/3684 3727/4235/3685 3711/4231/3681 3853/4230/3680
f 3631/4153/3611 3691/4236/3686 3688/4229/3679 3628/4067/3528
f 3690/4237/3687 3689/4238/3688 3686/4163/3619 3687/4162/3618
f 3630/4152/3610 3693/4239/3689 3694/4240/3690 3631/4153/3611
f 3689/4238/3688 3695/4241/3691 3692/4242/3692 3629/4155/3612
f 3695/4241/3691 3701/4243/3693 3698/4244/3694 3692/4242/3692
f 3694/4240/3690 3700/4245/3695 3703/4246/3696 3697/4247/3697
f 3690/4237/3687 3696/4248/3698 3695/4241/3691 3689/4238/3688
f 3838/4198/3649 3722/4197/3648 3720/4249/3699 3830/4250/3700
f 3629/4155/3612 3692/4242/3692 3693/4251/3689 3630/4156/3610
f 3631/4153/3611 3694/4240/3690 3697/4247/3697 3691/4236/3686
f 3700/4245/3695 3705/4252/3701 3706/4253/3702
f 3839/4202/3653 3712/4201/3652 3710/4208/3659 3831/4207/3658
f 3692/4242/3692 3698/4244/3694 3699/4254/3703 3693/4251/3689
f 3696/4248/3698 3702/4255/3704 3701/4243/3693 3695/4241/3691
f 3708/4256/3705 3734/4257/3706 3735/4258/3707 3709/4259/3708
f 3693/4239/3689 3699/4260/3703 3700/4245/3695 3694/4240/3690
f 3707/4261/3709 3706/4262/3702 3705/4263/3701 3704/4264/3710
f 3708/4265/3705 3709/4266/3708 3883/4267/3711 3884/4268/3712
f 3828/4269/3713 3883/4270/3711 3871/4271/3714 3827/4272/3715
f 3701/4243/3693 3704/4264/3710 3698/4244/3694
f 3698/4244/3694 3704/4264/3710 3705/4263/3701 3699/4254/3703
f 3707/4261/3709 3825/4273/3716 3884/4268/3712
f 3711/4274/3681 3710/4208/3659 3712/4201/3652 3713/4275/3682
f 3713/4275/3682 3712/4201/3652 3714/4200/3651 3715/4276/3717
f 3715/4276/3717 3714/4200/3651 3716/4213/3664 3717/4277/3655
f 3717/4277/3655 3716/4213/3664 3718/4212/3663 3719/4278/3656
f 3719/4278/3656 3718/4212/3663 3720/4249/3699 3721/4279/3667
f 3721/4279/3667 3720/4249/3699 3722/4197/3648 3723/4280/3668
f 3723/4280/3668 3722/4197/3648 3724/4196/3647 3725/4281/3718
f 3727/4282/3685 3726/4209/3660 3710/4208/3659 3711/4274/3681
f 3727/4282/3685 3729/4283/3719 3728/4284/3720 3726/4209/3660
f 3729/4283/3719 3731/4285/3672 3730/4286/3721 3728/4284/3720
f 3732/4287/3671 3735/4258/3707 3734/4257/3706 3733/4288/3722
f 3731/4285/3672 3732/4287/3671 3733/4288/3722 3730/4286/3721
f 3843/4289/3723 3730/4286/3721 3733/4288/3722 3835/4290/3724
f 3866/4219/3670 3858/4291/3725 3735/4292/3707 3732/4220/3671
f 3852/4233/3683 3713/4232/3682 3715/4293/3717 3856/4294/3726
f 3854/4218/3669 3723/4217/3668 3725/4295/3718 3857/4296/3727
f 3830/4250/3700 3720/4249/3699 3718/4212/3663 3840/4211/3662
f 3834/4210/3661 3726/4209/3660 3728/4284/3720 3836/4297/3728
f 3836/4297/3728 3728/4284/3720 3730/4286/3721 3843/4289/3723
f 3646/4174/3630 3739/4173/3629 3740/4298/3729 3684/4227/3678
f 3855/4206/3657 3719/4205/3656 3721/4216/3667 3868/4215/3666
f 3832/4299/3730 3837/4300/3731 3734/4257/3706 3708/4256/3705
f 3870/4301/3732 3729/4302/3719 3727/4235/3685 3867/4234/3684
f 3833/4214/3665 3716/4213/3664 3714/4200/3651 3841/4199/3650
f 3851/4222/3673 3731/4221/3672 3729/4302/3719 3870/4301/3732
f 3856/4294/3726 3715/4293/3717 3717/4204/3655 3869/4203/3654
f 3813/4303/3733 3823/4304/3734 3702/4255/3704
f 3824/4305/3735 3832/4299/3730 3884/4268/3712 3825/4273/3716
f 3706/4253/3702 3828/4269/3713 3700/4245/3695
f 3827/4272/3715 3826/4306/3736 3703/4246/3696
f 3707/4261/3709 3704/4264/3710 3701/4243/3693
f 3699/4260/3703 3705/4252/3701 3700/4245/3695
f 3842/4195/3646 3844/4185/3639 3742/4188/3642 3724/4196/3647
f 3685/4124/3584 3738/4115/3575 3737/4118/3578 3647/4103/3563
f 3724/4196/3647 3742/4188/3642 3743/4307/3737 3725/4281/3718
f 3748/4308/3738 3756/4309/3739 3757/4310/3740 3749/4311/3741
f 3845/4186/3640 3846/4312/3742 3758/4313/3743 3750/4187/3641
f 3745/4117/3577 3753/4314/3744 3754/4315/3745 3746/4131/3591
f 3797/4123/3583 3798/4316/3746 3744/4116/3576 3738/4115/3575
f 3742/4188/3642 3750/4187/3641 3751/4317/3747 3743/4307/3737
f 3741/4172/3628 3747/4318/3748 3748/4308/3738 3739/4173/3629
f 3739/4173/3629 3748/4308/3738 3749/4311/3741 3740/4298/3729
f 3758/4313/3743 3766/4319/3749 3767/4320/3750 3759/4321/3751
f 3799/4322/3752 3800/4323/3753 3760/4324/3754 3752/4325/3755
f 3747/4318/3748 3755/4326/3756 3756/4309/3739 3748/4308/3738
f 3744/4116/3576 3752/4325/3755 3753/4314/3744 3745/4117/3577
f 3798/4316/3746 3799/4322/3752 3752/4325/3755 3744/4116/3576
f 3750/4187/3641 3758/4313/3743 3759/4321/3751 3751/4317/3747
f 3590/4114/3574 3741/4172/3628 3658/4171/3627 3585/4107/3567
f 3762/4327/3757 3769/4328/3758 3606/4132/3592
f 3766/4319/3749 3773/4329/3759 3774/4330/3760 3767/4320/3750
f 3753/4314/3744 3761/4331/3761 3762/4327/3757 3754/4315/3745
f 3846/4312/3742 3847/4332/3762 3766/4319/3749 3758/4313/3743
f 3756/4309/3739 3764/4333/3763 3765/4334/3764 3757/4310/3740
f 3755/4326/3756 3763/4335/3765 3764/4333/3763 3756/4309/3739
f 3752/4325/3755 3760/4324/3754 3761/4331/3761 3753/4314/3744
f 3595/4121/3581 3747/4318/3748 3741/4172/3628 3590/4114/3574
f 3600/4127/3587 3755/4326/3756 3747/4318/3748 3595/4121/3581
f 3605/4130/3590 3763/4335/3765 3755/4326/3756 3600/4127/3587
f 3736/4128/3588 3591/4119/3579 3586/4112/3572 3651/4104/3564
f 3746/4131/3591 3596/4125/3585 3591/4119/3579 3736/4128/3588
f 3754/4315/3745 3601/4129/3589 3596/4125/3585 3746/4131/3591
f 3762/4327/3757 3606/4132/3592 3601/4129/3589 3754/4315/3745
f 3776/3801/3307 3770/3804/3310 3829/4336/3766 3874/4337/3767
f 3847/4332/3762 3848/4338/3768 3773/4329/3759 3766/4319/3749
f 3764/4333/3763 3771/4339/3769 3772/4340/3770 3765/4334/3764
f 3763/4335/3765 3771/4339/3769 3764/4333/3763
f 3760/4324/3754 3768/4341/3771 3769/4328/3758 3761/4331/3761
f 3800/4323/3753 3801/4342/3772 3768/4341/3771 3760/4324/3754
f 3849/4343/3773 3850/3813/3319 3783/3812/3318 3779/4344/3774
f 3878/4345/3775 3802/4346/3776 3775/4347/3777 3875/4348/3778
f 3877/4349/3779 3779/4344/3774 3780/4350/3780 3876/4351/3781
f 3769/4328/3758 3874/4337/3767 3829/4336/3766
f 3880/4352/3782 3849/4343/3773 3779/4344/3774 3877/4349/3779
f 3802/4346/3776 3803/3823/3329 3781/3822/3328 3775/4347/3777
f 3779/4344/3774 3783/3812/3318 3784/3824/3330 3780/4350/3780
f 3605/4130/3590 3604/3592/3126 3882/4353/3783 3873/4354/3784
f 3761/4331/3761 3769/4328/3758 3762/4327/3757
f 3864/4355/3785 3865/3828/3334 3803/3823/3329 3802/4346/3776
f 3881/4356/3786 3864/4355/3785 3802/4346/3776 3878/4345/3775
f 3862/4357/3787 3863/4358/3788 3801/4342/3772 3800/4323/3753
f 3860/4359/3789 3861/4360/3790 3799/4322/3752 3798/4316/3746
f 3861/4360/3790 3862/4357/3787 3800/4323/3753 3799/4322/3752
f 3859/4361/3791 3860/4359/3789 3798/4316/3746 3797/4123/3583
f 3675/4160/3616 3794/4362/3792 3793/4363/3793 3677/4161/3617
f 3697/4247/3697 3786/4364/3794 3796/4365/3795 3691/4236/3686
f 3691/4236/3686 3796/4365/3795 3788/4366/3796 3688/4229/3679
f 3679/4168/3624 3792/4367/3797 3791/4368/3798 3681/4169/3625
f 3683/4226/3677 3790/4369/3799 3795/4122/3582 3685/4124/3584
f 3673/4225/3676 3787/4370/3800 3794/4362/3792 3675/4160/3616
f 3688/4229/3679 3788/4366/3796 3789/4371/3801 3671/4224/3675
f 3671/4224/3675 3789/4371/3801 3787/4370/3800 3673/4225/3676
f 3703/4246/3696 3785/4372/3802 3786/4364/3794 3697/4247/3697
f 3681/4169/3625 3791/4368/3798 3790/4369/3799 3683/4226/3677
f 3677/4161/3617 3793/4363/3793 3792/4367/3797 3679/4168/3624
f 3857/4296/3727 3859/4361/3791 3797/4123/3583 3795/4122/3582
f 3872/4373/3803 3778/4374/3804 3821/4375/3805 3879/4376/3806
f 3778/4374/3804 3782/3851/3357 3822/3850/3356 3821/4375/3805
f 3765/4334/3764 3772/4340/3770 3820/4377/3807 3819/4378/3808
f 3757/4310/3740 3765/4334/3764 3819/4378/3808 3818/4379/3809
f 3749/4311/3741 3757/4310/3740 3818/4379/3809 3817/4380/3810
f 3684/4227/3678 3740/4298/3729 3816/4381/3811 3812/4382/3812
f 3676/4165/3621 3808/4383/3813 3811/4384/3814 3674/4166/3622
f 3690/4237/3687 3815/4385/3815 3814/4386/3816 3696/4248/3698
f 3687/4162/3618 3810/4387/3817 3815/4385/3815 3690/4237/3687
f 3680/4175/3631 3805/4388/3818 3809/4389/3819 3678/4176/3632
f 3696/4248/3698 3814/4386/3816 3813/4303/3733 3702/4255/3704
f 3672/4157/3613 3806/4390/3820 3807/4391/3821 3670/4158/3614
f 3682/4223/3674 3804/4392/3822 3805/4388/3818 3680/4175/3631
f 3678/4176/3632 3809/4389/3819 3808/4383/3813 3676/4165/3621
f 3670/4158/3614 3807/4391/3821 3810/4387/3817 3687/4162/3618
f 3674/4166/3622 3811/4384/3814 3806/4390/3820 3672/4157/3613
f 3684/4227/3678 3812/4382/3812 3804/4392/3822 3682/4223/3674
f 3740/4298/3729 3749/4311/3741 3817/4380/3810 3816/4381/3811
f 3702/4255/3704 3824/4305/3735 3825/4273/3716 3701/4243/3693
f 3702/4255/3704 3823/4304/3734 3824/4305/3735
f 3835/4290/3724 3837/4300/3731 3823/4304/3734 3813/4303/3733
f 3701/4243/3693 3825/4273/3716 3707/4261/3709
f 3700/4245/3695 3828/4269/3713 3827/4272/3715 3703/4246/3696
f 3871/4271/3714 3858/4291/3725 3826/4306/3736 3827/4272/3715
f 3703/4246/3696 3826/4306/3736 3785/4372/3802
f 3769/4328/3758 3829/4336/3766 3606/4132/3592
f 3733/4288/3722 3734/4257/3706 3837/4300/3731 3835/4290/3724
f 3879/4376/3806 3821/4375/3805 3849/4343/3773 3880/4352/3782
f 3821/4375/3805 3822/3850/3356 3850/3813/3319 3849/4343/3773
f 3819/4378/3808 3820/4377/3807 3848/4338/3768 3847/4332/3762
f 3818/4379/3809 3819/4378/3808 3847/4332/3762 3846/4312/3742
f 3817/4380/3810 3818/4379/3809 3846/4312/3742 3845/4186/3640
f 3812/4382/3812 3816/4381/3811 3844/4185/3639 3842/4195/3646
f 3808/4383/3813 3833/4214/3665 3841/4199/3650 3811/4384/3814
f 3824/4305/3735 3823/4304/3734 3837/4300/3731 3832/4299/3730
f 3815/4385/3815 3836/4297/3728 3843/4289/3723 3814/4386/3816
f 3810/4387/3817 3834/4210/3661 3836/4297/3728 3815/4385/3815
f 3805/4388/3818 3830/4250/3700 3840/4211/3662 3809/4389/3819
f 3814/4386/3816 3843/4289/3723 3835/4290/3724 3813/4303/3733
f 3806/4390/3820 3839/4202/3653 3831/4207/3658 3807/4391/3821
f 3804/4392/3822 3838/4198/3649 3830/4250/3700 3805/4388/3818
f 3809/4389/3819 3840/4211/3662 3833/4214/3665 3808/4383/3813
f 3807/4391/3821 3831/4207/3658 3834/4210/3661 3810/4387/3817
f 3811/4384/3814 3841/4199/3650 3839/4202/3653 3806/4390/3820
f 3812/4382/3812 3842/4195/3646 3838/4198/3649 3804/4392/3822
f 3816/4381/3811 3817/4380/3810 3845/4186/3640 3844/4185/3639
f 3709/4393/3708 3735/4292/3707 3858/4291/3725 3871/4271/3714
f 3725/4295/3718 3743/4394/3737 3859/4361/3791 3857/4296/3727
f 3743/4394/3737 3751/4395/3747 3860/4359/3789 3859/4361/3791
f 3759/4396/3751 3767/4397/3750 3862/4357/3787 3861/4360/3790
f 3751/4395/3747 3759/4396/3751 3861/4360/3790 3860/4359/3789
f 3767/4397/3750 3774/4398/3760 3863/4358/3788 3862/4357/3787
f 3876/4399/3781 3780/4400/3780 3864/4355/3785 3881/4356/3786
f 3780/4400/3780 3784/3876/3330 3865/3828/3334 3864/4355/3785
f 3794/4362/3792 3856/4294/3726 3869/4203/3654 3793/4363/3793
f 3786/4364/3794 3851/4222/3673 3870/4301/3732 3796/4365/3795
f 3796/4365/3795 3870/4301/3732 3867/4234/3684 3788/4366/3796
f 3792/4367/3797 3855/4206/3657 3868/4215/3666 3791/4368/3798
f 3790/4369/3799 3854/4218/3669 3857/4296/3727 3795/4122/3582
f 3787/4370/3800 3852/4233/3683 3856/4294/3726 3794/4362/3792
f 3785/4372/3802 3826/4306/3736 3858/4291/3725 3866/4219/3670
f 3788/4366/3796 3867/4234/3684 3853/4230/3680 3789/4371/3801
f 3789/4371/3801 3853/4230/3680 3852/4233/3683 3787/4370/3800
f 3785/4372/3802 3866/4219/3670 3851/4222/3673 3786/4364/3794
f 3791/4368/3798 3868/4215/3666 3854/4218/3669 3790/4369/3799
f 3793/4363/3793 3869/4203/3654 3855/4206/3657 3792/4367/3797
f 3774/4398/3760 3876/4399/3781 3881/4356/3786 3863/4358/3788
f 3820/4377/3807 3879/4376/3806 3880/4352/3782 3848/4338/3768
f 3772/4340/3770 3872/4373/3803 3879/4376/3806 3820/4377/3807
f 3863/4358/3788 3881/4356/3786 3878/4345/3775 3801/4342/3772
f 3848/4338/3768 3880/4352/3782 3877/4349/3779 3773/4329/3759
f 3773/4329/3759 3877/4349/3779 3876/4351/3781 3774/4330/3760
f 3801/4342/3772 3878/4345/3775 3875/4348/3778 3768/4341/3771
f 3771/4339/3769 3873/4354/3784 3872/4373/3803 3772/4340/3770
f 3768/4341/3771 3875/4348/3778 3874/4337/3767 3769/4328/3758
f 3763/4335/3765 3605/4130/3590 3873/4354/3784 3771/4339/3769
f 3873/4354/3784 3882/4353/3783 3778/4374/3804 3872/4373/3803
f 3604/3592/3126 3777/3957/3434 3882/4353/3783
f 3778/4374/3804 3882/4353/3783 3777/3957/3434 3782/3851/3357
f 3606/4132/3592 3829/4336/3766 3607/4133/3593
f 3607/4133/3593 3829/4336/3766 3770/3804/3310 3603/3596/3130
f 3875/4348/3778 3775/4347/3777 3874/4337/3767
f 3776/3801/3307 3874/4337/3767 3775/4347/3777 3781/3822/3328
f 3668/4228/3644 3656/4150/3608 3667/4192/3645
f 3626/4194/3609 3629/4155/3612 3627/4154/3527
f 3689/4238/3688 3629/4155/3612 3686/4163/3619
f 3627/4066/3527 3630/4152/3610 3628/4067/3528
f 3883/4270/3711 3828/4269/3713 3706/4253/3702
f 3883/4270/3711 3709/4393/3708 3871/4271/3714
f 3832/4299/3730 3708/4265/3705 3884/4268/3712
f 3883/4267/3711 3706/4262/3702 3707/4261/3709 3884/4268/3712
f 4001/4401/3823 4010/4402/3824 3898/4403/3825 3891/4404/3826
f 3885/4405/3827 3892/4406/3828 4011/4407/3829 4002/4408/3830
f 3886/4409/3831 3893/4410/3832 3892/4406/3828 3885/4405/3827
f 3887/4411/3833 3894/4412/3834 3893/4410/3832 3886/4409/3831
f 3888/4413/3835 3895/4414/3836 3894/4412/3834 3887/4411/3833
f 3889/4415/3837 3896/4416/3838 3895/4414/3836 3888/4413/3835
f 3890/4417/3839 3897/4418/3840 3896/4416/3838 3889/4415/3837
f 3891/4404/3826 3898/4403/3825 3897/4418/3840 3890/4417/3839
f 4010/4402/3824 4019/4419/3841 3905/4420/3842 3898/4403/3825
f 3892/4406/3828 3899/4421/3843 4020/4422/3844 4011/4407/3829
f 3893/4410/3832 3900/4423/3845 3899/4421/3843 3892/4406/3828
f 3894/4412/3834 3901/4424/3846 3900/4423/3845 3893/4410/3832
f 3895/4414/3836 3902/4425/3847 3901/4424/3846 3894/4412/3834
f 3896/4416/3838 3903/4426/3848 3902/4425/3847 3895/4414/3836
f 3897/4418/3840 3904/4427/3849 3903/4426/3848 3896/4416/3838
f 3898/4403/3825 3905/4420/3842 3904/4427/3849 3897/4418/3840
f 4019/4419/3841 4028/4428/3850 3912/4429/3851 3905/4420/3842
f 3899/4421/3843 3906/4430/3852 4029/4431/3853 4020/4422/3844
f 3900/4423/3845 3907/4432/3854 3906/4430/3852 3899/4421/3843
f 3901/4424/3846 3908/4433/3855 3907/4432/3854 3900/4423/3845
f 3902/4425/3847 3909/4434/3856 3908/4433/3855 3901/4424/3846
f 3903/4426/3848 3910/4435/3857 3909/4434/3856 3902/4425/3847
f 3904/4427/3849 3911/4436/3858 3910/4435/3857 3903/4426/3848
f 3905/4420/3842 3912/4429/3851 3911/4436/3858 3904/4427/3849
f 4028/4428/3850 4037/4437/3859 3919/4438/3860 3912/4429/3851
f 3906/4430/3852 3913/4439/3861 4038/4440/3862 4029/4431/3853
f 3907/4432/3854 3914/4441/3863 3913/4439/3861 3906/4430/3852
f 3908/4433/3855 3915/4442/3864 3914/4441/3863 3907/4432/3854
f 3909/4434/3856 3916/4443/3865 3915/4442/3864 3908/4433/3855
f 3910/4435/3857 3917/4444/3866 3916/4443/3865 3909/4434/3856
f 3911/4436/3858 3918/4445/3867 3917/4444/3866 3910/4435/3857
f 3912/4429/3851 3919/4438/3860 3918/4445/3867 3911/4436/3858
f 4037/4437/3859 4046/4446/3868 3926/4447/3869 3919/4438/3860
f 3913/4439/3861 3920/4448/3870 4047/4449/3871 4038/4440/3862
f 3914/4441/3863 3921/4450/3872 3920/4448/3870 3913/4439/3861
f 3915/4442/3864 3922/4451/3873 3921/4450/3872 3914/4441/3863
f 3916/4443/3865 3923/4452/3874 3922/4451/3873 3915/4442/3864
f 3917/4444/3866 3924/4453/3875 3923/4452/3874 3916/4443/3865
f 3918/4445/3867 3925/4454/3876 3924/4453/3875 3917/4444/3866
f 3919/4438/3860 3926/4447/3869 3925/4454/3876 3918/4445/3867
f 3886/4409/3831 3885/4405/3827 3927/4455/3877 3928/4456/3878
f 3891/4404/3826 3890/4417/3839 3932/4457/3879 3933/4458/3880
f 3889/4415/3837 3888/4413/3835 3930/4459/3881 3931/4460/3882
f 3887/4411/3833 3886/4409/3831 3928/4456/3878 3929/4461/3883
f 3885/4405/3827 4002/4408/3830 4056/4462/3884 3927/4455/3877
f 3890/4417/3839 3889/4415/3837 3931/4460/3882 3932/4457/3879
f 4001/4401/3823 3891/4404/3826 3933/4458/3880 4055/4463/3885
f 3888/4413/3835 3887/4411/3833 3929/4461/3883 3930/4459/3881
f 3932/4457/3879 3931/4460/3882 3938/4464/3886 3939/4465/3887
f 4055/4463/3885 3933/4458/3880 3940/4466/3888 4064/4467/3889
f 3933/4458/3880 3932/4457/3879 3939/4465/3887 3940/4466/3888
f 3927/4455/3877 4056/4462/3884 4065/4468/3890 3934/4469/3891
f 3928/4456/3878 3927/4455/3877 3934/4469/3891 3935/4470/3892
f 3929/4461/3883 3928/4456/3878 3935/4470/3892 3936/4471/3893
f 3930/4459/3881 3929/4461/3883 3936/4471/3893 3937/4472/3894
f 3931/4460/3882 3930/4459/3881 3937/4472/3894 3938/4464/3886
f 3945/4473/3895 3946/4474/3896 3952/4475/3897 3951/4476/3898
f 3943/4477/3899 3944/4478/3900 3950/4479/3901 3949/4480/3902
f 3941/4481/3903 3942/4482/3904 3948/4483/3905 3947/4484/3906
f 3944/4478/3900 3945/4473/3895 3951/4476/3898 3950/4479/3901
f 3942/4482/3904 3943/4477/3899 3949/4480/3902 3948/4483/3905
f 3948/4483/3905 3949/4480/3902 3955/4485/3907 3954/4486/3908
f 3951/4476/3898 3952/4475/3897 3958/4487/3909 3957/4488/3910
f 3949/4480/3902 3950/4479/3901 3956/4489/3911 3955/4485/3907
f 3947/4484/3906 3948/4483/3905 3954/4486/3908 3953/4490/3912
f 3950/4479/3901 3951/4476/3898 3957/4488/3910 3956/4489/3911
f 3954/4486/3908 3955/4485/3907 3961/4491/3913 3960/4492/3914
f 3957/4488/3910 3958/4487/3909 3964/4493/3915 3963/4494/3916
f 3955/4485/3907 3956/4489/3911 3962/4495/3917 3961/4491/3913
f 3953/4490/3912 3954/4486/3908 3960/4492/3914 3959/4496/3918
f 3956/4489/3911 3957/4488/3910 3963/4494/3916 3962/4495/3917
f 3960/4492/3914 3961/4491/3913 3967/4497/3919 3966/4498/3920
f 3963/4494/3916 3964/4493/3915 3970/4499/3921 3969/4500/3922
f 3961/4491/3913 3962/4495/3917 3968/4501/3923 3967/4497/3919
f 3959/4496/3918 3960/4492/3914 3966/4498/3920 3965/4502/3924
f 3962/4495/3917 3963/4494/3916 3969/4500/3922 3968/4501/3923
f 3975/4503/3925 3981/4504/3926 3982/4505/3927 3976/4506/3928
f 3973/4507/3929 3979/4508/3930 3980/4509/3931 3974/4510/3932
f 3971/4511/3933 3977/4512/3934 3978/4513/3935 3972/4514/3936
f 3974/4510/3932 3980/4509/3931 3981/4504/3926 3975/4503/3925
f 3972/4514/3936 3978/4513/3935 3979/4508/3930 3973/4507/3929
f 3978/4513/3935 3984/4515/3937 3985/4516/3938 3979/4508/3930
f 3981/4504/3926 3987/4517/3939 3988/4518/3940 3982/4505/3927
f 3979/4508/3930 3985/4516/3938 3986/4519/3941 3980/4509/3931
f 3977/4512/3934 3983/4520/3942 3984/4515/3937 3978/4513/3935
f 3980/4509/3931 3986/4519/3941 3987/4517/3939 3981/4504/3926
f 3984/4515/3937 3990/4521/3943 3991/4522/3944 3985/4516/3938
f 3987/4517/3939 3993/4523/3945 3994/4524/3946 3988/4518/3940
f 3985/4516/3938 3991/4522/3944 3992/4525/3947 3986/4519/3941
f 3983/4520/3942 3989/4526/3948 3990/4521/3943 3984/4515/3937
f 3986/4519/3941 3992/4525/3947 3993/4523/3945 3987/4517/3939
f 3990/4521/3943 3996/4527/3949 3997/4528/3950 3991/4522/3944
f 3993/4523/3945 3999/4529/3951 4000/4530/3952 3994/4524/3946
f 3991/4522/3944 3997/4528/3950 3998/4531/3953 3992/4525/3947
f 3989/4526/3948 3995/4532/3954 3996/4527/3949 3990/4521/3943
f 3992/4525/3947 3998/4531/3953 3999/4529/3951 3993/4523/3945
f 3946/4474/3896 3976/4533/3928 3982/4534/3927 3952/4475/3897
f 3968/4501/3923 3998/4535/3953 3997/4536/3950 3967/4497/3919
f 3944/4478/3900 3974/4537/3932 3975/4538/3925 3945/4473/3895
f 3965/4502/3924 3995/4539/3954 3989/4540/3948 3959/4496/3918
f 3953/4490/3912 3983/4541/3942 3977/4542/3934 3947/4484/3906
f 3969/4500/3922 3999/4543/3951 3998/4535/3953 3968/4501/3923
f 3945/4473/3895 3975/4538/3925 3976/4544/3928 3946/4474/3896
f 3958/4487/3909 3988/4545/3940 3994/4546/3946 3964/4493/3915
f 3970/4499/3921 4000/4547/3952 3999/4543/3951 3969/4500/3922
f 3941/4481/3903 3971/4548/3933 3972/4549/3936 3942/4482/3904
f 3959/4496/3918 3989/4540/3948 3983/4541/3942 3953/4490/3912
f 3947/4484/3906 3977/4542/3934 3971/4548/3933 3941/4481/3903
f 3964/4493/3915 3994/4546/3946 4000/4547/3952 3970/4499/3921
f 3952/4475/3897 3982/4534/3927 3988/4550/3940 3958/4487/3909
f 3942/4482/3904 3972/4549/3936 3973/4551/3929 3943/4477/3899
f 3966/4498/3920 3996/4552/3949 3995/4539/3954 3965/4502/3924
f 3943/4477/3899 3973/4551/3929 3974/4537/3932 3944/4478/3900
f 3967/4497/3919 3997/4536/3950 3996/4552/3949 3966/4498/3920
f 4001/4401/3823 4009/4553/3955 4018/4554/3956 4010/4402/3824
f 4003/4555/3957 4002/4556/3830 4011/4557/3829 4012/4558/3958
f 4004/4559/3959 4003/4555/3957 4012/4558/3958 4013/4560/3960
f 4005/4561/3961 4004/4559/3959 4013/4560/3960 4014/4562/3962
f 4006/4563/3963 4005/4561/3961 4014/4562/3962 4015/4564/3964
f 4007/4565/3965 4006/4563/3963 4015/4564/3964 4016/4566/3966
f 4008/4567/3967 4007/4565/3965 4016/4566/3966 4017/4568/3968
f 4009/4553/3955 4008/4567/3967 4017/4568/3968 4018/4554/3956
f 4010/4402/3824 4018/4554/3956 4027/4569/3969 4019/4419/3841
f 4012/4558/3958 4011/4557/3829 4020/4570/3844 4021/4571/3970
f 4013/4560/3960 4012/4558/3958 4021/4571/3970 4022/4572/3971
f 4014/4562/3962 4013/4560/3960 4022/4572/3971 4023/4573/3972
f 4015/4564/3964 4014/4562/3962 4023/4573/3972 4024/4574/3973
f 4016/4566/3966 4015/4564/3964 4024/4574/3973 4025/4575/3974
f 4017/4568/3968 4016/4566/3966 4025/4575/3974 4026/4576/3975
f 4018/4554/3956 4017/4568/3968 4026/4576/3975 4027/4569/3969
f 4019/4419/3841 4027/4569/3969 4036/4577/3976 4028/4428/3850
f 4021/4571/3970 4020/4570/3844 4029/4578/3853 4030/4579/3977
f 4022/4572/3971 4021/4571/3970 4030/4579/3977 4031/4580/3978
f 4023/4573/3972 4022/4572/3971 4031/4580/3978 4032/4581/3979
f 4024/4574/3973 4023/4573/3972 4032/4581/3979 4033/4582/3980
f 4025/4575/3974 4024/4574/3973 4033/4582/3980 4034/4583/3981
f 4026/4576/3975 4025/4575/3974 4034/4583/3981 4035/4584/3982
f 4027/4569/3969 4026/4576/3975 4035/4584/3982 4036/4577/3976
f 4028/4428/3850 4036/4577/3976 4045/4585/3983 4037/4437/3859
f 4030/4579/3977 4029/4578/3853 4038/4586/3862 4039/4587/3984
f 4031/4580/3978 4030/4579/3977 4039/4587/3984 4040/4588/3985
f 4032/4581/3979 4031/4580/3978 4040/4588/3985 4041/4589/3986
f 4033/4582/3980 4032/4581/3979 4041/4589/3986 4042/4590/3987
f 4034/4583/3981 4033/4582/3980 4042/4590/3987 4043/4591/3988
f 4035/4584/3982 4034/4583/3981 4043/4591/3988 4044/4592/3989
f 4036/4577/3976 4035/4584/3982 4044/4592/3989 4045/4585/3983
f 4037/4437/3859 4045/4585/3983 4054/4593/3990 4046/4446/3868
f 4039/4587/3984 4038/4586/3862 4047/4594/3871 4048/4595/3991
f 4040/4588/3985 4039/4587/3984 4048/4595/3991 4049/4596/3992
f 4041/4589/3986 4040/4588/3985 4049/4596/3992 4050/4597/3993
f 4042/4590/3987 4041/4589/3986 4050/4597/3993 4051/4598/3994
f 4043/4591/3988 4042/4590/3987 4051/4598/3994 4052/4599/3995
f 4044/4592/3989 4043/4591/3988 4052/4599/3995 4053/4600/3996
f 4045/4585/3983 4044/4592/3989 4053/4600/3996 4054/4593/3990
f 4004/4559/3959 4058/4601/3997 4057/4602/3998 4003/4555/3957
f 4009/4553/3955 4063/4603/3999 4062/4604/4000 4008/4567/3967
f 4007/4565/3965 4061/4605/4001 4060/4606/4002 4006/4563/3963
f 4005/4561/3961 4059/4607/4003 4058/4601/3997 4004/4559/3959
f 4003/4555/3957 4057/4602/3998 4056/4608/3884 4002/4556/3830
f 4008/4567/3967 4062/4604/4000 4061/4605/4001 4007/4565/3965
f 4001/4401/3823 4055/4463/3885 4063/4603/3999 4009/4553/3955
f 4006/4563/3963 4060/4606/4002 4059/4607/4003 4005/4561/3961
f 4062/4604/4000 4071/4609/4004 4070/4610/4005 4061/4605/4001
f 4055/4463/3885 4064/4467/3889 4072/4611/4006 4063/4603/3999
f 4063/4603/3999 4072/4611/4006 4071/4609/4004 4062/4604/4000
f 4057/4602/3998 4066/4612/4007 4065/4613/3890 4056/4608/3884
f 4058/4601/3997 4067/4614/4008 4066/4612/4007 4057/4602/3998
f 4059/4607/4003 4068/4615/4009 4067/4614/4008 4058/4601/3997
f 4060/4606/4002 4069/4616/4010 4068/4615/4009 4059/4607/4003
f 4061/4605/4001 4070/4610/4005 4069/4616/4010 4060/4606/4002
f 4046/4446/3868 4054/4593/3990 4053/4600/3996 4052/4599/3995 4051/4598/3994 4050/4597/3993 4049/4596/3992 4048/4595/3991 4047/4594/3871 3920/4448/3870 3921/4450/3872 3922/4451/3873 3923/4452/3874 3924/4453/3875 3925/4454/3876 3926/4447/3869
f 4521/4617/4011 4530/4618/4012 4086/4619/4013 4079/4620/4014
f 4073/4621/4015 4080/4622/4016 4531/4623/4017 4522/4624/4018
f 4074/4625/4019 4081/4626/4020 4080/4622/4016 4073/4621/4015
f 4075/4627/4021 4082/4628/4022 4081/4626/4020 4074/4625/4019
f 4076/4629/4023 4083/4630/4024 4082/4628/4022 4075/4627/4021
f 4077/4631/4025 4084/4632/4026 4083/4630/4024 4076/4629/4023
f 4078/4633/4027 4085/4634/4028 4084/4632/4026 4077/4631/4025
f 4079/4620/4014 4086/4619/4013 4085/4634/4028 4078/4633/4027
f 4530/4618/4012 4539/4635/4029 4093/4636/4030 4086/4619/4013
f 4080/4622/4016 4087/4637/4031 4540/4638/4032 4531/4623/4017
f 4081/4626/4020 4088/4639/4033 4087/4637/4031 4080/4622/4016
f 4082/4628/4022 4089/4640/4034 4088/4639/4033 4081/4626/4020
f 4083/4630/4024 4090/4641/4035 4089/4640/4034 4082/4628/4022
f 4084/4632/4026 4091/4642/4036 4090/4641/4035 4083/4630/4024
f 4085/4634/4028 4092/4643/4037 4091/4642/4036 4084/4632/4026
f 4086/4619/4013 4093/4636/4030 4092/4643/4037 4085/4634/4028
f 4539/4635/4029 4548/4644/4038 4100/4645/4039 4093/4636/4030
f 4087/4637/4031 4094/4646/4040 4549/4647/4041 4540/4638/4032
f 4088/4639/4033 4095/4648/4042 4094/4646/4040 4087/4637/4031
f 4089/4640/4034 4096/4649/4043 4095/4648/4042 4088/4639/4033
f 4090/4641/4035 4097/4650/4044 4096/4649/4043 4089/4640/4034
f 4091/4642/4036 4098/4651/4045 4097/4650/4044 4090/4641/4035
f 4092/4643/4037 4099/4652/4046 4098/4651/4045 4091/4642/4036
f 4093/4636/4030 4100/4645/4039 4099/4652/4046 4092/4643/4037
f 4548/4644/4038 4557/4653/4047 4107/4654/4048 4100/4645/4039
f 4094/4646/4040 4101/4655/4049 4558/4656/4050 4549/4647/4041
f 4095/4648/4042 4102/4657/4051 4101/4655/4049 4094/4646/4040
f 4096/4649/4043 4103/4658/4052 4102/4657/4051 4095/4648/4042
f 4097/4650/4044 4104/4659/4053 4103/4658/4052 4096/4649/4043
f 4098/4651/4045 4105/4660/4054 4104/4659/4053 4097/4650/4044
f 4099/4652/4046 4106/4661/4055 4105/4660/4054 4098/4651/4045
f 4100/4645/4039 4107/4654/4048 4106/4661/4055 4099/4652/4046
f 4557/4653/4047 4566/4662/4056 4114/4663/4057 4107/4654/4048
f 4101/4655/4049 4108/4664/4058 4567/4665/4059 4558/4656/4050
f 4102/4657/4051 4109/4666/4060 4108/4664/4058 4101/4655/4049
f 4103/4658/4052 4110/4667/4061 4109/4666/4060 4102/4657/4051
f 4104/4659/4053 4111/4668/4062 4110/4667/4061 4103/4658/4052
f 4105/4660/4054 4112/4669/4063 4111/4668/4062 4104/4659/4053
f 4106/4661/4055 4113/4670/4064 4112/4669/4063 4105/4660/4054
f 4107/4654/4048 4114/4663/4057 4113/4670/4064 4106/4661/4055
f 4566/4662/4056 4575/4671/4065 4121/4672/4066 4114/4663/4057
f 4108/4664/4058 4115/4673/4067 4576/4674/4068 4567/4665/4059
f 4109/4666/4060 4116/4675/4069 4115/4673/4067 4108/4664/4058
f 4110/4667/4061 4117/4676/4070 4116/4675/4069 4109/4666/4060
f 4111/4668/4062 4118/4677/4071 4117/4676/4070 4110/4667/4061
f 4112/4669/4063 4119/4678/4072 4118/4677/4071 4111/4668/4062
f 4113/4670/4064 4120/4679/4073 4119/4678/4072 4112/4669/4063
f 4114/4663/4057 4121/4672/4066 4120/4679/4073 4113/4670/4064
f 4575/4671/4065 4584/4680/4074 4128/4681/4075 4121/4672/4066
f 4115/4673/4067 4122/4682/4076 4585/4683/4077 4576/4674/4068
f 4116/4675/4069 4123/4684/4078 4122/4682/4076 4115/4673/4067
f 4117/4676/4070 4124/4685/4079 4123/4684/4078 4116/4675/4069
f 4118/4677/4071 4125/4686/4080 4124/4685/4079 4117/4676/4070
f 4119/4678/4072 4126/4687/4081 4125/4686/4080 4118/4677/4071
f 4120/4679/4073 4127/4688/4082 4126/4687/4081 4119/4678/4072
f 4121/4672/4066 4128/4681/4075 4127/4688/4082 4120/4679/4073
f 4584/4680/4074 4593/4689/4083 4135/4690/4084 4128/4681/4075
f 4122/4682/4076 4129/4691/4085 4594/4692/4086 4585/4683/4077
f 4123/4684/4078 4130/4693/4087 4129/4691/4085 4122/4682/4076
f 4124/4685/4079 4131/4694/4088 4130/4693/4087 4123/4684/4078
f 4125/4686/4080 4132/4695/4089 4131/4694/4088 4124/4685/4079
f 4126/4687/4081 4133/4696/4090 4132/4695/4089 4125/4686/4080
f 4127/4688/4082 4134/4697/4091 4133/4696/4090 4126/4687/4081
f 4128/4681/4075 4135/4690/4084 4134/4697/4091 4127/4688/4082
f 4593/4689/4083 4602/4698/4092 4142/4699/4093 4135/4690/4084
f 4129/4691/4085 4136/4700/4094 4603/4701/4095 4594/4692/4086
f 4130/4693/4087 4137/4702/4096 4136/4700/4094 4129/4691/4085
f 4131/4694/4088 4138/4703/4097 4137/4702/4096 4130/4693/4087
f 4132/4695/4089 4139/4704/4098 4138/4703/4097 4131/4694/4088
f 4133/4696/4090 4140/4705/4099 4139/4704/4098 4132/4695/4089
f 4134/4697/4091 4141/4706/4100 4140/4705/4099 4133/4696/4090
f 4135/4690/4084 4142/4699/4093 4141/4706/4100 4134/4697/4091
f 4602/4698/4092 4611/4707/4101 4149/4708/4102 4142/4699/4093
f 4136/4700/4094 4143/4709/4103 4612/4710/4104 4603/4701/4095
f 4137/4702/4096 4144/4711/4105 4143/4709/4103 4136/4700/4094
f 4138/4703/4097 4145/4712/4106 4144/4711/4105 4137/4702/4096
f 4139/4704/4098 4146/4713/4107 4145/4712/4106 4138/4703/4097
f 4140/4705/4099 4147/4714/4108 4146/4713/4107 4139/4704/4098
f 4141/4706/4100 4148/4715/4109 4147/4714/4108 4140/4705/4099
f 4142/4699/4093 4149/4708/4102 4148/4715/4109 4141/4706/4100
f 4611/4707/4101 4620/4716/4110 4156/4717/4111 4149/4708/4102
f 4143/4709/4103 4150/4718/4112 4621/4719/4113 4612/4710/4104
f 4144/4711/4105 4151/4720/4114 4150/4718/4112 4143/4709/4103
f 4145/4712/4106 4152/4721/4115 4151/4720/4114 4144/4711/4105
f 4146/4713/4107 4153/4722/4116 4152/4721/4115 4145/4712/4106
f 4147/4714/4108 4154/4723/4117 4153/4722/4116 4146/4713/4107
f 4148/4715/4109 4155/4724/4118 4154/4723/4117 4147/4714/4108
f 4149/4708/4102 4156/4717/4111 4155/4724/4118 4148/4715/4109
f 4620/4716/4110 4629/4725/4119 4161/4726/4120 4156/4717/4111
f 4150/4718/4112 4157/4727/4121 4630/4728/4122 4621/4719/4113
f 4151/4720/4114 4158/4729/4123 4157/4727/4121 4150/4718/4112
f 4152/4721/4115 4159/4730/4124 4158/4729/4123 4151/4720/4114
f 4153/4722/4116 4160/4731/4125 4159/4730/4124 4152/4721/4115
f 4154/4723/4117 4161/4726/4120 4160/4731/4125 4153/4722/4116
f 4155/4724/4118 4161/4726/4120 4154/4723/4117
f 4156/4717/4111 4161/4726/4120 4155/4724/4118
f 4629/4732/4119 4636/4733/4126 4165/4734/4127 4161/4735/4120
f 4157/4736/4121 4637/4737/4128 4630/4738/4122
f 4158/4739/4123 4162/4740/4129 4637/4737/4128 4157/4736/4121
f 4242/4741/4130 4241/4742/4131 4215/4743/4132 4214/4744/4133
f 4161/4735/4120 4165/4734/4127 4164/4745/4134 4160/4746/4125
f 4636/4733/4126 4642/4747/4135 4168/4748/4136 4165/4734/4127
f 4162/4740/4129 4643/4749/4137 4637/4737/4128
f 4163/4750/4138 4166/4751/4139 4643/4749/4137 4162/4740/4129
f 4236/4752/4140 4248/4753/4141 4222/4754/4142 4220/4755/4143
f 4165/4734/4127 4168/4748/4136 4167/4756/4144 4164/4745/4134
f 4642/4747/4135 4647/4757/4145 4171/4758/4146 4168/4748/4136
f 4166/4751/4139 4169/4759/4147 4648/4760/4148 4643/4749/4137
f 4247/4761/4149 4246/4762/4150 4227/4763/4151 4229/4764/4152
f 4168/4748/4136 4171/4758/4146 4170/4765/4153 4167/4756/4144
f 4647/4757/4145 4652/4766/4154 4174/4767/4155 4171/4758/4146
f 4169/4759/4147 4172/4768/4156 4653/4769/4157 4648/4760/4148
f 4171/4758/4146 4174/4767/4155 4173/4770/4158 4170/4765/4153
f 4652/4766/4154 4657/4771/4159 4177/4772/4160 4174/4767/4155
f 4172/4768/4156 4175/4773/4161 4658/4774/4162 4653/4769/4157
f 4244/4775/4163 4235/4776/4164 4228/4777/4165 4226/4778/4166
f 4174/4767/4155 4177/4772/4160 4176/4779/4167 4173/4770/4158
f 4657/4771/4159 4662/4780/4168 4180/4781/4169 4177/4772/4160
f 4175/4773/4161 4178/4782/4170 4663/4783/4171 4658/4774/4162
f 4241/4742/4131 4160/4746/4125 4164/4745/4134 4236/4752/4140
f 4177/4772/4160 4180/4781/4169 4179/4784/4172 4176/4779/4167
f 4662/4780/4168 4667/4785/4173 4183/4786/4174 4180/4781/4169
f 4178/4782/4170 4181/4787/4175 4668/4788/4176 4663/4783/4171
f 4237/4789/4177 4238/4790/4178 4234/4791/4179 4232/4792/4180
f 4180/4781/4169 4183/4786/4174 4182/4793/4181 4179/4784/4172
f 4667/4785/4173 4672/4794/4182 4186/4795/4183 4183/4786/4174
f 4181/4787/4175 4184/4796/4184 4673/4797/4185 4668/4788/4176
f 4239/4798/4186 4240/4799/4187 4219/4800/4188 4221/4801/4189
f 4183/4786/4174 4186/4795/4183 4185/4802/4190 4182/4793/4181
f 4672/4794/4182 4677/4803/4191 4189/4804/4192 4186/4795/4183
f 4184/4796/4184 4187/4805/4193 4678/4806/4194 4673/4797/4185
f 4325/4807/4195 4324/4808/4196 4332/4809/4197 4331/4810/4198
f 4186/4795/4183 4189/4804/4192 4188/4811/4199 4185/4802/4190
f 4677/4803/4191 4682/4812/4200 4192/4813/4201 4189/4804/4192
f 4187/4805/4193 4190/4814/4202 4683/4815/4203 4678/4806/4194
f 4375/4816/4204 4272/4817/4205 4325/4807/4195 4377/4818/4206
f 4189/4804/4192 4192/4813/4201 4191/4819/4207 4188/4811/4199
f 4682/4812/4200 4687/4820/4208 4195/4821/4209 4192/4813/4201
f 4190/4814/4202 4193/4822/4210 4688/4823/4211 4683/4815/4203
f 4234/4791/4179 4238/4790/4178 4323/4824/4212 4324/4808/4196
f 4192/4813/4201 4195/4821/4209 4194/4825/4213 4191/4819/4207
f 4193/4822/4210 4196/4826/4214 4693/4827/4215 4688/4823/4211
f 4324/4808/4196 4323/4824/4212 4333/4828/4216 4332/4809/4197
f 4195/4821/4209 4198/4829/4217 4197/4830/4218 4194/4825/4213
f 4195/4821/4209 4687/4820/4208 4692/4831/4219 4198/4829/4217
f 4074/4625/4019 4073/4621/4015 4199/4832/4220 4200/4833/4221
f 4079/4620/4014 4078/4633/4027 4204/4834/4222 4205/4835/4223
f 4077/4631/4025 4076/4629/4023 4202/4836/4224 4203/4837/4225
f 4075/4627/4021 4074/4625/4019 4200/4833/4221 4201/4838/4226
f 4073/4621/4015 4522/4624/4018 4698/4839/4227 4199/4832/4220
f 4078/4633/4027 4077/4631/4025 4203/4837/4225 4204/4834/4222
f 4521/4617/4011 4079/4620/4014 4205/4835/4223 4697/4840/4228
f 4076/4629/4023 4075/4627/4021 4201/4838/4226 4202/4836/4224
f 4204/4834/4222 4203/4837/4225 4210/4841/4229 4211/4842/4230
f 4697/4840/4228 4205/4835/4223 4212/4843/4231 4706/4844/4232
f 4205/4835/4223 4204/4834/4222 4211/4842/4230 4212/4843/4231
f 4199/4832/4220 4698/4839/4227 4707/4845/4233 4206/4846/4234
f 4200/4833/4221 4199/4832/4220 4206/4846/4234 4207/4847/4235
f 4201/4838/4226 4200/4833/4221 4207/4847/4235 4208/4848/4236
f 4202/4836/4224 4201/4838/4226 4208/4848/4236 4209/4849/4237
f 4203/4837/4225 4202/4836/4224 4209/4849/4237 4210/4841/4229
f 4243/4850/4238 4242/4741/4130 4214/4744/4133 4213/4851/4239
f 4215/4743/4132 4218/4852/4240 4217/4853/4241
f 4214/4854/4133 4217/4855/4241 4216/4856/4242
f 4221/4801/4189 4219/4800/4188 4257/4857/4243 4259/4858/4244
f 4224/4859/4245 4226/4778/4166 4264/4860/4246 4262/4861/4247
f 4257/4857/4243 4219/4800/4188 4273/4862/4248 4274/4863/4249
f 4225/4864/4250 4223/4865/4251 4261/4866/4252 4263/4867/4253
f 4228/4777/4165 4230/4868/4254 4268/4869/4255 4266/4870/4256
f 4245/4871/4257 4233/4872/4258 4326/4873/4259 4328/4874/4260
f 4229/4764/4152 4227/4763/4151 4265/4875/4261 4267/4876/4262
f 4249/4877/4263 4239/4798/4186 4221/4801/4189 4223/4865/4251
f 4235/4776/4164 4250/4878/4264 4230/4868/4254 4228/4777/4165
f 4251/4879/4265 4247/4761/4149 4229/4764/4152 4231/4880/4266
f 4248/4753/4141 4252/4881/4267 4224/4859/4245 4222/4754/4142
f 4253/4882/4268 4249/4877/4263 4223/4865/4251 4225/4864/4250
f 4250/4878/4264 4237/4789/4177 4232/4792/4180 4230/4868/4254
f 4245/4871/4257 4251/4879/4265 4231/4880/4266 4233/4872/4258
f 4252/4881/4267 4244/4775/4163 4226/4778/4166 4224/4859/4245
f 4246/4762/4150 4253/4882/4268 4225/4864/4250 4227/4763/4151
f 4175/4773/4161 4172/4768/4156 4253/4882/4268 4246/4762/4150
f 4170/4765/4153 4173/4770/4158 4244/4775/4163 4252/4881/4267
f 4184/4796/4184 4181/4787/4175 4251/4879/4265 4245/4871/4257
f 4179/4784/4172 4182/4793/4181 4237/4789/4177 4250/4878/4264
f 4172/4768/4156 4169/4759/4147 4249/4877/4263 4253/4882/4268
f 4167/4756/4144 4170/4765/4153 4252/4881/4267 4248/4753/4141
f 4181/4787/4175 4178/4782/4170 4247/4761/4149 4251/4879/4265
f 4176/4779/4167 4179/4784/4172 4250/4878/4264 4235/4776/4164
f 4169/4759/4147 4166/4751/4139 4239/4798/4186 4249/4877/4263
f 4158/4883/4123 4159/4884/4124 4242/4741/4130 4243/4850/4238
f 4166/4751/4139 4163/4750/4138 4240/4799/4187 4239/4798/4186
f 4182/4793/4181 4185/4802/4190 4238/4790/4178 4237/4789/4177
f 4215/4743/4132 4241/4742/4131 4236/4752/4140 4220/4755/4143
f 4173/4770/4158 4176/4779/4167 4235/4776/4164 4244/4775/4163
f 4422/4885/4269 4329/4886/4270 4337/4887/4271 4423/4888/4272
f 4178/4782/4170 4175/4773/4161 4246/4762/4150 4247/4761/4149
f 4164/4745/4134 4167/4756/4144 4248/4753/4141 4236/4752/4140
f 4159/4884/4124 4160/4746/4125 4241/4742/4131 4242/4741/4130
f 4240/4799/4187 4163/4750/4138 4255/4889/4273 4256/4890/4274
f 4163/4750/4138 4162/4740/4129 4254/4891/4275 4255/4889/4273
f 4254/4892/4275 4162/4893/4129 4158/4883/4123
f 4256/4890/4274 4255/4889/4273 4213/4894/4239
f 4254/4892/4275 4158/4883/4123 4243/4850/4238
f 4420/4895/4276 4416/4896/4277 4309/4897/4278 4311/4898/4279
f 4419/4899/4280 4417/4900/4281 4299/4901/4282 4301/4902/4283
f 4445/4903/4284 4432/4904/4285 4306/4905/4286 4304/4906/4287
f 4409/4907/4288 4412/4908/4289 4313/4909/4290 4297/4910/4291
f 4418/4911/4292 4411/4912/4293 4303/4913/4294 4305/4914/4295
f 4444/4915/4296 4431/4916/4297 4310/4917/4298 4308/4918/4299
f 4442/4919/4300 4428/4920/4301 4318/4921/4302 4319/4922/4303
f 4231/4880/4266 4229/4764/4152 4267/4876/4262 4269/4923/4304
f 4220/4755/4143 4222/4754/4142 4260/4924/4305 4258/4925/4306
f 4230/4868/4254 4232/4792/4180 4270/4926/4307 4268/4869/4255
f 4227/4763/4151 4225/4864/4250 4263/4867/4253 4265/4875/4261
f 4226/4778/4166 4228/4777/4165 4266/4870/4256 4264/4860/4246
f 4223/4865/4251 4221/4801/4189 4259/4858/4244 4261/4866/4252
f 4233/4872/4258 4231/4880/4266 4269/4923/4304 4271/4927/4308
f 4222/4754/4142 4224/4859/4245 4262/4861/4247 4260/4924/4305
f 4232/4792/4180 4234/4791/4179 4272/4817/4205 4270/4926/4307
f 4273/4862/4248 4219/4800/4188 4240/4799/4187 4256/4890/4274
f 4255/4928/4273 4243/4850/4238 4213/4851/4239
f 4256/4890/4274 4213/4894/4239 4273/4862/4248
f 4273/4862/4248 4213/4894/4239 4216/4856/4242
f 4215/4743/4132 4220/4755/4143 4258/4925/4306 4275/4929/4309
f 4430/4930/4310 4429/4931/4311 4300/4932/4312 4298/4933/4313
f 4443/4934/4314 4430/4930/4310 4298/4933/4313 4314/4935/4315
f 4218/4852/4240 4215/4743/4132 4275/4929/4309 4278/4936/4316
f 4277/4937/4317 4274/4863/4249 4273/4862/4248 4276/4938/4318
f 4217/4853/4241 4218/4852/4240 4281/4939/4319 4280/4940/4320
f 4276/4938/4318 4216/4856/4242 4279/4941/4321 4282/4942/4322
f 4282/4942/4322 4279/4941/4321 4285/4943/4323 4288/4944/4324
f 4281/4939/4319 4284/4945/4325 4290/4946/4326 4287/4947/4327
f 4277/4937/4317 4276/4938/4318 4282/4942/4322 4283/4948/4328
f 4416/4896/4277 4408/4949/4329 4307/4950/4330 4309/4897/4278
f 4216/4856/4242 4217/4855/4241 4280/4951/4320 4279/4941/4321
f 4218/4852/4240 4278/4936/4316 4284/4945/4325 4281/4939/4319
f 4287/4947/4327 4293/4952/4331 4292/4953/4332
f 4417/4900/4281 4409/4907/4288 4297/4910/4291 4299/4901/4282
f 4279/4941/4321 4280/4951/4320 4286/4954/4333 4285/4943/4323
f 4283/4948/4328 4282/4942/4322 4288/4944/4324 4289/4955/4334
f 4295/4956/4335 4296/4957/4336 4322/4958/4337 4321/4959/4338
f 4280/4940/4320 4281/4939/4319 4287/4947/4327 4286/4960/4333
f 4294/4961/4339 4291/4962/4340 4292/4963/4332 4293/4964/4331
f 4295/4956/4335 4520/4965/4341 4519/4966/4342 4296/4957/4336
f 4406/4967/4343 4405/4968/4344 4447/4969/4345 4519/4970/4342
f 4288/4944/4324 4285/4943/4323 4291/4962/4340
f 4285/4943/4323 4286/4954/4333 4292/4963/4332 4291/4962/4340
f 4294/4961/4339 4520/4965/4341 4403/4971/4346
f 4298/4972/4313 4300/4973/4312 4299/4901/4282 4297/4910/4291
f 4300/4973/4312 4302/4974/4347 4301/4902/4283 4299/4901/4282
f 4302/4974/4347 4304/4975/4287 4303/4913/4294 4301/4902/4283
f 4304/4975/4287 4306/4976/4286 4305/4914/4295 4303/4913/4294
f 4306/4976/4286 4308/4977/4299 4307/4950/4330 4305/4914/4295
f 4308/4977/4299 4310/4978/4298 4309/4897/4278 4307/4950/4330
f 4310/4978/4298 4312/4979/4348 4311/4898/4279 4309/4897/4278
f 4314/4980/4315 4298/4972/4313 4297/4910/4291 4313/4909/4290
f 4314/4980/4315 4313/4909/4290 4315/4981/4349 4316/4982/4350
f 4316/4982/4350 4315/4981/4349 4317/4983/4351 4318/4984/4302
f 4319/4985/4303 4320/4986/4352 4321/4959/4338 4322/4958/4337
f 4318/4984/4302 4317/4983/4351 4320/4986/4352 4319/4985/4303
f 4421/4987/4353 4413/4988/4354 4320/4986/4352 4317/4983/4351
f 4442/4919/4300 4319/4922/4303 4322/4989/4337 4435/4990/4355
f 4429/4931/4311 4433/4991/4356 4302/4992/4347 4300/4932/4312
f 4431/4916/4297 4434/4993/4357 4312/4994/4348 4310/4917/4298
f 4408/4949/4329 4418/4911/4292 4305/4914/4295 4307/4950/4330
f 4412/4908/4289 4414/4995/4358 4315/4981/4349 4313/4909/4290
f 4414/4995/4358 4421/4987/4353 4317/4983/4351 4315/4981/4349
f 4233/4872/4258 4271/4927/4308 4327/4996/4359 4326/4873/4259
f 4432/4904/4285 4444/4915/4296 4308/4918/4299 4306/4905/4286
f 4410/4997/4360 4295/4956/4335 4321/4959/4338 4415/4998/4361
f 4446/4999/4362 4443/4934/4314 4314/4935/4315 4316/5000/4350
f 4411/4912/4293 4419/4899/4280 4301/4902/4283 4303/4913/4294
f 4428/4920/4301 4446/4999/4362 4316/5000/4350 4318/4921/4302
f 4433/4991/4356 4445/4903/4284 4304/4906/4287 4302/4992/4347
f 4392/5001/4363 4289/4955/4334 4401/5002/4364
f 4402/5003/4365 4403/4971/4346 4520/4965/4341 4410/4997/4360
f 4293/4952/4331 4287/4947/4327 4406/4967/4343
f 4405/4968/4344 4290/4946/4326 4404/5004/4366
f 4294/4961/4339 4288/4944/4324 4291/4962/4340
f 4286/4960/4333 4287/4947/4327 4292/4953/4332
f 4420/4895/4276 4311/4898/4279 4329/4886/4270 4422/4885/4269
f 4272/4817/4205 4234/4791/4179 4324/4808/4196 4325/4807/4195
f 4311/4898/4279 4312/4979/4348 4330/5005/4367 4329/4886/4270
f 4335/5006/4368 4336/5007/4369 4344/5008/4370 4343/5009/4371
f 4423/4888/4272 4337/4887/4271 4345/5010/4372 4424/5011/4373
f 4332/4809/4197 4333/4828/4216 4341/5012/4374 4340/5013/4375
f 4377/4818/4206 4325/4807/4195 4331/4810/4198 4378/5014/4376
f 4329/4886/4270 4330/5005/4367 4338/5015/4377 4337/4887/4271
f 4328/4874/4260 4326/4873/4259 4335/5006/4368 4334/5016/4378
f 4326/4873/4259 4327/4996/4359 4336/5007/4369 4335/5006/4368
f 4345/5010/4372 4346/5017/4379 4354/5018/4380 4353/5019/4381
f 4379/5020/4382 4339/5021/4383 4347/5022/4384 4380/5023/4385
f 4334/5016/4378 4335/5006/4368 4343/5009/4371 4342/5024/4386
f 4331/4810/4198 4332/4809/4197 4340/5013/4375 4339/5021/4383
f 4378/5014/4376 4331/4810/4198 4339/5021/4383 4379/5020/4382
f 4337/4887/4271 4338/5015/4377 4346/5017/4379 4345/5010/4372
f 4187/4805/4193 4184/4796/4184 4245/4871/4257 4328/4874/4260
f 4349/5025/4387 4197/4830/4218 4356/5026/4388
f 4353/5019/4381 4354/5018/4380 4360/5027/4389 4359/5028/4390
f 4340/5013/4375 4341/5012/4374 4349/5025/4387 4348/5029/4391
f 4424/5011/4373 4345/5010/4372 4353/5019/4381 4425/5030/4392
f 4343/5009/4371 4344/5008/4370 4352/5031/4393 4351/5032/4394
f 4342/5024/4386 4343/5009/4371 4351/5032/4394 4350/5033/4395
f 4339/5021/4383 4340/5013/4375 4348/5029/4391 4347/5022/4384
f 4190/4814/4202 4187/4805/4193 4328/4874/4260 4334/5016/4378
f 4193/4822/4210 4190/4814/4202 4334/5016/4378 4342/5024/4386
f 4196/4826/4214 4193/4822/4210 4342/5024/4386 4350/5033/4395
f 4323/4824/4212 4238/4790/4178 4185/4802/4190 4188/4811/4199
f 4333/4828/4216 4323/4824/4212 4188/4811/4199 4191/4819/4207
f 4341/5012/4374 4333/4828/4216 4191/4819/4207 4194/4825/4213
f 4349/5025/4387 4341/5012/4374 4194/4825/4213 4197/4830/4218
f 4865/5034/4396 4510/5035/4397 4407/5036/4398 4859/5037/4399
f 4425/5030/4392 4353/5019/4381 4359/5028/4390 4426/5038/4400
f 4351/5032/4394 4352/5031/4393 4358/5039/4401 4357/5040/4402
f 4350/5033/4395 4351/5032/4394 4357/5040/4402
f 4347/5022/4384 4348/5029/4391 4356/5026/4388 4355/5041/4403
f 4380/5023/4385 4347/5022/4384 4355/5041/4403 4381/5042/4404
f 4427/5043/4405 4363/5044/4406 4872/5045/4407 4939/5046/4408
f 4514/5047/4409 4511/5048/4410 4361/5049/4411 4382/5050/4412
f 4513/5051/4413 4512/5052/4414 4364/5053/4415 4363/5044/4406
f 4356/5026/4388 4407/5036/4398 4510/5035/4397
f 4516/5054/4416 4513/5051/4413 4363/5044/4406 4427/5043/4405
f 4382/5050/4412 4361/5049/4411 4870/5055/4417 4892/5056/4418
f 4363/5044/4406 4364/5053/4415 4873/5057/4419 4872/5045/4407
f 4196/4826/4214 4509/5058/4420 4518/5059/4421 4693/4827/4215
f 4348/5029/4391 4349/5025/4387 4356/5026/4388
f 4441/5060/4422 4382/5050/4412 4892/5056/4418 4954/5061/4423
f 4517/5062/4424 4514/5047/4409 4382/5050/4412 4441/5060/4422
f 4439/5063/4425 4380/5023/4385 4381/5042/4404 4440/5064/4426
f 4437/5065/4427 4378/5014/4376 4379/5020/4382 4438/5066/4428
f 4438/5066/4428 4379/5020/4382 4380/5023/4385 4439/5063/4425
f 4436/5067/4429 4377/4818/4206 4378/5014/4376 4437/5065/4427
f 4262/4861/4247 4264/4860/4246 4373/5068/4430 4374/5069/4431
f 4284/4945/4325 4278/4936/4316 4376/5070/4432 4366/5071/4433
f 4278/4936/4316 4275/4929/4309 4368/5072/4434 4376/5070/4432
f 4266/4870/4256 4268/4869/4255 4371/5073/4435 4372/5074/4436
f 4270/4926/4307 4272/4817/4205 4375/4816/4204 4370/5075/4437
f 4260/4924/4305 4262/4861/4247 4374/5069/4431 4367/5076/4438
f 4275/4929/4309 4258/4925/4306 4369/5077/4439 4368/5072/4434
f 4258/4925/4306 4260/4924/4305 4367/5076/4438 4369/5077/4439
f 4290/4946/4326 4284/4945/4325 4366/5071/4433 4365/5078/4440
f 4268/4869/4255 4270/4926/4307 4370/5075/4437 4371/5073/4435
f 4264/4860/4246 4266/4870/4256 4372/5074/4436 4373/5068/4430
f 4434/4993/4357 4375/4816/4204 4377/4818/4206 4436/5067/4429
f 4508/5079/4441 4515/5080/4442 4400/5081/4443 4362/5082/4444
f 4362/5082/4444 4400/5081/4443 4911/5083/4445 4871/5084/4446
f 4352/5031/4393 4398/5085/4447 4399/5086/4448 4358/5039/4401
f 4344/5008/4370 4397/5087/4449 4398/5085/4447 4352/5031/4393
f 4336/5007/4369 4396/5088/4450 4397/5087/4449 4344/5008/4370
f 4271/4927/4308 4391/5089/4451 4395/5090/4452 4327/4996/4359
f 4263/4867/4253 4261/4866/4252 4390/5091/4453 4387/5092/4454
f 4277/4937/4317 4283/4948/4328 4393/5093/4455 4394/5094/4456
f 4274/4863/4249 4277/4937/4317 4394/5094/4456 4389/5095/4457
f 4267/4876/4262 4265/4875/4261 4388/5096/4458 4384/5097/4459
f 4283/4948/4328 4289/4955/4334 4392/5001/4363 4393/5093/4455
f 4259/4858/4244 4257/4857/4243 4386/5098/4460 4385/5099/4461
f 4269/4923/4304 4267/4876/4262 4384/5097/4459 4383/5100/4462
f 4265/4875/4261 4263/4867/4253 4387/5092/4454 4388/5096/4458
f 4257/4857/4243 4274/4863/4249 4389/5095/4457 4386/5098/4460
f 4261/4866/4252 4259/4858/4244 4385/5099/4461 4390/5091/4453
f 4271/4927/4308 4269/4923/4304 4383/5100/4462 4391/5089/4451
f 4327/4996/4359 4395/5090/4452 4396/5088/4450 4336/5007/4369
f 4289/4955/4334 4288/4944/4324 4403/4971/4346 4402/5003/4365
f 4289/4955/4334 4402/5003/4365 4401/5002/4364
f 4413/4988/4354 4392/5001/4363 4401/5002/4364 4415/4998/4361
f 4288/4944/4324 4294/4961/4339 4403/4971/4346
f 4287/4947/4327 4290/4946/4326 4405/4968/4344 4406/4967/4343
f 4447/4969/4345 4405/4968/4344 4404/5004/4366 4435/4990/4355
f 4290/4946/4326 4365/5078/4440 4404/5004/4366
f 4356/5026/4388 4197/4830/4218 4407/5036/4398
f 4320/4986/4352 4413/4988/4354 4415/4998/4361 4321/4959/4338
f 4515/5080/4442 4516/5054/4416 4427/5043/4405 4400/5081/4443
f 4400/5081/4443 4427/5043/4405 4939/5046/4408 4911/5083/4445
f 4398/5085/4447 4425/5030/4392 4426/5038/4400 4399/5086/4448
f 4397/5087/4449 4424/5011/4373 4425/5030/4392 4398/5085/4447
f 4396/5088/4450 4423/4888/4272 4424/5011/4373 4397/5087/4449
f 4391/5089/4451 4420/4895/4276 4422/4885/4269 4395/5090/4452
f 4387/5092/4454 4390/5091/4453 4419/4899/4280 4411/4912/4293
f 4402/5003/4365 4410/4997/4360 4415/4998/4361 4401/5002/4364
f 4394/5094/4456 4393/5093/4455 4421/4987/4353 4414/4995/4358
f 4389/5095/4457 4394/5094/4456 4414/4995/4358 4412/4908/4289
f 4384/5097/4459 4388/5096/4458 4418/4911/4292 4408/4949/4329
f 4393/5093/4455 4392/5001/4363 4413/4988/4354 4421/4987/4353
f 4385/5099/4461 4386/5098/4460 4409/4907/4288 4417/4900/4281
f 4383/5100/4462 4384/5097/4459 4408/4949/4329 4416/4896/4277
f 4388/5096/4458 4387/5092/4454 4411/4912/4293 4418/4911/4292
f 4386/5098/4460 4389/5095/4457 4412/4908/4289 4409/4907/4288
f 4390/5091/4453 4385/5099/4461 4417/4900/4281 4419/4899/4280
f 4391/5089/4451 4383/5100/4462 4416/4896/4277 4420/4895/4276
f 4395/5090/4452 4422/4885/4269 4423/4888/4272 4396/5088/4450
f 4296/5101/4336 4447/4969/4345 4435/4990/4355 4322/4989/4337
f 4312/4994/4348 4434/4993/4357 4436/5067/4429 4330/5102/4367
f 4330/5102/4367 4436/5067/4429 4437/5065/4427 4338/5103/4377
f 4346/5104/4379 4438/5066/4428 4439/5063/4425 4354/5105/4380
f 4338/5103/4377 4437/5065/4427 4438/5066/4428 4346/5104/4379
f 4354/5105/4380 4439/5063/4425 4440/5064/4426 4360/5106/4389
f 4512/5107/4414 4517/5062/4424 4441/5060/4422 4364/5108/4415
f 4364/5108/4415 4441/5060/4422 4954/5061/4423 4873/5109/4419
f 4374/5069/4431 4373/5068/4430 4445/4903/4284 4433/4991/4356
f 4366/5071/4433 4376/5070/4432 4446/4999/4362 4428/4920/4301
f 4376/5070/4432 4368/5072/4434 4443/4934/4314 4446/4999/4362
f 4372/5074/4436 4371/5073/4435 4444/4915/4296 4432/4904/4285
f 4370/5075/4437 4375/4816/4204 4434/4993/4357 4431/4916/4297
f 4367/5076/4438 4374/5069/4431 4433/4991/4356 4429/4931/4311
f 4365/5078/4440 4442/4919/4300 4435/4990/4355 4404/5004/4366
f 4368/5072/4434 4369/5077/4439 4430/4930/4310 4443/4934/4314
f 4369/5077/4439 4367/5076/4438 4429/4931/4311 4430/4930/4310
f 4365/5078/4440 4366/5071/4433 4428/4920/4301 4442/4919/4300
f 4371/5073/4435 4370/5075/4437 4431/4916/4297 4444/4915/4296
f 4373/5068/4430 4372/5074/4436 4432/4904/4285 4445/4903/4284
f 4452/5110/4463 4453/5111/4464 4459/5112/4465 4458/5113/4466
f 4450/5114/4467 4451/5115/4468 4457/5116/4469 4456/5117/4470
f 4448/5118/4471 4449/5119/4472 4455/5120/4473 4454/5121/4474
f 4451/5115/4468 4452/5110/4463 4458/5113/4466 4457/5116/4469
f 4449/5119/4472 4450/5114/4467 4456/5117/4470 4455/5120/4473
f 4455/5120/4473 4456/5117/4470 4462/5122/4475 4461/5123/4476
f 4458/5113/4466 4459/5112/4465 4465/5124/4477 4464/5125/4478
f 4456/5117/4470 4457/5116/4469 4463/5126/4479 4462/5122/4475
f 4454/5121/4474 4455/5120/4473 4461/5123/4476 4460/5127/4480
f 4457/5116/4469 4458/5113/4466 4464/5125/4478 4463/5126/4479
f 4461/5123/4476 4462/5122/4475 4468/5128/4481 4467/5129/4482
f 4464/5125/4478 4465/5124/4477 4471/5130/4483 4470/5131/4484
f 4462/5122/4475 4463/5126/4479 4469/5132/4485 4468/5128/4481
f 4460/5127/4480 4461/5123/4476 4467/5129/4482 4466/5133/4486
f 4463/5126/4479 4464/5125/4478 4470/5131/4484 4469/5132/4485
f 4467/5129/4482 4468/5128/4481 4474/5134/4487 4473/5135/4488
f 4470/5131/4484 4471/5130/4483 4477/5136/4489 4476/5137/4490
f 4468/5128/4481 4469/5132/4485 4475/5138/4491 4474/5134/4487
f 4466/5133/4486 4467/5129/4482 4473/5135/4488 4472/5139/4492
f 4469/5132/4485 4470/5131/4484 4476/5137/4490 4475/5138/4491
f 4482/5140/4493 4488/5141/4494 4489/5142/4495 4483/5143/4496
f 4480/5144/4497 4486/5145/4498 4487/5146/4499 4481/5147/4500
f 4478/5148/4501 4484/5149/4502 4485/5150/4503 4479/5151/4504
f 4481/5147/4500 4487/5146/4499 4488/5141/4494 4482/5140/4493
f 4479/5151/4504 4485/5150/4503 4486/5145/4498 4480/5144/4497
f 4485/5150/4503 4491/5152/4505 4492/5153/4506 4486/5145/4498
f 4488/5141/4494 4494/5154/4507 4495/5155/4508 4489/5142/4495
f 4486/5145/4498 4492/5153/4506 4493/5156/4509 4487/5146/4499
f 4484/5149/4502 4490/5157/4510 4491/5152/4505 4485/5150/4503
f 4487/5146/4499 4493/5156/4509 4494/5154/4507 4488/5141/4494
f 4491/5152/4505 4497/5158/4511 4498/5159/4512 4492/5153/4506
f 4494/5154/4507 4500/5160/4513 4501/5161/4514 4495/5155/4508
f 4492/5153/4506 4498/5159/4512 4499/5162/4515 4493/5156/4509
f 4490/5157/4510 4496/5163/4516 4497/5158/4511 4491/5152/4505
f 4493/5156/4509 4499/5162/4515 4500/5160/4513 4494/5154/4507
f 4497/5158/4511 4503/5164/4517 4504/5165/4518 4498/5159/4512
f 4500/5160/4513 4506/5166/4519 4507/5167/4520 4501/5161/4514
f 4498/5159/4512 4504/5165/4518 4505/5168/4521 4499/5162/4515
f 4496/5163/4516 4502/5169/4522 4503/5164/4517 4497/5158/4511
f 4499/5162/4515 4505/5168/4521 4506/5166/4519 4500/5160/4513
f 4453/5111/4464 4483/5170/4496 4489/5171/4495 4459/5112/4465
f 4475/5138/4491 4505/5172/4521 4504/5173/4518 4474/5134/4487
f 4451/5115/4468 4481/5174/4500 4482/5175/4493 4452/5110/4463
f 4472/5139/4492 4502/5176/4522 4496/5177/4516 4466/5133/4486
f 4460/5127/4480 4490/5178/4510 4484/5179/4502 4454/5121/4474
f 4476/5137/4490 4506/5180/4519 4505/5172/4521 4475/5138/4491
f 4452/5110/4463 4482/5175/4493 4483/5181/4496 4453/5111/4464
f 4465/5124/4477 4495/5182/4508 4501/5183/4514 4471/5130/4483
f 4477/5136/4489 4507/5184/4520 4506/5180/4519 4476/5137/4490
f 4448/5118/4471 4478/5185/4501 4479/5186/4504 4449/5119/4472
f 4466/5133/4486 4496/5177/4516 4490/5178/4510 4460/5127/4480
f 4454/5121/4474 4484/5179/4502 4478/5185/4501 4448/5118/4471
f 4471/5130/4483 4501/5183/4514 4507/5184/4520 4477/5136/4489
f 4459/5112/4465 4489/5171/4495 4495/5182/4508 4465/5124/4477
f 4449/5119/4472 4479/5186/4504 4480/5187/4497 4450/5114/4467
f 4473/5135/4488 4503/5188/4517 4502/5176/4522 4472/5139/4492
f 4450/5114/4467 4480/5187/4497 4481/5174/4500 4451/5115/4468
f 4474/5134/4487 4504/5173/4518 4503/5188/4517 4473/5135/4488
f 4360/5106/4389 4440/5064/4426 4517/5062/4424 4512/5107/4414
f 4399/5086/4448 4426/5038/4400 4516/5054/4416 4515/5080/4442
f 4358/5039/4401 4399/5086/4448 4515/5080/4442 4508/5079/4441
f 4440/5064/4426 4381/5042/4404 4514/5047/4409 4517/5062/4424
f 4426/5038/4400 4359/5028/4390 4513/5051/4413 4516/5054/4416
f 4359/5028/4390 4360/5027/4389 4512/5052/4414 4513/5051/4413
f 4381/5042/4404 4355/5041/4403 4511/5048/4410 4514/5047/4409
f 4357/5040/4402 4358/5039/4401 4508/5079/4441 4509/5058/4420
f 4355/5041/4403 4356/5026/4388 4510/5035/4397 4511/5048/4410
f 4350/5033/4395 4357/5040/4402 4509/5058/4420 4196/4826/4214
f 4509/5058/4420 4508/5079/4441 4362/5082/4444 4518/5059/4421
f 4693/4827/4215 4518/5059/4421 4866/5189/4523
f 4362/5082/4444 4871/5084/4446 4866/5189/4523 4518/5059/4421
f 4197/4830/4218 4198/4829/4217 4407/5036/4398
f 4198/4829/4217 4692/4831/4219 4859/5037/4399 4407/5036/4398
f 4511/5048/4410 4510/5035/4397 4361/5049/4411
f 4865/5034/4396 4870/5055/4417 4361/5049/4411 4510/5035/4397
f 4255/4928/4273 4254/4892/4275 4243/4850/4238
f 4213/4894/4239 4214/4854/4133 4216/4856/4242
f 4276/4938/4318 4273/4862/4248 4216/4856/4242
f 4214/4744/4133 4215/4743/4132 4217/4853/4241
f 4519/4970/4342 4293/4952/4331 4406/4967/4343
f 4519/4970/4342 4447/4969/4345 4296/5101/4336
f 4410/4997/4360 4520/4965/4341 4295/4956/4335
f 4519/4966/4342 4520/4965/4341 4294/4961/4339 4293/4964/4331
f 4521/4617/4011 4529/5190/4524 4538/5191/4525 4530/4618/4012
f 4523/5192/4526 4522/5193/4018 4531/5194/4017 4532/5195/4527
f 4524/5196/4528 4523/5192/4526 4532/5195/4527 4533/5197/4529
f 4525/5198/4530 4524/5196/4528 4533/5197/4529 4534/5199/4531
f 4526/5200/4532 4525/5198/4530 4534/5199/4531 4535/5201/4533
f 4527/5202/4534 4526/5200/4532 4535/5201/4533 4536/5203/4535
f 4528/5204/4536 4527/5202/4534 4536/5203/4535 4537/5205/4537
f 4529/5190/4524 4528/5204/4536 4537/5205/4537 4538/5191/4525
f 4530/4618/4012 4538/5191/4525 4547/5206/4538 4539/4635/4029
f 4532/5195/4527 4531/5194/4017 4540/5207/4032 4541/5208/4539
f 4533/5197/4529 4532/5195/4527 4541/5208/4539 4542/5209/4540
f 4534/5199/4531 4533/5197/4529 4542/5209/4540 4543/5210/4541
f 4535/5201/4533 4534/5199/4531 4543/5210/4541 4544/5211/4542
f 4536/5203/4535 4535/5201/4533 4544/5211/4542 4545/5212/4543
f 4537/5205/4537 4536/5203/4535 4545/5212/4543 4546/5213/4544
f 4538/5191/4525 4537/5205/4537 4546/5213/4544 4547/5206/4538
f 4539/4635/4029 4547/5206/4538 4556/5214/4545 4548/4644/4038
f 4541/5208/4539 4540/5207/4032 4549/5215/4041 4550/5216/4546
f 4542/5209/4540 4541/5208/4539 4550/5216/4546 4551/5217/4547
f 4543/5210/4541 4542/5209/4540 4551/5217/4547 4552/5218/4548
f 4544/5211/4542 4543/5210/4541 4552/5218/4548 4553/5219/4549
f 4545/5212/4543 4544/5211/4542 4553/5219/4549 4554/5220/4550
f 4546/5213/4544 4545/5212/4543 4554/5220/4550 4555/5221/4551
f 4547/5206/4538 4546/5213/4544 4555/5221/4551 4556/5214/4545
f 4548/4644/4038 4556/5214/4545 4565/5222/4552 4557/4653/4047
f 4550/5216/4546 4549/5215/4041 4558/5223/4050 4559/5224/4553
f 4551/5217/4547 4550/5216/4546 4559/5224/4553 4560/5225/4554
f 4552/5218/4548 4551/5217/4547 4560/5225/4554 4561/5226/4555
f 4553/5219/4549 4552/5218/4548 4561/5226/4555 4562/5227/4556
f 4554/5220/4550 4553/5219/4549 4562/5227/4556 4563/5228/4557
f 4555/5221/4551 4554/5220/4550 4563/5228/4557 4564/5229/4558
f 4556/5214/4545 4555/5221/4551 4564/5229/4558 4565/5222/4552
f 4557/4653/4047 4565/5222/4552 4574/5230/4559 4566/4662/4056
f 4559/5224/4553 4558/5223/4050 4567/5231/4059 4568/5232/4560
f 4560/5225/4554 4559/5224/4553 4568/5232/4560 4569/5233/4561
f 4561/5226/4555 4560/5225/4554 4569/5233/4561 4570/5234/4562
f 4562/5227/4556 4561/5226/4555 4570/5234/4562 4571/5235/4563
f 4563/5228/4557 4562/5227/4556 4571/5235/4563 4572/5236/4564
f 4564/5229/4558 4563/5228/4557 4572/5236/4564 4573/5237/4565
f 4565/5222/4552 4564/5229/4558 4573/5237/4565 4574/5230/4559
f 4566/4662/4056 4574/5230/4559 4583/5238/4566 4575/4671/4065
f 4568/5232/4560 4567/5231/4059 4576/5239/4068 4577/5240/4567
f 4569/5233/4561 4568/5232/4560 4577/5240/4567 4578/5241/4568
f 4570/5234/4562 4569/5233/4561 4578/5241/4568 4579/5242/4569
f 4571/5235/4563 4570/5234/4562 4579/5242/4569 4580/5243/4570
f 4572/5236/4564 4571/5235/4563 4580/5243/4570 4581/5244/4571
f 4573/5237/4565 4572/5236/4564 4581/5244/4571 4582/5245/4572
f 4574/5230/4559 4573/5237/4565 4582/5245/4572 4583/5238/4566
f 4575/4671/4065 4583/5238/4566 4592/5246/4573 4584/4680/4074
f 4577/5240/4567 4576/5239/4068 4585/5247/4077 4586/5248/4574
f 4578/5241/4568 4577/5240/4567 4586/5248/4574 4587/5249/4575
f 4579/5242/4569 4578/5241/4568 4587/5249/4575 4588/5250/4576
f 4580/5243/4570 4579/5242/4569 4588/5250/4576 4589/5251/4577
f 4581/5244/4571 4580/5243/4570 4589/5251/4577 4590/5252/4578
f 4582/5245/4572 4581/5244/4571 4590/5252/4578 4591/5253/4579
f 4583/5238/4566 4582/5245/4572 4591/5253/4579 4592/5246/4573
f 4584/4680/4074 4592/5246/4573 4601/5254/4580 4593/4689/4083
f 4586/5248/4574 4585/5247/4077 4594/5255/4086 4595/5256/4581
f 4587/5249/4575 4586/5248/4574 4595/5256/4581 4596/5257/4582
f 4588/5250/4576 4587/5249/4575 4596/5257/4582 4597/5258/4583
f 4589/5251/4577 4588/5250/4576 4597/5258/4583 4598/5259/4584
f 4590/5252/4578 4589/5251/4577 4598/5259/4584 4599/5260/4585
f 4591/5253/4579 4590/5252/4578 4599/5260/4585 4600/5261/4586
f 4592/5246/4573 4591/5253/4579 4600/5261/4586 4601/5254/4580
f 4593/4689/4083 4601/5254/4580 4610/5262/4587 4602/4698/4092
f 4595/5256/4581 4594/5255/4086 4603/5263/4095 4604/5264/4588
f 4596/5257/4582 4595/5256/4581 4604/5264/4588 4605/5265/4589
f 4597/5258/4583 4596/5257/4582 4605/5265/4589 4606/5266/4590
f 4598/5259/4584 4597/5258/4583 4606/5266/4590 4607/5267/4591
f 4599/5260/4585 4598/5259/4584 4607/5267/4591 4608/5268/4592
f 4600/5261/4586 4599/5260/4585 4608/5268/4592 4609/5269/4593
f 4601/5254/4580 4600/5261/4586 4609/5269/4593 4610/5262/4587
f 4602/4698/4092 4610/5262/4587 4619/5270/4594 4611/4707/4101
f 4604/5264/4588 4603/5263/4095 4612/5271/4104 4613/5272/4595
f 4605/5265/4589 4604/5264/4588 4613/5272/4595 4614/5273/4596
f 4606/5266/4590 4605/5265/4589 4614/5273/4596 4615/5274/4597
f 4607/5267/4591 4606/5266/4590 4615/5274/4597 4616/5275/4598
f 4608/5268/4592 4607/5267/4591 4616/5275/4598 4617/5276/4599
f 4609/5269/4593 4608/5268/4592 4617/5276/4599 4618/5277/4600
f 4610/5262/4587 4609/5269/4593 4618/5277/4600 4619/5270/4594
f 4611/4707/4101 4619/5270/4594 4628/5278/4601 4620/4716/4110
f 4613/5272/4595 4612/5271/4104 4621/5279/4113 4622/5280/4602
f 4614/5273/4596 4613/5272/4595 4622/5280/4602 4623/5281/4603
f 4615/5274/4597 4614/5273/4596 4623/5281/4603 4624/5282/4604
f 4616/5275/4598 4615/5274/4597 4624/5282/4604 4625/5283/4605
f 4617/5276/4599 4616/5275/4598 4625/5283/4605 4626/5284/4606
f 4618/5277/4600 4617/5276/4599 4626/5284/4606 4627/5285/4607
f 4619/5270/4594 4618/5277/4600 4627/5285/4607 4628/5278/4601
f 4620/4716/4110 4628/5278/4601 4635/5286/4608 4629/4725/4119
f 4622/5280/4602 4621/5279/4113 4630/5287/4122 4631/5288/4609
f 4623/5281/4603 4622/5280/4602 4631/5288/4609 4632/5289/4610
f 4624/5282/4604 4623/5281/4603 4632/5289/4610 4633/5290/4611
f 4625/5283/4605 4624/5282/4604 4633/5290/4611 4634/5291/4612
f 4626/5284/4606 4625/5283/4605 4634/5291/4612 4635/5286/4608
f 4627/5285/4607 4626/5284/4606 4635/5286/4608
f 4628/5278/4601 4627/5285/4607 4635/5286/4608
f 4629/4732/4119 4635/5292/4608 4641/5293/4613 4636/4733/4126
f 4631/5294/4609 4630/4738/4122 4637/4737/4128
f 4632/5295/4610 4631/5294/4609 4637/4737/4128 4638/5296/4614
f 4744/5297/4615 4716/5298/4616 4717/5299/4617 4743/5300/4618
f 4635/5292/4608 4634/5301/4612 4640/5302/4619 4641/5293/4613
f 4636/4733/4126 4641/5293/4613 4646/5303/4620 4642/4747/4135
f 4638/5296/4614 4637/4737/4128 4643/4749/4137
f 4639/5304/4621 4638/5296/4614 4643/4749/4137 4644/5305/4622
f 4738/5306/4623 4722/5307/4624 4724/5308/4625 4750/5309/4626
f 4641/5293/4613 4640/5302/4619 4645/5310/4627 4646/5303/4620
f 4642/4747/4135 4646/5303/4620 4651/5311/4628 4647/4757/4145
f 4644/5305/4622 4643/4749/4137 4648/4760/4148 4649/5312/4629
f 4749/5313/4630 4731/5314/4631 4729/5315/4632 4748/5316/4633
f 4646/5303/4620 4645/5310/4627 4650/5317/4634 4651/5311/4628
f 4647/4757/4145 4651/5311/4628 4656/5318/4635 4652/4766/4154
f 4649/5312/4629 4648/4760/4148 4653/4769/4157 4654/5319/4636
f 4651/5311/4628 4650/5317/4634 4655/5320/4637 4656/5318/4635
f 4652/4766/4154 4656/5318/4635 4661/5321/4638 4657/4771/4159
f 4654/5319/4636 4653/4769/4157 4658/4774/4162 4659/5322/4639
f 4746/5323/4640 4728/5324/4641 4730/5325/4642 4737/5326/4643
f 4656/5318/4635 4655/5320/4637 4660/5327/4644 4661/5321/4638
f 4657/4771/4159 4661/5321/4638 4666/5328/4645 4662/4780/4168
f 4659/5322/4639 4658/4774/4162 4663/4783/4171 4664/5329/4646
f 4743/5300/4618 4738/5306/4623 4640/5302/4619 4634/5301/4612
f 4661/5321/4638 4660/5327/4644 4665/5330/4647 4666/5328/4645
f 4662/4780/4168 4666/5328/4645 4671/5331/4648 4667/4785/4173
f 4664/5329/4646 4663/4783/4171 4668/4788/4176 4669/5332/4649
f 4739/5333/4650 4734/5334/4651 4736/5335/4652 4740/5336/4653
f 4666/5328/4645 4665/5330/4647 4670/5337/4654 4671/5331/4648
f 4667/4785/4173 4671/5331/4648 4676/5338/4655 4672/4794/4182
f 4669/5332/4649 4668/4788/4176 4673/4797/4185 4674/5339/4656
f 4741/5340/4657 4723/5341/4658 4721/5342/4659 4742/5343/4660
f 4671/5331/4648 4670/5337/4654 4675/5344/4661 4676/5338/4655
f 4672/4794/4182 4676/5338/4655 4681/5345/4662 4677/4803/4191
f 4674/5339/4656 4673/4797/4185 4678/4806/4194 4679/5346/4663
f 4827/5347/4664 4833/5348/4665 4834/5349/4666 4826/5350/4667
f 4676/5338/4655 4675/5344/4661 4680/5351/4668 4681/5345/4662
f 4677/4803/4191 4681/5345/4662 4686/5352/4669 4682/4812/4200
f 4679/5346/4663 4678/4806/4194 4683/4815/4203 4684/5353/4670
f 4884/5354/4671 4886/5355/4672 4827/5347/4664 4774/5356/4673
f 4681/5345/4662 4680/5351/4668 4685/5357/4674 4686/5352/4669
f 4682/4812/4200 4686/5352/4669 4691/5358/4675 4687/4820/4208
f 4684/5353/4670 4683/4815/4203 4688/4823/4211 4689/5359/4676
f 4736/5335/4652 4826/5350/4667 4825/5360/4677 4740/5336/4653
f 4686/5352/4669 4685/5357/4674 4690/5361/4678 4691/5358/4675
f 4689/5359/4676 4688/4823/4211 4693/4827/4215 4694/5362/4679
f 4826/5350/4667 4834/5349/4666 4835/5363/4680 4825/5360/4677
f 4691/5358/4675 4690/5361/4678 4695/5364/4681 4696/5365/4682
f 4691/5358/4675 4696/5365/4682 4692/4831/4219 4687/4820/4208
f 4524/5196/4528 4700/5366/4683 4699/5367/4684 4523/5192/4526
f 4529/5190/4524 4705/5368/4685 4704/5369/4686 4528/5204/4536
f 4527/5202/4534 4703/5370/4687 4702/5371/4688 4526/5200/4532
f 4525/5198/4530 4701/5372/4689 4700/5366/4683 4524/5196/4528
f 4523/5192/4526 4699/5367/4684 4698/5373/4227 4522/5193/4018
f 4528/5204/4536 4704/5369/4686 4703/5370/4687 4527/5202/4534
f 4521/4617/4011 4697/4840/4228 4705/5368/4685 4529/5190/4524
f 4526/5200/4532 4702/5371/4688 4701/5372/4689 4525/5198/4530
f 4704/5369/4686 4713/5374/4690 4712/5375/4691 4703/5370/4687
f 4697/4840/4228 4706/4844/4232 4714/5376/4692 4705/5368/4685
f 4705/5368/4685 4714/5376/4692 4713/5374/4690 4704/5369/4686
f 4699/5367/4684 4708/5377/4693 4707/5378/4233 4698/5373/4227
f 4700/5366/4683 4709/5379/4694 4708/5377/4693 4699/5367/4684
f 4701/5372/4689 4710/5380/4695 4709/5379/4694 4700/5366/4683
f 4702/5371/4688 4711/5381/4696 4710/5380/4695 4701/5372/4689
f 4703/5370/4687 4712/5375/4691 4711/5381/4696 4702/5371/4688
f 4745/5382/4697 4715/5383/4698 4716/5298/4616 4744/5297/4615
f 4717/5299/4617 4719/5384/4699 4720/5385/4700
f 4716/5386/4616 4718/5387/4701 4719/5388/4699
f 4723/5341/4658 4761/5389/4702 4759/5390/4703 4721/5342/4659
f 4726/5391/4704 4764/5392/4705 4766/5393/4706 4728/5324/4641
f 4759/5390/4703 4776/5394/4707 4775/5395/4708 4721/5342/4659
f 4727/5396/4709 4765/5397/4710 4763/5398/4711 4725/5399/4712
f 4730/5325/4642 4768/5400/4713 4770/5401/4714 4732/5402/4715
f 4747/5403/4716 4830/5404/4717 4828/5405/4718 4735/5406/4719
f 4731/5314/4631 4769/5407/4720 4767/5408/4721 4729/5315/4632
f 4751/5409/4722 4725/5399/4712 4723/5341/4658 4741/5340/4657
f 4737/5326/4643 4730/5325/4642 4732/5402/4715 4752/5410/4723
f 4753/5411/4724 4733/5412/4725 4731/5314/4631 4749/5313/4630
f 4750/5309/4626 4724/5308/4625 4726/5391/4704 4754/5413/4726
f 4755/5414/4727 4727/5396/4709 4725/5399/4712 4751/5409/4722
f 4752/5410/4723 4732/5402/4715 4734/5334/4651 4739/5333/4650
f 4747/5403/4716 4735/5406/4719 4733/5412/4725 4753/5411/4724
f 4754/5413/4726 4726/5391/4704 4728/5324/4641 4746/5323/4640
f 4748/5316/4633 4729/5315/4632 4727/5396/4709 4755/5414/4727
f 4659/5322/4639 4748/5316/4633 4755/5414/4727 4654/5319/4636
f 4650/5317/4634 4754/5413/4726 4746/5323/4640 4655/5320/4637
f 4674/5339/4656 4747/5403/4716 4753/5411/4724 4669/5332/4649
f 4665/5330/4647 4752/5410/4723 4739/5333/4650 4670/5337/4654
f 4654/5319/4636 4755/5414/4727 4751/5409/4722 4649/5312/4629
f 4645/5310/4627 4750/5309/4626 4754/5413/4726 4650/5317/4634
f 4669/5332/4649 4753/5411/4724 4749/5313/4630 4664/5329/4646
f 4660/5327/4644 4737/5326/4643 4752/5410/4723 4665/5330/4647
f 4649/5312/4629 4751/5409/4722 4741/5340/4657 4644/5305/4622
f 4632/5415/4610 4745/5382/4697 4744/5297/4615 4633/5416/4611
f 4644/5305/4622 4741/5340/4657 4742/5343/4660 4639/5304/4621
f 4670/5337/4654 4739/5333/4650 4740/5336/4653 4675/5344/4661
f 4717/5299/4617 4722/5307/4624 4738/5306/4623 4743/5300/4618
f 4655/5320/4637 4746/5323/4640 4737/5326/4643 4660/5327/4644
f 4933/5417/4728 4934/5418/4729 4839/5419/4730 4831/5420/4731
f 4664/5329/4646 4749/5313/4630 4748/5316/4633 4659/5322/4639
f 4640/5302/4619 4738/5306/4623 4750/5309/4626 4645/5310/4627
f 4633/5416/4611 4744/5297/4615 4743/5300/4618 4634/5301/4612
f 4742/5343/4660 4758/5421/4732 4757/5422/4733 4639/5304/4621
f 4639/5304/4621 4757/5422/4733 4756/5423/4734 4638/5296/4614
f 4756/5424/4734 4632/5415/4610 4638/5425/4614
f 4758/5421/4732 4715/5426/4698 4757/5422/4733
f 4756/5424/4734 4745/5382/4697 4632/5415/4610
f 4931/5427/4735 4813/5428/4736 4811/5429/4737 4927/5430/4738
f 4930/5431/4739 4803/5432/4740 4801/5433/4741 4928/5434/4742
f 4958/5435/4743 4806/5436/4744 4808/5437/4745 4944/5438/4746
f 4920/5439/4747 4799/5440/4748 4815/5441/4749 4923/5442/4750
f 4929/5443/4751 4807/5444/4752 4805/5445/4753 4922/5446/4754
f 4957/5447/4755 4810/5448/4756 4812/5449/4757 4943/5450/4758
f 4955/5451/4759 4821/5452/4760 4820/5453/4761 4940/5454/4762
f 4733/5412/4725 4771/5455/4763 4769/5407/4720 4731/5314/4631
f 4722/5307/4624 4760/5456/4764 4762/5457/4765 4724/5308/4625
f 4732/5402/4715 4770/5401/4714 4772/5458/4766 4734/5334/4651
f 4729/5315/4632 4767/5408/4721 4765/5397/4710 4727/5396/4709
f 4728/5324/4641 4766/5393/4706 4768/5400/4713 4730/5325/4642
f 4725/5399/4712 4763/5398/4711 4761/5389/4702 4723/5341/4658
f 4735/5406/4719 4773/5459/4767 4771/5455/4763 4733/5412/4725
f 4724/5308/4625 4762/5457/4765 4764/5392/4705 4726/5391/4704
f 4734/5334/4651 4772/5458/4766 4774/5356/4673 4736/5335/4652
f 4775/5395/4708 4758/5421/4732 4742/5343/4660 4721/5342/4659
f 4757/5460/4733 4715/5383/4698 4745/5382/4697
f 4758/5421/4732 4775/5395/4708 4715/5426/4698
f 4775/5395/4708 4718/5387/4701 4715/5426/4698
f 4717/5299/4617 4777/5461/4768 4760/5456/4764 4722/5307/4624
f 4942/5462/4769 4800/5463/4770 4802/5464/4771 4941/5465/4772
f 4956/5466/4773 4816/5467/4774 4800/5463/4770 4942/5462/4769
f 4720/5385/4700 4780/5468/4775 4777/5461/4768 4717/5299/4617
f 4779/5469/4776 4778/5470/4777 4775/5395/4708 4776/5394/4707
f 4719/5384/4699 4782/5471/4778 4783/5472/4779 4720/5385/4700
f 4778/5470/4777 4784/5473/4780 4781/5474/4781 4718/5387/4701
f 4784/5473/4780 4790/5475/4782 4787/5476/4783 4781/5474/4781
f 4783/5472/4779 4789/5477/4784 4792/5478/4785 4786/5479/4786
f 4779/5469/4776 4785/5480/4787 4784/5473/4780 4778/5470/4777
f 4927/5430/4738 4811/5429/4737 4809/5481/4788 4919/5482/4789
f 4718/5387/4701 4781/5474/4781 4782/5483/4778 4719/5388/4699
f 4720/5385/4700 4783/5472/4779 4786/5479/4786 4780/5468/4775
f 4789/5477/4784 4794/5484/4790 4795/5485/4791
f 4928/5434/4742 4801/5433/4741 4799/5440/4748 4920/5439/4747
f 4781/5474/4781 4787/5476/4783 4788/5486/4792 4782/5483/4778
f 4785/5480/4787 4791/5487/4793 4790/5475/4782 4784/5473/4780
f 4797/5488/4794 4823/5489/4795 4824/5490/4796 4798/5491/4797
f 4782/5471/4778 4788/5492/4792 4789/5477/4784 4783/5472/4779
f 4796/5493/4798 4795/5494/4791 4794/5495/4790 4793/5496/4799
f 4797/5488/4794 4798/5491/4797 5032/5497/4800 5033/5498/4801
f 4917/5499/4802 5032/5500/4800 4960/5501/4803 4916/5502/4804
f 4790/5475/4782 4793/5496/4799 4787/5476/4783
f 4787/5476/4783 4793/5496/4799 4794/5495/4790 4788/5486/4792
f 4796/5493/4798 4914/5503/4805 5033/5498/4801
f 4800/5504/4770 4799/5440/4748 4801/5433/4741 4802/5505/4771
f 4802/5505/4771 4801/5433/4741 4803/5432/4740 4804/5506/4806
f 4804/5506/4806 4803/5432/4740 4805/5445/4753 4806/5507/4744
f 4806/5507/4744 4805/5445/4753 4807/5444/4752 4808/5508/4745
f 4808/5508/4745 4807/5444/4752 4809/5481/4788 4810/5509/4756
f 4810/5509/4756 4809/5481/4788 4811/5429/4737 4812/5510/4757
f 4812/5510/4757 4811/5429/4737 4813/5428/4736 4814/5511/4807
f 4816/5512/4774 4815/5441/4749 4799/5440/4748 4800/5504/4770
f 4816/5512/4774 4818/5513/4808 4817/5514/4809 4815/5441/4749
f 4818/5513/4808 4820/5515/4761 4819/5516/4810 4817/5514/4809
f 4821/5517/4760 4824/5490/4796 4823/5489/4795 4822/5518/4811
f 4820/5515/4761 4821/5517/4760 4822/5518/4811 4819/5516/4810
f 4932/5519/4812 4819/5516/4810 4822/5518/4811 4924/5520/4813
f 4955/5451/4759 4947/5521/4814 4824/5522/4796 4821/5452/4760
f 4941/5465/4772 4802/5464/4771 4804/5523/4806 4945/5524/4815
f 4943/5450/4758 4812/5449/4757 4814/5525/4807 4946/5526/4816
f 4919/5482/4789 4809/5481/4788 4807/5444/4752 4929/5443/4751
f 4923/5442/4750 4815/5441/4749 4817/5514/4809 4925/5527/4817
f 4925/5527/4817 4817/5514/4809 4819/5516/4810 4932/5519/4812
f 4735/5406/4719 4828/5405/4718 4829/5528/4818 4773/5459/4767
f 4944/5438/4746 4808/5437/4745 4810/5448/4756 4957/5447/4755
f 4921/5529/4819 4926/5530/4820 4823/5489/4795 4797/5488/4794
f 4959/5531/4821 4818/5532/4808 4816/5467/4774 4956/5466/4773
f 4922/5446/4754 4805/5445/4753 4803/5432/4740 4930/5431/4739
f 4940/5454/4762 4820/5453/4761 4818/5532/4808 4959/5531/4821
f 4945/5524/4815 4804/5523/4806 4806/5436/4744 4958/5435/4743
f 4902/5533/4822 4912/5534/4823 4791/5487/4793
f 4913/5535/4824 4921/5529/4819 5033/5498/4801 4914/5503/4805
f 4795/5485/4791 4917/5499/4802 4789/5477/4784
f 4916/5502/4804 4915/5536/4825 4792/5478/4785
f 4796/5493/4798 4793/5496/4799 4790/5475/4782
f 4788/5492/4792 4794/5484/4790 4789/5477/4784
f 4931/5427/4735 4933/5417/4728 4831/5420/4731 4813/5428/4736
f 4774/5356/4673 4827/5347/4664 4826/5350/4667 4736/5335/4652
f 4813/5428/4736 4831/5420/4731 4832/5537/4826 4814/5511/4807
f 4837/5538/4827 4845/5539/4828 4846/5540/4829 4838/5541/4830
f 4934/5418/4729 4935/5542/4831 4847/5543/4832 4839/5419/4730
f 4834/5349/4666 4842/5544/4833 4843/5545/4834 4835/5363/4680
f 4886/5355/4672 4887/5546/4835 4833/5348/4665 4827/5347/4664
f 4831/5420/4731 4839/5419/4730 4840/5547/4836 4832/5537/4826
f 4830/5404/4717 4836/5548/4837 4837/5538/4827 4828/5405/4718
f 4828/5405/4718 4837/5538/4827 4838/5541/4830 4829/5528/4818
f 4847/5543/4832 4855/5549/4838 4856/5550/4839 4848/5551/4840
f 4888/5552/4841 4889/5553/4842 4849/5554/4843 4841/5555/4844
f 4836/5548/4837 4844/5556/4845 4845/5539/4828 4837/5538/4827
f 4833/5348/4665 4841/5555/4844 4842/5544/4833 4834/5349/4666
f 4887/5546/4835 4888/5552/4841 4841/5555/4844 4833/5348/4665
f 4839/5419/4730 4847/5543/4832 4848/5551/4840 4840/5547/4836
f 4679/5346/4663 4830/5404/4717 4747/5403/4716 4674/5339/4656
f 4851/5557/4846 4858/5558/4847 4695/5364/4681
f 4855/5549/4838 4862/5559/4848 4863/5560/4849 4856/5550/4839
f 4842/5544/4833 4850/5561/4850 4851/5557/4846 4843/5545/4834
f 4935/5542/4831 4936/5562/4851 4855/5549/4838 4847/5543/4832
f 4845/5539/4828 4853/5563/4852 4854/5564/4853 4846/5540/4829
f 4844/5556/4845 4852/5565/4854 4853/5563/4852 4845/5539/4828
f 4841/5555/4844 4849/5554/4843 4850/5561/4850 4842/5544/4833
f 4684/5353/4670 4836/5548/4837 4830/5404/4717 4679/5346/4663
f 4689/5359/4676 4844/5556/4845 4836/5548/4837 4684/5353/4670
f 4694/5362/4679 4852/5565/4854 4844/5556/4845 4689/5359/4676
f 4825/5360/4677 4680/5351/4668 4675/5344/4661 4740/5336/4653
f 4835/5363/4680 4685/5357/4674 4680/5351/4668 4825/5360/4677
f 4843/5545/4834 4690/5361/4678 4685/5357/4674 4835/5363/4680
f 4851/5557/4846 4695/5364/4681 4690/5361/4678 4843/5545/4834
f 4865/5034/4396 4859/5037/4399 4918/5566/4855 5023/5567/4856
f 4936/5562/4851 4937/5568/4857 4862/5559/4848 4855/5549/4838
f 4853/5563/4852 4860/5569/4858 4861/5570/4859 4854/5564/4853
f 4852/5565/4854 4860/5569/4858 4853/5563/4852
f 4849/5554/4843 4857/5571/4860 4858/5558/4847 4850/5561/4850
f 4889/5553/4842 4890/5572/4861 4857/5571/4860 4849/5554/4843
f 4938/5573/4862 4939/5046/4408 4872/5045/4407 4868/5574/4863
f 5027/5575/4864 4891/5576/4865 4864/5577/4866 5024/5578/4867
f 5026/5579/4868 4868/5574/4863 4869/5580/4869 5025/5581/4870
f 4858/5558/4847 5023/5567/4856 4918/5566/4855
f 5029/5582/4871 4938/5573/4862 4868/5574/4863 5026/5579/4868
f 4891/5576/4865 4892/5056/4418 4870/5055/4417 4864/5577/4866
f 4868/5574/4863 4872/5045/4407 4873/5057/4419 4869/5580/4869
f 4694/5362/4679 4693/4827/4215 5031/5583/4872 5022/5584/4873
f 4850/5561/4850 4858/5558/4847 4851/5557/4846
f 4953/5585/4874 4954/5061/4423 4892/5056/4418 4891/5576/4865
f 5030/5586/4875 4953/5585/4874 4891/5576/4865 5027/5575/4864
f 4951/5587/4876 4952/5588/4877 4890/5572/4861 4889/5553/4842
f 4949/5589/4878 4950/5590/4879 4888/5552/4841 4887/5546/4835
f 4950/5590/4879 4951/5587/4876 4889/5553/4842 4888/5552/4841
f 4948/5591/4880 4949/5589/4878 4887/5546/4835 4886/5355/4672
f 4764/5392/4705 4883/5592/4881 4882/5593/4882 4766/5393/4706
f 4786/5479/4786 4875/5594/4883 4885/5595/4884 4780/5468/4775
f 4780/5468/4775 4885/5595/4884 4877/5596/4885 4777/5461/4768
f 4768/5400/4713 4881/5597/4886 4880/5598/4887 4770/5401/4714
f 4772/5458/4766 4879/5599/4888 4884/5354/4671 4774/5356/4673
f 4762/5457/4765 4876/5600/4889 4883/5592/4881 4764/5392/4705
f 4777/5461/4768 4877/5596/4885 4878/5601/4890 4760/5456/4764
f 4760/5456/4764 4878/5601/4890 4876/5600/4889 4762/5457/4765
f 4792/5478/4785 4874/5602/4891 4875/5594/4883 4786/5479/4786
f 4770/5401/4714 4880/5598/4887 4879/5599/4888 4772/5458/4766
f 4766/5393/4706 4882/5593/4882 4881/5597/4886 4768/5400/4713
f 4946/5526/4816 4948/5591/4880 4886/5355/4672 4884/5354/4671
f 5021/5603/4892 4867/5604/4893 4910/5605/4894 5028/5606/4895
f 4867/5604/4893 4871/5084/4446 4911/5083/4445 4910/5605/4894
f 4854/5564/4853 4861/5570/4859 4909/5607/4896 4908/5608/4897
f 4846/5540/4829 4854/5564/4853 4908/5608/4897 4907/5609/4898
f 4838/5541/4830 4846/5540/4829 4907/5609/4898 4906/5610/4899
f 4773/5459/4767 4829/5528/4818 4905/5611/4900 4901/5612/4901
f 4765/5397/4710 4897/5613/4902 4900/5614/4903 4763/5398/4711
f 4779/5469/4776 4904/5615/4904 4903/5616/4905 4785/5480/4787
f 4776/5394/4707 4899/5617/4906 4904/5615/4904 4779/5469/4776
f 4769/5407/4720 4894/5618/4907 4898/5619/4908 4767/5408/4721
f 4785/5480/4787 4903/5616/4905 4902/5533/4822 4791/5487/4793
f 4761/5389/4702 4895/5620/4909 4896/5621/4910 4759/5390/4703
f 4771/5455/4763 4893/5622/4911 4894/5618/4907 4769/5407/4720
f 4767/5408/4721 4898/5619/4908 4897/5613/4902 4765/5397/4710
f 4759/5390/4703 4896/5621/4910 4899/5617/4906 4776/5394/4707
f 4763/5398/4711 4900/5614/4903 4895/5620/4909 4761/5389/4702
f 4773/5459/4767 4901/5612/4901 4893/5622/4911 4771/5455/4763
f 4829/5528/4818 4838/5541/4830 4906/5610/4899 4905/5611/4900
f 4791/5487/4793 4913/5535/4824 4914/5503/4805 4790/5475/4782
f 4791/5487/4793 4912/5534/4823 4913/5535/4824
f 4924/5520/4813 4926/5530/4820 4912/5534/4823 4902/5533/4822
f 4790/5475/4782 4914/5503/4805 4796/5493/4798
f 4789/5477/4784 4917/5499/4802 4916/5502/4804 4792/5478/4785
f 4960/5501/4803 4947/5521/4814 4915/5536/4825 4916/5502/4804
f 4792/5478/4785 4915/5536/4825 4874/5602/4891
f 4858/5558/4847 4918/5566/4855 4695/5364/4681
f 4822/5518/4811 4823/5489/4795 4926/5530/4820 4924/5520/4813
f 5028/5606/4895 4910/5605/4894 4938/5573/4862 5029/5582/4871
f 4910/5605/4894 4911/5083/4445 4939/5046/4408 4938/5573/4862
f 4908/5608/4897 4909/5607/4896 4937/5568/4857 4936/5562/4851
f 4907/5609/4898 4908/5608/4897 4936/5562/4851 4935/5542/4831
f 4906/5610/4899 4907/5609/4898 4935/5542/4831 4934/5418/4729
f 4901/5612/4901 4905/5611/4900 4933/5417/4728 4931/5427/4735
f 4897/5613/4902 4922/5446/4754 4930/5431/4739 4900/5614/4903
f 4913/5535/4824 4912/5534/4823 4926/5530/4820 4921/5529/4819
f 4904/5615/4904 4925/5527/4817 4932/5519/4812 4903/5616/4905
f 4899/5617/4906 4923/5442/4750 4925/5527/4817 4904/5615/4904
f 4894/5618/4907 4919/5482/4789 4929/5443/4751 4898/5619/4908
f 4903/5616/4905 4932/5519/4812 4924/5520/4813 4902/5533/4822
f 4895/5620/4909 4928/5434/4742 4920/5439/4747 4896/5621/4910
f 4893/5622/4911 4927/5430/4738 4919/5482/4789 4894/5618/4907
f 4898/5619/4908 4929/5443/4751 4922/5446/4754 4897/5613/4902
f 4896/5621/4910 4920/5439/4747 4923/5442/4750 4899/5617/4906
f 4900/5614/4903 4930/5431/4739 4928/5434/4742 4895/5620/4909
f 4901/5612/4901 4931/5427/4735 4927/5430/4738 4893/5622/4911
f 4905/5611/4900 4906/5610/4899 4934/5418/4729 4933/5417/4728
f 4798/5623/4797 4824/5522/4796 4947/5521/4814 4960/5501/4803
f 4814/5525/4807 4832/5624/4826 4948/5591/4880 4946/5526/4816
f 4832/5624/4826 4840/5625/4836 4949/5589/4878 4948/5591/4880
f 4848/5626/4840 4856/5627/4839 4951/5587/4876 4950/5590/4879
f 4840/5625/4836 4848/5626/4840 4950/5590/4879 4949/5589/4878
f 4856/5627/4839 4863/5628/4849 4952/5588/4877 4951/5587/4876
f 5025/5629/4870 4869/5630/4869 4953/5585/4874 5030/5586/4875
f 4869/5630/4869 4873/5109/4419 4954/5061/4423 4953/5585/4874
f 4883/5592/4881 4945/5524/4815 4958/5435/4743 4882/5593/4882
f 4875/5594/4883 4940/5454/4762 4959/5531/4821 4885/5595/4884
f 4885/5595/4884 4959/5531/4821 4956/5466/4773 4877/5596/4885
f 4881/5597/4886 4944/5438/4746 4957/5447/4755 4880/5598/4887
f 4879/5599/4888 4943/5450/4758 4946/5526/4816 4884/5354/4671
f 4876/5600/4889 4941/5465/4772 4945/5524/4815 4883/5592/4881
f 4874/5602/4891 4915/5536/4825 4947/5521/4814 4955/5451/4759
f 4877/5596/4885 4956/5466/4773 4942/5462/4769 4878/5601/4890
f 4878/5601/4890 4942/5462/4769 4941/5465/4772 4876/5600/4889
f 4874/5602/4891 4955/5451/4759 4940/5454/4762 4875/5594/4883
f 4880/5598/4887 4957/5447/4755 4943/5450/4758 4879/5599/4888
f 4882/5593/4882 4958/5435/4743 4944/5438/4746 4881/5597/4886
f 4965/5631/4912 4971/5632/4913 4972/5633/4914 4966/5634/4915
f 4963/5635/4916 4969/5636/4917 4970/5637/4918 4964/5638/4919
f 4961/5639/4920 4967/5640/4921 4968/5641/4922 4962/5642/4923
f 4964/5638/4919 4970/5637/4918 4971/5632/4913 4965/5631/4912
f 4962/5642/4923 4968/5641/4922 4969/5636/4917 4963/5635/4916
f 4968/5641/4922 4974/5643/4924 4975/5644/4925 4969/5636/4917
f 4971/5632/4913 4977/5645/4926 4978/5646/4927 4972/5633/4914
f 4969/5636/4917 4975/5644/4925 4976/5647/4928 4970/5637/4918
f 4967/5640/4921 4973/5648/4929 4974/5643/4924 4968/5641/4922
f 4970/5637/4918 4976/5647/4928 4977/5645/4926 4971/5632/4913
f 4974/5643/4924 4980/5649/4930 4981/5650/4931 4975/5644/4925
f 4977/5645/4926 4983/5651/4932 4984/5652/4933 4978/5646/4927
f 4975/5644/4925 4981/5650/4931 4982/5653/4934 4976/5647/4928
f 4973/5648/4929 4979/5654/4935 4980/5649/4930 4974/5643/4924
f 4976/5647/4928 4982/5653/4934 4983/5651/4932 4977/5645/4926
f 4980/5649/4930 4986/5655/4936 4987/5656/4937 4981/5650/4931
f 4983/5651/4932 4989/5657/4938 4990/5658/4939 4984/5652/4933
f 4981/5650/4931 4987/5656/4937 4988/5659/4940 4982/5653/4934
f 4979/5654/4935 4985/5660/4941 4986/5655/4936 4980/5649/4930
f 4982/5653/4934 4988/5659/4940 4989/5657/4938 4983/5651/4932
f 4995/5661/4942 4996/5662/4943 5002/5663/4944 5001/5664/4945
f 4993/5665/4946 4994/5666/4947 5000/5667/4948 4999/5668/4949
f 4991/5669/4950 4992/5670/4951 4998/5671/4952 4997/5672/4953
f 4994/5666/4947 4995/5661/4942 5001/5664/4945 5000/5667/4948
f 4992/5670/4951 4993/5665/4946 4999/5668/4949 4998/5671/4952
f 4998/5671/4952 4999/5668/4949 5005/5673/4954 5004/5674/4955
f 5001/5664/4945 5002/5663/4944 5008/5675/4956 5007/5676/4957
f 4999/5668/4949 5000/5667/4948 5006/5677/4958 5005/5673/4954
f 4997/5672/4953 4998/5671/4952 5004/5674/4955 5003/5678/4959
f 5000/5667/4948 5001/5664/4945 5007/5676/4957 5006/5677/4958
f 5004/5674/4955 5005/5673/4954 5011/5679/4960 5010/5680/4961
f 5007/5676/4957 5008/5675/4956 5014/5681/4962 5013/5682/4963
f 5005/5673/4954 5006/5677/4958 5012/5683/4964 5011/5679/4960
f 5003/5678/4959 5004/5674/4955 5010/5680/4961 5009/5684/4965
f 5006/5677/4958 5007/5676/4957 5013/5682/4963 5012/5683/4964
f 5010/5680/4961 5011/5679/4960 5017/5685/4966 5016/5686/4967
f 5013/5682/4963 5014/5681/4962 5020/5687/4968 5019/5688/4969
f 5011/5679/4960 5012/5683/4964 5018/5689/4970 5017/5685/4966
f 5009/5684/4965 5010/5680/4961 5016/5686/4967 5015/5690/4971
f 5012/5683/4964 5013/5682/4963 5019/5688/4969 5018/5689/4970
f 4966/5634/4915 4972/5633/4914 5002/5691/4944 4996/5692/4943
f 4988/5659/4940 4987/5656/4937 5017/5693/4966 5018/5694/4970
f 4964/5638/4919 4965/5631/4912 4995/5695/4942 4994/5696/4947
f 4985/5660/4941 4979/5654/4935 5009/5697/4965 5015/5698/4971
f 4973/5648/4929 4967/5640/4921 4997/5699/4953 5003/5700/4959
f 4989/5657/4938 4988/5659/4940 5018/5694/4970 5019/5701/4969
f 4965/5631/4912 4966/5634/4915 4996/5702/4943 4995/5695/4942
f 4978/5646/4927 4984/5652/4933 5014/5703/4962 5008/5704/4956
f 4990/5658/4939 4989/5657/4938 5019/5701/4969 5020/5705/4968
f 4961/5639/4920 4962/5642/4923 4992/5706/4951 4991/5707/4950
f 4979/5654/4935 4973/5648/4929 5003/5700/4959 5009/5697/4965
f 4967/5640/4921 4961/5639/4920 4991/5707/4950 4997/5699/4953
f 4984/5652/4933 4990/5658/4939 5020/5705/4968 5014/5703/4962
f 4972/5633/4914 4978/5646/4927 5008/5704/4956 5002/5691/4944
f 4962/5642/4923 4963/5635/4916 4993/5708/4946 4992/5706/4951
f 4986/5655/4936 4985/5660/4941 5015/5698/4971 5016/5709/4967
f 4963/5635/4916 4964/5638/4919 4994/5696/4947 4993/5708/4946
f 4987/5656/4937 4986/5655/4936 5016/5709/4967 5017/5693/4966
f 4863/5628/4849 5025/5629/4870 5030/5586/4875 4952/5588/4877
f 4909/5607/4896 5028/5606/4895 5029/5582/4871 4937/5568/4857
f 4861/5570/4859 5021/5603/4892 5028/5606/4895 4909/5607/4896
f 4952/5588/4877 5030/5586/4875 5027/5575/4864 4890/5572/4861
f 4937/5568/4857 5029/5582/4871 5026/5579/4868 4862/5559/4848
f 4862/5559/4848 5026/5579/4868 5025/5581/4870 4863/5560/4849
f 4890/5572/4861 5027/5575/4864 5024/5578/4867 4857/5571/4860
f 4860/5569/4858 5022/5584/4873 5021/5603/4892 4861/5570/4859
f 4857/5571/4860 5024/5578/4867 5023/5567/4856 4858/5558/4847
f 4852/5565/4854 4694/5362/4679 5022/5584/4873 4860/5569/4858
f 5022/5584/4873 5031/5583/4872 4867/5604/4893 5021/5603/4892
f 4693/4827/4215 4866/5189/4523 5031/5583/4872
f 4867/5604/4893 5031/5583/4872 4866/5189/4523 4871/5084/4446
f 4695/5364/4681 4918/5566/4855 4696/5365/4682
f 4696/5365/4682 4918/5566/4855 4859/5037/4399 4692/4831/4219
f 5024/5578/4867 4864/5577/4866 5023/5567/4856
f 4865/5034/4396 5023/5567/4856 4864/5577/4866 4870/5055/4417
f 4757/5460/4733 4745/5382/4697 4756/5424/4734
f 4715/5426/4698 4718/5387/4701 4716/5386/4616
f 4778/5470/4777 4718/5387/4701 4775/5395/4708
f 4716/5298/4616 4719/5384/4699 4717/5299/4617
f 5032/5500/4800 4917/5499/4802 4795/5485/4791
f 5032/5500/4800 4798/5623/4797 4960/5501/4803
f 4921/5529/4819 4797/5488/4794 5033/5498/4801
f 5032/5497/4800 4795/5494/4791 4796/5493/4798 5033/5498/4801
